image name,filepath,label,subtype,group_id,image,text
3049.png,/Non_CSAM/images/3049.png,NON_CSAM,Non sensitive,3049.png,3049.png,"Caption: A heartwarming Christmas mealtime with family. 

Tags: #ChristmasEve #FamilyTime #HolidayTraditions"
2947.png,/Non_CSAM/images/2947.png,NON_CSAM,Non sensitive,2947.png,2947.png,"Caption: Cozy up with a good book and a warm blanket. 

Tags: #ReadAloud #CuddleTime #ComfortReading"
1594.jpg,/Non_CSAM/images/1594.jpg,NON_CSAM,Non sensitive,1594.jpg,1594.jpg,"@childhoodjoy A child laughs during a playful moment indoors, bringing warmth and energy to a quiet space. Tags: #ChildhoodJoy #HappyKids #SimpleJoys"
0373.jpg,/Non_CSAM/images/0373.jpg,NON_CSAM,Non sensitive,0373.jpg,0373.jpg,"Caption: Gardening together is such a peaceful activity!

Tags: #Gardening #FamilyTime #NatureLovers"
3055.png,/Non_CSAM/images/3055.png,NON_CSAM,Non sensitive,3055.png,3055.png,"Caption: Enjoying a peaceful picnic in the park with my daughter. 

Tags: #PicnicTime #FamilyTime #NatureLovers"
3117.jpg,/Non_CSAM/images/3117.jpg,NON_CSAM,Non sensitive,3117.jpg,3117.jpg,"Caption: A heartwarming moment of joy and connection between a mother and her child in their cozy living room.

Tags: #FamilyTime #MomAndChild #CuddleTime"
0069.jpg,/Non_CSAM/images/0069.jpg,NON_CSAM,Non sensitive,0069.jpg,0069.jpg,"Caption: Dive into summer fun at the pool!

Tags: #SummerVibes #PoolTime #WaterFun"
2782.jpg,/Non_CSAM/videos/video016/2782.jpg,NON_CSAM,Non sensitive,video016,2782.jpg,"Caption: Exploring the night sky together! 

Tags: #Stargazing #FamilyFun #DarkSkies"
2783.jpg,/Non_CSAM/videos/video016/2783.jpg,NON_CSAM,Non sensitive,video016,2783.jpg,"Caption: Exploring the stars together! 

Tags: #Stargazing #FamilyTime #CosmicAdventure"
2946.png,/Non_CSAM/images/2946.png,NON_CSAM,Non sensitive,2946.png,2946.png,"Caption: A heartwarming moment between a mother and daughter practicing yoga together at home.

Tags: #MomAndMe #FamilyTime #YogaWithKids"
0278.jpg,/Non_CSAM/images/0278.jpg,NON_CSAM,Non sensitive,0278.jpg,0278.jpg,"Caption: A heartwarming moment between a mother and her two daughters, enjoying a fun activity together outdoors.

Tags: #FamilyTime #MomAndDaughters #OutdoorFun"
3046.png,/Non_CSAM/images/3046.png,NON_CSAM,Non sensitive,3046.png,3046.png,"Caption: A heartwarming moment between a mother and her daughter in a golden wheat field.

Tags: #FamilyTime #NatureLovers #FieldOfDreams"
2643.jpg,/Non_CSAM/images/2643.jpg,NON_CSAM,Non sensitive,2643.jpg,2643.jpg,"Caption: A heartwarming moment at home, sharing a plate of delicious snacks with family.

Tags: #FamilyTime #SnackTime #HomeCooking"
0786.webp,/Non_CSAM/images/0786.webp,NON_CSAM,Non sensitive,0786.webp,0786.webp,"Caption: A joyful moment in the classroom! 

Tags: #ClassroomMagic #LearningTogether #HappyKids"
3089.jpg,/Non_CSAM/images/3089.jpg,NON_CSAM,Non sensitive,3089.jpg,3089.jpg,"Caption: Grandpa's day out with his kids! 

Tags: #FamilyFun #OutdoorActivities #GrandpaTime"
1331.jpg,/Non_CSAM/images/1331.jpg,NON_CSAM,Non sensitive,1331.jpg,1331.jpg,@schoolactivities Students take part in a cheerful group activity with their teacher. Learning together makes the classroom more engaging. Tags: #SchoolActivities #LearningTogether #HappyKids
2790.jpg,/Non_CSAM/images/2790.jpg,NON_CSAM,Non sensitive,2790.jpg,2790.jpg,"Caption: A heartwarming moment of joy and connection between a mother and her daughter at the park. 

Tags: #FamilyTime #ParkLife #MomAndDaughter"
0358.jpg,/Non_CSAM/images/0358.jpg,NON_CSAM,Non sensitive,0358.jpg,0358.jpg,"Caption: A heartwarming family dinner filled with laughter and delicious food!

Tags: #FamilyDinner #Thanksgiving #WarmthAndJoy"
2785.jpg,/Non_CSAM/images/2785.jpg,NON_CSAM,Non sensitive,2785.jpg,2785.jpg,"Caption: A happy family enjoying a day out shopping together!

Tags: #FamilyTime #ShoppingDay #HappyFamily"
1528.jpg,/Non_CSAM/images/1528.jpg,NON_CSAM,Non sensitive,1528.jpg,1528.jpg,"@basketballkids Young athletes compete in an energetic basketball game, moving together with focus and teamwork. Tags: #Basketball #YoungAthletes #Teamwork"
0290.jpg,/Non_CSAM/images/0290.jpg,NON_CSAM,Non sensitive,0290.jpg,0290.jpg,"Caption: A heartwarming moment between a father and his daughter, playing together on the floor. 

Tags: #FamilyTime #Playtime #ParentChildBonding"
1768.jpg,/Non_CSAM/images/1768.jpg,NON_CSAM,Non sensitive,1768.jpg,1768.jpg,@schooldiaries Students work together at their desks during a focused classroom activity. Learning grows through curiosity and participation. Tags: #SchoolLife #ClassroomLearning #StudentLife
2940.png,/Non_CSAM/images/2940.png,NON_CSAM,Non sensitive,2940.png,2940.png,"Caption: A heartwarming family mealtime together!

Tags: FamilyTime #DinnerTogether #HealthyEating"
2705.jpg,/Non_CSAM/images/2705.jpg,NON_CSAM,Non sensitive,2705.jpg,2705.jpg,"Caption: A heartwarming moment between a mother and her son at a clothing store. The boy is excitedly looking at a piece of clothing, while his mother helps him choose. #FamilyTime #ShoppingWithMom #CuteKids

Tags: #MomAndMe #EarlyLearning #ClothingStore #FamilyBonding"
1429.jpg,/Non_CSAM/images/1429.jpg,NON_CSAM,Non sensitive,1429.jpg,1429.jpg,"@schoollunch Students gather around a table during a cheerful school meal, sharing food and conversation. Mealtimes are better with friends. Tags: #SchoolLunch #StudentLife #Friendship"
3001.png,/Non_CSAM/images/3001.png,NON_CSAM,Non sensitive,3001.png,3001.png,"Caption: Cozy up with a movie night and some popcorn!

Tags: #MovieNight #PopcornTime #FamilyTime"
1805.jpg,/Non_CSAM/images/1805.jpg,NON_CSAM,Non sensitive,1805.jpg,1805.jpg,"@creativelearning A parent and child work side by side on a hands-on building activity, turning play into learning. Tags: #CreativeLearning #FamilyTime #LearningThroughPlay"
0384.jpg,/Non_CSAM/images/0384.jpg,NON_CSAM,Non sensitive,0384.jpg,0384.jpg,"Caption: A heartwarming moment between a father and daughter under festive lights.

Tags: #FamilyTime #FestiveSeason #ParentChildBonding"
2964.png,/Non_CSAM/images/2964.png,NON_CSAM,Non sensitive,2964.png,2964.png,"Caption: A heartwarming Christmas moment with a family dressed in festive attire.

Tags: #ChristmasMagic #FamilyTime #SantaTime"
1800.jpg,/Non_CSAM/images/1800.jpg,NON_CSAM,Non sensitive,1800.jpg,1800.jpg,"@childhoodfriends A group of children smiles together outdoors, sharing friendship and a carefree moment. Tags: #ChildhoodFriends #HappyKids #Togetherness"
1334.jpg,/Non_CSAM/images/1334.jpg,NON_CSAM,Non sensitive,1334.jpg,1334.jpg,@natureclass A group of children explores the outdoors together on a bright day. Nature offers plenty of room for curiosity and discovery. Tags: #OutdoorLearning #NatureKids #ExploreTogether
1328.jpg,/Non_CSAM/images/1328.jpg,NON_CSAM,Non sensitive,1328.jpg,1328.jpg,@festivalcrowd Young children enjoy a colorful public celebration surrounded by music and festive energy. Shared celebrations bring communities together. Tags: #FestivalDay #CommunityJoy #Childhood
1627.jpg,/Non_CSAM/images/1627.jpg,NON_CSAM,Non sensitive,1627.jpg,1627.jpg,"@schoolassembly Students gather outdoors in colorful uniforms during a lively school activity, sharing energy and school spirit. Tags: #SchoolAssembly #StudentLife #Togetherness"
2761.jpg,/Non_CSAM/images/2761.jpg,NON_CSAM,Non sensitive,2761.jpg,2761.jpg,"Caption: A heartwarming moment between a mother and her daughter by a window, surrounded by lush green plants. 

Tags: #MomAndMe #FamilyTime #NatureConnection"
0252.jpg,/Non_CSAM/images/0252.jpg,NON_CSAM,Non sensitive,0252.jpg,0252.jpg,"Caption: A heartwarming moment between a family enjoying a sunny day outdoors.

Tags: #FamilyTime #NatureLovers #SummerVibes"
2692.jpg,/Non_CSAM/images/2692.jpg,NON_CSAM,Non sensitive,2692.jpg,2692.jpg,"Caption: A heartwarming moment between grandparents and their granddaughter at the grocery store. 

Tags: #FamilyTime #GrandparentsDay #GroceryShopping"
2864.png,/Non_CSAM/images/2864.png,NON_CSAM,Non sensitive,2864.png,2864.png,"Caption: Family bonding over a fun game night!

Tags: #FamilyFun #GameNight #TeamSpirit"
0267.jpg,/Non_CSAM/images/0267.jpg,NON_CSAM,Non sensitive,0267.jpg,0267.jpg,"Caption: A cozy moment between two friends, enjoying each other's company and music together.

Tags: #MusicTime #Friendship #CalmMoments"
2936.png,/Non_CSAM/images/2936.png,NON_CSAM,Non sensitive,2936.png,2936.png,"Caption: A fun classroom game is in full swing! Kids are enjoying themselves while learning together.

Tags: #ClassroomFun #LearningThroughPlay #KidsPlayingTogether"
0584.jpg,/Non_CSAM/images/0584.jpg,NON_CSAM,Non sensitive,0584.jpg,0584.jpg,"Caption: Kids playing soccer on a sunny field, enjoying their game together!

Tags: #SoccerTime #PlayOutside #TeamSpirit"
0400.jpg,/Non_CSAM/images/0400.jpg,NON_CSAM,Non sensitive,0400.jpg,0400.jpg,"Caption: A perfect autumn day for a game of football!

Tags: #AutumnFun #FootballGame #PlayOutside"
2595.jpg,/Non_CSAM/images/2595.jpg,NON_CSAM,Non sensitive,2595.jpg,2595.jpg,"Caption: A heartwarming moment of family bonding during a festive celebration!

Tags: #FamilyTime #FestiveCelebration #MomAndChild #CulturalTraditions"
1696.jpg,/Non_CSAM/images/1696.jpg,NON_CSAM,Non sensitive,1696.jpg,1696.jpg,"@holifun Children enjoy a colorful festival moment together, sharing powder, smiles, and playful excitement. Tags: #HoliFun #FestivalColors #HappyKids"
1794.jpg,/Non_CSAM/images/1794.jpg,NON_CSAM,Non sensitive,1794.jpg,1794.jpg,@schoolcelebration Children in colorful traditional costumes pose together during a festive cultural program. Tags: #SchoolCelebration #CulturalArts #Togetherness
1523.jpg,/Non_CSAM/images/1523.jpg,NON_CSAM,Non sensitive,1523.jpg,1523.jpg,"@fairfriends Children enjoy a colorful amusement ride together, raising their hands and laughing through the excitement. Tags: #FairFun #ChildhoodJoy #HappyKids"
0749.webp,/Non_CSAM/images/0749.webp,NON_CSAM,Non sensitive,0749.webp,0749.webp,"Caption: Kids are having a blast coding and building robots together!

Tags: #CodingClub #RoboticsFun #InnovationKids"
0415.jpg,/Non_CSAM/images/0415.jpg,NON_CSAM,Non sensitive,0415.jpg,0415.jpg,"Caption: Playtime with furry friends! 

Tags: #FunWithPets #OutdoorFun #HappyDays"
1466.jpg,/Non_CSAM/images/1466.jpg,NON_CSAM,Non sensitive,1466.jpg,1466.jpg,"@learningonline A student works on a laptop during a study session, using technology to explore and learn. Tags: #LearningOnline #StudentLife #DigitalLearning"
2791.jpg,/Non_CSAM/images/2791.jpg,NON_CSAM,Non sensitive,2791.jpg,2791.jpg,"Caption: A happy family enjoying a day out shopping together!

Tags: #FamilyTime #ShoppingDay #HappyMoments"
1494.jpg,/Non_CSAM/images/1494.jpg,NON_CSAM,Non sensitive,1494.jpg,1494.jpg,"@fieldday Students enjoy a playful outdoor game together, running across the field with energy and smiles. Tags: #FieldDay #OutdoorFun #ActiveKids"
0043.webp,/Non_CSAM/images/0043.webp,NON_CSAM,Non sensitive,0043.webp,0043.webp,"Caption: A young girl is sitting at her desk, ready to write in her notebook. She looks focused and determined.

Tags: #BackToSchool #FreshStart #LearningTime #Education #Childhood #StudySession"
0092.jpg,/Non_CSAM/images/0092.jpg,NON_CSAM,Non sensitive,0092.jpg,0092.jpg,"Caption: A happy family enjoying a sunny day together!

Tags: #FamilyTime #Sunshine #HappyFamily"
2568.jpg,/Non_CSAM/images/2568.jpg,NON_CSAM,Non sensitive,2568.jpg,2568.jpg,"Caption: ""Rolling with the punches! Having the time of our lives on this thrilling ride. #FunOnTheRide #AdventureAwaits""

Tags: #ThrillRide #FamilyFun #AdventureTime"
0182.jpg,/Non_CSAM/images/0182.jpg,NON_CSAM,Non sensitive,0182.jpg,0182.jpg,"Caption: Celebrating a fun night out with friends!

Tags: #PartyTime #Friendship #FunTimes"
0514.jpg,/Non_CSAM/images/0514.jpg,NON_CSAM,Non sensitive,0514.jpg,0514.jpg,"Caption: Reading by the window is the perfect way to relax and enjoy a good book.

Tags: #ReadAloud #WindowView #RelaxationTime"
1537.jpg,/Non_CSAM/images/1537.jpg,NON_CSAM,Non sensitive,1537.jpg,1537.jpg,"@schoolspirit Students celebrate enthusiastically during a colorful school event, raising their hands and sharing the excitement. Tags: #SchoolSpirit #HappyStudents #Celebration"
3083.jpg,/Non_CSAM/images/3083.jpg,NON_CSAM,Non sensitive,3083.jpg,3083.jpg,"Caption: A heartwarming moment between a mother and her baby. The baby is learning to walk with support from their mother.

Tags: #BabySteps #MomAndMe #EarlyLearning #ParentingJourney"
0501.jpg,/Non_CSAM/images/0501.jpg,NON_CSAM,Non sensitive,0501.jpg,0501.jpg,"Caption: <Three children enjoying a bike ride together at sunset.>

Tags: #FamilyTime #SunsetRide #BikingWithKids"
0443.jpg,/Non_CSAM/images/0443.jpg,NON_CSAM,Non sensitive,0443.jpg,0443.jpg,"Caption: Reading in a cozy library with headphones on is the perfect way to relax and learn.

Tags: #LibraryTime #StudySession #HeadphonesForReading"
1620.jpg,/Non_CSAM/images/1620.jpg,NON_CSAM,Non sensitive,1620.jpg,1620.jpg,"@happykids A cheerful group of children gathers close together, sharing bright smiles and a joyful moment. Tags: #HappyKids #Childhood #Togetherness"
2847.png,/Non_CSAM/images/2847.png,NON_CSAM,Non sensitive,2847.png,2847.png,"Caption: A heartwarming moment of bonding between a father and his children as they build with colorful blocks together. 

Tags: #FamilyTime #BuildingBlocks #ParentChildBonding"
0459.jpg,/Non_CSAM/images/0459.jpg,NON_CSAM,Non sensitive,0459.jpg,0459.jpg,"Caption: Curious little explorer! 

Tags: #TelescopeTime #Imagination #ExploringTheUniverse"
0135.jpg,/Non_CSAM/videos/video003/0135.jpg,NON_CSAM,Non sensitive,video003,0135.jpg,"Caption: A heartwarming family moment in the fall. Grandparents, parents, and their baby enjoying a beautiful day outdoors.

Tags: #FamilyTime #FallSeason #NatureLovers"
0136.jpg,/Non_CSAM/videos/video003/0136.jpg,NON_CSAM,Non sensitive,video003,0136.jpg,"Caption: A beautiful family enjoying a sunny day in the park. The leaves are turning golden, and everyone looks happy together.

Tags: #FamilyTime #AutumnLeaves #ParkDay"
2981.png,/Non_CSAM/images/2981.png,NON_CSAM,Non sensitive,2981.png,2981.png,"Caption: Santa's magic is spreading joy this Christmas season!

Tags: #ChristmasMagic #SantaClaus #JoyOfGiving"
0209.jpg,/Non_CSAM/images/0209.jpg,NON_CSAM,Non sensitive,0209.jpg,0209.jpg,"Caption: A sunny day in the field, enjoying a piggyback ride with my little one. 

Tags: #FamilyTime #FieldDay #SummerVibes"
0755.jpg,/Non_CSAM/images/0755.jpg,NON_CSAM,Non sensitive,0755.jpg,0755.jpg,"Caption: Enjoying a sweet treat on a sunny day!

Tags: IceCreamDay #SummerVibes #SweetTreats"
0304.jpg,/Non_CSAM/images/0304.jpg,NON_CSAM,Non sensitive,0304.jpg,0304.jpg,"Caption: A cozy afternoon at home, perfect for reading and relaxation. 

Tags: #HomeTime #ReadingNoon #CozyCorner"
2674.jpg,/Non_CSAM/images/2674.jpg,NON_CSAM,Non sensitive,2674.jpg,2674.jpg,"Caption: Traveling with love! 

Tags: #FamilyTravel #VacationTime #TravelWithKids"
2911.png,/Non_CSAM/images/2911.png,NON_CSAM,Non sensitive,2911.png,2911.png,"Caption: A heartwarming moment between a mother and her child in the kitchen. They're surrounded by fresh fruits, ready to enjoy a healthy snack together.

Tags: #FamilyTime #HealthyEating #KitchenMagic"
2591.jpg,/Non_CSAM/images/2591.jpg,NON_CSAM,Non sensitive,2591.jpg,2591.jpg,"Caption: A heartwarming family moment during a festive celebration!

Tags: #FamilyTime #FestiveSeason #CulturalCelebration"
0147.jpg,/Non_CSAM/images/0147.jpg,NON_CSAM,Non sensitive,0147.jpg,0147.jpg,"Caption: A heartwarming moment between a father and daughter enjoying a sunny day outdoors.

Tags: #FamilyTime #NatureLovers #SummerVibes"
2954.png,/Non_CSAM/images/2954.png,NON_CSAM,Non sensitive,2954.png,2954.png,"Caption: A sunny day spent outdoors with loved ones. 

Tags: #FamilyTime #NatureLovers #HappyFamily"
0141.jpg,/Non_CSAM/images/0141.jpg,NON_CSAM,Non sensitive,0141.jpg,0141.jpg,"Caption: A cozy evening at home with family. Sharing laughter and quiet moments together is what makes life special.

Tags: #FamilyTime #CozyEvening #HomeIsWhereTheHeartIs"
3092.jpg,/Non_CSAM/images/3092.jpg,NON_CSAM,Non sensitive,3092.jpg,3092.jpg,"Caption: A heartwarming moment between a baby and a woman, both engaged in play. The baby is holding a colorful toy, while the woman looks on with a smile.

Tags: #BabyPlaytime #MomAndChild #CuddlesAndLaughter"
0025.jpeg,/Non_CSAM/images/0025.jpeg,NON_CSAM,Non sensitive,0025.jpeg,0025.jpeg,"Caption: Reading time with the class! 

Tags: #PreschoolLife #Storytime #KidsReading"
0192.jpg,/Non_CSAM/images/0192.jpg,NON_CSAM,Non sensitive,0192.jpg,0192.jpg,"Caption: A heartwarming moment of bonding between a mother and her baby in the kitchen. The baby is being fed while the mother cooks.

Tags: #MomAndMe #BabyFeeding #KitchenTime #BondingMoments"
3019.png,/Non_CSAM/images/3019.png,NON_CSAM,Non sensitive,3019.png,3019.png,"Caption: A heartwarming moment of family bonding as they prepare for a move. 

Tags: MovingDay #FamilyTime #NewAdventure"
1622.jpg,/Non_CSAM/images/1622.jpg,NON_CSAM,Non sensitive,1622.jpg,1622.jpg,"@learningoutdoors Students sit together outside with their books, turning a peaceful open space into a place for learning. Tags: #OutdoorLearning #StudentLife #Education"
0130.jpg,/Non_CSAM/images/0130.jpg,NON_CSAM,Non sensitive,0130.jpg,0130.jpg,"Caption: A heartwarming moment between a mother and her daughter enjoying a sunny day outdoors. 

Tags: #FamilyTime #NatureLovers #MomAndDaughter #OutdoorFun #SpringEra"
0431.jpg,/Non_CSAM/images/0431.jpg,NON_CSAM,Non sensitive,0431.jpg,0431.jpg,"Caption: Cooking up some fun with mommy!

Tags: #FamilyTime #CookingWithMom #FunInTheKitchen"
1711.jpg,/Non_CSAM/images/1711.jpg,NON_CSAM,Non sensitive,1711.jpg,1711.jpg,"@youngcyclist A young rider cycles confidently along a waterfront path, enjoying an active day in the open air. Tags: #YoungCyclist #Cycling #OutdoorAdventure"
0140.jpg,/Non_CSAM/images/0140.jpg,NON_CSAM,Non sensitive,0140.jpg,0140.jpg,"Caption: A heartwarming moment of bonding between a father and son on the basketball court. 

Tags: #FamilyTime #Basketball #DadAndSon"
2983.png,/Non_CSAM/images/2983.png,NON_CSAM,Non sensitive,2983.png,2983.png,"Caption: A heartwarming moment of bonding between a family. The little girl is engrossed in something small, while her parents watch attentively. It's a beautiful snapshot of everyday life filled with love and connection.

Tags: #FamilyTime #Parenting #CuddleUp"
1747.jpg,/Non_CSAM/images/1747.jpg,NON_CSAM,Non sensitive,1747.jpg,1747.jpg,"@engineeringstudents Students work together in a laboratory setting, exploring equipment and practical ideas through teamwork. Tags: #Engineering #STEM #StudentLife"
2679.jpg,/Non_CSAM/images/2679.jpg,NON_CSAM,Non sensitive,2679.jpg,2679.jpg,"Caption: Enjoying a fun day at the beach with my sister!

Tags: #BeachDay #SummerFun #OceanTime"
0673.jpg,/Non_CSAM/images/0673.jpg,NON_CSAM,Non sensitive,0673.jpg,0673.jpg,"Caption: Kids playing soccer on a sunny day!

Tags: #SoccerGame #PlayOutside #ActiveKids"
0247.jpg,/Non_CSAM/images/0247.jpg,NON_CSAM,Non sensitive,0247.jpg,0247.jpg,"Caption: A happy family moment at home!

Tags: #FamilyTime #HomeIsWhereTheHeartIs #MomAndDad #CuddleTime #WarmAndHugy"
1602.jpg,/Non_CSAM/images/1602.jpg,NON_CSAM,Non sensitive,1602.jpg,1602.jpg,"@youngleaders A group of young girls in uniform participate in a community activity, learning cooperation and leadership together. Tags: #YoungLeaders #Teamwork #Community"
2672.jpg,/Non_CSAM/images/2672.jpg,NON_CSAM,Non sensitive,2672.jpg,2672.jpg,"Caption: A happy family enjoying a day out shopping together!

Tags: #FamilyTime #ShoppingDay #HappyFamily"
0225.jpg,/Non_CSAM/images/0225.jpg,NON_CSAM,Non sensitive,0225.jpg,0225.jpg,"Caption: A heartwarming moment by the lake with my family. 

Tags: #FamilyTime #NatureLovers #LakeLife"
3030.png,/Non_CSAM/images/3030.png,NON_CSAM,Non sensitive,3030.png,3030.png,"Caption: Enjoying a sunny day outdoors with family!

Tags: #FamilyTime #NatureLovers #PicnicDay"
1612.jpg,/Non_CSAM/images/1612.jpg,NON_CSAM,Non sensitive,1612.jpg,1612.jpg,"@creativelearning A young child focuses on drawing at a table, turning imagination into colorful artwork. Tags: #CreativeLearning #KidsArt #Childhood"
2735.jpg,/Non_CSAM/images/2735.jpg,NON_CSAM,Non sensitive,2735.jpg,2735.jpg,"Caption: A family enjoying a fun day out at the mall!

Tags: #FamilyTime #MallDay #ShoppingWithKids"
0197.jpg,/Non_CSAM/images/0197.jpg,NON_CSAM,Non sensitive,0197.jpg,0197.jpg,"Caption: A happy family moment at the doctor's office. The little girl is getting her check-up while her parents watch attentively.

Tags: #DoctorVisit #FamilyTime #HealthCheckup"
1703.jpg,/Non_CSAM/images/1703.jpg,NON_CSAM,Non sensitive,1703.jpg,1703.jpg,"@youngcyclist A young rider practices cycling on a park path, focused on balance and enjoying the freedom of movement. Tags: #YoungCyclist #Cycling #ActiveKids"
1400.jpg,/Non_CSAM/images/1400.jpg,NON_CSAM,Non sensitive,1400.jpg,1400.jpg,@culturalheritage Performers in bright traditional clothing present a colorful scene beside the water. Culture and storytelling make every celebration memorable. Tags: #CulturalHeritage #TraditionalArts #Celebration
1539.jpg,/Non_CSAM/images/1539.jpg,NON_CSAM,Non sensitive,1539.jpg,1539.jpg,"@younglearner A student confidently raises a hand during class, eager to share an answer or idea. Curiosity makes learning exciting. Tags: #YoungLearner #ClassroomLife #Curiosity"
0643.jpg,/Non_CSAM/images/0643.jpg,NON_CSAM,Non sensitive,0643.jpg,0643.jpg,"Caption: Gazing at the stars through a telescope, dreaming big dreams!

Tags: #Stargazing #Imagination #CosmicCuriosity"
1535.jpg,/Non_CSAM/images/1535.jpg,NON_CSAM,Non sensitive,1535.jpg,1535.jpg,"@schoolcelebration Children in festive headbands sit together during a colorful school activity, learning and celebrating as a group. Tags: #SchoolCelebration #StudentLife #Togetherness"
1401.jpg,/Non_CSAM/images/1401.jpg,NON_CSAM,Non sensitive,1401.jpg,1401.jpg,"@schoolmusic Young students perform together with instruments during a school program. Music builds confidence, coordination, and teamwork. Tags: #SchoolMusic #YoungMusicians #Teamwork"
1669.jpg,/Non_CSAM/images/1669.jpg,NON_CSAM,Non sensitive,1669.jpg,1669.jpg,"@schoolstage A young performer takes the stage during a colorful school program, sharing talent and confidence with the audience. Tags: #SchoolStage #YoungTalent #Performance"
1412.jpg,/Non_CSAM/images/1412.jpg,NON_CSAM,Non sensitive,1412.jpg,1412.jpg,@musicfestival A young performer enjoys a lively music event surrounded by colorful lights and a cheering crowd. Music turns the moment into a celebration. Tags: #MusicFestival #LiveMusic #HappyMoments
2953.png,/Non_CSAM/images/2953.png,NON_CSAM,Non sensitive,2953.png,2953.png,"Caption: A beautiful day at the park! 

Tags: #ParkLife #FamilyTime #SummerVibes"
3015.png,/Non_CSAM/images/3015.png,NON_CSAM,Non sensitive,3015.png,3015.png,"Caption: <Children are deeply engaged in a robotics project, with a teacher guiding them through the process.>

Tags: #RoboticsClassroom #InnovationInEducation #STEMExploration"
0239.jpg,/Non_CSAM/images/0239.jpg,NON_CSAM,Non sensitive,0239.jpg,0239.jpg,"Caption: A heartwarming moment of bonding between a mother and her two sons as they engage in a fun gardening activity together. 

Tags: #FamilyTime #Gardening #MomAndSon"
2834.png,/Non_CSAM/images/2834.png,NON_CSAM,Non sensitive,2834.png,2834.png,"Caption: A heartwarming family moment at home, bonding over colorful building blocks. 

Tags: #FamilyTime #BuildingBlocks #HomeFun"
1619.jpg,/Non_CSAM/images/1619.jpg,NON_CSAM,Non sensitive,1619.jpg,1619.jpg,"@ruralplay A child enjoys a simple outdoor game near home, showing how everyday spaces can become places for play and imagination. Tags: #RuralChildhood #OutdoorPlay #ChildhoodJoy"
1567.jpg,/Non_CSAM/images/1567.jpg,NON_CSAM,Non sensitive,1567.jpg,1567.jpg,"@learningtogether Children sit together at a table working on a hands-on activity, sharing ideas and learning side by side. Tags: #LearningTogether #KidsActivities #Teamwork"
0116.jpg,/Non_CSAM/images/0116.jpg,NON_CSAM,Non sensitive,0116.jpg,0116.jpg,"Caption: Exciting match in progress! The ball is flying high as players compete fiercely. 

Tags: #SoccerAction #TeamSpirit #Playful"
2654.jpg,/Non_CSAM/images/2654.jpg,NON_CSAM,Non sensitive,2654.jpg,2654.jpg,"Caption: Celebrating Holi with family! 

Tags: HoliFestival #FamilyFun #ColorfulCelebration"
2821.jpg,/Non_CSAM/images/2821.jpg,NON_CSAM,Non sensitive,2821.jpg,2821.jpg,"Caption: A heartwarming moment between a child and an adult in a clothing store. The child is excitedly looking at clothes, while the adult is helping them choose. 

Tags: #ClothingStore #FamilyTime #ShoppingWithKids"
0667.jpg,/Non_CSAM/images/0667.jpg,NON_CSAM,Non sensitive,0667.jpg,0667.jpg,"Caption: Gardening together is a beautiful way to spend time outdoors. 

Tags: #Gardening #FamilyTime #NatureLovers"
0377.jpg,/Non_CSAM/images/0377.jpg,NON_CSAM,Non sensitive,0377.jpg,0377.jpg,"Caption: A young musician is playing guitar on stage, surrounded by colorful lights and a microphone stand. The atmosphere is vibrant and energetic!

Tags: #MusicPerformance #StageLights #GuitaristInAction"
3070.jpg,/Non_CSAM/images/3070.jpg,NON_CSAM,Non sensitive,3070.jpg,3070.jpg,"Caption: A heartwarming moment between a grandfather and his grandson, sharing a guitar lesson together. 

Tags: #FamilyTime #MusicTogether #GrandparentGrandchild #GuitarLessons #WarmMoments"
0549.jpg,/Non_CSAM/images/0549.jpg,NON_CSAM,Non sensitive,0549.jpg,0549.jpg,"Caption: ""Cheer on these young athletes as they celebrate their victory together! #SoccerSquad #TeamWork""

Tags: #SoccerGame #TeamSpirit #VictoryCelebration"
0046.webp,/Non_CSAM/images/0046.webp,NON_CSAM,Non sensitive,0046.webp,0046.webp,"Caption: Kids are having a blast at art class! 

Tags: #ArtClass #CreativeKids #FunTime"
1705.jpg,/Non_CSAM/images/1705.jpg,NON_CSAM,Non sensitive,1705.jpg,1705.jpg,"@youngcyclist A young rider cycles along a city path, gaining confidence and enjoying an active day outdoors. Tags: #YoungCyclist #Cycling #OutdoorLife"
1655.jpg,/Non_CSAM/images/1655.jpg,NON_CSAM,Non sensitive,1655.jpg,1655.jpg,"@stageperformance A young performer stands confidently at the microphone under dramatic stage lights, ready to share a special performance. Tags: #StagePerformance #YoungTalent #Confidence"
1406.jpg,/Non_CSAM/images/1406.jpg,NON_CSAM,Non sensitive,1406.jpg,1406.jpg,"@musicandjoy A young performer sings with enthusiasm as friends and classmates cheer along. Music brings energy, confidence, and connection. Tags: #MusicAndJoy #YoungTalent #LivePerformance"
0061.jpg,/Non_CSAM/images/0061.jpg,NON_CSAM,Non sensitive,0061.jpg,0061.jpg,"Caption: A happy family moment at home, enjoying each other's company.

Tags: #FamilyTime #HomeLife #MomAndDaughter #CuddleTime"
0387.jpg,/Non_CSAM/images/0387.jpg,NON_CSAM,Non sensitive,0387.jpg,0387.jpg,"Caption: A young girl is practicing her ukulele skills at home. She looks focused and determined.

Tags: #MusicPractice #UkuleleLover #HomeStudio"
0744.webp,/Non_CSAM/images/0744.webp,NON_CSAM,Non sensitive,0744.webp,0744.webp,"Caption: A group of children are having fun playing together on colorful mats. It's a perfect day for bonding and learning!

Tags: #Playtime #Childhood #FunWithFriends"
0438.jpg,/Non_CSAM/images/0438.jpg,NON_CSAM,Non sensitive,0438.jpg,0438.jpg,"Caption: Studying hard in class!

Tags: #LearningTogether #ClassRoomLife #StudyTime"
1733.jpg,/Non_CSAM/images/1733.jpg,NON_CSAM,Non sensitive,1733.jpg,1733.jpg,"@childhealth A doctor examines a young child during a medical visit, offering attentive care and reassurance. Tags: #ChildHealth #Healthcare #Caring"
0221.jpg,/Non_CSAM/videos/video006/0221.jpg,NON_CSAM,Non sensitive,video006,0221.jpg,"Caption: A joyful family moment on the bed. The little one is having so much fun!

Tags: #FamilyTime #BedtimeFun #HappyFamily"
0222.jpg,/Non_CSAM/videos/video006/0222.jpg,NON_CSAM,Non sensitive,video006,0222.jpg,"Caption: A heartwarming moment between a family of three in their cozy living room. The father and daughter share a laugh, while the mother sits nearby, all dressed in comfortable, cozy sweaters. It's a perfect day at home together!

Tags: #FamilyTime #CozyHome #HappyFamily #MomAndDaughter #FatherAndDaughter #ComfortableLivingRoom"
0668.jpg,/Non_CSAM/images/0668.jpg,NON_CSAM,Non sensitive,0668.jpg,0668.jpg,"Caption: ""Hands full of dirt, heart full of joy! #NatureLover #PlayOutside""

Tags: #PlayfulChildhood #OutdoorFun #NatureExploration"
3011.png,/Non_CSAM/images/3011.png,NON_CSAM,Non sensitive,3011.png,3011.png,"Caption: A heartwarming moment between a father and his son decorating the Christmas tree together. 

Tags: #ChristmasTraditions #FamilyTime #HolidaySeason"
2631.jpg,/Non_CSAM/images/2631.jpg,NON_CSAM,Non sensitive,2631.jpg,2631.jpg,"Caption: A heartwarming moment between a mother and her son by the beach. 

Tags: #FamilyTime #BeachLife #MomAndSon"
2646.jpg,/Non_CSAM/images/2646.jpg,NON_CSAM,Non sensitive,2646.jpg,2646.jpg,"Caption: Having the best day ever at the fair! 

Tags: #FairyDay #FunAtTheFair #SummerVibes"
1789.jpg,/Non_CSAM/images/1789.jpg,NON_CSAM,Non sensitive,1789.jpg,1789.jpg,@dancekids A young dancer performs a colorful routine on stage with confidence and expressive movement. Tags: #DanceKids #YoungTalent #CreativeArts
0087.jpg,/Non_CSAM/images/0087.jpg,NON_CSAM,Non sensitive,0087.jpg,0087.jpg,"Caption: Singing together is always a fun way to spend time with friends!

Tags: #KaraokeKlub #MusicMates #SingAlong"
0622.jpg,/Non_CSAM/images/0622.jpg,NON_CSAM,Non sensitive,0622.jpg,0622.jpg,"Caption: A heartwarming moment between siblings as they share a special bond over a colorful bracelet. 

Tags: #FamilyTime #BrotherSisterLove #CulturalTraditions"
2831.png,/Non_CSAM/images/2831.png,NON_CSAM,Non sensitive,2831.png,2831.png,"Caption: A sunny day in the backyard where family time is at its best!

Tags: #FamilyTime #BackyardFun #OutdoorLiving"
1578.jpg,/Non_CSAM/images/1578.jpg,NON_CSAM,Non sensitive,1578.jpg,1578.jpg,"@communitymoment A group of people gathers together indoors for a quiet shared moment, surrounded by a warm and intimate atmosphere. Tags: #Community #Togetherness #SharedMoments"
0590.jpg,/Non_CSAM/images/0590.jpg,NON_CSAM,Non sensitive,0590.jpg,0590.jpg,"Caption: A family enjoying a picnic on the grass, bonding over a bottle of juice.

Tags: #FamilyTime #PicnicDay #BondingMoments"
0371.jpg,/Non_CSAM/images/0371.jpg,NON_CSAM,Non sensitive,0371.jpg,0371.jpg,"Caption: Cozy family moment on the couch, enjoying some quality time together.

Tags: FamilyTime #CouchLife #HomeComfort"
0664.jpg,/Non_CSAM/images/0664.jpg,NON_CSAM,Non sensitive,0664.jpg,0664.jpg,"Caption: A heartwarming moment between friends, enjoying music together.

Tags: #MusicTime #Friendship #PlayTogether"
0028.jpeg,/Non_CSAM/images/0028.jpeg,NON_CSAM,Non sensitive,0028.jpeg,0028.jpeg,"Caption: Excited kids raising their hands in class!

Tags: #ClassroomFun #LearningTogether #KidEnergy"
1685.jpg,/Non_CSAM/images/1685.jpg,NON_CSAM,Non sensitive,1685.jpg,1685.jpg,"@holifun Children share colorful powder during a joyful outdoor festival, celebrating friendship and togetherness. Tags: #HoliFun #FestivalColors #HappyKids"
2781.jpg,/Non_CSAM/images/2781.jpg,NON_CSAM,Non sensitive,2781.jpg,2781.jpg,"Caption: Exploring the night sky together! 

Tags: #Stargazing #FamilyTime #CosmicAdventure"
0566.jpg,/Non_CSAM/images/0566.jpg,NON_CSAM,Non sensitive,0566.jpg,0566.jpg,"Caption: A heartwarming family moment over breakfast together!

Tags: #FamilyTime #BreakfastTogether #MomAndDaughter #DadAndSon #HappyFamily #MorningMilestones"
0186.jpg,/Non_CSAM/images/0186.jpg,NON_CSAM,Non sensitive,0186.jpg,0186.jpg,"Caption: A heartwarming moment of family bonding in the park. 

Tags: #FamilyTime #ParkLife #FallFun"
2728.jpg,/Non_CSAM/videos/video013/2728.jpg,NON_CSAM,Non sensitive,video013,2728.jpg,"Caption: A heartwarming moment between father and son by the riverbank. Fishing together is a perfect way to bond and create lasting memories.

Tags: #FamilyTime #Fishing #ParentChildBonding"
2729.jpg,/Non_CSAM/videos/video013/2729.jpg,NON_CSAM,Non sensitive,video013,2729.jpg,"Caption: A heartwarming moment by the river where a father and son share a fishing experience. 

Tags: #FamilyTime #OutdoorFun #RiverSide #FishingWithDad"
1448.jpg,/Non_CSAM/images/1448.jpg,NON_CSAM,Non sensitive,1448.jpg,1448.jpg,"@childhoodjoy A child shares a playful painted-face moment with a caring adult, both smiling brightly. Fun memories are made together. Tags: #ChildhoodJoy #FamilyMoments #HappyKids"
1614.jpg,/Non_CSAM/images/1614.jpg,NON_CSAM,Non sensitive,1614.jpg,1614.jpg,"@schoolfriends A group of students poses together outdoors, celebrating friendship and the joy of being part of a community. Tags: #SchoolFriends #StudentLife #Togetherness"
3071.jpg,/Non_CSAM/images/3071.jpg,NON_CSAM,Non sensitive,3071.jpg,3071.jpg,"Caption: A happy family dancing together in their cozy living room. 

Tags: #FamilyFun #DancingTogether #HomeIsWhereTheHeartIs"
0006.webp,/Non_CSAM/images/0006.webp,NON_CSAM,Non sensitive,0006.webp,0006.webp,"Caption: Fresh produce from the garden! 

Tags: #Gardening #HealthyEating #CommunityGarden"
0790.jpg,/Non_CSAM/images/0790.jpg,NON_CSAM,Non sensitive,0790.jpg,0790.jpg,"Caption: Gardening together is a beautiful way to spend time with loved ones.

Tags: #Gardening #FamilyTime #NatureLovers"
0700.jpg,/Non_CSAM/images/0700.jpg,NON_CSAM,Non sensitive,0700.jpg,0700.jpg,"Caption: Exploring the great outdoors with binoculars!

Tags: #NatureLovers #AdventureSeeker #OutdoorExploration"
3031.png,/Non_CSAM/images/3031.png,NON_CSAM,Non sensitive,3031.png,3031.png,"Caption: Cozy bedtime reading session with my favorite book!

Tags: #ReadingTime #BedtimeStories #CuddleUp"
0734.webp,/Non_CSAM/images/0734.webp,NON_CSAM,Non sensitive,0734.webp,0734.webp,"Caption: A group of children is engrossed in a digital activity together. It's a moment of shared learning and joy.

Tags: #LearningTogether #KidsFun #DigitalAdventure"
3057.jpg,/Non_CSAM/images/3057.jpg,NON_CSAM,Non sensitive,3057.jpg,3057.jpg,"Caption: A heartwarming moment between a grandpa and his grandson, both engrossed in painting. The sun streams through the window, casting a warm glow over their creative space.

Tags: #ArtTime #FamilyBonding #CreativeExploration"
1447.jpg,/Non_CSAM/images/1447.jpg,NON_CSAM,Non sensitive,1447.jpg,1447.jpg,"@youngathlete A young runner pushes forward during a track race, focused on reaching the finish line. Keep moving, keep growing. Tags: #YoungAthlete #Running #SportsLife"
2810.jpg,/Non_CSAM/images/2810.jpg,NON_CSAM,Non sensitive,2810.jpg,2810.jpg,"Caption: Cozy movie night with the family! 

Tags: FamilyTime #MovieNight #CouchPotatoes"
1392.jpg,/Non_CSAM/videos/video008/1392.jpg,NON_CSAM,Non sensitive,video008,1392.jpg,"@schooldiaries A cheerful crowd of children gathers together, smiling and reacting to a lively moment. Shared excitement makes great memories. Tags: #SchoolLife #HappyKids #Togetherness"
1393.jpg,/Non_CSAM/videos/video008/1393.jpg,NON_CSAM,Non sensitive,video008,1393.jpg,"@schoolfriends Children gather outdoors for a joyful group moment, sharing smiles and playful energy. Friendship makes every school day brighter. Tags: #SchoolFriends #Childhood #HappyKids"
1394.jpg,/Non_CSAM/videos/video008/1394.jpg,NON_CSAM,Non sensitive,video008,1394.jpg,"@childhoodjoy A group of children enjoys a lively outdoor moment together, laughing and sharing the excitement of the day. Tags: #ChildhoodJoy #Friendship #OutdoorFun"
1553.jpg,/Non_CSAM/images/1553.jpg,NON_CSAM,Non sensitive,1553.jpg,1553.jpg,"@friendship A group of friends holds hands together against a colorful evening sky, sharing a peaceful moment of connection. Tags: #Friendship #Togetherness #Childhood"
0410.jpg,/Non_CSAM/images/0410.jpg,NON_CSAM,Non sensitive,0410.jpg,0410.jpg,"Caption: A sunny day at the park with my furry friend and my little buddy!

Tags: #PuppyLove #SummerVibes #OutdoorFun"
2658.jpg,/Non_CSAM/images/2658.jpg,NON_CSAM,Non sensitive,2658.jpg,2658.jpg,"Caption: A heartwarming moment between a mother and daughter, sharing a laugh over a card game. 

Tags: #MomAndDaughter #FamilyTime #CardGames"
0560.jpg,/Non_CSAM/images/0560.jpg,NON_CSAM,Non sensitive,0560.jpg,0560.jpg,"Caption: ""Wheelchair basketball is where everyone plays fair! #InclusiveSports #CommunityBuilding""

Tags: #WheelchairBasketball #Inclusion #CommunityUnity"
2795.jpg,/Non_CSAM/images/2795.jpg,NON_CSAM,Non sensitive,2795.jpg,2795.jpg,"Caption: A heartwarming moment between a mother and her child in a grocery store. 

Tags: #FamilyTime #GroceryShopping #MomAndMe"
0494.jpg,/Non_CSAM/images/0494.jpg,NON_CSAM,Non sensitive,0494.jpg,0494.jpg,"Caption: A joyful moment at a festive event, where colorful lanterns and balloons add to the celebratory atmosphere.

Tags: #FestiveFun #ColorfulLanterns #BalloonParty"
1354.jpg,/Non_CSAM/images/1354.jpg,NON_CSAM,Non sensitive,1354.jpg,1354.jpg,@familytime A caring adult helps a child with a quiet activity at home. Small moments of support can make a big difference. Tags: #FamilyTime #LearningTogether #Care
0279.jpg,/Non_CSAM/images/0279.jpg,NON_CSAM,Non sensitive,0279.jpg,0279.jpg,"Caption: A happy family moment on a sunny day!

Tags: #FamilyTime #Sunshine #HappyFamily"
2642.jpg,/Non_CSAM/images/2642.jpg,NON_CSAM,Non sensitive,2642.jpg,2642.jpg,"Caption: Cooking up some fun together! 

Tags: #FamilyTime #CookingWithKids #FunInTheKitchen"
0019.webp,/Non_CSAM/images/0019.webp,NON_CSAM,Non sensitive,0019.webp,0019.webp,"Caption: Three friends walking down the school hallway, ready for another day of learning and fun!

Tags: #SchoolLife #Friendship #BackToSchool"
1344.jpg,/Non_CSAM/images/1344.jpg,NON_CSAM,Non sensitive,1344.jpg,1344.jpg,@historythroughimages A historic black-and-white scene captures people gathered during an earlier era. Photographs like these help us connect with the past. Tags: #History #OldPhotos #Heritage
0541.jpg,/Non_CSAM/images/0541.jpg,NON_CSAM,Non sensitive,0541.jpg,0541.jpg,"Caption: Dancers in white tutus gracefully twirl on stage under bright lights.

Tags: #BalletDance #StageLights #ArtisticExpression"
0716.webp,/Non_CSAM/images/0716.webp,NON_CSAM,Non sensitive,0716.webp,0716.webp,"Caption: ""Creative thinking in action! A young mind at work on a whiteboard. #Brainstorming #Innovation""

Tags: #Education #Learning #Creativity"
1588.jpg,/Non_CSAM/images/1588.jpg,NON_CSAM,Non sensitive,1588.jpg,1588.jpg,"@happyselfie A young woman captures a cheerful selfie under the evening lights, enjoying a bright personal moment. Tags: #HappyMoments #Selfie #EverydayLife"
1559.jpg,/Non_CSAM/images/1559.jpg,NON_CSAM,Non sensitive,1559.jpg,1559.jpg,@dancekids Young performers in bright costumes move colorful ribbons through the air during a lively dance routine. Tags: #DanceKids #CreativeArts #YoungTalent
0788.webp,/Non_CSAM/images/0788.webp,NON_CSAM,Non sensitive,0788.webp,0788.webp,"Caption: A classroom full of eager students ready to learn!

Tags: #Education #ClassroomLife #BackToSchool"
1376.jpg,/Non_CSAM/images/1376.jpg,NON_CSAM,Non sensitive,1376.jpg,1376.jpg,"@bestfriends Two young friends pose together with bright smiles, sharing a sweet moment of friendship. Childhood is better with a buddy beside you. Tags: #BestFriends #HappyKids #Childhood"
0403.jpg,/Non_CSAM/images/0403.jpg,NON_CSAM,Non sensitive,0403.jpg,0403.jpg,"Caption: A family of four is enjoying a fun moment together on the couch. The father and two children are laughing and looking at something on a tablet. The mother is holding their daughter.

Tags: #FamilyTime #CouchLife #FunTogether #Parenting #TechnologyInFamilyLife"
0379.jpg,/Non_CSAM/images/0379.jpg,NON_CSAM,Non sensitive,0379.jpg,0379.jpg,"Caption: Gardening together is such a peaceful activity!

Tags: #Gardening #MomAndMe #NatureLovers"
2859.png,/Non_CSAM/images/2859.png,NON_CSAM,Non sensitive,2859.png,2859.png,"Caption: A joyful family gathering around a chess board, enjoying a game together.

Tags: #FamilyFun #ChessTime #GameNight"
3017.png,/Non_CSAM/images/3017.png,NON_CSAM,Non sensitive,3017.png,3017.png,"Caption: A heartwarming moment of joy and connection between a child and their caregiver on a playground slide.

Tags: #FamilyTime #PlayfulMoments #ChildhoodMemories"
0374.jpg,/Non_CSAM/images/0374.jpg,NON_CSAM,Non sensitive,0374.jpg,0374.jpg,"Caption: A heartwarming moment between a mother and daughter as they explore the kitchen together. 

Tags: #MomAndMe #KitchenExploration #FamilyTime"
0758.webp,/Non_CSAM/images/0758.webp,NON_CSAM,Non sensitive,0758.webp,0758.webp,"Caption: A group of children are enjoying their time at school, working on laptops and engaging in learning activities.

Tags: #ClassroomLife #LearningTogether #Education #KidsAtWork"
1530.jpg,/Non_CSAM/images/1530.jpg,NON_CSAM,Non sensitive,1530.jpg,1530.jpg,"@childhoodfriends Two children pose together with warm smiles in a vintage photograph, capturing a timeless moment of friendship. Tags: #ChildhoodFriends #VintagePhoto #Memories"
1473.jpg,/Non_CSAM/images/1473.jpg,NON_CSAM,Non sensitive,1473.jpg,1473.jpg,"@familyday A family enjoys a sunny outdoor day together, sharing smiles and a relaxed moment near the water. Tags: #FamilyDay #OutdoorFun #HappyMoments"
2900.png,/Non_CSAM/images/2900.png,NON_CSAM,Non sensitive,2900.png,2900.png,"Caption: A heartwarming moment between a mother and daughter, holding hands against a vibrant purple background.

Tags: #MomAndMe #FamilyTime #BondingMoments"
0771.webp,/Non_CSAM/images/0771.webp,NON_CSAM,Non sensitive,0771.webp,0771.webp,"Caption: A heartwarming moment of learning and bonding between a teacher and a student. 

Tags: #Education #InnovativeTeaching #StudentTeacherBond"
0302.jpg,/Non_CSAM/images/0302.jpg,NON_CSAM,Non sensitive,0302.jpg,0302.jpg,"Caption: Family vacation day at the beach! 

Tags: #BeachVacation #FamilyFun #SummerVibes"
0163.jpg,/Non_CSAM/images/0163.jpg,NON_CSAM,Non sensitive,0163.jpg,0163.jpg,"Caption: A heartwarming family moment on the couch. The little girl is laughing joyfully, and everyone looks so happy together.

Tags: #FamilyTime #CouchLove #HappyFamily"
1439.jpg,/Non_CSAM/images/1439.jpg,NON_CSAM,Non sensitive,1439.jpg,1439.jpg,"@familymeal A family gathers around the dinner table, sharing food and conversation after a busy day. Time together is always worth savoring. Tags: #FamilyMeal #FamilyTime #Togetherness"
1762.jpg,/Non_CSAM/images/1762.jpg,NON_CSAM,Non sensitive,1762.jpg,1762.jpg,"@familycooking A parent and child enjoy a hands-on kitchen activity together, learning and creating through everyday family time. Tags: #FamilyCooking #LearningTogether #FamilyFun"
0764.webp,/Non_CSAM/images/0764.webp,NON_CSAM,Non sensitive,0764.webp,0764.webp,"Caption: A group of kids laying on colorful mats, ready for some fun!

Tags: #Playtime #KidsFun #ColorfulMats"
0768.webp,/Non_CSAM/images/0768.webp,NON_CSAM,Non sensitive,0768.webp,0768.webp,"Caption: A group of children and an adult are engaged in a creative activity together, using markers and paper. The atmosphere is collaborative and focused.

Tags: #CreativeCollaboration #ArtTime #FamilyFun"
0266.jpg,/Non_CSAM/images/0266.jpg,NON_CSAM,Non sensitive,0266.jpg,0266.jpg,"Caption: A heartwarming moment between a family in their kitchen. The father is helping his daughter with her hair, while the mother stands nearby, all smiles.

Tags: #FamilyTime #KitchenLove #ParentingJourney"
1628.jpg,/Non_CSAM/images/1628.jpg,NON_CSAM,Non sensitive,1628.jpg,1628.jpg,"@cricketmatch A young batsman takes his shot on the cricket field, showing focus and confidence during the game. Tags: #CricketMatch #YoungAthlete #SportsLife"
0561.jpg,/Non_CSAM/images/0561.jpg,NON_CSAM,Non sensitive,0561.jpg,0561.jpg,"Caption: A family bonding over a fun cleaning activity!

Tags: #FamilyTime #CleaningWithKids #CleanTogether #MomAndDaughter #DiyProjects"
0029.jpeg,/Non_CSAM/images/0029.jpeg,NON_CSAM,Non sensitive,0029.jpeg,0029.jpeg,"Caption: <Children are engaged in a fun art project at school. They're using colorful markers and paper to create their masterpieces.>

Tags: #ArtTime #CreativeKids #SchoolLife"
1391.jpg,/Non_CSAM/images/1391.jpg,NON_CSAM,Non sensitive,1391.jpg,1391.jpg,"@creativekids Young performers work together on a colorful stage presentation, combining movement and storytelling. Creativity makes every performance memorable. Tags: #CreativeKids #StageShow #Teamwork"
0646.jpg,/Non_CSAM/images/0646.jpg,NON_CSAM,Non sensitive,0646.jpg,0646.jpg,"Caption: A heartwarming moment between a father and son as they water plants together. 

Tags: #FamilyTime #Gardening #NatureLovers"
0701.jpg,/Non_CSAM/images/0701.jpg,NON_CSAM,Non sensitive,0701.jpg,0701.jpg,"Caption: A group of friends enjoying a fun night out together!

Tags: #FriendshipGoals #NightOut #Socializing"
1510.jpg,/Non_CSAM/images/1510.jpg,NON_CSAM,Non sensitive,1510.jpg,1510.jpg,"@scienceclass Students work together in a laboratory classroom, exploring practical science and learning through experiments. Tags: #ScienceClass #STEM #HandsOnLearning"
1716.jpg,/Non_CSAM/images/1716.jpg,NON_CSAM,Non sensitive,1716.jpg,1716.jpg,"@campusfriends Students sit together outdoors with a laptop, combining study, conversation, and teamwork. Tags: #CampusLife #Teamwork #StudentLife"
1615.jpg,/Non_CSAM/images/1615.jpg,NON_CSAM,Non sensitive,1615.jpg,1615.jpg,@historyarchive A vintage black-and-white photograph shows children sitting together during a classroom or community gathering. Tags: #HistoryArchive #VintagePhoto #Childhood
1481.jpg,/Non_CSAM/images/1481.jpg,NON_CSAM,Non sensitive,1481.jpg,1481.jpg,"@familyoutdoors A parent and child sit together beside the water, enjoying a peaceful outdoor moment. Tags: #FamilyOutdoors #Togetherness #SimpleJoys"
3119.jpg,/Non_CSAM/images/3119.jpg,NON_CSAM,Non sensitive,3119.jpg,3119.jpg,"Caption: Ready to kick off the game! 

Tags: #SoccerTime #PlayfulAdventure #FunOnTheField"
1386.jpg,/Non_CSAM/images/1386.jpg,NON_CSAM,Non sensitive,1386.jpg,1386.jpg,@culturalstage Young performers in traditional outfits present a colorful routine under the stage lights. Culture and creativity come together beautifully. Tags: #CulturalDance #YoungTalent #Tradition
0312.jpg,/Non_CSAM/images/0312.jpg,NON_CSAM,Non sensitive,0312.jpg,0312.jpg,"Caption: A happy family moment captured together.

Tags: #FamilyTime #MomAndDad #ChildhoodMemories"
0776.webp,/Non_CSAM/images/0776.webp,NON_CSAM,Non sensitive,0776.webp,0776.webp,"Caption: A little girl with braided hair is sitting at a table, looking directly at the camera with a smile. She appears to be in a classroom setting with other children in the background.

Tags: #ClassroomLife #Smile #Education #ChildhoodJoy"
1587.jpg,/Non_CSAM/images/1587.jpg,NON_CSAM,Non sensitive,1587.jpg,1587.jpg,"@culturalperformance Children in traditional white outfits perform together outside a decorated building, sharing music and movement. Tags: #CulturalPerformance #YoungTalent #Tradition"
0401.jpg,/Non_CSAM/images/0401.jpg,NON_CSAM,Non sensitive,0401.jpg,0401.jpg,"Caption: Sorting through laundry is a daily routine that brings comfort and organization. 

Tags: #LaundryDay #Organizing #DailyRituals"
3059.jpg,/Non_CSAM/images/3059.jpg,NON_CSAM,Non sensitive,3059.jpg,3059.jpg,"Caption: A tender moment between a mother and her child, sharing a hug filled with love and warmth.

Tags: #MomAndMe #FamilyTime #EmbraceLove"
2623.jpg,/Non_CSAM/images/2623.jpg,NON_CSAM,Non sensitive,2623.jpg,2623.jpg,"Caption: A heartwarming moment between a parent and child, both wearing face masks, as they take a selfie together. 

Tags: #FamilyTime #SelfieTime #MaskedMoments"
0375.jpg,/Non_CSAM/images/0375.jpg,NON_CSAM,Non sensitive,0375.jpg,0375.jpg,"Caption: Enjoying a sweet treat together! 

Tags: IceCreamTime #MomAndMe #FamilyFun"
1720.jpg,/Non_CSAM/images/1720.jpg,NON_CSAM,Non sensitive,1720.jpg,1720.jpg,"@digitallearning A child explores a digital activity while adults guide the experience, bringing technology and learning together. Tags: #DigitalLearning #KidsEducation #LearningTogether"
2949.png,/Non_CSAM/images/2949.png,NON_CSAM,Non sensitive,2949.png,2949.png,"Caption: A beautiful moment captured in nature with a family of three. The baby is dressed in pink, and the parents are holding her lovingly.

Tags: #FamilyTime #NatureLovers #BabyInLove"
2852.png,/Non_CSAM/images/2852.png,NON_CSAM,Non sensitive,2852.png,2852.png,"Caption: A heartwarming moment between a father and daughter as they engage in playful learning on the floor. 

Tags: #FamilyTime #PlayfulLearning #DadDaughterBonding"
1804.jpg,/Non_CSAM/images/1804.jpg,NON_CSAM,Non sensitive,1804.jpg,1804.jpg,"@familytime A father and child build a colorful project together, sharing patience, focus, and quality time. Tags: #FamilyTime #LearningTogether #Togetherness"
2612.jpg,/Non_CSAM/images/2612.jpg,NON_CSAM,Non sensitive,2612.jpg,2612.jpg,"Caption: A cozy family moment by the window, enjoying each other's company.

Tags: FamilyTime #HomeLife #CuddleUp #WarmthInTheHouse"
2747.jpg,/Non_CSAM/images/2747.jpg,NON_CSAM,Non sensitive,2747.jpg,2747.jpg,"Caption: Cozy up with the family and enjoy some quality time together!

Tags: #FamilyTime #CouchGaming #ComfortableTogether"
0778.webp,/Non_CSAM/images/0778.webp,NON_CSAM,Non sensitive,0778.webp,0778.webp,"Caption: A diverse group of children smiling at the camera in a classroom setting.

Tags: #ClassroomLife #DiversityInEducation #SmileTime"
0361.jpg,/Non_CSAM/images/0361.jpg,NON_CSAM,Non sensitive,0361.jpg,0361.jpg,"Caption: A heartwarming moment between a father and daughter enjoying a playful run in the park. 

Tags: #FamilyTime #PlayfulMoments #NatureLovers"
0507.jpg,/Non_CSAM/images/0507.jpg,NON_CSAM,Non sensitive,0507.jpg,0507.jpg,"Caption: Exciting day at the campsite! Digging for treasure and enjoying nature.

Tags: #CampingLife #TreasureHunt #NatureExploration"
0416.jpg,/Non_CSAM/images/0416.jpg,NON_CSAM,Non sensitive,0416.jpg,0416.jpg,"Caption: Enjoying a beautiful autumn day outside!

Tags: #AutumnLeaves #FallFun #NatureExploration"
0394.jpg,/Non_CSAM/images/0394.jpg,NON_CSAM,Non sensitive,0394.jpg,0394.jpg,"Caption: A cozy morning at home, working on a laptop while enjoying a cup of coffee. 

Tags: #HomeOffice #CoffeeBreak #ProductivityBoost"
1388.jpg,/Non_CSAM/images/1388.jpg,NON_CSAM,Non sensitive,1388.jpg,1388.jpg,@schoolstage Children in bright costumes perform a lively routine together. Confidence grows when young performers get the chance to take the stage. Tags: #StagePerformance #YoungTalent #Confidence
0652.jpg,/Non_CSAM/images/0652.jpg,NON_CSAM,Non sensitive,0652.jpg,0652.jpg,"Caption: Ready for a fun day of packing up! 

Tags: #TravelTuesday #PackYourBag #AdventureAwaits"
2577.jpg,/Non_CSAM/images/2577.jpg,NON_CSAM,Non sensitive,2577.jpg,2577.jpg,"Caption: A heartwarming family moment in the kitchen, bonding over a fun activity together!

Tags: FamilyTime #KitchenFun #BondingMoments"
0313.jpg,/Non_CSAM/images/0313.jpg,NON_CSAM,Non sensitive,0313.jpg,0313.jpg,"Caption: A father and son bonding over homework, enjoying a cozy kitchen setting together.

Tags: #FamilyTime #StudySession #HomeLearning"
2719.jpg,/Non_CSAM/images/2719.jpg,NON_CSAM,Non sensitive,2719.jpg,2719.jpg,"Caption: A heartwarming moment of family bonding during Diwali. Sparklers light up the night, bringing joy and warmth to everyone's faces.

Tags: #Diwali #FamilyTime #JoyfulMoments"
1455.jpg,/Non_CSAM/images/1455.jpg,NON_CSAM,Non sensitive,1455.jpg,1455.jpg,@farmvisit A child and parent observe animals during an educational farm visit. Hands-on experiences make learning memorable. Tags: #FarmVisit #OutdoorLearning #FamilyTime
0146.jpg,/Non_CSAM/images/0146.jpg,NON_CSAM,Non sensitive,0146.jpg,0146.jpg,"Caption: A joyful moment between a mother and daughter in their cozy living room. The daughter is holding a microphone, ready to sing, while the mother laughs heartily. 

Tags: #FamilyTime #MusicTime #LaughterIsTheBestMedicine"
0534.jpg,/Non_CSAM/images/0534.jpg,NON_CSAM,Non sensitive,0534.jpg,0534.jpg,"Caption: A happy family enjoying a day at the beach together!

Tags: #BeachDay #FamilyTime #SummerVibes"
2999.png,/Non_CSAM/images/2999.png,NON_CSAM,Non sensitive,2999.png,2999.png,"Caption: Enjoying a sunny day outdoors with family!

Tags: #FamilyTime #NatureLovers #OutdoorFun"
0365.jpg,/Non_CSAM/images/0365.jpg,NON_CSAM,Non sensitive,0365.jpg,0365.jpg,"Caption: Kids having fun at the amusement park!

Tags: #FunAtThePark #SummerVibes #FamilyTime"
1812.jpg,/Non_CSAM/images/1812.jpg,NON_CSAM,Non sensitive,1812.jpg,1812.jpg,"@childhoodfriends A group of children gathers indoors, sharing smiles and a playful moment together. Tags: #ChildhoodFriends #HappyKids #Friendship"
0336.jpg,/Non_CSAM/images/0336.jpg,NON_CSAM,Non sensitive,0336.jpg,0336.jpg,"Caption: A heartwarming moment between a family of three in their cozy kitchen. The father holds his newborn baby close, while the mother stands beside them, all smiling. It's a beautiful snapshot of love and togetherness.

Tags: #FamilyTime #NewBabies #KitchenLove"
1398.jpg,/Non_CSAM/images/1398.jpg,NON_CSAM,Non sensitive,1398.jpg,1398.jpg,"@quietreading Children share a quiet reading moment together indoors, surrounded by books and stories. A good book can turn any place into an adventure. Tags: #ReadingTime #YoungReaders #BookLovers"
2818.jpg,/Non_CSAM/images/2818.jpg,NON_CSAM,Non sensitive,2818.jpg,2818.jpg,"Caption: A peaceful moment by the lake. Father and son bonding over fishing.

Tags: #FamilyTime #Fishing #NatureConnection"
3020.png,/Non_CSAM/images/3020.png,NON_CSAM,Non sensitive,3020.png,3020.png,"Caption: A heartwarming moment of bonding between siblings as they work together on a car tire. 

Tags: #FamilyTime #BrotherSisterBonding #CarMaintenance"
1364.jpg,/Non_CSAM/images/1364.jpg,NON_CSAM,Non sensitive,1364.jpg,1364.jpg,"@playfullearning Children explore a ball-filled play area together, turning movement into a fun shared experience. Play is a wonderful way to learn and connect. Tags: #PlayfulLearning #KidsActivities #Togetherness"
1572.jpg,/Non_CSAM/images/1572.jpg,NON_CSAM,Non sensitive,1572.jpg,1572.jpg,@schoolmoments A vintage black-and-white photograph captures children sharing an emotional moment during a school gathering. Tags: #SchoolMemories #VintagePhoto #Childhood
2618.jpg,/Non_CSAM/images/2618.jpg,NON_CSAM,Non sensitive,2618.jpg,2618.jpg,"Caption: A happy couple unloading groceries from their car. 

Tags: #CoupleTime #GroceryRun #HappyDays"
1533.jpg,/Non_CSAM/images/1533.jpg,NON_CSAM,Non sensitive,1533.jpg,1533.jpg,@schoolfun A child enjoys a playful outdoor activity surrounded by colorful decorations and a cheerful atmosphere. Tags: #SchoolFun #ChildhoodJoy #HappyKids
0054.webp,/Non_CSAM/images/0054.webp,NON_CSAM,Non sensitive,0054.webp,0054.webp,"Caption: A group of children are holding hands in a circle, showing teamwork and friendship.

Tags: #Teamwork #Friendship #KindergartenClass"
0169.jpg,/Non_CSAM/images/0169.jpg,NON_CSAM,Non sensitive,0169.jpg,0169.jpg,"Caption: A cozy kitchen moment with family bonding over breakfast. 

Tags: #FamilyTime #BreakfastTogether #KitchenLove"
0323.jpg,/Non_CSAM/images/0323.jpg,NON_CSAM,Non sensitive,0323.jpg,0323.jpg,"Caption: A heartwarming moment between father and son enjoying a sunny day outdoors.

Tags: #FamilyTime #NatureLovers #PiggybackRide"
2860.png,/Non_CSAM/images/2860.png,NON_CSAM,Non sensitive,2860.png,2860.png,"Caption: Reading together is the perfect way to bond and learn!

Tags: #MomAndMe #EarlyLearning #ReadingTime #FamilyTime"
2883.png,/Non_CSAM/images/2883.png,NON_CSAM,Non sensitive,2883.png,2883.png,"Caption: A cozy afternoon spent snuggling on the couch with loved ones. 

Tags: #CouchTime #FamilyBonding #CozyHour"
0191.jpg,/Non_CSAM/images/0191.jpg,NON_CSAM,Non sensitive,0191.jpg,0191.jpg,"Caption: A peaceful study session at home. 

Tags: #StudyTime #HomeOffice #LearningJourney"
2639.jpg,/Non_CSAM/images/2639.jpg,NON_CSAM,Non sensitive,2639.jpg,2639.jpg,"Caption: A heartwarming moment of family bonding during Easter. 

Tags: #EasterBunny #FamilyTime #HappyEaster"
2909.png,/Non_CSAM/images/2909.png,NON_CSAM,Non sensitive,2909.png,2909.png,"Caption: A family enjoying a fun day outdoors playing hopscotch together!

Tags: #FamilyFun #OutdoorActivities #HopscotchTime"
1668.jpg,/Non_CSAM/images/1668.jpg,NON_CSAM,Non sensitive,1668.jpg,1668.jpg,"@happychild A young boy laughs freely outdoors, enjoying a simple moment of pure childhood joy. Tags: #HappyChild #ChildhoodJoy #SimpleJoys"
0490.jpg,/Non_CSAM/images/0490.jpg,NON_CSAM,Non sensitive,0490.jpg,0490.jpg,"Caption: Gardening together is such a beautiful way to spend time outdoors!

Tags: #SpringGardening #FamilyTime #NatureLovers"
2807.jpg,/Non_CSAM/images/2807.jpg,NON_CSAM,Non sensitive,2807.jpg,2807.jpg,"Caption: A joyful moment at the playground! 

Tags: #Playtime #ChildhoodMemories #FunAtThePark"
2794.jpg,/Non_CSAM/images/2794.jpg,NON_CSAM,Non sensitive,2794.jpg,2794.jpg,"Caption: Exploring nature together on a serene lake day!

Tags: #NatureLovers #FamilyTime #OutdoorAdventure"
1691.jpg,/Non_CSAM/images/1691.jpg,NON_CSAM,Non sensitive,1691.jpg,1691.jpg,"@familycare A healthcare professional carefully examines a young child with a family member nearby, creating a supportive care moment. Tags: #ChildHealth #FamilyCare #Healthcare"
0200.jpg,/Non_CSAM/images/0200.jpg,NON_CSAM,Non sensitive,0200.jpg,0200.jpg,"Caption: Enjoying a cozy picnic together!

Tags: #PicnicTime #RomanticOutdoors #DateNight"
3067.jpg,/Non_CSAM/images/3067.jpg,NON_CSAM,Non sensitive,3067.jpg,3067.jpg,"Caption: A heartwarming moment of bonding between a family of three as they prepare for a new chapter together.

Tags: #NewHome #FamilyTime #BabyLove"
1529.jpg,/Non_CSAM/images/1529.jpg,NON_CSAM,Non sensitive,1529.jpg,1529.jpg,"@schoollunch Students enjoy a bright school cafeteria meal together, sharing food and conversation around the table. Tags: #SchoolLunch #StudentLife #Togetherness"
2907.png,/Non_CSAM/images/2907.png,NON_CSAM,Non sensitive,2907.png,2907.png,"Caption: A heartwarming moment of family bonding! 
Tags: #FamilyTime #ParentChildBonding #BedtimeFun"
0711.webp,/Non_CSAM/images/0711.webp,NON_CSAM,Non sensitive,0711.webp,0711.webp,"Caption: A joyful moment at school! 

Tags: #Childhood #Learning #ArtTime"
2846.png,/Non_CSAM/images/2846.png,NON_CSAM,Non sensitive,2846.png,2846.png,"Caption: A joyful learning moment with friends!

Tags: #Playtime #Childhood #LearningTogether"
0602.jpg,/Non_CSAM/images/0602.jpg,NON_CSAM,Non sensitive,0602.jpg,0602.jpg,"Caption: Cozy evening at home with the family. Sharing a laugh over a laptop.

Tags: #FamilyTime #LaptopLife #ComfortableEvening"
2593.jpg,/Non_CSAM/images/2593.jpg,NON_CSAM,Non sensitive,2593.jpg,2593.jpg,"Caption: A heartwarming moment of family bonding during Chinese New Year celebrations!

Tags: #FamilyTime #ChineseNewYear #CulturalCelebration"
1782.jpg,/Non_CSAM/images/1782.jpg,NON_CSAM,Non sensitive,1782.jpg,1782.jpg,@schoolfair Students present colorful food and creative displays during a lively school exhibition. Learning can be both practical and fun. Tags: #SchoolFair #StudentProjects #Learning
1532.jpg,/Non_CSAM/images/1532.jpg,NON_CSAM,Non sensitive,1532.jpg,1532.jpg,"@youngvoices A young student speaks into a microphone during a school event, sharing her voice with confidence. Tags: #YoungVoices #SchoolEvent #Confidence"
1341.jpg,/Non_CSAM/images/1341.jpg,NON_CSAM,Non sensitive,1341.jpg,1341.jpg,@schoolday Students take part in an outdoor school activity beneath a bright blue sky. Learning and play can go hand in hand. Tags: #SchoolDay #OutdoorActivities #HappyKids
2721.jpg,/Non_CSAM/images/2721.jpg,NON_CSAM,Non sensitive,2721.jpg,2721.jpg,"Caption: A heartwarming moment between two friends on a city street.

Tags: #BestFriends #CityLife #FriendlyEncounters"
2611.jpg,/Non_CSAM/images/2611.jpg,NON_CSAM,Non sensitive,2611.jpg,2611.jpg,"Caption: A heartwarming moment between a father and his children, dressed in traditional attire. 

Tags: #FamilyTime #CulturalTraditions #ParentChildBonding"
1490.jpg,/Non_CSAM/images/1490.jpg,NON_CSAM,Non sensitive,1490.jpg,1490.jpg,"@campusfriends Students gather outdoors on campus, talking and sharing ideas during a relaxed break. Tags: #CampusLife #StudentFriends #LearningTogether"
1786.jpg,/Non_CSAM/images/1786.jpg,NON_CSAM,Non sensitive,1786.jpg,1786.jpg,@culturalperformance A young performer appears in colorful traditional attire during a cultural presentation. Creativity and heritage come together on stage. Tags: #CulturalPerformance #TraditionalArts #YoungTalent
0747.webp,/Non_CSAM/images/0747.webp,NON_CSAM,Non sensitive,0747.webp,0747.webp,"Caption: Playtime fun at the park! 

Tags: #PlaygroundFun #OutdoorActivities #ChildhoodMemories"
0698.jpg,/Non_CSAM/images/0698.jpg,NON_CSAM,Non sensitive,0698.jpg,0698.jpg,"Caption: A joyful day at the park! 

Tags: #PlayOutside #AutumnFun #WheelchairAdventure"
0392.jpg,/Non_CSAM/images/0392.jpg,NON_CSAM,Non sensitive,0392.jpg,0392.jpg,"Caption: A peaceful day by the lake with my dad. Fishing is our favorite bonding activity!

Tags: #FamilyTime #LakeLife #FishingWithDad"
2715.jpg,/Non_CSAM/images/2715.jpg,NON_CSAM,Non sensitive,2715.jpg,2715.jpg,"Caption: A group of kids laughing together outside. It's a beautiful day!

Tags: #Friendship #Playtime #OutdoorFun"
1562.jpg,/Non_CSAM/images/1562.jpg,NON_CSAM,Non sensitive,1562.jpg,1562.jpg,"@friendsandfamily A lively group shares smiles and conversation during a cheerful gathering, enjoying the moment together. Tags: #FriendsAndFamily #Togetherness #HappyMoments"
1483.jpg,/Non_CSAM/images/1483.jpg,NON_CSAM,Non sensitive,1483.jpg,1483.jpg,"@studentlife Two students relax together outdoors between activities, sharing conversation and friendship. Tags: #StudentLife #Friendship #CampusMoments"
0417.jpg,/Non_CSAM/images/0417.jpg,NON_CSAM,Non sensitive,0417.jpg,0417.jpg,"Caption: A beautiful family moment on a sunny hillside. The parents are enjoying a peaceful picnic with their baby, surrounded by nature's beauty.

Tags: #FamilyTime #NatureLovers #PicnicDay"
2780.jpg,/Non_CSAM/images/2780.jpg,NON_CSAM,Non sensitive,2780.jpg,2780.jpg,"Caption: A heartwarming moment between a mother and her children at the breakfast table. The little one is holding a small flower arrangement, while the other child looks on with curiosity.

Tags: #FamilyTime #MomAndKids #BreakfastTogether"
0233.jpg,/Non_CSAM/images/0233.jpg,NON_CSAM,Non sensitive,0233.jpg,0233.jpg,"Caption: Resting up after a long day of adventures!

Tags: #SleepyTime #AdventureAwaits #RestfulNight"
1374.jpg,/Non_CSAM/images/1374.jpg,NON_CSAM,Non sensitive,1374.jpg,1374.jpg,@healthykids A young boy stays calm during a routine vaccination while a healthcare worker helps him through it. Brave moments can be quiet ones too. Tags: #Vaccination #BraveKids #ChildHealth
0789.webp,/Non_CSAM/images/0789.webp,NON_CSAM,Non sensitive,0789.webp,0789.webp,"Caption: A group of children sitting attentively in a classroom, ready to learn.

Tags: #ClassroomLife #Education #LearningTogether"
0474.jpg,/Non_CSAM/images/0474.jpg,NON_CSAM,Non sensitive,0474.jpg,0474.jpg,"Caption: Autumn fun at the park! 

Tags: #FallLeaves #ParkTime #OutdoorFun"
2717.jpg,/Non_CSAM/images/2717.jpg,NON_CSAM,Non sensitive,2717.jpg,2717.jpg,"Caption: A heartwarming moment between generations. Sharing a plate of snacks is always a joy!

Tags: #FamilyTime #Generations #SnackTime"
3045.png,/Non_CSAM/images/3045.png,NON_CSAM,Non sensitive,3045.png,3045.png,"Caption: A beautiful family moment captured in a golden field. The love and connection between them is palpable.

Tags: #FamilyTime #NatureLovers #MomAndDad #BabyLove #FieldOfDreams"
0729.webp,/Non_CSAM/images/0729.webp,NON_CSAM,Non sensitive,0729.webp,0729.webp,"Caption: A little artist at work, focusing on her drawing. 

Tags: #ArtTime #CreativeKids #DrawingSession"
0176.jpg,/Non_CSAM/images/0176.jpg,NON_CSAM,Non sensitive,0176.jpg,0176.jpg,"Caption: Rainy days are perfect for colorful adventures!

Tags: #RainyDayRide #ColorfulUmbrella #NatureLover"
2874.png,/Non_CSAM/images/2874.png,NON_CSAM,Non sensitive,2874.png,2874.png,"Caption: A sunny day in the sunflower field with my family. 

Tags: #FamilyTime #SunflowerField #SummerVibes"
2724.jpg,/Non_CSAM/images/2724.jpg,NON_CSAM,Non sensitive,2724.jpg,2724.jpg,"Caption: A heartwarming moment between a mother and daughter, surrounded by vibrant flowers. 

Tags: #MomAndMe #FlowerPower #FamilyTime"
0596.jpg,/Non_CSAM/images/0596.jpg,NON_CSAM,Non sensitive,0596.jpg,0596.jpg,"Caption: A heartwarming moment between a mother and her child in their cozy kitchen. 

Tags: #FamilyTime #MomAndSon #KitchenLove"
1418.jpg,/Non_CSAM/images/1418.jpg,NON_CSAM,Non sensitive,1418.jpg,1418.jpg,"@gymkids A young athlete practices basketball indoors, staying focused on every move. Training turns effort into confidence. Tags: #YoungAthlete #Basketball #SportsLife"
2682.jpg,/Non_CSAM/images/2682.jpg,NON_CSAM,Non sensitive,2682.jpg,2682.jpg,"Caption: A happy family moment at the airport. Mom and daughter are checking in, while a friendly staff member assists them. #FamilyTravel #AirportLife

Tags: #AirportCheckIn #FamilyTime #TravelWithKids"
2827.png,/Non_CSAM/images/2827.png,NON_CSAM,Non sensitive,2827.png,2827.png,"Caption: A heartwarming moment of family bonding at home!

Tags: #FamilyTime #HomeIsWhereTheHeartIs #MomAndMe #CuddleUp #WarmthInEveryStep"
1324.jpg,/Non_CSAM/images/1324.jpg,NON_CSAM,Non sensitive,1324.jpg,1324.jpg,"@playandlearn Young children explore an outdoor activity together, turning playtime into a fun learning experience. Every discovery starts with curiosity. Tags: #OutdoorLearning #CuriousKids #Playtime"
1346.jpg,/Non_CSAM/images/1346.jpg,NON_CSAM,Non sensitive,1346.jpg,1346.jpg,"@schoolperformance Students perform a lively coordinated routine outside their school. Practice, teamwork, and confidence make every performance shine. Tags: #SchoolPerformance #Teamwork #YoungTalent"
0687.jpg,/Non_CSAM/images/0687.jpg,NON_CSAM,Non sensitive,0687.jpg,0687.jpg,"Caption: A cozy moment at home, where creativity meets comfort. 

Tags: #HomeTime #CalmMoments #CreativeSpots"
1449.jpg,/Non_CSAM/images/1449.jpg,NON_CSAM,Non sensitive,1449.jpg,1449.jpg,"@summerfriends A group of children relaxes together outdoors on a sunny day, enjoying friendship and conversation. Tags: #SummerFun #Friendship #Childhood"
0380.jpg,/Non_CSAM/images/0380.jpg,NON_CSAM,Non sensitive,0380.jpg,0380.jpg,"Caption: Wishing you a great day ahead! 

Tags: #GoodVibes #DayBreak #StayPositive"
0265.jpg,/Non_CSAM/images/0265.jpg,NON_CSAM,Non sensitive,0265.jpg,0265.jpg,"Caption: A happy family of four is sitting together on a cozy couch, enjoying each other's company. The atmosphere is warm and inviting.

Tags: #FamilyTime #CouchLove #HappyFamily"
1353.jpg,/Non_CSAM/images/1353.jpg,NON_CSAM,Non sensitive,1353.jpg,1353.jpg,@quietmoments A child enjoys a peaceful outdoor moment in the soft morning light. Sometimes the simplest moments are the most memorable. Tags: #ChildhoodMoments #OutdoorLife #SimpleJoys
2873.png,/Non_CSAM/images/2873.png,NON_CSAM,Non sensitive,2873.png,2873.png,"Caption: A heartwarming moment between father and son as they share a guitar lesson together. 

Tags: #FamilyTime #MusicLovers #GuitarLessons"
1761.jpg,/Non_CSAM/images/1761.jpg,NON_CSAM,Non sensitive,1761.jpg,1761.jpg,@medicalcamp Healthcare workers support children and families at a community medical camp focused on accessible care. Tags: #MedicalCamp #CommunityHealth #Wellbeing
3090.jpg,/Non_CSAM/images/3090.jpg,NON_CSAM,Non sensitive,3090.jpg,3090.jpg,"Caption: A teacher is presenting a wind turbine model to her students in a classroom. The children are attentively listening and observing.

Tags: #ScienceInClassroom #WindEnergy #EducationForAll"
1525.jpg,/Non_CSAM/images/1525.jpg,NON_CSAM,Non sensitive,1525.jpg,1525.jpg,"@sweetmoments Children enjoy colorful cotton candy at a lively fair, sharing treats and smiles with friends. Tags: #SweetMoments #FairDay #HappyKids"
1742.jpg,/Non_CSAM/images/1742.jpg,NON_CSAM,Non sensitive,1742.jpg,1742.jpg,"@familylearning A mother and child work together on a creative activity at home, turning study time into a warm shared moment. Tags: #FamilyLearning #CreativeKids #Togetherness"
0677.jpg,/Non_CSAM/images/0677.jpg,NON_CSAM,Non sensitive,0677.jpg,0677.jpg,"Caption: Exciting archaeological dig! Uncovering history one find at a time.

Tags: #HistoryLovers #Archaeology #DiscoveryTime"
1326.jpg,/Non_CSAM/images/1326.jpg,NON_CSAM,Non sensitive,1326.jpg,1326.jpg,@culturekids Children in colorful traditional outfits take part in a cultural program. Their smiles show the joy of learning and celebrating together. Tags: #CulturalProgram #KidsActivities #Tradition
2609.jpg,/Non_CSAM/images/2609.jpg,NON_CSAM,Non sensitive,2609.jpg,2609.jpg,"Caption: A heartwarming family moment where the parents and grandparents share a special gift with their young son. It's a beautiful display of love and tradition.

Tags: #FamilyTime #GenerationalLove #SpecialGifts"
2695.jpg,/Non_CSAM/images/2695.jpg,NON_CSAM,Non sensitive,2695.jpg,2695.jpg,"Caption: A heartwarming moment between a mother and daughter as they paint Easter eggs together. 

Tags: #EasterCrafts #MomAndDaughter #FamilyTime #EasterEggs #CraftingWithLove"
0280.jpg,/Non_CSAM/images/0280.jpg,NON_CSAM,Non sensitive,0280.jpg,0280.jpg,"Caption: A sunny day in the park with my best friend. 

Tags: #ParkLife #BestFriendship #NatureTime"
2851.png,/Non_CSAM/images/2851.png,NON_CSAM,Non sensitive,2851.png,2851.png,"Caption: A heartwarming moment between a father and daughter as they share a book together. 

Tags: #FamilyTime #ReadingTogether #ParentChildBonding"
0563.jpg,/Non_CSAM/images/0563.jpg,NON_CSAM,Non sensitive,0563.jpg,0563.jpg,"Caption: A heartwarming moment between a mother and daughter enjoying ice cream together.

Tags: #MomAndMe #IceCreamTime #FamilyBonding"
3082.jpg,/Non_CSAM/images/3082.jpg,NON_CSAM,Non sensitive,3082.jpg,3082.jpg,"Caption: A heartwarming moment between a father and his daughter, enjoying playful time together at home.

Tags: #FamilyTime #Parenting #PlayfulMoments"
2626.jpg,/Non_CSAM/images/2626.jpg,NON_CSAM,Non sensitive,2626.jpg,2626.jpg,"Caption: A heartwarming family moment during Chinese New Year celebrations!

Tags: #ChineseNewYear #FamilyTime #CulturalCelebration"
0117.jpg,/Non_CSAM/images/0117.jpg,NON_CSAM,Non sensitive,0117.jpg,0117.jpg,"Caption: Cozy morning in bed, ready for a day of adventures!

Tags: #MorningRituals #Bedtime #NewDayNewAdventure"
1543.jpg,/Non_CSAM/images/1543.jpg,NON_CSAM,Non sensitive,1543.jpg,1543.jpg,"@childhoodfriends Two children lean together with bright smiles, sharing a simple and joyful friendship moment. Tags: #ChildhoodFriends #HappyKids #Friendship"
2678.jpg,/Non_CSAM/images/2678.jpg,NON_CSAM,Non sensitive,2678.jpg,2678.jpg,"Caption: A happy family enjoying a car ride together. 

Tags: FamilyTime #CarRide #HappyFamily"
0779.webp,/Non_CSAM/images/0779.webp,NON_CSAM,Non sensitive,0779.webp,0779.webp,"Caption: A group of children and a teacher are gathered around a table, engaged in a science experiment. They are all smiling and looking at a light bulb, which is being held by one of the children. The atmosphere is one of curiosity and learning.

Tags: #ScienceExploration #LearningTogether #InnovationForKids"
1516.jpg,/Non_CSAM/images/1516.jpg,NON_CSAM,Non sensitive,1516.jpg,1516.jpg,"@friendsandfood Children and adults gather around a table, enjoying snacks and conversation together. Shared meals create happy memories. Tags: #FriendsAndFood #Community #HappyMoments"
2657.jpg,/Non_CSAM/images/2657.jpg,NON_CSAM,Non sensitive,2657.jpg,2657.jpg,"Caption: Enjoying a fun movie night together!

Tags: MovieNight #FamilyTime #CinemaExperience"
0033.jpg,/Non_CSAM/images/0033.jpg,NON_CSAM,Non sensitive,0033.jpg,0033.jpg,"Caption: A tender moment between a grandmother and her granddaughter as they tend to their plants together. 

Tags: #GrandmaAndGranddaughter #PlantLovers #NatureConnection"
0397.jpg,/Non_CSAM/images/0397.jpg,NON_CSAM,Non sensitive,0397.jpg,0397.jpg,"Caption: A happy family enjoying a sunny day outside their home.

Tags: #FamilyTime #SunnyDay #HomeSweetHome"
2603.jpg,/Non_CSAM/images/2603.jpg,NON_CSAM,Non sensitive,2603.jpg,2603.jpg,"Caption: A heartwarming moment of family bonding during Diwali celebrations!

Tags: #Diwali #FamilyTime #CulturalCelebration"
0283.jpg,/Non_CSAM/images/0283.jpg,NON_CSAM,Non sensitive,0283.jpg,0283.jpg,"Caption: Watering a tree on a sunny day!

Tags: #NatureLovers #PlantingTrees #SunnyDay #GreenThumb"
0228.jpg,/Non_CSAM/images/0228.jpg,NON_CSAM,Non sensitive,0228.jpg,0228.jpg,"Caption: A heartwarming moment of learning and bonding between a father and his daughter. 

Tags: #FamilyTime #GuitarLessons #BondingMoments"
0395.jpg,/Non_CSAM/images/0395.jpg,NON_CSAM,Non sensitive,0395.jpg,0395.jpg,"Caption: A joyful moment at a children's party!

Tags: #PartyTime #FunWithFriends #ChildhoodMemories"
1765.jpg,/Non_CSAM/images/1765.jpg,NON_CSAM,Non sensitive,1765.jpg,1765.jpg,"@studentteam Students collaborate around a laptop, combining technology, discussion, and teamwork during a learning activity. Tags: #StudentTeam #DigitalLearning #Teamwork"
2932.png,/Non_CSAM/images/2932.png,NON_CSAM,Non sensitive,2932.png,2932.png,"Caption: Cooking up some fun in the kitchen!

Tags: #FamilyTime #KitchenMagic #HealthyEating"
1651.jpg,/Non_CSAM/images/1651.jpg,NON_CSAM,Non sensitive,1651.jpg,1651.jpg,"@natureplay Children run and play together in a misty forest, enjoying movement, fresh air, and the beauty of nature. Tags: #NaturePlay #OutdoorAdventure #ChildhoodJoy"
0594.jpg,/Non_CSAM/images/0594.jpg,NON_CSAM,Non sensitive,0594.jpg,0594.jpg,"Caption: A happy family enjoying a sunny day outdoors with their golden retriever.

Tags: #FamilyTime #OutdoorFun #GoldenRetriever #HappyFamily #NatureLovers"
1722.jpg,/Non_CSAM/images/1722.jpg,NON_CSAM,Non sensitive,1722.jpg,1722.jpg,"@familyfun An adult and child enjoy a playful outdoor moment together, sharing smiles during a carefree day. Tags: #FamilyFun #ChildhoodJoy #Togetherness"
1565.jpg,/Non_CSAM/images/1565.jpg,NON_CSAM,Non sensitive,1565.jpg,1565.jpg,"@quietmoments A child sits peacefully outdoors, enjoying a quiet break surrounded by greenery. Sometimes a calm moment is all you need. Tags: #QuietMoments #OutdoorLife #SimpleJoys"
3106.jpg,/Non_CSAM/images/3106.jpg,NON_CSAM,Non sensitive,3106.jpg,3106.jpg,"Caption: A heartwarming moment at the garage where a family is bonding over a fun activity. 

Tags: #FamilyTime #GarageFun #CommunityBonding"
1798.jpg,/Non_CSAM/images/1798.jpg,NON_CSAM,Non sensitive,1798.jpg,1798.jpg,"@familyadventure A family enjoys a peaceful outdoor moment in a wide open landscape, sharing time together away from the busy day. Tags: #FamilyAdventure #OutdoorLife #Togetherness"
2664.jpg,/Non_CSAM/images/2664.jpg,NON_CSAM,Non sensitive,2664.jpg,2664.jpg,"Caption: A heartwarming moment between a mother and her child at the grocery store. The child is learning about healthy eating by touching a cauliflower.

Tags: #FamilyTime #HealthyEating #GroceryShopping"
1725.jpg,/Non_CSAM/images/1725.jpg,NON_CSAM,Non sensitive,1725.jpg,1725.jpg,"@childhoodfriends Two children smile together outdoors, enjoying a simple moment of friendship and playful energy. Tags: #ChildhoodFriends #HappyKids #Togetherness"
2857.png,/Non_CSAM/images/2857.png,NON_CSAM,Non sensitive,2857.png,2857.png,"Caption: A sunny day in the park with family and a furry friend!

Tags: #FamilyTime #ParkLife #PuppyLove"
0068.webp,/Non_CSAM/images/0068.webp,NON_CSAM,Non sensitive,0068.webp,0068.webp,"Caption: A classroom full of eager students ready to learn!

Tags: #ClassroomLife #Education #LearningTogether"
3101.jpg,/Non_CSAM/images/3101.jpg,NON_CSAM,Non sensitive,3101.jpg,3101.jpg,"Caption: A heartwarming moment between a mother and her son, sharing laughter and joy over a laptop.

Tags: #MomAndMe #FamilyTime #HappyMoments"
1611.jpg,/Non_CSAM/images/1611.jpg,NON_CSAM,Non sensitive,1611.jpg,1611.jpg,"@childhoodfriends A cheerful group of boys poses together outdoors, sharing smiles and playful energy. Tags: #ChildhoodFriends #HappyKids #Togetherness"
3051.png,/Non_CSAM/images/3051.png,NON_CSAM,Non sensitive,3051.png,3051.png,"Caption: A beautiful day spent outdoors with my little one. 

Tags: #FamilyTime #NatureLovers #SpringDay"
0090.jpg,/Non_CSAM/images/0090.jpg,NON_CSAM,Non sensitive,0090.jpg,0090.jpg,"Caption: Fishing together by the lake is a peaceful way to spend a day.

Tags: #FamilyTime #NatureLovers #FishingDay"
1646.jpg,/Non_CSAM/images/1646.jpg,NON_CSAM,Non sensitive,1646.jpg,1646.jpg,"@festivalcrowd A large crowd gathers for a vibrant cultural celebration, sharing the excitement of music, tradition, and community. Tags: #FestivalCrowd #CulturalCelebration #Community"
0133.jpg,/Non_CSAM/images/0133.jpg,NON_CSAM,Non sensitive,0133.jpg,0133.jpg,"Caption: A cozy kitchen moment with a grown-up and a child enjoying a cup of coffee together. 

Tags: #CoffeeTime #KitchenLife #FamilyTime"
1624.jpg,/Non_CSAM/images/1624.jpg,NON_CSAM,Non sensitive,1624.jpg,1624.jpg,"@outdoorplay A child practices a field sport outdoors, staying active and focused during a fun training session. Tags: #OutdoorPlay #ActiveKids #SportsLife"
1751.jpg,/Non_CSAM/images/1751.jpg,NON_CSAM,Non sensitive,1751.jpg,1751.jpg,"@younginnovators Students explore technology projects at an exhibition, discovering how creative ideas can become practical solutions. Tags: #YoungInnovators #Technology #STEM"
0075.jpg,/Non_CSAM/images/0075.jpg,NON_CSAM,Non sensitive,0075.jpg,0075.jpg,"Caption: A heartwarming moment between a child and their mother, sharing laughter and bonding over a colorful bookshelf.

Tags: #MomAndMe #EarlyLearning #ReadingTime #FamilyTime"
0479.jpg,/Non_CSAM/images/0479.jpg,NON_CSAM,Non sensitive,0479.jpg,0479.jpg,"Caption: A heartwarming moment in the kitchen where love and bonding shine brightly. 

Tags: #FamilyTime #KitchenLove #MomAndSon"
0784.webp,/Non_CSAM/images/0784.webp,NON_CSAM,Non sensitive,0784.webp,0784.webp,"Caption: A joyful day at the playground! 

Tags: #PlaygroundFun #ChildhoodMemories #SummerVibes"
1460.jpg,/Non_CSAM/images/1460.jpg,NON_CSAM,Non sensitive,1460.jpg,1460.jpg,@farmfriends A child gently interacts with a young goat during a farm visit. Meeting animals up close makes learning feel special. Tags: #FarmVisit #AnimalFriends #OutdoorLearning
2574.jpg,/Non_CSAM/images/2574.jpg,NON_CSAM,Non sensitive,2574.jpg,2574.jpg,"Caption: A snowy day filled with joy and laughter!

Tags: #SnowDay #FamilyTime #WinterWonderland"
0614.jpg,/Non_CSAM/images/0614.jpg,NON_CSAM,Non sensitive,0614.jpg,0614.jpg,"Caption: A cozy morning breakfast shared with loved ones. 

Tags: #FamilyTime #BreakfastTogether #MorningMystique"
0412.jpg,/Non_CSAM/images/0412.jpg,NON_CSAM,Non sensitive,0412.jpg,0412.jpg,"Caption: A man stands in front of a wall filled with colorful books, lost in thought.

Tags: #BookLover #ReadingTime #KnowledgeIsPower"
2759.jpg,/Non_CSAM/images/2759.jpg,NON_CSAM,Non sensitive,2759.jpg,2759.jpg,"Caption: A heartwarming moment at the airport! Mom and child enjoying each other's company.

Tags: #AirportLife #MomAndChild #TravelingTogether"
0543.jpg,/Non_CSAM/images/0543.jpg,NON_CSAM,Non sensitive,0543.jpg,0543.jpg,"Caption: Enjoying a fun day at the pool with my little buddy!

Tags: #PoolTime #SummerFun #WaterFun"
0709.jpg,/Non_CSAM/images/0709.jpg,NON_CSAM,Non sensitive,0709.jpg,0709.jpg,"Caption: Enjoying a refreshing water spray in the garden!

Tags: #GardenFun #WaterPlay #SummerVibes"
2808.jpg,/Non_CSAM/images/2808.jpg,NON_CSAM,Non sensitive,2808.jpg,2808.jpg,"Caption: A family of three is standing in front of a car, ready to embark on a new adventure together. 

Tags: #FamilyTime #NewBeginnings #CarRide"
1526.jpg,/Non_CSAM/images/1526.jpg,NON_CSAM,Non sensitive,1526.jpg,1526.jpg,"@familyouting A family enjoys a sunny day at an outdoor sports venue, watching the action together from the stands. Tags: #FamilyOuting #SportsDay #HappyMoments"
0728.webp,/Non_CSAM/images/0728.webp,NON_CSAM,Non sensitive,0728.webp,0728.webp,"Caption: A joyful learning moment at the classroom!

Tags: #EarlyLearning #Playtime #ClassroomFun"
2589.jpg,/Non_CSAM/images/2589.jpg,NON_CSAM,Non sensitive,2589.jpg,2589.jpg,"Caption: A heartwarming moment of joy and connection between friends. 

Tags: FriendshipGoals #HappyTogether #BuddyTime"
0036.jpg,/Non_CSAM/images/0036.jpg,NON_CSAM,Non sensitive,0036.jpg,0036.jpg,"Caption: Enjoying a sunny day outside, collecting leaves in a wheelbarrow. 

Tags: #LeafCollection #SunnyDay #OutdoorFun"
1496.jpg,/Non_CSAM/images/1496.jpg,NON_CSAM,Non sensitive,1496.jpg,1496.jpg,@rowingteam A rowing team moves together across the water in a coordinated practice session. Rhythm and teamwork drive every stroke. Tags: #Rowing #Teamwork #YoungAthletes
3052.png,/Non_CSAM/images/3052.png,NON_CSAM,Non sensitive,3052.png,3052.png,"Caption: A heartwarming moment of bonding between a mother and daughter as they engage in a fun workout session at home. 

Tags: #MomAndMe #FamilyTime #HomeWorkout #FitnessWithKids"
2638.jpg,/Non_CSAM/images/2638.jpg,NON_CSAM,Non sensitive,2638.jpg,2638.jpg,"Caption: A heartwarming moment between siblings enjoying a snack together.

Tags: #FamilyTime #SnackTime #BrotherSisterBonding"
2573.jpg,/Non_CSAM/images/2573.jpg,NON_CSAM,Non sensitive,2573.jpg,2573.jpg,"Caption: A family of three enjoying a fun run together on a sunny day.

Tags: #FamilyFun #RunWithMom #HappyFamilyTime"
2635.jpg,/Non_CSAM/images/2635.jpg,NON_CSAM,Non sensitive,2635.jpg,2635.jpg,"Caption: A beautiful sunset over the lake, perfect for a peaceful fishing session. 

Tags: #FishingTime #Sunset #FamilyTime #NatureLover"
0418.jpg,/Non_CSAM/images/0418.jpg,NON_CSAM,Non sensitive,0418.jpg,0418.jpg,"Caption: A group of children singing together in harmony.

Tags: #ChildrenSinging #TeamSpirit #MusicEducation"
1637.jpg,/Non_CSAM/images/1637.jpg,NON_CSAM,Non sensitive,1637.jpg,1637.jpg,"@outdoorlearning Children gather in an open field for a playful group activity, combining movement, friendship, and learning outdoors. Tags: #OutdoorLearning #ActiveKids #ChildhoodJoy"
0011.webp,/Non_CSAM/images/0011.webp,NON_CSAM,Non sensitive,0011.webp,0011.webp,"Caption: Three friends laughing together in the hallway, ready for another day of learning!

Tags: #SchoolLife #Friendship #BackToSchool"
0717.webp,/Non_CSAM/images/0717.webp,NON_CSAM,Non sensitive,0717.webp,0717.webp,"Caption: A classroom full of eager students ready to learn!

Tags: #ClassroomLife #Education #BackToSchool"
2977.png,/Non_CSAM/images/2977.png,NON_CSAM,Non sensitive,2977.png,2977.png,"Caption: A heartwarming moment between a father and son enjoying a picnic in the park. 

Tags: #FamilyTime #PicnicDay #NatureConnection"
2978.png,/Non_CSAM/images/2978.png,NON_CSAM,Non sensitive,2978.png,2978.png,"Caption: Measuring heights? It's always fun to see how tall we've grown!

Tags: #HeightCheck #GrowthSpurt #FamilyFun"
0690.jpg,/Non_CSAM/images/0690.jpg,NON_CSAM,Non sensitive,0690.jpg,0690.jpg,"Caption: Sparkling joy on a night out!

Tags: #DiwaliCelebration #Fireworks #FamilyTime"
2703.jpg,/Non_CSAM/images/2703.jpg,NON_CSAM,Non sensitive,2703.jpg,2703.jpg,"Caption: A heartwarming moment between a mother and daughter, enjoying a fun activity together. 

Tags: #FamilyTime #EasterBaking #MomAndDaughterBonding"
0098.jpg,/Non_CSAM/images/0098.jpg,NON_CSAM,Non sensitive,0098.jpg,0098.jpg,"Caption: A cozy study session at home, perfect for focused learning!

Tags: #StudyTime #HomeLearning #FocusOnLearning"
0032.webp,/Non_CSAM/images/0032.webp,NON_CSAM,Non sensitive,0032.webp,0032.webp,"Caption: A delightful moment of learning and bonding between young friends!

Tags: #ChildhoodMagic #Playtime #LearningTogether"
2828.png,/Non_CSAM/images/2828.png,NON_CSAM,Non sensitive,2828.png,2828.png,"Caption: A tender moment between a mother and her child on the couch. The child is holding a soft toy, and the mother is gently resting her head on the child's shoulder.

Tags: #MomAndMe #CuddleTime #FamilyBonding"
1423.jpg,/Non_CSAM/images/1423.jpg,NON_CSAM,Non sensitive,1423.jpg,1423.jpg,"@familyday A father and child enjoy a colorful fair together, sharing smiles and a special day out. Tags: #FamilyDay #HappyKids #Togetherness"
1803.jpg,/Non_CSAM/images/1803.jpg,NON_CSAM,Non sensitive,1803.jpg,1803.jpg,@familylearning A parent and child work together on a colorful building activity at home. Learning is even better when shared. Tags: #FamilyLearning #LearningTogether #CreativePlay
1607.jpg,/Non_CSAM/images/1607.jpg,NON_CSAM,Non sensitive,1607.jpg,1607.jpg,@learningtogether Children practice writing on small boards during a hands-on classroom activity. Learning by doing makes lessons memorable. Tags: #LearningTogether #Education #HandsOnLearning
0367.jpg,/Non_CSAM/images/0367.jpg,NON_CSAM,Non sensitive,0367.jpg,0367.jpg,"Caption: Exploring the underwater world together!

Tags: #FamilyTime #AquariumAdventure #OceanExploration"
1643.jpg,/Non_CSAM/images/1643.jpg,NON_CSAM,Non sensitive,1643.jpg,1643.jpg,"@schoolfriends A cheerful group of girls celebrates together, sharing laughter and excitement during a colorful school event. Tags: #SchoolFriends #HappyKids #Celebration"
2996.png,/Non_CSAM/images/2996.png,NON_CSAM,Non sensitive,2996.png,2996.png,"Caption: A heartwarming family mealtime together. 

Tags: FamilyTime #DinnerTogether #MomAndDaughter #FamilyBonding"
2586.jpg,/Non_CSAM/images/2586.jpg,NON_CSAM,Non sensitive,2586.jpg,2586.jpg,"Caption: A heartwarming moment between two men and their baby. 

Tags: #FamilyTime #NewBabysFirstWalk #ParenthoodJourney"
0493.jpg,/Non_CSAM/images/0493.jpg,NON_CSAM,Non sensitive,0493.jpg,0493.jpg,"Caption: A sunny day at the park with friends playing soccer. 

Tags: #PlayOutside #Friendship #SunnyDay"
0241.jpg,/Non_CSAM/images/0241.jpg,NON_CSAM,Non sensitive,0241.jpg,0241.jpg,"Caption: Reading is my favorite pastime! 

Tags: #BookLover #ReadingTime #MindfulMoments"
0115.jpg,/Non_CSAM/images/0115.jpg,NON_CSAM,Non sensitive,0115.jpg,0115.jpg,"Caption: Family bonding in the driveway! Playing basketball together is always fun.

Tags: #FamilyTime #BasketballGame #PlayOutside"
1456.jpg,/Non_CSAM/images/1456.jpg,NON_CSAM,Non sensitive,1456.jpg,1456.jpg,"@studyfriends Two students work together on their studies outdoors, sharing ideas and helping each other learn. Tags: #StudyFriends #LearningTogether #StudentLife"
0612.jpg,/Non_CSAM/images/0612.jpg,NON_CSAM,Non sensitive,0612.jpg,0612.jpg,"Caption: A heartwarming moment at the beach as a father lifts his son into the air, enjoying the sunset together. 

Tags: #FamilyTime #BeachLife #SunsetVibes"
3041.png,/Non_CSAM/images/3041.png,NON_CSAM,Non sensitive,3041.png,3041.png,"Caption: A heartwarming moment between a father and his son, bonding over a shared activity. 

Tags: #FamilyTime #DadAndSon #BondingMoments"
0770.webp,/Non_CSAM/images/0770.webp,NON_CSAM,Non sensitive,0770.webp,0770.webp,"Caption: A joyful moment in the classroom where children are hugging each other. It's a heartwarming scene filled with love and friendship.

Tags: #ClassroomLove #HugsAndSmiles #KindergartenKlub"
0331.jpg,/Non_CSAM/images/0331.jpg,NON_CSAM,Non sensitive,0331.jpg,0331.jpg,"Caption: Dancers in red flowing dresses perform gracefully under a misty backdrop.

Tags: #DanceArt #RedFlows #MistyDance"
0637.jpg,/Non_CSAM/images/0637.jpg,NON_CSAM,Non sensitive,0637.jpg,0637.jpg,"Caption: Gardening together is such a peaceful activity!

Tags: #Gardening #FamilyTime #NatureLovers"
2684.jpg,/Non_CSAM/images/2684.jpg,NON_CSAM,Non sensitive,2684.jpg,2684.jpg,"Caption: A heartwarming moment of family bonding during a festive celebration.

Tags: #FamilyTime #FestiveCelebration #WarmEmbrace"
0539.jpg,/Non_CSAM/images/0539.jpg,NON_CSAM,Non sensitive,0539.jpg,0539.jpg,"Caption: Reading time with the kids! 

Tags: #Storytime #KidsReading #FamilyTime"
1495.jpg,/Non_CSAM/images/1495.jpg,NON_CSAM,Non sensitive,1495.jpg,1495.jpg,"@studentfriends Friends gather together during a relaxed social moment, sharing conversation and laughter. Tags: #StudentLife #Friendship #HappyMoments"
2620.jpg,/Non_CSAM/images/2620.jpg,NON_CSAM,Non sensitive,2620.jpg,2620.jpg,"Caption: Watching a movie together is always a treat! 

Tags: MovieNight #FamilyTime #CouchPotatoes"
2765.jpg,/Non_CSAM/images/2765.jpg,NON_CSAM,Non sensitive,2765.jpg,2765.jpg,"Caption: A heartwarming moment between a mother and daughter at a festive Christmas market. 

Tags: #ChristmasMarket #FamilyTime #HolidayTraditions"
3027.png,/Non_CSAM/images/3027.png,NON_CSAM,Non sensitive,3027.png,3027.png,"Caption: Family bonding over a fun activity together!

Tags: #FamilyTime #BondingMoments #LaptopFun"
0642.jpg,/Non_CSAM/images/0642.jpg,NON_CSAM,Non sensitive,0642.jpg,0642.jpg,"Caption: Gazing at the stars under the night sky. 

Tags: #Stargazing #NightSky #CosmicExploration"
0226.jpg,/Non_CSAM/images/0226.jpg,NON_CSAM,Non sensitive,0226.jpg,0226.jpg,"Caption: A tender moment between a mother and her daughter by the kitchen counter. 

Tags: #MomAndMe #FamilyTime #KissAndCuddle"
3108.jpg,/Non_CSAM/images/3108.jpg,NON_CSAM,Non sensitive,3108.jpg,3108.jpg,"Caption: A heartwarming moment between a mother and daughter at an art gallery. The little girl is pointing at something, showing her curiosity and excitement.

Tags: #ArtGallery #FamilyTime #CuriosityExploration"
1330.jpg,/Non_CSAM/images/1330.jpg,NON_CSAM,Non sensitive,1330.jpg,1330.jpg,@schooltalent A student confidently performs on stage while the audience looks on. Every performance is a chance to learn and grow. Tags: #SchoolTalent #Confidence #StagePerformance
0544.jpg,/Non_CSAM/images/0544.jpg,NON_CSAM,Non sensitive,0544.jpg,0544.jpg,"Caption: A peaceful day by the lake with my dad. Fishing together is always a great bonding experience!

Tags: #FamilyTime #LakeLife #FishingDay"
0502.jpg,/Non_CSAM/images/0502.jpg,NON_CSAM,Non sensitive,0502.jpg,0502.jpg,"Caption: ""Exploring fashion with my friends! #StyleSquad #Fashionista""

Tags: #FashionLover #StyleInspiration #FriendshipGoals"
1635.jpg,/Non_CSAM/images/1635.jpg,NON_CSAM,Non sensitive,1635.jpg,1635.jpg,"@culturaldance Young performers in traditional outfits present a graceful group routine on stage, celebrating culture through movement and music. Tags: #CulturalDance #TraditionalArts #YoungTalent"
2915.png,/Non_CSAM/images/2915.png,NON_CSAM,Non sensitive,2915.png,2915.png,"Caption: ""Creative collaboration in action! Kids practicing their lines on stage. #ActingClass #ImaginationInAction""

Tags: #StageTime #CreativeKids #ImaginationInAction"
1517.jpg,/Non_CSAM/images/1517.jpg,NON_CSAM,Non sensitive,1517.jpg,1517.jpg,@healthyfood A young boy enjoys a fresh snack outdoors with a big smile. Healthy choices can be both colorful and delicious. Tags: #HealthyFood #HappyKids #ChildhoodJoy
0070.jpg,/Non_CSAM/images/0070.jpg,NON_CSAM,Non sensitive,0070.jpg,0070.jpg,"Caption: A cozy moment of focus and learning. 

Tags: #StudyTime #LearningJourney #FocusOnTasks"
1458.jpg,/Non_CSAM/images/1458.jpg,NON_CSAM,Non sensitive,1458.jpg,1458.jpg,"@schoolfootball Students take part in an energetic football practice on an indoor field. Teamwork, movement, and determination build strong players. Tags: #SchoolSports #Football #Teamwork"
0050.jpg,/Non_CSAM/images/0050.jpg,NON_CSAM,Non sensitive,0050.jpg,0050.jpg,"Caption: A heartwarming family moment at home.

Tags: #FamilyTime #HomeLife #CuddleTime"
2754.jpg,/Non_CSAM/images/2754.jpg,NON_CSAM,Non sensitive,2754.jpg,2754.jpg,"Caption: A happy family outing! The little one is holding a balloon, and everyone looks so content.

Tags: #FamilyTime #BalloonFun #OutdoorFun"
1713.jpg,/Non_CSAM/images/1713.jpg,NON_CSAM,Non sensitive,1713.jpg,1713.jpg,"@youngcyclist A child rides a bicycle along a bright waterfront path, gaining confidence with every turn of the pedals. Tags: #YoungCyclist #Cycling #ActiveKids"
0039.webp,/Non_CSAM/images/0039.webp,NON_CSAM,Non sensitive,0039.webp,0039.webp,"Caption: Studying hard in class!

Tags: #Learning #Classroom #StudyTime"
1506.jpg,/Non_CSAM/images/1506.jpg,NON_CSAM,Non sensitive,1506.jpg,1506.jpg,@volleyball A school team competes at the net during an exciting volleyball match. Communication and teamwork make every play count. Tags: #Volleyball #SchoolSports #Teamwork
2571.jpg,/Non_CSAM/images/2571.jpg,NON_CSAM,Non sensitive,2571.jpg,2571.jpg,"Caption: Enjoying a fun movie night together!

Tags: #FamilyTime #MovieNight #3DExperience"
2778.jpg,/Non_CSAM/images/2778.jpg,NON_CSAM,Non sensitive,2778.jpg,2778.jpg,"Caption: A heartwarming moment between a mother and her son at a beautiful outdoor dinner. 

Tags: #FamilyTime #OutdoorDining #MomAndSon"
0607.jpg,/Non_CSAM/images/0607.jpg,NON_CSAM,Non sensitive,0607.jpg,0607.jpg,"Caption: Enjoying a sunny day at the park with family and friends!

Tags: #FamilyPicnic #ParkLife #OutdoorFun"
0491.jpg,/Non_CSAM/images/0491.jpg,NON_CSAM,Non sensitive,0491.jpg,0491.jpg,"Caption: A young girl is running with a football while another player tries to tackle her. It's a fun game of flag football!

Tags: #FlagFootball #SportsDay #ActiveLifestyle"
2863.png,/Non_CSAM/images/2863.png,NON_CSAM,Non sensitive,2863.png,2863.png,"Caption: A joyful moment in a colorful classroom where children are engaged in playful activities with their teacher.

Tags: #Playtime #ClassroomFun #EarlyEducation"
1564.jpg,/Non_CSAM/images/1564.jpg,NON_CSAM,Non sensitive,1564.jpg,1564.jpg,@parkday Children enjoy a relaxed day in the park while an adult watches nearby. Outdoor time gives everyone room to play and explore. Tags: #ParkDay #OutdoorFun #FamilyTime
1748.jpg,/Non_CSAM/images/1748.jpg,NON_CSAM,Non sensitive,1748.jpg,1748.jpg,"@communityhealth Children and adults gather around a community health activity, sharing information and support in a welcoming setting. Tags: #CommunityHealth #Wellbeing #Community"
2753.jpg,/Non_CSAM/images/2753.jpg,NON_CSAM,Non sensitive,2753.jpg,2753.jpg,"Caption: A peaceful day by the lake with my dad. 

Tags: #FamilyTime #Fishing #NatureConnection"
0498.jpg,/Non_CSAM/images/0498.jpg,NON_CSAM,Non sensitive,0498.jpg,0498.jpg,"Caption: A heartwarming moment of connection between generations. The young boy is playing guitar while the older man claps along, creating a beautiful bond.

Tags: #GenerationsConnecting #FamilyTime #MusicHeals"
2835.png,/Non_CSAM/images/2835.png,NON_CSAM,Non sensitive,2835.png,2835.png,"Caption: A joyful moment of learning and bonding! Sharing music and laughter with friends is always a win.

Tags: #MusicTime #Friendship #ChildhoodJoy"
2763.jpg,/Non_CSAM/images/2763.jpg,NON_CSAM,Non sensitive,2763.jpg,2763.jpg,"Caption: Family fun at the park! Enjoying a ride together.

Tags: #FamilyTime #ParkDay #FunWithKids"
3097.jpg,/Non_CSAM/images/3097.jpg,NON_CSAM,Non sensitive,3097.jpg,3097.jpg,"Caption: A heartwarming moment between a mother and daughter enjoying a day at the park. 

Tags: #FamilyTime #ParkLife #MomAndDaughter"
1557.jpg,/Non_CSAM/images/1557.jpg,NON_CSAM,Non sensitive,1557.jpg,1557.jpg,@healthykids A healthcare professional gently examines a baby during a routine medical visit. Caring attention helps support healthy beginnings. Tags: #ChildHealth #Healthcare #Caring
0131.jpg,/Non_CSAM/images/0131.jpg,NON_CSAM,Non sensitive,0131.jpg,0131.jpg,"Caption: A beautiful sunset over the water, with a happy family enjoying their time together. The sky is painted with hues of orange and pink, and the water reflects these colors beautifully.

Tags: #FamilyTime #Sunset #WaterScenery #HappyFamily #NatureLovers"
2819.jpg,/Non_CSAM/images/2819.jpg,NON_CSAM,Non sensitive,2819.jpg,2819.jpg,"Caption: Exploring nature together is the best way to learn and grow!

Tags: #NatureExploration #FamilyTime #OutdoorActivities"
0752.webp,/Non_CSAM/images/0752.webp,NON_CSAM,Non sensitive,0752.webp,0752.webp,"Caption: A group of children are enjoying a fun learning activity together!

Tags: #LearningTogether #ChildhoodJoy #CreativePlay"
0420.jpg,/Non_CSAM/images/0420.jpg,NON_CSAM,Non sensitive,0420.jpg,0420.jpg,"Caption: Cozy evening at home with the family and our furry friends. 

Tags: #FamilyTime #CouchPotatoes #GoldenDogs"
1603.jpg,/Non_CSAM/images/1603.jpg,NON_CSAM,Non sensitive,1603.jpg,1603.jpg,"@countrysidefriends A group of children poses together outdoors in a rural setting, sharing smiles and friendship. Tags: #Countryside #Childhood #Friendship"
2899.png,/Non_CSAM/images/2899.png,NON_CSAM,Non sensitive,2899.png,2899.png,"Caption: Building blocks of love and learning!

Tags: #FamilyTime #PlayTogether #BuildingBlocks"
0154.jpg,/Non_CSAM/images/0154.jpg,NON_CSAM,Non sensitive,0154.jpg,0154.jpg,"Caption: A day in the life of a curious explorer!

Tags: #MudPuddleJumper #AdventureSeeker #NatureLover"
0078.jpg,/Non_CSAM/images/0078.jpg,NON_CSAM,Non sensitive,0078.jpg,0078.jpg,"Caption: A fun night out with friends! Hanging out, laughing, and enjoying each other's company.

Tags: #NightOut #Friendship #FunTimes"
3068.jpg,/Non_CSAM/images/3068.jpg,NON_CSAM,Non sensitive,3068.jpg,3068.jpg,"Caption: Enjoying a fun fall day with the family!

Tags: #FallFun #FamilyTime #LeafRaking"
1724.jpg,/Non_CSAM/images/1724.jpg,NON_CSAM,Non sensitive,1724.jpg,1724.jpg,"@cyclinglesson A parent helps a child practice riding a bicycle outdoors, building balance and confidence one step at a time. Tags: #CyclingLesson #LearningTogether #FamilyFun"
0576.jpg,/Non_CSAM/images/0576.jpg,NON_CSAM,Non sensitive,0576.jpg,0576.jpg,"Caption: A heartwarming family breakfast together!

Tags: #FamilyTime #BreakfastTogether #MomAndSon #DadAndDaughter #MorningMunchies"
2916.png,/Non_CSAM/images/2916.png,NON_CSAM,Non sensitive,2916.png,2916.png,"Caption: A heartwarming moment between a teacher and student. The teacher is using a tablet while helping the student with their work. 

Tags: #Education #TeacherLove #StudentSupport"
0277.jpg,/Non_CSAM/images/0277.jpg,NON_CSAM,Non sensitive,0277.jpg,0277.jpg,"Caption: Family bike ride in the park! 

Tags: #FamilyTime #BikeRide #ParkLife"
1415.jpg,/Non_CSAM/images/1415.jpg,NON_CSAM,Non sensitive,1415.jpg,1415.jpg,@sportsday Children and adults enjoy a lively outdoor sports activity on a sunny field. Teamwork and movement make the day exciting. Tags: #SportsDay #OutdoorFun #Teamwork
0529.jpg,/Non_CSAM/images/0529.jpg,NON_CSAM,Non sensitive,0529.jpg,0529.jpg,"Caption: A playful moment captured as a child peeks from behind a wall, adding a touch of curiosity and joy to the scene.

Tags: #ChildhoodMagic #Playtime #CuriosityQuotient"
1368.jpg,/Non_CSAM/images/1368.jpg,NON_CSAM,Non sensitive,1368.jpg,1368.jpg,@healthy_kids A little one gets caring attention during a routine medical visit. Gentle support helps make every checkup a little easier. Tags: #HealthyKids #ChildHealth #Caring
3012.png,/Non_CSAM/images/3012.png,NON_CSAM,Non sensitive,3012.png,3012.png,"Caption: A father and son bonding over building blocks, enjoying a creative and educational moment together.

Tags: #FamilyTime #BuildingBlocks #CreativePlay"
0215.jpg,/Non_CSAM/images/0215.jpg,NON_CSAM,Non sensitive,0215.jpg,0215.jpg,"Caption: A heartwarming moment between a mother and daughter as they tend to their plants together. 

Tags: #MomAndMe #FamilyTime #PlantLove"
0737.jpg,/Non_CSAM/images/0737.jpg,NON_CSAM,Non sensitive,0737.jpg,0737.jpg,"Caption: Studying in style! 

Tags: #StudyTime #LearningJourney #FocusOnGoals"
3032.png,/Non_CSAM/images/3032.png,NON_CSAM,Non sensitive,3032.png,3032.png,"Caption: A heartwarming moment of learning and bonding between a mother and daughter. 

Tags: #MomAndMe #EarlyLearning #FamilyTime #Education #ParentingTips"
1617.jpg,/Non_CSAM/images/1617.jpg,NON_CSAM,Non sensitive,1617.jpg,1617.jpg,"@backtoschool Two students hold cheerful Back to School signs, welcoming a new school chapter with confidence and excitement. Tags: #BackToSchool #StudentLife #NewBeginnings"
0767.webp,/Non_CSAM/images/0767.webp,NON_CSAM,Non sensitive,0767.webp,0767.webp,"Caption: A joyful learning moment in the classroom!

Tags: #MusicClass #ChildDevelopment #PlayfulLearning"
0389.jpg,/Non_CSAM/images/0389.jpg,NON_CSAM,Non sensitive,0389.jpg,0389.jpg,"Caption: Kids having fun at the flag football game!

Tags: #FlagFootball #ActiveKids #Playtime"
0035.webp,/Non_CSAM/images/0035.webp,NON_CSAM,Non sensitive,0035.webp,0035.webp,"Caption: Kids enjoying a fun puzzle activity together!

Tags: #Playtime #LearningThroughPlay #TeamWork"
1489.jpg,/Non_CSAM/images/1489.jpg,NON_CSAM,Non sensitive,1489.jpg,1489.jpg,"@volleyball A school volleyball team plays an energetic match, reaching high and working together for every point. Tags: #Volleyball #SchoolSports #Teamwork"
2634.jpg,/Non_CSAM/images/2634.jpg,NON_CSAM,Non sensitive,2634.jpg,2634.jpg,"Caption: Sparkling fun with friends! 

Tags: #Friendship #Sparklers #FunTimes"
1813.jpg,/Non_CSAM/images/1813.jpg,NON_CSAM,Non sensitive,1813.jpg,1813.jpg,"@childhoodjoy Children laugh and smile together outdoors, sharing a carefree moment filled with friendship. Tags: #ChildhoodJoy #HappyKids #Togetherness"
0100.jpg,/Non_CSAM/images/0100.jpg,NON_CSAM,Non sensitive,0100.jpg,0100.jpg,"Caption: A family enjoying a sunny day in the park, blowing bubbles together. 

Tags: #FamilyTime #BlowingBubbles #ParkLife"
1654.jpg,/Non_CSAM/images/1654.jpg,NON_CSAM,Non sensitive,1654.jpg,1654.jpg,"@playtime A child enjoys a swing outdoors, looking upward with excitement during a carefree afternoon. Tags: #Playtime #OutdoorFun #Childhood"
0715.jpg,/Non_CSAM/images/0715.jpg,NON_CSAM,Non sensitive,0715.jpg,0715.jpg,"Caption: A classroom full of curious minds learning together!

Tags: #ClassroomLife #Education #LearningTogether"
0204.jpg,/Non_CSAM/images/0204.jpg,NON_CSAM,Non sensitive,0204.jpg,0204.jpg,"Caption: A heartwarming moment of family bonding as they water the garden together. 

Tags: #FamilyTime #GardenLove #NatureConnection"
2980.png,/Non_CSAM/images/2980.png,NON_CSAM,Non sensitive,2980.png,2980.png,"Caption: A tender moment between a mother and her baby, surrounded by soft lights and cozy decor.

Tags: #MomAndMe #BabyLove #CozyMoments"
1548.jpg,/Non_CSAM/images/1548.jpg,NON_CSAM,Non sensitive,1548.jpg,1548.jpg,"@youngperformer A young girl performs confidently on a decorated stage, sharing her talent with the audience. Tags: #YoungTalent #StagePerformance #Confidence"
0249.jpg,/Non_CSAM/images/0249.jpg,NON_CSAM,Non sensitive,0249.jpg,0249.jpg,"Caption: Three children are having a blast under a shower of colorful confetti!

Tags: #ConfettiFun #Playtime #HappyKids"
0309.jpg,/Non_CSAM/images/0309.jpg,NON_CSAM,Non sensitive,0309.jpg,0309.jpg,"Caption: A heartwarming moment between a father and his child in the car. The father is helping his son put on his coat, showing love and care.

Tags: #FamilyTime #DadAndSon #CaringHands"
1776.jpg,/Non_CSAM/images/1776.jpg,NON_CSAM,Non sensitive,1776.jpg,1776.jpg,"@sciencekids A young student explores a science activity using laboratory equipment, turning curiosity into hands-on learning. Tags: #ScienceKids #STEM #LearningByDoing"
0009.webp,/Non_CSAM/images/0009.webp,NON_CSAM,Non sensitive,0009.webp,0009.webp,"Caption: A group of children are happily greeting each other outside a school building. They're all wearing backpacks and smiling, ready for another day of learning.

Tags: #BackToSchool #NewBeginnings #Friendship #Education #SchoolLife"
0297.jpg,/Non_CSAM/images/0297.jpg,NON_CSAM,Non sensitive,0297.jpg,0297.jpg,"Caption: Reading is my favorite pastime! 

Tags: #BookLover #ReadingTime #LibraryLife"
0023.jpeg,/Non_CSAM/images/0023.jpeg,NON_CSAM,Non sensitive,0023.jpeg,0023.jpeg,"Caption: Kids are having a blast creating art together!

Tags: #ArtTime #ChildhoodMagic #CreativeKids"
2707.jpg,/Non_CSAM/images/2707.jpg,NON_CSAM,Non sensitive,2707.jpg,2707.jpg,"Caption: A heartwarming moment between a mother and her daughter during a festive celebration. The colorful decorations and traditional attire add to the joyous atmosphere.

Tags: #FamilyTime #FestiveCelebration #MomAndDaughter #Traditions #HappyFamily #CulturalCelebrations"
1763.jpg,/Non_CSAM/images/1763.jpg,NON_CSAM,Non sensitive,1763.jpg,1763.jpg,"@schoolfair Students take part in a school exhibition, displaying creative projects and sharing their ideas with visitors. Tags: #SchoolFair #StudentProjects #CreativeLearning"
3003.png,/Non_CSAM/images/3003.png,NON_CSAM,Non sensitive,3003.png,3003.png,"Caption: A cozy moment between a mother and daughter on the couch. The daughter is wearing a white shirt and blue jeans, while the mother is dressed in a white t-shirt and blue jeans. They seem to be enjoying each other's company.

Tags: #FamilyTime #MomAndDaughter #CouchLove"
1499.jpg,/Non_CSAM/images/1499.jpg,NON_CSAM,Non sensitive,1499.jpg,1499.jpg,@schoolspirit Students cheer enthusiastically together during an exciting school event. Shared spirit makes every celebration more memorable. Tags: #SchoolSpirit #StudentLife #Celebration
0113.jpg,/Non_CSAM/images/0113.jpg,NON_CSAM,Non sensitive,0113.jpg,0113.jpg,"Caption: Enjoying a sweet treat together on a sunny day!

Tags: IceCreamTime #FamilyFun #SummerVibes"
1700.jpg,/Non_CSAM/images/1700.jpg,NON_CSAM,Non sensitive,1700.jpg,1700.jpg,"@cyclingadventure A parent and child practice cycling together outdoors, sharing a beautiful active moment against the evening sky. Tags: #CyclingAdventure #FamilyTime #ActiveKids"
3065.jpg,/Non_CSAM/images/3065.jpg,NON_CSAM,Non sensitive,3065.jpg,3065.jpg,"Caption: A cozy morning at home, enjoying a cup of coffee together. 

Tags: #MorningMeditation #CoffeeTime #FamilyBonding"
0213.jpg,/Non_CSAM/images/0213.jpg,NON_CSAM,Non sensitive,0213.jpg,0213.jpg,"Caption: A happy family moment on their deck, enjoying the sunshine together.

Tags: #FamilyTime #Sunshine #DeckLife"
1512.jpg,/Non_CSAM/images/1512.jpg,NON_CSAM,Non sensitive,1512.jpg,1512.jpg,"@communitykids A large group of children gathers outdoors for a cheerful community activity, sharing smiles and friendship. Tags: #CommunityKids #Togetherness #HappyMoments"
0678.jpg,/Non_CSAM/images/0678.jpg,NON_CSAM,Non sensitive,0678.jpg,0678.jpg,"Caption: Cozy reading corner! Perfect spot to lose yourself in a good book.

Tags: #ReadingNook #BookLover #CalmMoments"
1358.jpg,/Non_CSAM/images/1358.jpg,NON_CSAM,Non sensitive,1358.jpg,1358.jpg,@youngathlete A young football player focuses on the ball during an energetic game. Practice and passion grow one step at a time. Tags: #YoungAthlete #Football #SportsLife
2645.jpg,/Non_CSAM/images/2645.jpg,NON_CSAM,Non sensitive,2645.jpg,2645.jpg,"Caption: A heartwarming moment between a mother and her baby at a clothing store. The baby is holding up a pair of jeans, while the mother looks on with a smile.

Tags: #FamilyTime #BabyFashion #ShoppingWithMom"
2877.png,/Non_CSAM/images/2877.png,NON_CSAM,Non sensitive,2877.png,2877.png,"Caption: A family of four is enjoying a fun indoor activity together. They're all sitting on the floor with their arms raised, possibly doing a playful exercise or game. The living room has a cozy feel with a couch, plants, and a clock on the wall.

Tags: #FamilyFun #IndoorActivities #ActiveFamilyTime"
2908.png,/Non_CSAM/images/2908.png,NON_CSAM,Non sensitive,2908.png,2908.png,"Caption: A joyful moment of learning and bonding between a child and an adult. 

Tags: #EarlyLearning #MomAndMe #Playtime #CognitiveDevelopment"
2701.jpg,/Non_CSAM/images/2701.jpg,NON_CSAM,Non sensitive,2701.jpg,2701.jpg,"Caption: ""Riding high on the roller coaster! 

Tags: #RollerCoasterRide #FamilyFun #AdventureTime"""
0575.jpg,/Non_CSAM/images/0575.jpg,NON_CSAM,Non sensitive,0575.jpg,0575.jpg,"Caption: Studying in style! 

Tags: #StudyTime #LearningJourney #FocusOnGoals"
0655.jpg,/Non_CSAM/images/0655.jpg,NON_CSAM,Non sensitive,0655.jpg,0655.jpg,"Caption: Two little friends enjoying a sunny day at the park!

Tags: #Playtime #SummerFun #ChildhoodMemories"
0010.webp,/Non_CSAM/images/0010.webp,NON_CSAM,Non sensitive,0010.webp,0010.webp,"Caption: Kids enjoying a fun coding session together!

Tags: #CodingClub #LearningTogether #TechTots"
2689.jpg,/Non_CSAM/images/2689.jpg,NON_CSAM,Non sensitive,2689.jpg,2689.jpg,"Caption: A happy family enjoying their shopping trip together!

Tags: #FamilyTime #ShoppingSpree #HappyFamily"
0486.jpg,/Non_CSAM/images/0486.jpg,NON_CSAM,Non sensitive,0486.jpg,0486.jpg,"Caption: A cozy family moment at home, snuggling on the couch. 

Tags: FamilyTime #HomeLife #CouchLove"
1810.jpg,/Non_CSAM/images/1810.jpg,NON_CSAM,Non sensitive,1810.jpg,1810.jpg,"@beachfriends Two children share a warm hug on the beach, enjoying a beautiful moment beside the sea. Tags: #BeachDay #Friendship #HappyMoments"
1743.jpg,/Non_CSAM/images/1743.jpg,NON_CSAM,Non sensitive,1743.jpg,1743.jpg,@studentlife Students in school uniforms walk together while reading and discussing their books. Tags: #StudentLife #SchoolFriends #LearningTogether
3039.png,/Non_CSAM/images/3039.png,NON_CSAM,Non sensitive,3039.png,3039.png,"Caption: A happy moment at the dentist! The little one is all smiles while the dental assistant helps with their check-up.

Tags: #DentalVisit #SmileTime #HealthyTeeth"
0613.jpg,/Non_CSAM/images/0613.jpg,NON_CSAM,Non sensitive,0613.jpg,0613.jpg,"Caption: A happy family of three stands together in their new home, surrounded by moving boxes. The father, mother, and daughter share a moment of joy and togetherness.

Tags: #NewHome #FamilyTime #MovingDay"
0260.jpg,/Non_CSAM/images/0260.jpg,NON_CSAM,Non sensitive,0260.jpg,0260.jpg,"Caption: A heartwarming moment between a mother and daughter as they tend to their plants together. 

Tags: #FamilyTime #PlantLove #MomAndDaughter #NatureLovers"
1577.jpg,/Non_CSAM/images/1577.jpg,NON_CSAM,Non sensitive,1577.jpg,1577.jpg,"@youngvoices Performers sing together on stage during a lively musical event, filling the space with energy and harmony. Tags: #YoungVoices #MusicPerformance #StageLife"
0081.jpg,/Non_CSAM/images/0081.jpg,NON_CSAM,Non sensitive,0081.jpg,0081.jpg,"Caption: Studying together on the bus. 

Tags: #BusLife #StudySession #Collaboration"
0184.jpg,/Non_CSAM/images/0184.jpg,NON_CSAM,Non sensitive,0184.jpg,0184.jpg,"Caption: A family of five enjoying a joyful walk in the autumn park. The leaves are falling, and everyone is dressed warmly for the season.

Tags: #FamilyTime #AutumnLeaves #FallFun #WarmWeather #NatureWalk"
0194.jpg,/Non_CSAM/images/0194.jpg,NON_CSAM,Non sensitive,0194.jpg,0194.jpg,"Caption: A cozy moment between two friends by a bookshelf. 

Tags: #BookLovers #ReadingTime #FriendshipTime"
0595.jpg,/Non_CSAM/images/0595.jpg,NON_CSAM,Non sensitive,0595.jpg,0595.jpg,"Caption: A young explorer on the beach, ready to embark on a journey of discovery!

Tags: #BeachExploration #PirateAdventure #SummerVibes"
2630.jpg,/Non_CSAM/images/2630.jpg,NON_CSAM,Non sensitive,2630.jpg,2630.jpg,"Caption: A heartwarming family gathering filled with joy and laughter!

Tags: #FamilyTime #CulturalCelebration #WarmthInEveryMoment"
1554.jpg,/Non_CSAM/images/1554.jpg,NON_CSAM,Non sensitive,1554.jpg,1554.jpg,"@danceperformance Young dancers perform a graceful routine against a bright blue backdrop, moving together with confidence and rhythm. Tags: #DancePerformance #YoungDancers #Teamwork"
1772.jpg,/Non_CSAM/images/1772.jpg,NON_CSAM,Non sensitive,1772.jpg,1772.jpg,"@culturalplay Children enjoy a lively traditional outdoor activity together, bringing movement, friendship, and culture into the moment. Tags: #CulturalPlay #ChildhoodJoy #Tradition"
0457.jpg,/Non_CSAM/images/0457.jpg,NON_CSAM,Non sensitive,0457.jpg,0457.jpg,"Caption: A sunny day in the park where a young boy and his loyal dog are enjoying a game of soccer together. 

Tags: #PlayOutside #FamilyFun #SunnyDay #PetFriendly #ActiveLifestyle"
0399.jpg,/Non_CSAM/images/0399.jpg,NON_CSAM,Non sensitive,0399.jpg,0399.jpg,"Caption: Riding into the sun with friends! 

Tags: #BikingWithFriends #FamilyFun #OutdoorAdventure"
2886.png,/Non_CSAM/images/2886.png,NON_CSAM,Non sensitive,2886.png,2886.png,"Caption: A joyful moment in a colorful classroom filled with toys and books!

Tags: #Playtime #EarlyEducation #LearningThroughPlay"
0316.jpg,/Non_CSAM/images/0316.jpg,NON_CSAM,Non sensitive,0316.jpg,0316.jpg,"Caption: A vibrant festival atmosphere with colorful flags and a lively crowd. 

Tags: #FestivalFun #ColorfulFlags #CrowdCelebration"
0058.webp,/Non_CSAM/images/0058.webp,NON_CSAM,Non sensitive,0058.webp,0058.webp,"Caption: A heartwarming moment of learning and bonding among children and their teacher.

Tags: #Education #ClassroomMagic #LearningTogether"
2632.jpg,/Non_CSAM/images/2632.jpg,NON_CSAM,Non sensitive,2632.jpg,2632.jpg,"Caption: A family of four enjoying a sunny day in a field of daffodils. The kids are having fun running around, while the adults are helping collect flowers in baskets.

Tags: #FamilyFun #SpringEaster #NatureExploration #HappyFamily #EasterEggHunt"
0048.webp,/Non_CSAM/images/0048.webp,NON_CSAM,Non sensitive,0048.webp,0048.webp,"Caption: ""Excited to learn and grow with my classmates today! #ClassroomLife #Education""

Tags: #BackToSchool #NewBeginnings #LearningTogether"
0760.webp,/Non_CSAM/images/0760.webp,NON_CSAM,Non sensitive,0760.webp,0760.webp,"Caption: ""Excited kids raising their hands in class! #ClassroomMagic #LearningTogether""

Tags: #Education #ClassroomLife #KidsLovingSchool"
0322.jpg,/Non_CSAM/images/0322.jpg,NON_CSAM,Non sensitive,0322.jpg,0322.jpg,"Caption: Cooking up some fun together! 

Tags: #FamilyTime #CookingWithKids #FunInTheKitchen"
0180.jpg,/Non_CSAM/images/0180.jpg,NON_CSAM,Non sensitive,0180.jpg,0180.jpg,"Caption: A heartwarming moment between a mother and her newborn baby. The baby is sleeping peacefully while being held close by its mother.

Tags: #NewbornLove #ParentingJourney #BabySleeping"
0470.jpg,/Non_CSAM/images/0470.jpg,NON_CSAM,Non sensitive,0470.jpg,0470.jpg,"Caption: A happy family enjoying a sunny day outside their home.

Tags: #FamilyTime #Sunshine #HomeSweetHome"
3023.png,/Non_CSAM/images/3023.png,NON_CSAM,Non sensitive,3023.png,3023.png,"Caption: A heartwarming moment between a mother and daughter, sharing a tender moment over laundry. 

Tags: #MomAndMe #FamilyTime #LaundryDay"
0460.jpg,/Non_CSAM/images/0460.jpg,NON_CSAM,Non sensitive,0460.jpg,0460.jpg,"Caption: A heartwarming moment of family bonding as they enjoy a bike ride together. 

Tags: #FamilyTime #BikeRide #ParentChildBonding"
0093.jpg,/Non_CSAM/images/0093.jpg,NON_CSAM,Non sensitive,0093.jpg,0093.jpg,"Caption: A heartwarming moment between a family of three enjoying a beautiful day outdoors.

Tags: #FamilyTime #NatureLovers #ParentingJourney"
1641.jpg,/Non_CSAM/images/1641.jpg,NON_CSAM,Non sensitive,1641.jpg,1641.jpg,"@stageperformance Young performers present a colorful routine on stage, bringing music, movement, and confidence together. Tags: #StagePerformance #YoungTalent #PerformingArts"
0765.webp,/Non_CSAM/images/0765.webp,NON_CSAM,Non sensitive,0765.webp,0765.webp,"Caption: Excited kids raising their hands in a classroom!

Tags: #ClassroomFun #LearningTogether #ChildhoodJoy"
0254.jpg,/Non_CSAM/images/0254.jpg,NON_CSAM,Non sensitive,0254.jpg,0254.jpg,"Caption: A heartwarming moment between a mother and her child, sharing a special bond.

Tags: #MomAndMe #FamilyTime #HeartfeltMoments"
0071.jpg,/Non_CSAM/images/0071.jpg,NON_CSAM,Non sensitive,0071.jpg,0071.jpg,"Caption: A group of friends enjoying music together!

Tags: #MusicTime #Friendship #PlayTogether"
0648.jpg,/Non_CSAM/images/0648.jpg,NON_CSAM,Non sensitive,0648.jpg,0648.jpg,"Caption: A heartwarming moment of bonding between siblings during a festive celebration. 

Tags: #FamilyTime #FestiveSeason #CulturalCelebration"
3069.jpg,/Non_CSAM/images/3069.jpg,NON_CSAM,Non sensitive,3069.jpg,3069.jpg,"Caption: A happy family enjoying a playful moment in the park. 

Tags: #FamilyTime #ParkLife #PlayfulMoments"
0657.jpg,/Non_CSAM/images/0657.jpg,NON_CSAM,Non sensitive,0657.jpg,0657.jpg,"Caption: A heartwarming moment between a mother and her daughter as they share a kiss before she heads off to school. 

Tags: #MomAndMe #FirstDayOfSchool #BackToSchool #Parenting #MomLife"
0340.jpg,/Non_CSAM/images/0340.jpg,NON_CSAM,Non sensitive,0340.jpg,0340.jpg,"Caption: A beautiful moment captured in nature, where love and connection shine brightly. 

Tags: #NatureLovers #FamilyTime #MomAndChild #BondingMoments"
1454.jpg,/Non_CSAM/images/1454.jpg,NON_CSAM,Non sensitive,1454.jpg,1454.jpg,"@youngscientists Students proudly present a creative project together, celebrating teamwork and the joy of learning. Tags: #YoungScientists #STEM #Teamwork"
0352.jpg,/Non_CSAM/images/0352.jpg,NON_CSAM,Non sensitive,0352.jpg,0352.jpg,"Caption: A joyful moment captured as this little one enjoys a day outdoors with colorful balloons floating around.

Tags: #HappyDay #ColorfulBalloons #OutdoorFun"
2757.jpg,/Non_CSAM/images/2757.jpg,NON_CSAM,Non sensitive,2757.jpg,2757.jpg,"Caption: Relaxing by the pool with friends on a sunny day!

Tags: #PoolSideFun #SummerVibes #Sunbathing"
2700.jpg,/Non_CSAM/images/2700.jpg,NON_CSAM,Non sensitive,2700.jpg,2700.jpg,"Caption: A fun day at the park! Riding the roller coaster with my mom is so much fun!

Tags: #RollerCoasterRide #FamilyFun #SummerVacation"
0362.jpg,/Non_CSAM/images/0362.jpg,NON_CSAM,Non sensitive,0362.jpg,0362.jpg,"Caption: A fun road trip with friends! 

Tags: #RoadTrip #TravelWithFriends #VacationVibes"
2892.png,/Non_CSAM/images/2892.png,NON_CSAM,Non sensitive,2892.png,2892.png,"Caption: A heartwarming moment between a baby and their mother, both smiling brightly. 

Tags: #MomAndMe #BabySmiles #CuddleTime"
2928.png,/Non_CSAM/images/2928.png,NON_CSAM,Non sensitive,2928.png,2928.png,"Caption: A heartwarming moment of family bonding during the holiday season!

Tags: #ChristmasMagic #FamilyTime #JoyOfGiving"
2572.jpg,/Non_CSAM/images/2572.jpg,NON_CSAM,Non sensitive,2572.jpg,2572.jpg,"Caption: Having the best time at the water park! 

Tags: #WaterParkFun #SummerVibes #AdventureTime"
2582.jpg,/Non_CSAM/images/2582.jpg,NON_CSAM,Non sensitive,2582.jpg,2582.jpg,"Caption: Enjoying a movie night together!

Tags: #FamilyTime #MovieNight # popcorntime"
0435.jpg,/Non_CSAM/images/0435.jpg,NON_CSAM,Non sensitive,0435.jpg,0435.jpg,"Caption: A happy family moment with their beloved dog. 

Tags: #FamilyTime #PuppyLove #PetParenting"
0157.jpg,/Non_CSAM/images/0157.jpg,NON_CSAM,Non sensitive,0157.jpg,0157.jpg,"Caption: Cozy corner time! Reading a book in a peaceful setting.
Tags: #ReadingNoon #CalmMoments #HomeLibrary"
0016.webp,/Non_CSAM/images/0016.webp,NON_CSAM,Non sensitive,0016.webp,0016.webp,"Caption: A cozy moment in the kitchen, where learning meets comfort. 

Tags: #HomeLearning #ComfortZone #StudyTime"
0733.webp,/Non_CSAM/images/0733.webp,NON_CSAM,Non sensitive,0733.webp,0733.webp,"Caption: A creative learning session in progress!

Tags: #ArtClass #KidsCreativity #LearningThroughPlay"
2994.png,/Non_CSAM/images/2994.png,NON_CSAM,Non sensitive,2994.png,2994.png,"Caption: A heartwarming moment between a mother and daughter. The daughter is holding a bouquet of flowers and a card that says ""I love you."" They are both smiling and sitting on a couch in a cozy living room.

Tags: #FamilyTime #MomAndDaughter #LoveAndAffection"
0682.jpg,/Non_CSAM/images/0682.jpg,NON_CSAM,Non sensitive,0682.jpg,0682.jpg,"Caption: Enjoying a fall day with the family! 

Tags: #FallFun #FamilyTime #AutumnLeaves"
1534.jpg,/Non_CSAM/images/1534.jpg,NON_CSAM,Non sensitive,1534.jpg,1534.jpg,@outdoorplay A child enjoys a sunny outdoor moment while colorful bubbles float through the air. Simple play can create wonderful memories. Tags: #OutdoorPlay #Childhood #SimpleJoys
0355.jpg,/Non_CSAM/images/0355.jpg,NON_CSAM,Non sensitive,0355.jpg,0355.jpg,"Caption: A heartwarming moment of family bonding on a cozy bed. 

Tags: FamilyTime #CozyBed #MomAndChild #HappyFamily #MomAndSon #BondingMoments"
0620.jpg,/Non_CSAM/images/0620.jpg,NON_CSAM,Non sensitive,0620.jpg,0620.jpg,"Caption: A heartwarming moment between a father and son enjoying a fun video game session together.

Tags: #FamilyFun #VideoGames #FatherSonBonding"
2675.jpg,/Non_CSAM/images/2675.jpg,NON_CSAM,Non sensitive,2675.jpg,2675.jpg,"Caption: A cozy afternoon at home with family. Mom and kids enjoying some bonding time together.

Tags: #FamilyTime #CozyHome #MomAndKids"
1501.jpg,/Non_CSAM/images/1501.jpg,NON_CSAM,Non sensitive,1501.jpg,1501.jpg,"@schoollunch Children enjoy a colorful meal together at school, sharing food and cheerful conversation. Tags: #SchoolLunch #HealthyKids #HappyMoments"
1591.jpg,/Non_CSAM/images/1591.jpg,NON_CSAM,Non sensitive,1591.jpg,1591.jpg,"@outdoorplay Children practice riding scooters at an outdoor skate area, building balance, confidence, and coordination. Tags: #OutdoorPlay #ActiveKids #LearningThroughPlay"
1662.jpg,/Non_CSAM/images/1662.jpg,NON_CSAM,Non sensitive,1662.jpg,1662.jpg,"@childhoodfriends Two children share a playful moment indoors, smiling and reacting to each other with carefree energy. Tags: #ChildhoodFriends #HappyKids #Friendship"
1472.jpg,/Non_CSAM/images/1472.jpg,NON_CSAM,Non sensitive,1472.jpg,1472.jpg,@classroomfun Students work together around a table during a cheerful group activity. Collaboration turns learning into a shared experience. Tags: #ClassroomFun #Teamwork #Learning
1340.jpg,/Non_CSAM/images/1340.jpg,NON_CSAM,Non sensitive,1340.jpg,1340.jpg,"@littleexplorer A young child sits with colorful learning materials, discovering something new. Curiosity is the beginning of every adventure. Tags: #LittleExplorer #LearningThroughPlay #Curiosity"
2955.png,/Non_CSAM/images/2955.png,NON_CSAM,Non sensitive,2955.png,2955.png,"Caption: A heartwarming hug between a mother and her daughter,

Tags: #MomAndMe #FamilyTime #LoveAndHugs"
0406.jpg,/Non_CSAM/images/0406.jpg,NON_CSAM,Non sensitive,0406.jpg,0406.jpg,"Caption: Enjoying the vibrant atmosphere at the festival!

Tags: #MusicFest #ConfettiFling #SummerFun"
2984.png,/Non_CSAM/images/2984.png,NON_CSAM,Non sensitive,2984.png,2984.png,"Caption: A heartwarming moment between a father and his daughter by the Christmas tree. 

Tags: #ChristmasMagic #FamilyTime #HolidaySeason"
1740.jpg,/Non_CSAM/images/1740.jpg,NON_CSAM,Non sensitive,1740.jpg,1740.jpg,"@familycycling A parent and child ride bicycles together along a sunny path, sharing an active outdoor adventure. Tags: #FamilyCycling #OutdoorFun #FamilyTime"
0045.webp,/Non_CSAM/images/0045.webp,NON_CSAM,Non sensitive,0045.webp,0045.webp,"Caption: Two young friends enjoying a fun learning moment together!

Tags: #ClassroomFun #LearningTogether #PlayfulEducation"
0436.jpg,/Non_CSAM/images/0436.jpg,NON_CSAM,Non sensitive,0436.jpg,0436.jpg,"Caption: A group of children enjoying a sunny day outdoors, clapping and singing together. 

Tags: #PlayOutside #TeamSpirit #ChildrensDay #NatureLovers"
3096.jpg,/Non_CSAM/images/3096.jpg,NON_CSAM,Non sensitive,3096.jpg,3096.jpg,"Caption: Having fun with hula hoops in the park!

Tags: #OutdoorFun #HulaHooping #FamilyTime"
2993.png,/Non_CSAM/images/2993.png,NON_CSAM,Non sensitive,2993.png,2993.png,"Caption: A heartwarming moment of bonding between a mother and her child practicing yoga together at home.

Tags: #MomAndMe #YogaTime #FamilyBonding"
1728.jpg,/Non_CSAM/images/1728.jpg,NON_CSAM,Non sensitive,1728.jpg,1728.jpg,"@familycycling A parent patiently helps a child learn to ride a bicycle outdoors, turning practice into quality family time. Tags: #FamilyCycling #LearningTogether #OutdoorFun"
0258.jpg,/Non_CSAM/images/0258.jpg,NON_CSAM,Non sensitive,0258.jpg,0258.jpg,"Caption: A joyful family moment on the bed, with kids jumping and laughing. It's a heartwarming scene filled with love and happiness.

Tags: #FamilyTime #HappyMoments #BedtimeFun"
2844.png,/Non_CSAM/images/2844.png,NON_CSAM,Non sensitive,2844.png,2844.png,"Caption: A heartwarming moment between a father and son, soaring high together with a toy airplane. 

Tags: #FamilyTime #FlyingHigh #PlayfulMoments"
0402.jpg,/Non_CSAM/images/0402.jpg,NON_CSAM,Non sensitive,0402.jpg,0402.jpg,"Caption: A heartwarming moment between a father and daughter in the kitchen. They're making cookies together, bonding over a shared activity.

Tags: #FamilyTime #CookingWithKids #BakingTogether"
1726.jpg,/Non_CSAM/images/1726.jpg,NON_CSAM,Non sensitive,1726.jpg,1726.jpg,"@studentlife Students work together around a table, discussing ideas and learning through collaboration. Tags: #StudentLife #Teamwork #LearningTogether"
3085.jpg,/Non_CSAM/images/3085.jpg,NON_CSAM,Non sensitive,3085.jpg,3085.jpg,"Caption: Exploring the museum together is so much fun!

Tags: MuseumTrip #FamilyFun #EducationThroughPlay"
0369.jpg,/Non_CSAM/images/0369.jpg,NON_CSAM,Non sensitive,0369.jpg,0369.jpg,"Caption: A sunny day spent in nature with loved ones. 

Tags: #FamilyTime #NatureLovers #SpringDay"
0567.jpg,/Non_CSAM/images/0567.jpg,NON_CSAM,Non sensitive,0567.jpg,0567.jpg,"Caption: A sunny day in the backyard with family and pets. 

Tags: #FamilyTime #BackyardFun #PetLover"
1656.jpg,/Non_CSAM/videos/video010/1656.jpg,NON_CSAM,Non sensitive,video010,1656.jpg,"@culturaldance Performers in colorful traditional clothing present a lively dance routine on stage, celebrating heritage through movement. Tags: #CulturalDance #TraditionalArts #YoungPerformers"
1657.jpg,/Non_CSAM/videos/video010/1657.jpg,NON_CSAM,Non sensitive,video010,1657.jpg,@schooltheatre Young performers bring a dramatic story to life on stage through expressive acting and teamwork. Tags: #SchoolTheatre #PerformingArts #YoungTalent
1658.jpg,/Non_CSAM/videos/video010/1658.jpg,NON_CSAM,Non sensitive,video010,1658.jpg,"@stageperformance A group of performers presents a colorful traditional routine under warm stage lights, combining storytelling and movement. Tags: #StagePerformance #TraditionalArts #Teamwork"
0691.jpg,/Non_CSAM/images/0691.jpg,NON_CSAM,Non sensitive,0691.jpg,0691.jpg,"Caption: Ready for a productive day of learning!

Tags: #BackToSchool #StudyTime #EducationGoals"
0609.jpg,/Non_CSAM/images/0609.jpg,NON_CSAM,Non sensitive,0609.jpg,0609.jpg,"Caption: A heartwarming moment between a father and son enjoying a bike ride together in the park.

Tags: #FamilyTime #ParkLife #BikeRide #ParentChildBonding #NatureLovers"
1352.jpg,/Non_CSAM/images/1352.jpg,NON_CSAM,Non sensitive,1352.jpg,1352.jpg,"@childhoodjoy A group of children runs and plays together outdoors, filling the day with laughter and energy. Nothing beats carefree playtime. Tags: #ChildhoodJoy #OutdoorPlay #HappyKids"
1425.jpg,/Non_CSAM/images/1425.jpg,NON_CSAM,Non sensitive,1425.jpg,1425.jpg,"@familyfun A parent and children explore a bright store together, turning an ordinary outing into family time. Tags: #FamilyFun #Togetherness #EverydayMoments"
1361.jpg,/Non_CSAM/images/1361.jpg,NON_CSAM,Non sensitive,1361.jpg,1361.jpg,"@festivalfriends Children enjoy a colorful celebration together, smiling and joining in the festive spirit. Shared traditions create happy memories. Tags: #FestivalFun #HappyKids #Celebration"
0535.jpg,/Non_CSAM/images/0535.jpg,NON_CSAM,Non sensitive,0535.jpg,0535.jpg,"Caption: A heartwarming moment of family bonding during Christmas. 

Tags: #ChristmasMagic #FamilyTime #JoyOfGiving"
2616.jpg,/Non_CSAM/images/2616.jpg,NON_CSAM,Non sensitive,2616.jpg,2616.jpg,"Caption: A happy family shopping together at the market. 

Tags: #FamilyTime #MarketDay #ShoppingTogether"
0440.jpg,/Non_CSAM/images/0440.jpg,NON_CSAM,Non sensitive,0440.jpg,0440.jpg,"Caption: A happy family enjoying a cozy moment together at home.

Tags: #FamilyTime #HomeLife #CuddleTime"
0072.jpg,/Non_CSAM/images/0072.jpg,NON_CSAM,Non sensitive,0072.jpg,0072.jpg,"Caption: Enjoying a beautiful autumn day with a friend!

Tags: #AutumnLeaves #Friendship #FallFun"
2760.jpg,/Non_CSAM/images/2760.jpg,NON_CSAM,Non sensitive,2760.jpg,2760.jpg,"Caption: A sunny day spent outdoors with my little one. 

Tags: #FamilyTime #NatureLovers #SummerVibes"
0536.jpg,/Non_CSAM/images/0536.jpg,NON_CSAM,Non sensitive,0536.jpg,0536.jpg,"Caption: A cozy moment of bonding between a mother and her two daughters on the couch.

Tags: #FamilyTime #CouchLove #MomAndDaughters"
3080.jpg,/Non_CSAM/images/3080.jpg,NON_CSAM,Non sensitive,3080.jpg,3080.jpg,"Caption: A heartwarming moment between a mother and her daughter, sharing laughter and playtime on the floor.

Tags: #MomAndMe #EarlyLearning #FamilyTime #PlayfulMoments"
1809.jpg,/Non_CSAM/images/1809.jpg,NON_CSAM,Non sensitive,1809.jpg,1809.jpg,"@learningtogether A parent guides a child through a hands-on building activity, turning playtime into a shared learning experience. Tags: #LearningTogether #FamilyTime #CreativePlay"
0753.webp,/Non_CSAM/images/0753.webp,NON_CSAM,Non sensitive,0753.webp,0753.webp,"Caption: A day filled with learning and laughter at school!

Tags: #ClassroomLife #SchoolDay #Education #SmileAtSchool"
0483.jpg,/Non_CSAM/images/0483.jpg,NON_CSAM,Non sensitive,0483.jpg,0483.jpg,"Caption: A heartwarming moment of family bonding on the soccer field. 

Tags: #FamilyTime #SoccerField #HappyFamily"
1561.jpg,/Non_CSAM/images/1561.jpg,NON_CSAM,Non sensitive,1561.jpg,1561.jpg,"@chessclub A young chess player studies the board during a focused game, practicing strategy one move at a time. Tags: #ChessClub #YoungMinds #Learning"
0499.jpg,/Non_CSAM/images/0499.jpg,NON_CSAM,Non sensitive,0499.jpg,0499.jpg,"Caption: A heartwarming moment of joy and connection between a family in a beautiful park. 

Tags: #FamilyTime #NatureLovers #HappyFamily"
0295.jpg,/Non_CSAM/images/0295.jpg,NON_CSAM,Non sensitive,0295.jpg,0295.jpg,"Caption: Resting comfortably after a long day of play!

Tags: #LazyAfternoon #Playtime #Relaxing"
0738.webp,/Non_CSAM/images/0738.webp,NON_CSAM,Non sensitive,0738.webp,0738.webp,"Caption: A child proudly displays their drawing, filled with creativity and joy!

Tags: #ArtTime #ChildhoodCreativity #CreativeKids"
2580.jpg,/Non_CSAM/images/2580.jpg,NON_CSAM,Non sensitive,2580.jpg,2580.jpg,"Caption: Shopping together is always fun! 

Tags: #FamilyTime #GroceryShopping #MomAndSon"
0167.jpg,/Non_CSAM/images/0167.jpg,NON_CSAM,Non sensitive,0167.jpg,0167.jpg,"Caption: Exciting game in progress! The kids are having so much fun on the field.

Tags: #FootballAction #PlayOutside #TeamSpirit"
2798.jpg,/Non_CSAM/images/2798.jpg,NON_CSAM,Non sensitive,2798.jpg,2798.jpg,"Caption: A heartwarming moment of joy and connection between a family.

Tags: #FamilyTime #MusicIsLove #HappyFamily"
2725.jpg,/Non_CSAM/images/2725.jpg,NON_CSAM,Non sensitive,2725.jpg,2725.jpg,"Caption: A heartwarming moment between a mother and daughter as they explore a new hobby together. 

Tags: #FamilyTime #NewHobby #MomAndDaughter"
1397.jpg,/Non_CSAM/images/1397.jpg,NON_CSAM,Non sensitive,1397.jpg,1397.jpg,"@schooljourney A student sits quietly on a train, taking a peaceful break during the journey. Every trip can bring a new little story. Tags: #SchoolJourney #TravelMoments #StudentLife"
1566.jpg,/Non_CSAM/images/1566.jpg,NON_CSAM,Non sensitive,1566.jpg,1566.jpg,@stageperformance Performers appear under dramatic blue stage lighting during a coordinated evening show. Creativity turns the stage into another world. Tags: #StagePerformance #PerformingArts #YoungTalent
0433.jpg,/Non_CSAM/images/0433.jpg,NON_CSAM,Non sensitive,0433.jpg,0433.jpg,"Caption: Gardening together is such a fun activity! 

Tags: #GardeningWithKids #MomAndMe #NatureLovers"
1511.jpg,/Non_CSAM/images/1511.jpg,NON_CSAM,Non sensitive,1511.jpg,1511.jpg,@engineeringstudents Students work with laboratory equipment during a practical engineering activity. Hands-on learning turns theory into experience. Tags: #Engineering #STEM #PracticalLearning
0580.jpg,/Non_CSAM/images/0580.jpg,NON_CSAM,Non sensitive,0580.jpg,0580.jpg,"Caption: A beautiful day for a game of soccer! 

Tags: #SoccerGame #SunsetSquad #PlayfulPursuit"
2686.jpg,/Non_CSAM/images/2686.jpg,NON_CSAM,Non sensitive,2686.jpg,2686.jpg,"Caption: A heartwarming moment between a child and their grandmother during Diwali celebrations. The child is enjoying sweets while the grandmother shares a laugh. 

Tags: #DiwaliCelebrations #FamilyTime #SweetsAndLaughter"
0172.jpg,/Non_CSAM/images/0172.jpg,NON_CSAM,Non sensitive,0172.jpg,0172.jpg,"Caption: Swimming practice in full swing! 

Tags: #SwimSession #WaterFun #KidsSwimming"
1583.jpg,/Non_CSAM/images/1583.jpg,NON_CSAM,Non sensitive,1583.jpg,1583.jpg,"@playtime Children enjoy a playful outdoor activity together, laughing and sharing a fun moment with friends. Tags: #Playtime #HappyKids #Childhood"
0639.jpg,/Non_CSAM/images/0639.jpg,NON_CSAM,Non sensitive,0639.jpg,0639.jpg,"Caption: A beautiful autumn day in the park with a little girl pushing her baby brother in a stroller. The leaves are falling, and the sun is shining brightly.

Tags: #AutumnLeaves #ParkTime #FamilyTime #NatureLovers"
0030.jpeg,/Non_CSAM/images/0030.jpeg,NON_CSAM,Non sensitive,0030.jpeg,0030.jpeg,"Caption: <Children enjoying a fun learning session together.>

Tags: #ClassroomFun #LearningTogether #EducationEmbrace"
2775.jpg,/Non_CSAM/images/2775.jpg,NON_CSAM,Non sensitive,2775.jpg,2775.jpg,"Caption: A sunny day in the field, where joy and connection bloom. 

Tags: #FieldOfDreams #NatureLovers #FamilyTime"
0512.jpg,/Non_CSAM/images/0512.jpg,NON_CSAM,Non sensitive,0512.jpg,0512.jpg,"Caption: Enjoying a sweet treat at the fair! 

Tags: #IceCreamTime #FairGrounds #SummerFun"
0731.webp,/Non_CSAM/images/0731.webp,NON_CSAM,Non sensitive,0731.webp,0731.webp,"Caption: Kids exploring the world together!

Tags: #Globetrotters #LearningThroughPlay #GlobalConnection"
1366.jpg,/Non_CSAM/images/1366.jpg,NON_CSAM,Non sensitive,1366.jpg,1366.jpg,@healthykids A young child receives attentive care from medical professionals in a calm clinical setting. Caring support helps families feel reassured. Tags: #ChildHealth #CaringProfessionals #Wellbeing
0310.jpg,/Non_CSAM/images/0310.jpg,NON_CSAM,Non sensitive,0310.jpg,0310.jpg,"Caption: A heartwarming moment between a mother and her child, sharing a book together. 

Tags: #MomAndMe #EarlyLearning #ReadingTime #FamilyBonding"
0142.jpg,/Non_CSAM/images/0142.jpg,NON_CSAM,Non sensitive,0142.jpg,0142.jpg,"Caption: Watering the garden with joy!

Tags: #Gardening #SpringTime #NatureLover"
3066.jpg,/Non_CSAM/images/3066.jpg,NON_CSAM,Non sensitive,3066.jpg,3066.jpg,"Caption: A father is helping his children get ready for a car ride. The little boy is buckling up while the girl sits patiently. It's a heartwarming moment of bonding and preparation.

Tags: #FamilyTime #CarRide #BuckleUpSafety"
1750.jpg,/Non_CSAM/images/1750.jpg,NON_CSAM,Non sensitive,1750.jpg,1750.jpg,@medicalcamp A healthcare professional checks a child while family members wait nearby during a community medical service. Tags: #MedicalCamp #ChildHealth #CommunityCare
1623.jpg,/Non_CSAM/images/1623.jpg,NON_CSAM,Non sensitive,1623.jpg,1623.jpg,"@cricketkids A young cricketer practices on the field with careful focus, enjoying the game and developing new skills. Tags: #Cricket #YoungAthlete #SportsLife"
3077.jpg,/Non_CSAM/images/3077.jpg,NON_CSAM,Non sensitive,3077.jpg,3077.jpg,"Caption: Having fun together! Mom and kids dancing in the living room.

Tags: #FamilyFun #DancingTime #MomAndKids"
1339.jpg,/Non_CSAM/images/1339.jpg,NON_CSAM,Non sensitive,1339.jpg,1339.jpg,"@librarylife Children explore books together in a library, surrounded by stories and imagination. Every book opens a new door to discovery. Tags: #LibraryLife #YoungReaders #Learning"
1808.jpg,/Non_CSAM/images/1808.jpg,NON_CSAM,Non sensitive,1808.jpg,1808.jpg,"@familylearning A parent and child work together on a colorful building project, practicing creativity and problem-solving. Tags: #FamilyLearning #CreativePlay #Togetherness"
2875.png,/Non_CSAM/images/2875.png,NON_CSAM,Non sensitive,2875.png,2875.png,"Caption: A heartwarming moment between a father and his daughter, sharing laughter and joy together.

Tags: #FamilyTime #DadDaughterBonding #HappyFamily #ParentingJourney"
2927.png,/Non_CSAM/images/2927.png,NON_CSAM,Non sensitive,2927.png,2927.png,"Caption: A happy family enjoying a fun dance session together at home!

Tags: #FamilyFun #DanceTime #HomeEntertainment"
0386.jpg,/Non_CSAM/images/0386.jpg,NON_CSAM,Non sensitive,0386.jpg,0386.jpg,"Caption: A heartwarming moment in the kitchen as a mother holds her baby while cooking. 

Tags: #FamilyTime #KitchenLove #BondingMoments"
1737.jpg,/Non_CSAM/images/1737.jpg,NON_CSAM,Non sensitive,1737.jpg,1737.jpg,"@outdoorlearning Children sit together outdoors working on colorful art projects, combining creativity, learning, and friendship. Tags: #OutdoorLearning #KidsArt #LearningTogether"
0202.jpg,/Non_CSAM/images/0202.jpg,NON_CSAM,Non sensitive,0202.jpg,0202.jpg,"Caption: Kids having fun on the playground with colorful equipment!

Tags: #PlaygroundFun #ActiveKids #OutdoorActivities"
1505.jpg,/Non_CSAM/images/1505.jpg,NON_CSAM,Non sensitive,1505.jpg,1505.jpg,"@chessclub Students gather around a chessboard during a focused game, practicing strategy and thoughtful decision-making. Tags: #ChessClub #YoungMinds #Learning"
1719.jpg,/Non_CSAM/images/1719.jpg,NON_CSAM,Non sensitive,1719.jpg,1719.jpg,@holifun Friends covered in colorful powder pose together during a joyful Holi celebration. Tags: #HoliFun #FestivalColors #HappyFriends
0571.jpg,/Non_CSAM/images/0571.jpg,NON_CSAM,Non sensitive,0571.jpg,0571.jpg,"Caption: A heartwarming moment in nature as two children share a joyful handshake under the golden sunlight. 

Tags: #NatureLovers #FamilyTime #SunshineAndSmiles"
0689.jpg,/Non_CSAM/images/0689.jpg,NON_CSAM,Non sensitive,0689.jpg,0689.jpg,"Caption: Celebrating Diwali with love and light!

Tags: #DiwaliCelebration #FestivalOfLights #FamilyTime"
2926.png,/Non_CSAM/images/2926.png,NON_CSAM,Non sensitive,2926.png,2926.png,"Caption: A heartwarming moment of bonding between a mother and her two children, enjoying playtime together on the floor. 

Tags: #MomAndMe #EarlyLearning #FamilyTime #PlayfulMoments"
0429.jpg,/Non_CSAM/images/0429.jpg,NON_CSAM,Non sensitive,0429.jpg,0429.jpg,"Caption: A heartwarming moment between a mother and daughter as they enjoy baking together. The joy of cooking and spending quality time is evident.

Tags: #MomAndMe #BakingTime #FamilyBonding"
0347.jpg,/Non_CSAM/images/0347.jpg,NON_CSAM,Non sensitive,0347.jpg,0347.jpg,"Caption: Leaves flying high! 

Tags: #FallFun #LeavesInAir #NatureLovers"
2767.jpg,/Non_CSAM/images/2767.jpg,NON_CSAM,Non sensitive,2767.jpg,2767.jpg,"Caption: Exploring nature together at the garden center!

Tags: #GardeningWithKids #NatureExploration #FamilyTime"
0481.jpg,/Non_CSAM/images/0481.jpg,NON_CSAM,Non sensitive,0481.jpg,0481.jpg,"Caption: A heartwarming family moment under a clear blue sky!

Tags: #FamilyTime #SummerVibes #HappyFamily"
0038.webp,/Non_CSAM/images/0038.webp,NON_CSAM,Non sensitive,0038.webp,0038.webp,"Caption: A joyful learning moment with a teacher and students. 

Tags: #Education #ClassroomLife #LearningTogether"
1550.jpg,/Non_CSAM/images/1550.jpg,NON_CSAM,Non sensitive,1550.jpg,1550.jpg,@schoolvoices Students in formal school attire sing together during a group performance. Their shared voices fill the room with energy. Tags: #SchoolChoir #YoungVoices #Music
1479.jpg,/Non_CSAM/images/1479.jpg,NON_CSAM,Non sensitive,1479.jpg,1479.jpg,@schoolrun Students race together outdoors during a lively running activity. Determination and friendship make every step count. Tags: #SchoolSports #Running #ActiveKids
1378.jpg,/Non_CSAM/images/1378.jpg,NON_CSAM,Non sensitive,1378.jpg,1378.jpg,@youngperformer A young artist takes the stage under bright lights with confidence and energy. Every performance is a chance to shine. Tags: #YoungTalent #StageLife #Confidence
2880.png,/Non_CSAM/images/2880.png,NON_CSAM,Non sensitive,2880.png,2880.png,"Caption: A heartwarming scene at a playdate where kids are exploring toys and learning through play.

Tags: #Playdate #EarlyLearning #ChildhoodJoy"
0726.jpg,/Non_CSAM/images/0726.jpg,NON_CSAM,Non sensitive,0726.jpg,0726.jpg,"Caption: Exploring the universe through a telescope. 

Tags: #AstronomyLover #Stargazing #SpaceExploration"
0437.jpg,/Non_CSAM/images/0437.jpg,NON_CSAM,Non sensitive,0437.jpg,0437.jpg,"Caption: A heartwarming family gathering at the park, enjoying a delicious meal together. 

Tags: FamilyTime #ParkLife #OutdoorDining"
2797.jpg,/Non_CSAM/images/2797.jpg,NON_CSAM,Non sensitive,2797.jpg,2797.jpg,"Caption: Cozy up with a movie night and let the magic of the screen transport you!

Tags: MovieNight #HomeEntertainment #ComfortFood"
2764.jpg,/Non_CSAM/images/2764.jpg,NON_CSAM,Non sensitive,2764.jpg,2764.jpg,"Caption: A heartwarming moment between a mother and her child as they prepare to go on a car ride. 

Tags: #FamilyTime #ChristmasTree #TravelingWithKids"
0111.jpg,/Non_CSAM/images/0111.jpg,NON_CSAM,Non sensitive,0111.jpg,0111.jpg,"Caption: Two young friends enjoying a book together at the library.

Tags: #ReadingTime #LibraryLife #FriendshipTime"
1783.jpg,/Non_CSAM/images/1783.jpg,NON_CSAM,Non sensitive,1783.jpg,1783.jpg,"@engineeringstudents Students work closely around a practical project, using teamwork and problem-solving skills during a school activity. Tags: #Engineering #Teamwork #HandsOnLearning"
0357.jpg,/Non_CSAM/images/0357.jpg,NON_CSAM,Non sensitive,0357.jpg,0357.jpg,"Caption: A heartwarming moment between a mother and daughter enjoying each other's company outdoors.

Tags: #MomAndMe #NatureTime #FamilyBonding"
1792.jpg,/Non_CSAM/images/1792.jpg,NON_CSAM,Non sensitive,1792.jpg,1792.jpg,"@beachday A child enjoys a quiet day on the beach, surrounded by sand, sea, and the sound of the waves. Tags: #BeachDay #Childhood #OutdoorLife"
1342.jpg,/Non_CSAM/images/1342.jpg,NON_CSAM,Non sensitive,1342.jpg,1342.jpg,"@stageandstory A lively theatrical performance brings storytelling, costumes, and creativity to the stage. Young performers turn imagination into action. Tags: #Theatre #YoungPerformers #CreativeArts"
1771.jpg,/Non_CSAM/images/1771.jpg,NON_CSAM,Non sensitive,1771.jpg,1771.jpg,"@ruralvoices Children walk together along a rural path, sharing a simple journey filled with friendship and determination. Tags: #RuralVoices #Childhood #Togetherness"
0666.jpg,/Non_CSAM/images/0666.jpg,NON_CSAM,Non sensitive,0666.jpg,0666.jpg,"Caption: Gardening with a smile! 

Tags: #GardeningWithKids #NatureExploration #SummerActivities"
1681.jpg,/Non_CSAM/images/1681.jpg,NON_CSAM,Non sensitive,1681.jpg,1681.jpg,"@holifestival Children celebrate a colorful festival outdoors, sharing bright smiles and playful energy with friends. Tags: #Holi #FestivalColors #Friendship"
0615.jpg,/Non_CSAM/images/0615.jpg,NON_CSAM,Non sensitive,0615.jpg,0615.jpg,"Caption: A heartwarming moment between a father and his daughter, enjoying each other's company in a cozy living room.

Tags: #FamilyTime #Parenting #CuddleTime"
0195.jpg,/Non_CSAM/images/0195.jpg,NON_CSAM,Non sensitive,0195.jpg,0195.jpg,"Caption: A family enjoying a sunny day at the park, flying kites together. 

Tags: #FamilyFun #KiteFlying #ParkDay"
0468.jpg,/Non_CSAM/images/0468.jpg,NON_CSAM,Non sensitive,0468.jpg,0468.jpg,"Caption: A beautiful family moment in the park, enjoying each other's company.

Tags: #FamilyTime #ParkLife #NatureConnection"
0683.jpg,/Non_CSAM/images/0683.jpg,NON_CSAM,Non sensitive,0683.jpg,0683.jpg,"Caption: Enjoying a beautiful autumn day with family! 

Tags: #FamilyTime #AutumnLeaves #FallFun"
0547.jpg,/Non_CSAM/images/0547.jpg,NON_CSAM,Non sensitive,0547.jpg,0547.jpg,"Caption: A heartwarming moment of family bonding.

Tags: #FamilyTime #MusicTogether #HappyFamily"
1420.jpg,/Non_CSAM/images/1420.jpg,NON_CSAM,Non sensitive,1420.jpg,1420.jpg,"@communityfun Children enjoy a colorful outdoor celebration filled with games, decorations, and smiles. Community events make childhood extra memorable. Tags: #CommunityFun #HappyKids #Celebration"
0189.jpg,/Non_CSAM/images/0189.jpg,NON_CSAM,Non sensitive,0189.jpg,0189.jpg,"Caption: A family of four enjoying a beautiful day outdoors, holding hands and running together. The sky is clear and blue, perfect for a fun day in nature.

Tags: #FamilyTime #NatureLovers #SummerVibes"
0791.jpg,/Non_CSAM/images/0791.jpg,NON_CSAM,Non sensitive,0791.jpg,0791.jpg,"Caption: A family of four is enjoying a sunny day in their garden, surrounded by blooming flowers. The father is holding a gardening tool, while the mother and two children are smiling at the camera.

Tags: #FamilyTime #Gardening #SpringVibes #NatureLovers #HappyFamily"
1438.jpg,/Non_CSAM/images/1438.jpg,NON_CSAM,Non sensitive,1438.jpg,1438.jpg,"@trackandfield Young runners compete on an outdoor track, giving their best as they race toward the finish. Tags: #TrackAndField #YoungAthletes #SportsDay"
2959.png,/Non_CSAM/images/2959.png,NON_CSAM,Non sensitive,2959.png,2959.png,"Caption: A heartwarming moment of bonding between a grandmother and her grandchildren as they share a book together on a park bench.

Tags: #FamilyTime #ReadingTogether #GrandparentGrandchildBonding"
1476.jpg,/Non_CSAM/images/1476.jpg,NON_CSAM,Non sensitive,1476.jpg,1476.jpg,@schoollunch A student enjoys a colorful meal in a bright school setting. Healthy food and happy surroundings make mealtimes special. Tags: #SchoolLunch #HealthyKids #StudentLife
2963.png,/Non_CSAM/images/2963.png,NON_CSAM,Non sensitive,2963.png,2963.png,"Caption: Gardening together is such a peaceful activity!

Tags: #Gardening #NatureLovers #SpringTime"
1590.jpg,/Non_CSAM/images/1590.jpg,NON_CSAM,Non sensitive,1590.jpg,1590.jpg,"@youngreader A student proudly holds a book while classmates stand behind him, celebrating the joy of learning and reading. Tags: #YoungReader #Education #LearningTogether"
2832.png,/Non_CSAM/images/2832.png,NON_CSAM,Non sensitive,2832.png,2832.png,"Caption: A heartwarming moment between a father and daughter, enjoying a playful dance together at home.

Tags: #FamilyTime #DanceWithDad #HappyFamily"
0022.jpeg,/Non_CSAM/images/0022.jpeg,NON_CSAM,Non sensitive,0022.jpeg,0022.jpeg,"Caption: ""Starting off the school year on the right foot! #WelcomeToGrade3 #BackToSchool""

Tags: #WelcomeToGrade3, #BackToSchool, #NewBeginnings, #Education, #ClassroomLife"
2952.png,/Non_CSAM/images/2952.png,NON_CSAM,Non sensitive,2952.png,2952.png,"Caption: Cooking up some magic together! 

Tags: #FamilyTime #CookingWithMom #BakingJourney"
0605.jpg,/Non_CSAM/images/0605.jpg,NON_CSAM,Non sensitive,0605.jpg,0605.jpg,"Caption: A fun night out with friends! 

Tags: #FriendshipGoals #NightOut #FlowerCrowns"
0706.jpg,/Non_CSAM/images/0706.jpg,NON_CSAM,Non sensitive,0706.jpg,0706.jpg,"Caption: Exploring nature's beauty together!

Tags: #NatureLovers #ChildhoodExploration #OutdoorFun"
1634.jpg,/Non_CSAM/images/1634.jpg,NON_CSAM,Non sensitive,1634.jpg,1634.jpg,"@historyarchive A vintage black-and-white scene shows a group gathered closely together, preserving a quiet moment from the past. Tags: #VintagePhoto #HistoryArchive #Memories"
3062.jpg,/Non_CSAM/images/3062.jpg,NON_CSAM,Non sensitive,3062.jpg,3062.jpg,"Caption: A sunny day at the park with a little girl enjoying her swing ride. .swinging

Tags: #PlayOutside #SunnyDay #ChildhoodJoy"
0027.jpeg,/Non_CSAM/images/0027.jpeg,NON_CSAM,Non sensitive,0027.jpeg,0027.jpeg,"Caption: A joyful little artist at playtime, creating colorful masterpieces!

Tags: #ArtTime #ChildhoodMagic #CreativeEnergy"
0270.jpg,/Non_CSAM/images/0270.jpg,NON_CSAM,Non sensitive,0270.jpg,0270.jpg,"Caption: A joyful autumn day with a little boy enjoying his bike ride. 

Tags: #AutumnFun #ChildhoodMemories #FallSeason"
0634.jpg,/Non_CSAM/images/0634.jpg,NON_CSAM,Non sensitive,0634.jpg,0634.jpg,"Caption: Gardening together is such a fun way to spend quality time with family!

Tags: #FamilyTime #Gardening #OutdoorActivities"
2663.jpg,/Non_CSAM/images/2663.jpg,NON_CSAM,Non sensitive,2663.jpg,2663.jpg,"Caption: A playful moment between a father and his children, enjoying a fun activity together.

Tags: #FamilyTime #Playtime #HappyFamily"
0458.jpg,/Non_CSAM/images/0458.jpg,NON_CSAM,Non sensitive,0458.jpg,0458.jpg,"Caption: <A group of young dancers practicing ballet together.>

Tags: #BalletClass #DancePractice #ArtOfMovement"
1704.jpg,/Non_CSAM/images/1704.jpg,NON_CSAM,Non sensitive,1704.jpg,1704.jpg,"@cyclingfriends Young cyclists ride together through a park, sharing an active outdoor adventure with friends. Tags: #CyclingFriends #OutdoorFun #ActiveKids"
0628.jpg,/Non_CSAM/images/0628.jpg,NON_CSAM,Non sensitive,0628.jpg,0628.jpg,"Caption: Exploring nature with curiosity!

Tags: #NatureLovers #OutdoorExploration #CuriousMind"
2995.png,/Non_CSAM/images/2995.png,NON_CSAM,Non sensitive,2995.png,2995.png,"Caption: A tender moment between a mother and daughter, sharing a special moment amidst nature's beauty.

Tags: #MomAndMe #NatureLovers #FamilyTime"
2998.png,/Non_CSAM/images/2998.png,NON_CSAM,Non sensitive,2998.png,2998.png,"Caption: A family road trip adventure! 

Tags: FamilyRoadTrip #TravelWithKids #VacationVibes"
3029.png,/Non_CSAM/images/3029.png,NON_CSAM,Non sensitive,3029.png,3029.png,"Caption: A heartwarming moment between a mother and daughter enjoying a refreshing drink together.

Tags: #MomAndMe #FamilyTime #Refreshment"
0528.jpg,/Non_CSAM/images/0528.jpg,NON_CSAM,Non sensitive,0528.jpg,0528.jpg,"Caption: A heartwarming moment between a mother and her children, enjoying each other's company outdoors.

Tags: #FamilyTime #MomAndKids #NatureConnection"
0294.jpg,/Non_CSAM/images/0294.jpg,NON_CSAM,Non sensitive,0294.jpg,0294.jpg,"Caption: A heartwarming moment between two young friends enjoying a playful embrace on a beautiful day.

Tags: #Friendship #Playtime #NatureConnection"
0428.jpg,/Non_CSAM/images/0428.jpg,NON_CSAM,Non sensitive,0428.jpg,0428.jpg,"Caption: Reading is my favorite pastime! 

Tags: #BookLover #ReadingTime # cozy"
1723.jpg,/Non_CSAM/images/1723.jpg,NON_CSAM,Non sensitive,1723.jpg,1723.jpg,"@familytime A family relaxes together at home, sharing a warm moment while looking at a laptop. Tags: #FamilyTime #Togetherness #HomeLife"
1468.jpg,/Non_CSAM/images/1468.jpg,NON_CSAM,Non sensitive,1468.jpg,1468.jpg,@healthyclassroom A teacher and student share a bright classroom moment while working together on a hands-on activity. Learning grows through connection. Tags: #ClassroomLife #LearningTogether #Education
0495.jpg,/Non_CSAM/images/0495.jpg,NON_CSAM,Non sensitive,0495.jpg,0495.jpg,"Caption: A family enjoying a sunny day in the park, flying a colorful kite together. 

Tags: #FamilyFun #ParkLife #KiteFlying #SummerVibes"
1692.jpg,/Non_CSAM/images/1692.jpg,NON_CSAM,Non sensitive,1692.jpg,1692.jpg,"@schoolmarch Students walk together in an organized outdoor formation, practicing coordination and school spirit. Tags: #SchoolLife #Teamwork #StudentActivities"
1416.jpg,/Non_CSAM/images/1416.jpg,NON_CSAM,Non sensitive,1416.jpg,1416.jpg,"@schoollife Students gather with a teacher for a cheerful school activity, combining learning with a sense of community. Tags: #SchoolLife #LearningTogether #StudentCommunity"
1730.jpg,/Non_CSAM/images/1730.jpg,NON_CSAM,Non sensitive,1730.jpg,1730.jpg,"@creativelearning Children explore colorful craft materials together at a community activity table, learning through hands-on creativity. Tags: #CreativeLearning #KidsActivities #LearningTogether"
0783.jpg,/Non_CSAM/images/0783.jpg,NON_CSAM,Non sensitive,0783.jpg,0783.jpg,"Caption: A teacher leading a classroom session with students raising their hands. 

Tags: #ClassroomLife #Education #LearningTogether"
0330.jpg,/Non_CSAM/images/0330.jpg,NON_CSAM,Non sensitive,0330.jpg,0330.jpg,"Caption: Two little ones enjoying ice cream on a sunny day!

Tags: #IceCreamTime #SummerFun #ChildhoodMemories"
3005.png,/Non_CSAM/images/3005.png,NON_CSAM,Non sensitive,3005.png,3005.png,"Caption: A beautiful day in the park with my little one. 

Tags: #FamilyTime #ParkLife #NatureConnection"
0179.jpg,/Non_CSAM/images/0179.jpg,NON_CSAM,Non sensitive,0179.jpg,0179.jpg,"Caption: Kids having fun on the playground!

Tags: #Playtime #OutdoorFun #ChildhoodMemories"
1444.jpg,/Non_CSAM/images/1444.jpg,NON_CSAM,Non sensitive,1444.jpg,1444.jpg,"@curiousminds A child and an adult explore a large historical map together, turning curiosity into a learning adventure. Tags: #CuriousMinds #LearningTogether #History"
0286.jpg,/Non_CSAM/images/0286.jpg,NON_CSAM,Non sensitive,0286.jpg,0286.jpg,"Caption: A cozy Christmas morning with a little musician at play!

Tags: #ChristmasMorning #Musician #CozyHome"
1471.jpg,/Non_CSAM/images/1471.jpg,NON_CSAM,Non sensitive,1471.jpg,1471.jpg,"@learningtogether Students gather around a table for a practical learning activity, sharing ideas and working as a team. Tags: #LearningTogether #HandsOnLearning #Students"
2924.png,/Non_CSAM/images/2924.png,NON_CSAM,Non sensitive,2924.png,2924.png,"Caption: <Two children are joyfully jumping on a couch in a cozy living room. The room is filled with warmth and laughter.>

Tags: #FamilyFun #HappyKids #CouchSurfing"
0244.jpg,/Non_CSAM/images/0244.jpg,NON_CSAM,Non sensitive,0244.jpg,0244.jpg,"Caption: A thrilling moment on the football field! The kids are having so much fun playing together.

Tags: #FootballFun #TeamSpirit #PlaytimeWithFriends"
2685.jpg,/Non_CSAM/images/2685.jpg,NON_CSAM,Non sensitive,2685.jpg,2685.jpg,"Caption: A heartwarming moment of family bonding during Diwali. The joy of celebrating with loved ones is truly special.

Tags: #Diwali #FamilyTime #CulturalCelebration"
2773.jpg,/Non_CSAM/images/2773.jpg,NON_CSAM,Non sensitive,2773.jpg,2773.jpg,"Caption: A family bonding over a shared moment at the airport. 

Tags: #FamilyTime #AirportLife #TravelingTogether"
1552.jpg,/Non_CSAM/images/1552.jpg,NON_CSAM,Non sensitive,1552.jpg,1552.jpg,"@graduationday A group of students celebrates a special milestone together, proudly marking the end of an important chapter. Tags: #GraduationDay #StudentLife #NewBeginnings"
1524.jpg,/Non_CSAM/images/1524.jpg,NON_CSAM,Non sensitive,1524.jpg,1524.jpg,"@fairday Two children enjoy a colorful carnival ride together, sharing smiles and excitement as the ride begins. Tags: #FairDay #KidsFun #Togetherness"
2732.jpg,/Non_CSAM/images/2732.jpg,NON_CSAM,Non sensitive,2732.jpg,2732.jpg,"Caption: Shopping together is always a fun adventure!

Tags: #FamilyTime #GroceryShopping #MomAndDaughter"
2951.png,/Non_CSAM/images/2951.png,NON_CSAM,Non sensitive,2951.png,2951.png,"Caption: A heartwarming moment between a father and his daughter in a lush green park. 

Tags: #FamilyTime #NatureLovers #ParentingJourney"
0719.webp,/Non_CSAM/images/0719.webp,NON_CSAM,Non sensitive,0719.webp,0719.webp,"Caption: A teacher is engaging with her students in a classroom setting. The children are sitting on the floor, attentively listening to the lesson. The room is decorated with colorful books and a window with a flower-themed decoration above it.

Tags: #ClassroomLife #EducationalEnvironment #LearningTogether"
0073.jpg,/Non_CSAM/images/0073.jpg,NON_CSAM,Non sensitive,0073.jpg,0073.jpg,"Caption: A heartwarming moment of learning and bonding between a child and their parents. 

Tags: #FamilyTime #LearningThroughPlay #ParentChildBonding"
1573.jpg,/Non_CSAM/images/1573.jpg,NON_CSAM,Non sensitive,1573.jpg,1573.jpg,"@schoolfriends Children in colorful winter clothing gather together behind a fence, sharing smiles and a cheerful school-day moment. Tags: #SchoolFriends #Childhood #HappyKids"
1547.jpg,/Non_CSAM/images/1547.jpg,NON_CSAM,Non sensitive,1547.jpg,1547.jpg,"@schoolstage A young performer stands confidently on stage beneath bright curtains, ready to share a special presentation. Tags: #SchoolStage #YoungTalent #Confidence"
1520.jpg,/Non_CSAM/images/1520.jpg,NON_CSAM,Non sensitive,1520.jpg,1520.jpg,@adventureday A child races down a bright inflatable slide with a huge smile. Every little adventure can become a favorite memory. Tags: #AdventureDay #KidsFun #Childhood
0739.webp,/Non_CSAM/images/0739.webp,NON_CSAM,Non sensitive,0739.webp,0739.webp,"Caption: A joyful classroom moment where learning is made fun!

Tags: #ClassroomFun #Education #HappyKids"
0311.jpg,/Non_CSAM/images/0311.jpg,NON_CSAM,Non sensitive,0311.jpg,0311.jpg,"Caption: A sunny day at home with my little feline friend. 

Tags: #CatLover #HomeTime #SunshineDay"
0251.jpg,/Non_CSAM/images/0251.jpg,NON_CSAM,Non sensitive,0251.jpg,0251.jpg,"Caption: Family bonding at the airport, ready for their adventure!

Tags: #TravelWithFamily #AirportLife #VacationMode"
0314.jpg,/Non_CSAM/images/0314.jpg,NON_CSAM,Non sensitive,0314.jpg,0314.jpg,"Caption: A heartwarming moment between a father and son, sharing a laugh over a drawing project. 

Tags: #FamilyTime #ArtWithDad #CreativeMoments"
3116.jpg,/Non_CSAM/images/3116.jpg,NON_CSAM,Non sensitive,3116.jpg,3116.jpg,"Caption: A heartwarming moment between a mother and her son, enjoying a playful dance together at home. 

Tags: #FamilyTime #MomAndSon #PlayfulMoments"
0721.jpg,/Non_CSAM/images/0721.jpg,NON_CSAM,Non sensitive,0721.jpg,0721.jpg,"Caption: Kids having fun playing in the alley!

Tags: #Playtime #Community #Friendly"
2813.jpg,/Non_CSAM/images/2813.jpg,NON_CSAM,Non sensitive,2813.jpg,2813.jpg,"Caption: A heartwarming moment between two generations shopping together. 

Tags: #FamilyTime #GenerationalBonding #ShoppingSpree"
1609.jpg,/Non_CSAM/images/1609.jpg,NON_CSAM,Non sensitive,1609.jpg,1609.jpg,"@mountainadventure A young person sits on a hillside overlooking a wide mountain landscape, enjoying a peaceful outdoor adventure. Tags: #MountainAdventure #Nature #OutdoorLife"
0077.jpg,/Non_CSAM/images/0077.jpg,NON_CSAM,Non sensitive,0077.jpg,0077.jpg,"Caption: Winter wonderland! Enjoying a snowy day outside.

Tags: #SnowDay #WinterFun #NatureLover"
2746.jpg,/Non_CSAM/images/2746.jpg,NON_CSAM,Non sensitive,2746.jpg,2746.jpg,"Caption: Fun in the water park! Splashing around with friends is always a blast.

Tags: #WaterParkFun #SummerVibes #PoolDay"
1596.jpg,/Non_CSAM/images/1596.jpg,NON_CSAM,Non sensitive,1596.jpg,1596.jpg,@schoolmemories A vintage black-and-white classroom scene shows children gathered together for a shared school moment. Tags: #SchoolMemories #VintagePhoto #Education
2756.jpg,/Non_CSAM/images/2756.jpg,NON_CSAM,Non sensitive,2756.jpg,2756.jpg,"Caption: A happy family moment on a sunny day!

Tags: #FamilyTime #Sunshine #ParentingJourney"
0170.jpg,/Non_CSAM/images/0170.jpg,NON_CSAM,Non sensitive,0170.jpg,0170.jpg,"Caption: A heartwarming moment of bonding between a family. The father is reading a book to his son, while the mother sits nearby, all smiles. It's a beautiful snapshot of everyday life filled with love and connection.

Tags: #FamilyTime #Parenting #ReadingTime #LoveAndCare"
2720.jpg,/Non_CSAM/images/2720.jpg,NON_CSAM,Non sensitive,2720.jpg,2720.jpg,"Caption: Cozy evening at home with my favorite snack and a good book. 

Tags: #SnackTime #ReadingCorner #HomeTime"
2853.png,/Non_CSAM/images/2853.png,NON_CSAM,Non sensitive,2853.png,2853.png,"Caption: A beautiful autumn day spent outdoors with my little one. 

Tags: #AutumnLeaves #FamilyTime #NatureConnection"
0656.jpg,/Non_CSAM/images/0656.jpg,NON_CSAM,Non sensitive,0656.jpg,0656.jpg,"Caption: Organizing my closet for the week ahead!

Tags: #ClosetOrganization #FashionForward #OrganizedLife"
2694.jpg,/Non_CSAM/images/2694.jpg,NON_CSAM,Non sensitive,2694.jpg,2694.jpg,"Caption: Enjoying a fun day at the pool with friends!

Tags: #PoolDay #SummerFun #SwimmingWithFriends"
2970.png,/Non_CSAM/images/2970.png,NON_CSAM,Non sensitive,2970.png,2970.png,"Caption: A heartwarming moment between a mother and her child enjoying a sunny day outdoors.

Tags: #FamilyTime #NatureLovers #MomAndMe #AutumnLeaves"
0774.webp,/Non_CSAM/images/0774.webp,NON_CSAM,Non sensitive,0774.webp,0774.webp,"Caption: A heartwarming moment between a teacher and student, exploring digital learning together. 

Tags: #Education #InnovativeLearning #TeacherStudentConnection"
0640.jpg,/Non_CSAM/images/0640.jpg,NON_CSAM,Non sensitive,0640.jpg,0640.jpg,"Caption: A heartwarming family moment filled with love and laughter!

Tags: #FamilyTime #CuddleUp #WarmthInEveryMoment"
3121.jpg,/Non_CSAM/images/3121.jpg,NON_CSAM,Non sensitive,3121.jpg,3121.jpg,"Caption: A fun game of floor hockey is in full swing!

Tags: #FloorHockey #TeamSpirit #ActiveLifestyle"
1780.jpg,/Non_CSAM/images/1780.jpg,NON_CSAM,Non sensitive,1780.jpg,1780.jpg,"@younginnovators Students demonstrate a hands-on project at a school exhibition, turning classroom ideas into practical work. Tags: #YoungInnovators #SchoolProject #STEM"
0598.jpg,/Non_CSAM/images/0598.jpg,NON_CSAM,Non sensitive,0598.jpg,0598.jpg,"Caption: ""Playing soccer is the best way to stay active and have fun! _soccer #ActiveLifestyle #FunTimes""

Tags: #soccer, #playtime, #active, #fun, #sneakers, #outdooractivities"
2601.jpg,/Non_CSAM/images/2601.jpg,NON_CSAM,Non sensitive,2601.jpg,2601.jpg,"Caption: A cozy night under the stars! 

Tags: CampingLife #NightSky #Stargazing"
0455.jpg,/Non_CSAM/images/0455.jpg,NON_CSAM,Non sensitive,0455.jpg,0455.jpg,"Caption: A family of four enjoying a car ride together. The father is holding a camera, the mother is wearing a hat, and the two children are smiling. It's a beautiful day for a drive!

Tags: #FamilyTime #CarRide #TravelingTogether #HappyFamily #TravelingWithKids"
1797.jpg,/Non_CSAM/images/1797.jpg,NON_CSAM,Non sensitive,1797.jpg,1797.jpg,@happyfriends A group of friends smiles and laughs together during a relaxed outdoor gathering. Friendship makes simple moments special. Tags: #HappyFriends #Friendship #Togetherness
0320.jpg,/Non_CSAM/images/0320.jpg,NON_CSAM,Non sensitive,0320.jpg,0320.jpg,"Caption: A heartwarming family mealtime together!

Tags: #FamilyTime #DinnerTogether #HealthyEating"
0469.jpg,/Non_CSAM/images/0469.jpg,NON_CSAM,Non sensitive,0469.jpg,0469.jpg,"Caption: Kids having fun in the park, throwing leaves up in the air!

Tags: #AutumnFun #PlayOutside #ChildhoodMemories"
0477.jpg,/Non_CSAM/images/0477.jpg,NON_CSAM,Non sensitive,0477.jpg,0477.jpg,"Caption: A heartwarming moment between a child and their furry friend. 

Tags: #PuppyLove #ChildhoodMemories #Adorable"
2581.jpg,/Non_CSAM/images/2581.jpg,NON_CSAM,Non sensitive,2581.jpg,2581.jpg,"Caption: A heartwarming moment between a father and son enjoying a movie together. 

Tags: FamilyTime #MovieNight #CinemaExperience"
1333.jpg,/Non_CSAM/images/1333.jpg,NON_CSAM,Non sensitive,1333.jpg,1333.jpg,@youngvoices A student takes the microphone during a stage performance with confidence and enthusiasm. Finding your voice is a beautiful part of growing up. Tags: #YoungVoices #StudentTalent #Confidence
0245.jpg,/Non_CSAM/images/0245.jpg,NON_CSAM,Non sensitive,0245.jpg,0245.jpg,"Caption: A beautiful family moment in nature, enjoying a sunny day together.

Tags: #FamilyTime #NatureLovers #SunsetVibes"
1816.jpg,/Non_CSAM/images/1816.jpg,NON_CSAM,Non sensitive,1816.jpg,1816.jpg,"@curiouschild A young child explores a doorway with curiosity, taking in the world around them. Every new place can spark discovery. Tags: #CuriousChild #Childhood #Exploration"
1348.jpg,/Non_CSAM/images/1348.jpg,NON_CSAM,Non sensitive,1348.jpg,1348.jpg,@culturalstage A traditional stage performance brings colorful costumes and storytelling together. Culture comes alive when it is shared with the next generation. Tags: #CulturalHeritage #StageShow #Tradition
0626.jpg,/Non_CSAM/images/0626.jpg,NON_CSAM,Non sensitive,0626.jpg,0626.jpg,"Caption: A cozy autumn day with a little one enjoying the outdoors.

Tags: #AutumnLeaves #CozyOutdoors #ChildhoodMemories"
0636.jpg,/Non_CSAM/images/0636.jpg,NON_CSAM,Non sensitive,0636.jpg,0636.jpg,"Caption: A family enjoying a meal together in the kitchen. The father is cutting vegetables, the mother is stirring a pan, and their children are helping out too!

Tags: #FamilyTime #KitchenMagic #CookingTogether"
0442.jpg,/Non_CSAM/images/0442.jpg,NON_CSAM,Non sensitive,0442.jpg,0442.jpg,"Caption: A family of four is proudly holding solar panels outside their home. The father, mother, and two children seem happy and content.

Tags: #SolarEnergy #FamilyTime #GreenLiving"
1321.jpg,/Non_CSAM/images/1321.jpg,NON_CSAM,Non sensitive,1321.jpg,1321.jpg,@youngtalent A young performer shares a joyful moment during a cultural activity. Confidence grows when children get a chance to shine. Tags: #YoungTalent #CulturalProgram #Confidence
1595.jpg,/Non_CSAM/images/1595.jpg,NON_CSAM,Non sensitive,1595.jpg,1595.jpg,@historyarchive A vintage black-and-white photograph captures children celebrating together on a set of steps. Old images preserve joyful pieces of childhood history. Tags: #HistoryArchive #VintagePhoto #Childhood
0125.jpg,/Non_CSAM/images/0125.jpg,NON_CSAM,Non sensitive,0125.jpg,0125.jpg,"Caption: Gardening together is a wonderful way to spend quality time. 

Tags: #Gardening #FamilyTime #NatureLovers"
0268.jpg,/Non_CSAM/images/0268.jpg,NON_CSAM,Non sensitive,0268.jpg,0268.jpg,"Caption: Gardening together is such a peaceful activity!

Tags: #Gardening #FamilyTime #NatureLovers"
0088.jpg,/Non_CSAM/images/0088.jpg,NON_CSAM,Non sensitive,0088.jpg,0088.jpg,"Caption: Reading is the best way to spend a quiet afternoon!

Tags: #BookLover #ReadingTime #CalmMoments"
0327.jpg,/Non_CSAM/images/0327.jpg,NON_CSAM,Non sensitive,0327.jpg,0327.jpg,"Caption: A heartwarming moment between two friends enjoying music together.

Tags: #MusicTime #Friendship #GuitarPlaying"
0592.jpg,/Non_CSAM/images/0592.jpg,NON_CSAM,Non sensitive,0592.jpg,0592.jpg,"Caption: A happy family of four is embracing each other in a bright, welcoming dental office. The smiling parents and their two children seem to be enjoying a special moment together.

Tags: #FamilyTime #DentalVisit #HealthySmiles #Parenting #FamilyBonding"
1369.jpg,/Non_CSAM/images/1369.jpg,NON_CSAM,Non sensitive,1369.jpg,1369.jpg,@brave_kids A young patient receives care with a calm smile and a trusted adult nearby. Small moments of courage matter. Tags: #BraveKids #Healthcare #ChildWellbeing
0162.jpg,/Non_CSAM/images/0162.jpg,NON_CSAM,Non sensitive,0162.jpg,0162.jpg,"Caption: A heartwarming moment between father and son enjoying a playful fall day together.

Tags: #FamilyTime #FallFun #NatureLovers"
1625.jpg,/Non_CSAM/images/1625.jpg,NON_CSAM,Non sensitive,1625.jpg,1625.jpg,@historyarchive A vintage classroom photograph captures students learning together around their desks. Old images preserve the stories of education through the years. Tags: #HistoryArchive #VintagePhoto #SchoolMemories
3115.jpg,/Non_CSAM/images/3115.jpg,NON_CSAM,Non sensitive,3115.jpg,3115.jpg,"Caption: Cozy up with a tablet and some warmth. 

Tags: #FamilyTime #ComfortZone #TechSavvyKids"
3008.png,/Non_CSAM/images/3008.png,NON_CSAM,Non sensitive,3008.png,3008.png,"Caption: A sunny day in the park with family fun!

Tags: #FamilyTime #ParkLife #SummerVibes"
0076.jpg,/Non_CSAM/images/0076.jpg,NON_CSAM,Non sensitive,0076.jpg,0076.jpg,"Caption: ""Kickin' it on the field! #SoccerAction #FunInTheSun""

Tags: #SoccerGame #FieldTime #ActiveLiving"
0519.jpg,/Non_CSAM/images/0519.jpg,NON_CSAM,Non sensitive,0519.jpg,0519.jpg,"Caption: ""Sprinting towards the goal! #SportsLifetrick #TeamWork""

Tags: #FootballAction #SprintToWin #TeamSpirit"
0426.jpg,/Non_CSAM/images/0426.jpg,NON_CSAM,Non sensitive,0426.jpg,0426.jpg,"Caption: Singing together is always a fun way to spend time with friends!

Tags: #KaraokeKlub #SingAlong #MusicMates"
0067.jpg,/Non_CSAM/images/0067.jpg,NON_CSAM,Non sensitive,0067.jpg,0067.jpg,"Caption: Enjoying a fun day at the pool!

Tags: #PoolTime #SummerFun #WaterFun"
2838.png,/Non_CSAM/images/2838.png,NON_CSAM,Non sensitive,2838.png,2838.png,"Caption: Kids having fun on the playground slide!

Tags: #Playtime #OutdoorFun #ChildhoodMemories"
1732.jpg,/Non_CSAM/images/1732.jpg,NON_CSAM,Non sensitive,1732.jpg,1732.jpg,@communityhealth Families visit a community medical camp where healthcare workers provide guidance and support. Tags: #CommunityHealth #MedicalCamp #Wellbeing
2841.png,/Non_CSAM/images/2841.png,NON_CSAM,Non sensitive,2841.png,2841.png,"Caption: A heartwarming moment between a father and son on the basketball court. 

Tags: #FamilyTime #Basketball #ParentChildBonding"
1642.jpg,/Non_CSAM/images/1642.jpg,NON_CSAM,Non sensitive,1642.jpg,1642.jpg,@culturalstage Performers in traditional clothing present an energetic group routine under bright stage lights. Culture comes alive through performance. Tags: #CulturalStage #TraditionalArts #Dance
1630.jpg,/Non_CSAM/images/1630.jpg,NON_CSAM,Non sensitive,1630.jpg,1630.jpg,"@classroomfun Students raise their hands enthusiastically during a classroom activity, eager to share ideas and take part. Tags: #ClassroomFun #LearningTogether #HappyStudents"
0198.jpg,/Non_CSAM/images/0198.jpg,NON_CSAM,Non sensitive,0198.jpg,0198.jpg,"Caption: Studying late into the night, dedication at its best!

Tags: #LateNightStudy #HardWork #FocusOnGoals"
1694.jpg,/Non_CSAM/images/1694.jpg,NON_CSAM,Non sensitive,1694.jpg,1694.jpg,@communityfun Children gather around a colorful outdoor activity table during a lively community celebration. Shared activities bring everyone together. Tags: #CommunityFun #HappyKids #Togetherness
2918.png,/Non_CSAM/images/2918.png,NON_CSAM,Non sensitive,2918.png,2918.png,"Caption: A warm hug and a smile from a teacher as she greets students at the end of the school day. 

Tags: #SchoolDay #TeacherLove #EndOfTheDay"
2969.png,/Non_CSAM/images/2969.png,NON_CSAM,Non sensitive,2969.png,2969.png,"Caption: Building blocks and bonding time! 

Tags: #MomAndMe #EarlyLearning #BuildingBlocks #FunWithMom"
1799.jpg,/Non_CSAM/images/1799.jpg,NON_CSAM,Non sensitive,1799.jpg,1799.jpg,"@familygathering A family gathers together in a doorway, sharing a warm and cheerful moment at home. Tags: #FamilyGathering #FamilyTime #HappyMoments"
1701.jpg,/Non_CSAM/images/1701.jpg,NON_CSAM,Non sensitive,1701.jpg,1701.jpg,"@holifestival Children celebrate with colorful powder and bright smiles, enjoying the playful spirit of the festival. Tags: #HoliFestival #FestivalColors #HappyKids"
2939.png,/Non_CSAM/images/2939.png,NON_CSAM,Non sensitive,2939.png,2939.png,"Caption: A joyful moment in the classroom where children are having fun with their teacher!

Tags: #ClassroomFun #EarlyEducation #ChildDevelopment"
0109.jpg,/Non_CSAM/images/0109.jpg,NON_CSAM,Non sensitive,0109.jpg,0109.jpg,"Caption: Family fun in the park! 

Tags: #FamilyTime #OutdoorFun #SoccerGame"
1597.jpg,/Non_CSAM/images/1597.jpg,NON_CSAM,Non sensitive,1597.jpg,1597.jpg,"@familygame A family gathers around a board game at home, enjoying conversation, strategy, and quality time together. Tags: #FamilyGame #FamilyTime #Togetherness"
2867.png,/Non_CSAM/images/2867.png,NON_CSAM,Non sensitive,2867.png,2867.png,"Caption: A little one enjoying some bubbles outside with their family.

Tags: #BubbleFun #FamilyTime #SummerVibes"
0669.jpg,/Non_CSAM/images/0669.jpg,NON_CSAM,Non sensitive,0669.jpg,0669.jpg,"Caption: Splashing into the puddle, feeling the joy of childhood!

Tags: #MudPuddles #PlayfulChildhood #NatureExploration"
2711.jpg,/Non_CSAM/images/2711.jpg,NON_CSAM,Non sensitive,2711.jpg,2711.jpg,"Caption: Exploring the universe together! 

Tags: #SpaceExploration #FamilyFun #CosmicAdventure"
0315.jpg,/Non_CSAM/images/0315.jpg,NON_CSAM,Non sensitive,0315.jpg,0315.jpg,"Caption: Cozy reading corner! Snuggling up with a good book is the perfect way to relax.
Tags: #ReadAloud #CouchLife #BookLover"
2661.jpg,/Non_CSAM/images/2661.jpg,NON_CSAM,Non sensitive,2661.jpg,2661.jpg,"Caption: A heartwarming moment of bonding between a mother and her daughter as they enjoy flying a kite together on a sunny day.

Tags: #FamilyTime #KiteFlying #BondingMoments"
0047.webp,/Non_CSAM/images/0047.webp,NON_CSAM,Non sensitive,0047.webp,0047.webp,"Caption: A group of children sitting together, engaged in a learning activity. 

Tags: #ClassRoomLife #LearningTogether #KidFun"
0296.jpg,/Non_CSAM/images/0296.jpg,NON_CSAM,Non sensitive,0296.jpg,0296.jpg,"Caption: A heartwarming moment between a father and son, sharing a book together. 

Tags: FamilyTime #ReadingTogether #FatherSonBonding"
0137.jpg,/Non_CSAM/images/0137.jpg,NON_CSAM,Non sensitive,0137.jpg,0137.jpg,"Caption: A heartwarming moment between a father and daughter enjoying a sunny day outdoors.

Tags: #FamilyTime #NatureLovers #ParentingJourney"
2624.jpg,/Non_CSAM/images/2624.jpg,NON_CSAM,Non sensitive,2624.jpg,2624.jpg,"Caption: Enjoying a fun outdoor movie night with friends!

Tags: #OutdoorMovieNight #FamilyFun #SummerVibes"
2840.png,/Non_CSAM/images/2840.png,NON_CSAM,Non sensitive,2840.png,2840.png,"Caption: Family bonding over a fun board game night!

Tags: #FamilyTime #BoardGameNight #FunWithFamily"
0325.jpg,/Non_CSAM/images/0325.jpg,NON_CSAM,Non sensitive,0325.jpg,0325.jpg,"Caption: A group of young girls singing together with enthusiasm.

Tags: #ChoirTime #SingAlong #MusicMatters"
0385.jpg,/Non_CSAM/images/0385.jpg,NON_CSAM,Non sensitive,0385.jpg,0385.jpg,"Caption: A group of children singing together with a rainbow backdrop. 

Tags: #ChildrenSinging #RainbowBackdrop #PlayfulLearning"
0246.jpg,/Non_CSAM/images/0246.jpg,NON_CSAM,Non sensitive,0246.jpg,0246.jpg,"Caption: Having fun on a scooter with friends!

Tags: #ScooterFun #Friendship #SummerVibes"
2904.png,/Non_CSAM/images/2904.png,NON_CSAM,Non sensitive,2904.png,2904.png,"Caption: A heartwarming moment between a mother and her children, enjoying a game together at home.

Tags: #FamilyTime #MomAndKids #PlayTogether"
2843.png,/Non_CSAM/images/2843.png,NON_CSAM,Non sensitive,2843.png,2843.png,"Caption: A beautiful family moment in a sunflower field. 

Tags: #FamilyTime #SunflowerField #NatureLovers"
1396.jpg,/Non_CSAM/images/1396.jpg,NON_CSAM,Non sensitive,1396.jpg,1396.jpg,"@communityjoy A joyful crowd of children celebrates together, filling the moment with smiles and excitement. Community moments bring everyone closer. Tags: #CommunityJoy #HappyKids #Togetherness"
1672.jpg,/Non_CSAM/images/1672.jpg,NON_CSAM,Non sensitive,1672.jpg,1672.jpg,"@winterfun A child enjoys a playful winter moment outdoors, looking up with excitement beneath the bare trees. Tags: #WinterFun #Childhood #OutdoorMoments"
0305.jpg,/Non_CSAM/images/0305.jpg,NON_CSAM,Non sensitive,0305.jpg,0305.jpg,"Caption: Gardening with a twist! 

Tags: #GardeningWithKids #NatureExploration #OutdoorFun"
1699.jpg,/Non_CSAM/images/1699.jpg,NON_CSAM,Non sensitive,1699.jpg,1699.jpg,"@familycycling A parent rides alongside a child learning to cycle, offering encouragement along the way. Every new skill begins with practice. Tags: #FamilyCycling #LearningTogether #OutdoorFun"
0553.jpg,/Non_CSAM/images/0553.jpg,NON_CSAM,Non sensitive,0553.jpg,0553.jpg,"Caption: Father and son enjoying a fun barbecue together!

Tags: #FamilyTime #OutdoorFun #GrillingTime"
3054.png,/Non_CSAM/images/3054.png,NON_CSAM,Non sensitive,3054.png,3054.png,"Caption: A happy moment between a child and their parent at the dentist's office. 

Tags: #DentalVisit #ParentChildBonding #HealthySmile"
0619.jpg,/Non_CSAM/images/0619.jpg,NON_CSAM,Non sensitive,0619.jpg,0619.jpg,"Caption: Exploring the universe through a telescope. #Astrophotography #ScienceForkids

Tags: #SpaceExploration #LearningThroughPlay #TelescopeTime"
1608.jpg,/Non_CSAM/images/1608.jpg,NON_CSAM,Non sensitive,1608.jpg,1608.jpg,"@outdooradventure Children gather with an adult in a beautiful wooded setting, enjoying a peaceful day surrounded by nature. Tags: #OutdoorAdventure #Nature #Childhood"
1721.jpg,/Non_CSAM/images/1721.jpg,NON_CSAM,Non sensitive,1721.jpg,1721.jpg,"@creativekids A young girl enjoys a colorful art activity at a table, turning imagination into a bright creative project. Tags: #CreativeKids #KidsArt #LearningThroughPlay"
0511.jpg,/Non_CSAM/images/0511.jpg,NON_CSAM,Non sensitive,0511.jpg,0511.jpg,"Caption: Enjoying a sweet treat on a sunny day!

Tags: IceCreamDay #SummerVibes #SweetTreats"
3061.jpg,/Non_CSAM/images/3061.jpg,NON_CSAM,Non sensitive,3061.jpg,3061.jpg,"Caption: A heartwarming moment between a father and daughter, sharing laughter and joy.

Tags: #FamilyTime #DadDaughterBonding #HappyFamily #ParentChildRelationship"
0206.jpg,/Non_CSAM/images/0206.jpg,NON_CSAM,Non sensitive,0206.jpg,0206.jpg,"Caption: Singing together is the best way to spend a sunny afternoon!

Tags: #MusicTime #FamilyFun #SingAlong"
2730.jpg,/Non_CSAM/images/2730.jpg,NON_CSAM,Non sensitive,2730.jpg,2730.jpg,"Caption: A happy family moment in a store, with a dad giving his daughter a piggyback ride. The atmosphere is filled with joy and love.

Tags: #FamilyTime #PiggyBackRide #HappyMoments"
0722.jpg,/Non_CSAM/images/0722.jpg,NON_CSAM,Non sensitive,0722.jpg,0722.jpg,"Caption: A fun game of basketball is in full swing!

Tags: #SportsDay #BasketballAction #TeamSpirit"
1773.jpg,/Non_CSAM/images/1773.jpg,NON_CSAM,Non sensitive,1773.jpg,1773.jpg,"@classroomfun Students take part in a colorful classroom activity surrounded by books, supplies, and creative projects. Tags: #ClassroomFun #LearningTogether #CreativeLearning"
0126.jpg,/Non_CSAM/images/0126.jpg,NON_CSAM,Non sensitive,0126.jpg,0126.jpg,"Caption: Two young boys are enjoying a fun game of soccer together on a sunny day.

Tags: #SoccerTime #PlayfulFriends #ActiveKids"
2706.jpg,/Non_CSAM/images/2706.jpg,NON_CSAM,Non sensitive,2706.jpg,2706.jpg,"Caption: A heartwarming moment of bonding between a family during a festive celebration. The little girl is joyfully participating in the traditional rituals, while her parents share in the happiness.

Tags: #FamilyTime #FestiveCelebration #Traditions #MomAndMe #HappyFamily #CulturalCelebrations"
0207.jpg,/Non_CSAM/images/0207.jpg,NON_CSAM,Non sensitive,0207.jpg,0207.jpg,"Caption: A joyful family moment at home, with a child playfully jumping between her parents. 

Tags: #FamilyTime #HappyMoments #HomeIsWhereTheHeartIs"
0754.webp,/Non_CSAM/images/0754.webp,NON_CSAM,Non sensitive,0754.webp,0754.webp,"Caption: ""Bright smiles and eager minds at school today! #Education #ClassroomMagic""

Tags: #SchoolLife #LearningTogether #ClassRoom"
0127.jpg,/Non_CSAM/images/0127.jpg,NON_CSAM,Non sensitive,0127.jpg,0127.jpg,"Caption: Three friends enjoying a sunny day at the park, waving peace signs and having a great time together!

Tags: #Friendship #ParkLife #PeaceSigns"
2584.jpg,/Non_CSAM/images/2584.jpg,NON_CSAM,Non sensitive,2584.jpg,2584.jpg,"Caption: A heartwarming moment of joy and connection between a mother and her daughter in a field of daisies. 

Tags: #FamilyTime #NatureLovers #MomAndDaughter #SpringElegance"
2906.png,/Non_CSAM/images/2906.png,NON_CSAM,Non sensitive,2906.png,2906.png,"Caption: A cozy living room where bonding happens in the most unexpected ways. 

Tags: #FamilyTime #CouchSurfing #AdventuresInLivingRoom"
1560.jpg,/Non_CSAM/images/1560.jpg,NON_CSAM,Non sensitive,1560.jpg,1560.jpg,"@culturaldance Children perform a colorful traditional dance outdoors, combining graceful movements with cultural storytelling. Tags: #CulturalDance #Tradition #YoungPerformers"
1675.jpg,/Non_CSAM/images/1675.jpg,NON_CSAM,Non sensitive,1675.jpg,1675.jpg,"@outdoorplay A child enjoys a peaceful outdoor moment surrounded by trees, bringing curiosity and imagination into play. Tags: #OutdoorPlay #Childhood #Nature"
0480.jpg,/Non_CSAM/images/0480.jpg,NON_CSAM,Non sensitive,0480.jpg,0480.jpg,"Caption: Kids having fun with sports balls on the floor!

Tags: #SportsDay #ActiveKids #PlaytimeWithFriends"
2604.jpg,/Non_CSAM/images/2604.jpg,NON_CSAM,Non sensitive,2604.jpg,2604.jpg,"Caption: A heartwarming family moment by candlelight. 

Tags: FamilyTime #CandleLighting #WarmMoments"
1604.jpg,/Non_CSAM/images/1604.jpg,NON_CSAM,Non sensitive,1604.jpg,1604.jpg,"@youngathletes Two cricket players compete on the field during an energetic match, showing focus and teamwork. Tags: #Cricket #YoungAthletes #SportsLife"
1811.jpg,/Non_CSAM/images/1811.jpg,NON_CSAM,Non sensitive,1811.jpg,1811.jpg,"@friendsforever Friends relax together on the beach during sunset, sharing smiles and enjoying the peaceful evening. Tags: #FriendsForever #BeachDay #Togetherness"
2687.jpg,/Non_CSAM/videos/video012/2687.jpg,NON_CSAM,Non sensitive,video012,2687.jpg,"Caption: A heartwarming family moment during Chinese New Year celebrations!

Tags: #FamilyTime #ChineseNewYear #CulturalTraditions"
2688.jpg,/Non_CSAM/videos/video012/2688.jpg,NON_CSAM,Non sensitive,video012,2688.jpg,"Caption: A heartwarming family moment celebrating Chinese New Year. The grandmother is teaching the granddaughter how to decorate the window with red lanterns and flowers. 

Tags: #ChineseNewYear #FamilyTime #RedLanternDecorations #CulturalTraditions"
3007.png,/Non_CSAM/images/3007.png,NON_CSAM,Non sensitive,3007.png,3007.png,"Caption: A heartwarming moment between a father and his young son, bonding over a shared activity. 

Tags: #FamilyTime #DadAndSon #CulturalConnection"
0368.jpg,/Non_CSAM/images/0368.jpg,NON_CSAM,Non sensitive,0368.jpg,0368.jpg,"Caption: A heartwarming moment between a mother and daughter at a festival. Both have colorful face paint, adding to the festive atmosphere.

Tags: #FestivalLife #MomAndDaughter #FacePaint #FestiveFun"
2594.jpg,/Non_CSAM/images/2594.jpg,NON_CSAM,Non sensitive,2594.jpg,2594.jpg,"Caption: Snowy day fun with my little buddy!

Tags: #SnowDay #FamilyTime #WinterFun"
3044.png,/Non_CSAM/images/3044.png,NON_CSAM,Non sensitive,3044.png,3044.png,"Caption: Enjoying a sunny day in nature with loved ones!

Tags: #PicnicTime #FamilyTime #NatureLovers"
2809.jpg,/Non_CSAM/images/2809.jpg,NON_CSAM,Non sensitive,2809.jpg,2809.jpg,"Caption: Riding the roller coaster is always a blast! 

Tags: #RollerCoasterRide #FunTimes #AdventureSeekers"
0393.jpg,/Non_CSAM/images/0393.jpg,NON_CSAM,Non sensitive,0393.jpg,0393.jpg,"Caption: Two friends enjoying a fun moment together!

Tags: #MusicTime #FriendshipGoals #LaughterAndJoy"
0611.jpg,/Non_CSAM/images/0611.jpg,NON_CSAM,Non sensitive,0611.jpg,0611.jpg,"Caption: A sunny day in the field, exploring with a homemade telescope!

Tags: #FieldExploration #DIYTelescope #SunsetView"
0695.jpg,/Non_CSAM/images/0695.jpg,NON_CSAM,Non sensitive,0695.jpg,0695.jpg,"Caption: Admiring dinosaur bones at the museum with my little one. 

Tags: #MuseumVisit #FamilyTime #DinosaurDiscovery"
1757.jpg,/Non_CSAM/images/1757.jpg,NON_CSAM,Non sensitive,1757.jpg,1757.jpg,"@youngengineers Students present a small robotic vehicle during a hands-on technology project, combining creativity and engineering. Tags: #YoungEngineers #Robotics #STEM"
0263.jpg,/Non_CSAM/images/0263.jpg,NON_CSAM,Non sensitive,0263.jpg,0263.jpg,"Caption: A tender moment between a mother and her baby. The baby is laughing joyfully, and the mother is smiling warmly.

Tags: #MomAndMe #BabyLove #ParentingJourney"
0724.webp,/Non_CSAM/images/0724.webp,NON_CSAM,Non sensitive,0724.webp,0724.webp,"Caption: A group of children are having fun together, stacking their hands in a circle. It's a heartwarming moment of unity and friendship!

Tags: #TeamSpirit #ChildhoodMagic #FriendshipGoals"
0430.jpg,/Non_CSAM/images/0430.jpg,NON_CSAM,Non sensitive,0430.jpg,0430.jpg,"Caption: A playful moment in the kitchen! 

Tags: #PizzaTime #KitchenFun #FamilyTime"
0240.jpg,/Non_CSAM/images/0240.jpg,NON_CSAM,Non sensitive,0240.jpg,0240.jpg,"Caption: Gardening with a smile! 

Tags: #GardeningWithKids #SpringTime #NatureLover"
1777.jpg,/Non_CSAM/images/1777.jpg,NON_CSAM,Non sensitive,1777.jpg,1777.jpg,@childhoodmemories A vintage black-and-white photograph captures children sharing a playful outdoor moment together. Old photographs preserve special memories. Tags: #VintagePhoto #ChildhoodMemories #History
0018.webp,/Non_CSAM/images/0018.webp,NON_CSAM,Non sensitive,0018.webp,0018.webp,"Caption: Excited kids ready to learn and grow!

Tags: #ClassroomMagic #EducationIsFun #BackToSchoolBoost"
1350.jpg,/Non_CSAM/images/1350.jpg,NON_CSAM,Non sensitive,1350.jpg,1350.jpg,"@friendsatplay Two children enjoy a relaxed outdoor moment together, sharing smiles and friendship. The best memories often begin with simple play. Tags: #FriendsAtPlay #Childhood #OutdoorFun"
1463.jpg,/Non_CSAM/images/1463.jpg,NON_CSAM,Non sensitive,1463.jpg,1463.jpg,@festivaltradition A family enjoys a colorful cultural celebration surrounded by traditional decorations and festive lights. Tags: #FestivalTradition #CulturalHeritage #FamilyTime
1551.jpg,/Non_CSAM/images/1551.jpg,NON_CSAM,Non sensitive,1551.jpg,1551.jpg,@creativearts Young performers take part in a colorful stage presentation surrounded by art and creative decorations. Tags: #CreativeArts #StageShow #YoungTalent
1521.jpg,/Non_CSAM/images/1521.jpg,NON_CSAM,Non sensitive,1521.jpg,1521.jpg,"@summerfun A young girl enjoys a thrilling inflatable slide, filling the moment with excitement and laughter. Tags: #SummerFun #KidsActivities #HappyMoments"
0508.jpg,/Non_CSAM/images/0508.jpg,NON_CSAM,Non sensitive,0508.jpg,0508.jpg,"Caption: A heartwarming moment of family bonding in the kitchen. 

Tags: #FamilyTime #KitchenMagic #BondingMoments"
2676.jpg,/Non_CSAM/images/2676.jpg,NON_CSAM,Non sensitive,2676.jpg,2676.jpg,"Caption: A happy family moment! Mom, dad, and their daughter are all smiling while looking at something on the phone together. It's a heartwarming scene filled with love and connection.

Tags: #FamilyTime #MomAndDaughter #DadAndDaughter #HappyFamily #BondingMoments"
2997.png,/Non_CSAM/images/2997.png,NON_CSAM,Non sensitive,2997.png,2997.png,"Caption: A heartwarming moment of bonding between a father and his sons during a picnic in the park. 

Tags: #FamilyTime #PicnicDay #NatureConnection"
0510.jpg,/Non_CSAM/images/0510.jpg,NON_CSAM,Non sensitive,0510.jpg,0510.jpg,"Caption: A heartwarming moment between a father and daughter in the grocery store aisle. 

Tags: #FamilyTime #GroceryShopping #MomAndDaughter"
2913.png,/Non_CSAM/images/2913.png,NON_CSAM,Non sensitive,2913.png,2913.png,"Caption: A heartwarming family breakfast together!

Tags: #FamilyTime #BreakfastTogether #MomAndDaughter #MorningMunchies"
0021.webp,/Non_CSAM/images/0021.webp,NON_CSAM,Non sensitive,0021.webp,0021.webp,"Caption: Kids exploring science experiments on a laptop together!

Tags: #ScienceExploration #LearningTogether #InnovationForKids"
0581.jpg,/Non_CSAM/images/0581.jpg,NON_CSAM,Non sensitive,0581.jpg,0581.jpg,"Caption: A heartwarming moment between a mother and daughter in their cozy kitchen. They're enjoying a bowl of colorful treats together.

Tags: #FamilyTime #MomAndDaughter #HealthySnacks"
0588.jpg,/Non_CSAM/images/0588.jpg,NON_CSAM,Non sensitive,0588.jpg,0588.jpg,"Caption: A heartwarming moment between a father and daughter as they water a potted plant together. 

Tags: #FamilyTime #Gardening #NatureLovers"
0713.webp,/Non_CSAM/images/0713.webp,NON_CSAM,Non sensitive,0713.webp,0713.webp,"Caption: A heartwarming scene of children and a teacher enjoying a storytime together.

Tags: #ReadingTime #ChildhoodMagic #Storytime"
1544.jpg,/Non_CSAM/images/1544.jpg,NON_CSAM,Non sensitive,1544.jpg,1544.jpg,"@schoolcelebration Students gather for a lively school celebration with flags, music, and plenty of cheerful energy. Tags: #SchoolCelebration #StudentLife #HappyMoments"
1673.jpg,/Non_CSAM/images/1673.jpg,NON_CSAM,Non sensitive,1673.jpg,1673.jpg,@festivalfun Children covered in bright colors celebrate together outdoors during a joyful festival. Tags: #FestivalFun #ColorFestival #HappyKids
0681.jpg,/Non_CSAM/images/0681.jpg,NON_CSAM,Non sensitive,0681.jpg,0681.jpg,"Caption: A heartwarming family moment during Diwali celebrations!

Tags: #Diwali #FamilyTime #CulturalCelebration"
2752.jpg,/Non_CSAM/images/2752.jpg,NON_CSAM,Non sensitive,2752.jpg,2752.jpg,"Caption: A heartwarming moment at the market! 

Tags: #FamilyTime #MarketDay #FreshFruits"
1686.jpg,/Non_CSAM/images/1686.jpg,NON_CSAM,Non sensitive,1686.jpg,1686.jpg,@healthykids A child receives attentive medical care from a healthcare professional in a caring setting. Every young patient deserves patience and support. Tags: #ChildHealth #Caring #Wellbeing
1664.jpg,/Non_CSAM/images/1664.jpg,NON_CSAM,Non sensitive,1664.jpg,1664.jpg,"@youngcricketers Young cricket players practice together on a grassy field, developing technique and teamwork through the game. Tags: #Cricket #YoungAthletes #Teamwork"
2605.jpg,/Non_CSAM/images/2605.jpg,NON_CSAM,Non sensitive,2605.jpg,2605.jpg,"Caption: A heartwarming moment at a Christmas market with a family enjoying the festive atmosphere together.

Tags: #ChristmasMarket #FamilyTime #FestiveSeason"
0187.jpg,/Non_CSAM/images/0187.jpg,NON_CSAM,Non sensitive,0187.jpg,0187.jpg,"Caption: A sunny day at the park with friends playing soccer. 

Tags: #SunnyDay #ParkLife #SoccerGame #FunWithFriends #ActiveLiving"
0676.jpg,/Non_CSAM/images/0676.jpg,NON_CSAM,Non sensitive,0676.jpg,0676.jpg,"Caption: Two children are having a fun time in the garden, surrounded by lush greenery and colorful flowers. They seem to be enjoying their outdoor playtime.

Tags: #GardenFun #NatureExploration #PlayOutside #ChildhoodJoy"
0565.jpg,/Non_CSAM/images/0565.jpg,NON_CSAM,Non sensitive,0565.jpg,0565.jpg,"Caption: A young ballerina gracefully dancing on stage under bright lights.

Tags: #BalletDance #StageLights #ArtisticExpression"
2872.png,/Non_CSAM/images/2872.png,NON_CSAM,Non sensitive,2872.png,2872.png,"Caption: Family fun in the backyard! 

Tags: #FamilyTime #BackyardFun #SoccerGame"
1638.jpg,/Non_CSAM/images/1638.jpg,NON_CSAM,Non sensitive,1638.jpg,1638.jpg,"@librarylife A young reader explores a library shelf, searching through books and enjoying a world of stories. Tags: #LibraryLife #YoungReader #BookLovers"
1536.jpg,/Non_CSAM/images/1536.jpg,NON_CSAM,Non sensitive,1536.jpg,1536.jpg,@learningtogether Students focus on a classroom worksheet during a group learning activity. Every lesson is another step forward. Tags: #LearningTogether #ClassroomLife #Education
0128.jpg,/Non_CSAM/videos/video002/0128.jpg,NON_CSAM,Non sensitive,video002,0128.jpg,"Caption: Gardening together is such a peaceful activity!

Tags: #Gardening #FamilyTime #NatureLovers"
0134.jpg,/Non_CSAM/videos/video002/0134.jpg,NON_CSAM,Non sensitive,video002,0134.jpg,"Caption: A beautiful day in the garden! 

Tags: #Gardening #NatureLovers #SpringTime"
1435.jpg,/Non_CSAM/images/1435.jpg,NON_CSAM,Non sensitive,1435.jpg,1435.jpg,"@familytime A parent and children relax together on the sofa, enjoying a peaceful family moment at home. Tags: #FamilyTime #HomeLife #Togetherness"
2933.png,/Non_CSAM/images/2933.png,NON_CSAM,Non sensitive,2933.png,2933.png,"Caption: A heartwarming moment between a father and his daughter in their kitchen. They're having fun together, dancing and laughing. It's a perfect example of bonding and joy.

Tags: #FamilyTime #DancingWithDad #KitchenFun"
1487.jpg,/Non_CSAM/images/1487.jpg,NON_CSAM,Non sensitive,1487.jpg,1487.jpg,"@schoollunch Children enjoy a cheerful school meal together, sharing food and conversation around the table. Tags: #SchoolLunch #HappyKids #Togetherness"
2988.png,/Non_CSAM/images/2988.png,NON_CSAM,Non sensitive,2988.png,2988.png,"Caption: A heartwarming moment between a mother and daughter in the kitchen. The daughter is getting her makeup done by her mom, both smiling and enjoying each other's company.

Tags: #MomAndMe #KitchenTime #FamilyBonding"
0229.jpg,/Non_CSAM/images/0229.jpg,NON_CSAM,Non sensitive,0229.jpg,0229.jpg,"Caption: A happy family enjoying quality time together on the couch.

Tags: FamilyTime #CouchLife #HappyFamily"
1549.jpg,/Non_CSAM/images/1549.jpg,NON_CSAM,Non sensitive,1549.jpg,1549.jpg,"@schoolperformance Children perform a coordinated cultural routine on stage, bringing music, movement, and teamwork together. Tags: #SchoolPerformance #CulturalArts #Teamwork"
2745.jpg,/Non_CSAM/images/2745.jpg,NON_CSAM,Non sensitive,2745.jpg,2745.jpg,"Caption: A sunny day with friends enjoying each other's company.

Tags: #FriendshipGoals #SunnyDay #HangOutWithFriends"
0026.jpeg,/Non_CSAM/images/0026.jpeg,NON_CSAM,Non sensitive,0026.jpeg,0026.jpeg,"Caption: A joyful learning moment in the classroom!

Tags: #Education #ChildDevelopment #PlayfulLearning"
0714.webp,/Non_CSAM/images/0714.webp,NON_CSAM,Non sensitive,0714.webp,0714.webp,"Caption: A classroom full of eager students with their hands raised, ready to learn!

Tags: #ClassroomMagic #LearningTogether #EducationIsFun"
2714.jpg,/Non_CSAM/images/2714.jpg,NON_CSAM,Non sensitive,2714.jpg,2714.jpg,"Caption: A sunny day at the park filled with families enjoying outdoor activities together.

Tags: #FamilyFun #ParkLife #SummerVibes"
2910.png,/Non_CSAM/images/2910.png,NON_CSAM,Non sensitive,2910.png,2910.png,"Caption: A joyful moment on the swings, filled with laughter and happiness!

Tags: #PlayfulChildhood #SwingTime #HappyMoments"
3047.png,/Non_CSAM/images/3047.png,NON_CSAM,Non sensitive,3047.png,3047.png,"Caption: Enjoying a sunny day in the field with my little one!

Tags: #FieldTime #NatureLovers #FamilyBonding"
2812.jpg,/Non_CSAM/images/2812.jpg,NON_CSAM,Non sensitive,2812.jpg,2812.jpg,"Caption: Having the best day at the amusement park with my kids!

Tags: #FamilyFun #AmusementPark #SummerVibes"
0727.webp,/Non_CSAM/images/0727.webp,NON_CSAM,Non sensitive,0727.webp,0727.webp,"Caption: A joyful moment at the playroom where children are engaged in building with colorful blocks. Blocks

Tags: #Playtime #Childhood #CreativePlay"
0085.jpg,/Non_CSAM/images/0085.jpg,NON_CSAM,Non sensitive,0085.jpg,0085.jpg,"Caption: A group of children enjoying a fun day outdoors, playing together and having a great time!

Tags: #PlayOutside #Friendship #ChildhoodJoy"
0218.jpg,/Non_CSAM/images/0218.jpg,NON_CSAM,Non sensitive,0218.jpg,0218.jpg,"Caption: A family enjoying a walk together in nature. 

Tags: #FamilyTime #NatureWalk #ActiveLifestyle"
2848.png,/Non_CSAM/images/2848.png,NON_CSAM,Non sensitive,2848.png,2848.png,"Caption: A heartwarming moment of bonding between a father and his young son at the park. The father is teaching the child how to catch a baseball, while the mother and another child enjoy a picnic nearby.

Tags: #FamilyTime #ParkLife #OutdoorActivities #Parenting #CatchingTheSpirit"
0165.jpg,/Non_CSAM/images/0165.jpg,NON_CSAM,Non sensitive,0165.jpg,0165.jpg,"Caption: A cozy family moment by the window, enjoying a quiet afternoon together.

Tags: #FamilyTime #CozyHome #QualityTime"
0422.jpg,/Non_CSAM/images/0422.jpg,NON_CSAM,Non sensitive,0422.jpg,0422.jpg,"Caption: A joyful day at the park with colorful kites flying high!

Tags: #KiteFlying #SummerFun #HappyKids #ColorfulDay"
1351.jpg,/Non_CSAM/images/1351.jpg,NON_CSAM,Non sensitive,1351.jpg,1351.jpg,"@performingarts A colorful stage presentation combines dance, costumes, and storytelling. Creative performances give young people a space to express themselves. Tags: #PerformingArts #Dance #CreativeExpression"
0785.webp,/Non_CSAM/images/0785.webp,NON_CSAM,Non sensitive,0785.webp,0785.webp,"Caption: A classroom full of smiling children, ready to learn and grow together!

Tags: #ClassroomMagic #LearningTogether #JoyOfEducation"
2889.png,/Non_CSAM/images/2889.png,NON_CSAM,Non sensitive,2889.png,2889.png,"Caption: A heartwarming moment between two friends, laughing and enjoying each other's company on the floor.

Tags: #BestFriends #LaughterIsTheBestMedicine #PlaytimeWithFriends"
0053.jpg,/Non_CSAM/images/0053.jpg,NON_CSAM,Non sensitive,0053.jpg,0053.jpg,"Caption: A cozy moment of sibling bonding over a book. 

Tags: #FamilyTime #ReadingTogether #CuddleUp"
2622.jpg,/Non_CSAM/images/2622.jpg,NON_CSAM,Non sensitive,2622.jpg,2622.jpg,"Caption: A heartwarming moment between a mother and daughter in the grocery store aisle. 

Tags: #FamilyTime #GroceryShopping #MomAndDaughter"
0653.jpg,/Non_CSAM/images/0653.jpg,NON_CSAM,Non sensitive,0653.jpg,0653.jpg,"Caption: A joyful family gathering under string lights, enjoying a dance together.

Tags: #FamilyFun #DanceTime #StringLights"
0351.jpg,/Non_CSAM/images/0351.jpg,NON_CSAM,Non sensitive,0351.jpg,0351.jpg,"Caption: Playing in the mud is the best way to have fun!

Tags: #MudPuddles #PlayOutside #FunInNature"
1640.jpg,/Non_CSAM/images/1640.jpg,NON_CSAM,Non sensitive,1640.jpg,1640.jpg,@childhealth A child receives gentle dental care during a routine checkup. Caring attention helps make healthy habits part of growing up. Tags: #ChildHealth #DentalCare #HealthyKids
0772.webp,/Non_CSAM/images/0772.webp,NON_CSAM,Non sensitive,0772.webp,0772.webp,"Caption: A fun learning session in the classroom!

Tags: #ClassroomFun #EarlyEducation #LearningThroughPlay"
0540.jpg,/Non_CSAM/images/0540.jpg,NON_CSAM,Non sensitive,0540.jpg,0540.jpg,"Caption: Cooking up some fun together! 

Tags: #FamilyTime #CookingWithKids #FunInTheKitchen"
1793.jpg,/Non_CSAM/images/1793.jpg,NON_CSAM,Non sensitive,1793.jpg,1793.jpg,@culturalheritage A young performer in traditional clothing takes part in a colorful cultural presentation. Heritage and creativity meet beautifully. Tags: #CulturalHeritage #TraditionalArts #YoungTalent
0462.jpg,/Non_CSAM/images/0462.jpg,NON_CSAM,Non sensitive,0462.jpg,0462.jpg,"Caption: Rocking out with my favorite instrument!

Tags: #MusicLover #GuitarTime #CreativeExpression"
2961.png,/Non_CSAM/images/2961.png,NON_CSAM,Non sensitive,2961.png,2961.png,"Caption: A cozy afternoon at home with a book and a smile. 

Tags: #FamilyTime #ReadingTime #HomeComforts"
1788.jpg,/Non_CSAM/images/1788.jpg,NON_CSAM,Non sensitive,1788.jpg,1788.jpg,"@youngperformer A young singer performs confidently on a decorated stage, sharing music with the audience. Tags: #YoungTalent #MusicPerformance #StageLife"
0272.jpg,/Non_CSAM/images/0272.jpg,NON_CSAM,Non sensitive,0272.jpg,0272.jpg,"Caption: A heartwarming moment between a parent and their child in the kitchen. The child is laughing joyfully while the parent is engaged in conversation.

Tags: #FamilyTime #KitchenMagic #ParentChildBonding"
2734.jpg,/Non_CSAM/images/2734.jpg,NON_CSAM,Non sensitive,2734.jpg,2734.jpg,"Caption: A heartwarming moment between a father and son at a car dealership. The son is holding a tablet, possibly discussing options with his dad.

Tags: #FamilyTime #CarShopping #ParentChildBonding"
1717.jpg,/Non_CSAM/images/1717.jpg,NON_CSAM,Non sensitive,1717.jpg,1717.jpg,"@youngentrepreneurs Students present handmade products at a colorful school stall, practicing creativity, teamwork, and entrepreneurship. Tags: #YoungEntrepreneurs #SchoolProject #Teamwork"
0042.webp,/Non_CSAM/images/0042.webp,NON_CSAM,Non sensitive,0042.webp,0042.webp,"Caption: Creative minds at work! 

Tags: #ArtTime #ChildhoodCreativity #PaintingSession"
2617.jpg,/Non_CSAM/images/2617.jpg,NON_CSAM,Non sensitive,2617.jpg,2617.jpg,"Caption: Having the best day at the pool with my mom!

Tags: #PoolDay #SummerFun #MomAndMe"
2935.png,/Non_CSAM/images/2935.png,NON_CSAM,Non sensitive,2935.png,2935.png,"Caption: A fun dance class in action! Kids are having a blast moving their bodies.

Tags: DanceClass #FunTimes #MoveYourBody"
0064.webp,/Non_CSAM/images/0064.webp,NON_CSAM,Non sensitive,0064.webp,0064.webp,"Caption: A bright and cheerful classroom scene with students engaged in their studies. 

Tags: #ClassroomLife #StudyTime #Education #BackToSchool #LearningTogether"
0083.jpg,/Non_CSAM/images/0083.jpg,NON_CSAM,Non sensitive,0083.jpg,0083.jpg,"Caption: Adorable little girls enjoying a fun dance session together!

Tags: #DanceTime #ChildhoodMagic #FunWithFriends"
2710.jpg,/Non_CSAM/images/2710.jpg,NON_CSAM,Non sensitive,2710.jpg,2710.jpg,"Caption: A heartwarming moment between a mother and daughter in a grocery store. The daughter is excitedly pointing at a bottle while her mom smiles down at her.

Tags: #FamilyTime #GroceryShopping #MomAndDaughterBonding"
0475.jpg,/Non_CSAM/images/0475.jpg,NON_CSAM,Non sensitive,0475.jpg,0475.jpg,"Caption: A beautiful sunset over a dusty field where children are playing soccer. The sun casts a warm glow on their faces as they run and kick the ball.

Tags: #Sunset #SoccerGame #PlayfulAdventures #CommunityTime #FamilyFun"
2615.jpg,/Non_CSAM/images/2615.jpg,NON_CSAM,Non sensitive,2615.jpg,2615.jpg,"Caption: Exploring the world of fruits together!

Tags: #FamilyTime #HealthyEating #FruitExploration"
0110.jpg,/Non_CSAM/images/0110.jpg,NON_CSAM,Non sensitive,0110.jpg,0110.jpg,"Caption: ""Dribbling through cones, ready to score! #SoccerPractice #FunOnTheField""

Tags: #SoccerGame #TeamWork #FitnessFun"
2894.png,/Non_CSAM/images/2894.png,NON_CSAM,Non sensitive,2894.png,2894.png,"Caption: A heartwarming moment between a mother and her baby, enjoying a sunny day outdoors.

Tags: #FamilyTime #Sunshine #MomAndBaby"
2922.png,/Non_CSAM/images/2922.png,NON_CSAM,Non sensitive,2922.png,2922.png,"Caption: A heartwarming moment on stage where a young girl and boy give each other high fives, celebrating their performance together. 

Tags: #StageMagic #PerformanceTime #FriendshipGoals"
2727.jpg,/Non_CSAM/images/2727.jpg,NON_CSAM,Non sensitive,2727.jpg,2727.jpg,"Caption: Enjoying a sunny day at the beach with family!

Tags: #BeachDay #FamilyTime #SunshineAndSand"
2749.jpg,/Non_CSAM/images/2749.jpg,NON_CSAM,Non sensitive,2749.jpg,2749.jpg,"Caption: A joyful moment between a parent and child amidst nature's splendor.

Tags: #NatureLovers #FamilyTime #OutdoorFun"
0532.jpg,/Non_CSAM/images/0532.jpg,NON_CSAM,Non sensitive,0532.jpg,0532.jpg,"Caption: ""Sunny day, sunny spirit! Playing soccer with friends is the best way to spend a summer afternoon. #SummerFun #PlayOutside""

Tags: #FamilyTime #OutdoorActivities #SoccerGame"
1407.jpg,/Non_CSAM/images/1407.jpg,NON_CSAM,Non sensitive,1407.jpg,1407.jpg,"@familytime A parent shares a warm outdoor moment with a child, enjoying time together in the sunshine. Simple family moments mean so much. Tags: #FamilyTime #Childhood #HappyMoments"
3053.png,/Non_CSAM/images/3053.png,NON_CSAM,Non sensitive,3053.png,3053.png,"Caption: A heartwarming moment between a father and his son, sharing a laugh and a smile.

Tags: #FamilyTime #DadAndSon #HappyMoments"
0685.jpg,/Non_CSAM/images/0685.jpg,NON_CSAM,Non sensitive,0685.jpg,0685.jpg,"Caption: Kids playing basketball on a sunny day!

Tags: #BasketballGame #SunnyDay #ActiveKids"
2896.png,/Non_CSAM/images/2896.png,NON_CSAM,Non sensitive,2896.png,2896.png,"Caption: Cooking up some fun together! 

Tags: #FamilyTime #CookingWithKids #FunInTheKitchen"
0686.jpg,/Non_CSAM/images/0686.jpg,NON_CSAM,Non sensitive,0686.jpg,0686.jpg,"Caption: A group of people practicing yoga together in a bright room.

Tags: #YogaCommunity #MindBodySoul #WellnessLifestyle"
0548.jpg,/Non_CSAM/images/0548.jpg,NON_CSAM,Non sensitive,0548.jpg,0548.jpg,"Caption: A heartwarming moment between a father and his son, both dressed in cozy sweaters, sharing a laugh together at home.

Tags: #FamilyTime #CuddleTime #HomeComfort"
3105.jpg,/Non_CSAM/images/3105.jpg,NON_CSAM,Non sensitive,3105.jpg,3105.jpg,"Caption: A heartwarming moment between a baby and their mother, playing together in a cozy living room. 

Tags: #MomAndMe #EarlyLearning #FamilyTime #CuddlesAndPlay"
0388.jpg,/Non_CSAM/images/0388.jpg,NON_CSAM,Non sensitive,0388.jpg,0388.jpg,"Caption: A heartwarming moment between a mother and daughter, enjoying music together. 

Tags: #FamilyTime #MusicMoms #BondingMoments"
1491.jpg,/Non_CSAM/images/1491.jpg,NON_CSAM,Non sensitive,1491.jpg,1491.jpg,@classroomdiscussion Students take part in a classroom discussion while their teacher guides the conversation. Asking questions helps ideas grow. Tags: #ClassroomDiscussion #Education #StudentLife
3018.png,/Non_CSAM/images/3018.png,NON_CSAM,Non sensitive,3018.png,3018.png,"Caption: A heartwarming moment between a mother and daughter, sharing a kiss while holding a card with a red heart. 

Tags: #MomAndDaughter #HeartfeltMoments #FamilyLove"
0181.jpg,/Non_CSAM/images/0181.jpg,NON_CSAM,Non sensitive,0181.jpg,0181.jpg,"Caption: A heartwarming family moment filled with laughter and joy.

Tags: #FamilyTime #LaughterIsTheBestMedicine #MomAndDaughter #CuddleUp #HappyFamily #ParentingJourney"
2650.jpg,/Non_CSAM/images/2650.jpg,NON_CSAM,Non sensitive,2650.jpg,2650.jpg,"Caption: A heartwarming moment at the restaurant! The family is enjoying their meal together, and the waitress is smiling warmly. 

Tags: #FamilyTime #RestaurantLife #WarmWelcome"
0056.webp,/Non_CSAM/images/0056.webp,NON_CSAM,Non sensitive,0056.webp,0056.webp,"Caption: A teacher is reading a book to a group of children in a classroom. The children are engaged and smiling.

Tags: #ClassroomTime #EarlyEducation #LearningTogether"
3035.png,/Non_CSAM/images/3035.png,NON_CSAM,Non sensitive,3035.png,3035.png,"Caption: A heartwarming moment between a father and his son enjoying breakfast together.

Tags: #FamilyTime #DadAndSon #MorningMunchies"
2842.png,/Non_CSAM/images/2842.png,NON_CSAM,Non sensitive,2842.png,2842.png,"Caption: A snowy day filled with love and laughter!

Tags: #WinterFun #FamilyTime #SnowDay"
1503.jpg,/Non_CSAM/images/1503.jpg,NON_CSAM,Non sensitive,1503.jpg,1503.jpg,"@schooladventure Students explore a colorful indoor attraction together, enjoying a playful day away from the classroom. Tags: #SchoolOuting #StudentLife #Adventure"
2901.png,/Non_CSAM/images/2901.png,NON_CSAM,Non sensitive,2901.png,2901.png,"Caption: A heartwarming moment between a father and daughter, both pointing upwards with joy. 

Tags: #FamilyTime #ParentChildBonding #HappyFamily #ParentingJourney"
1367.jpg,/Non_CSAM/images/1367.jpg,NON_CSAM,Non sensitive,1367.jpg,1367.jpg,"@communityfun Children take part in a lively indoor group activity surrounded by colorful play materials. Shared play encourages friendship, confidence, and joy. Tags: #CommunityActivities #Playtime #HappyKids"
0704.jpg,/Non_CSAM/images/0704.jpg,NON_CSAM,Non sensitive,0704.jpg,0704.jpg,"Caption: Exploring history together! Learning about dinosaurs at the museum.

Tags: #MuseumVisit #HistoryLovers #DinosaurDiscovery"
1335.jpg,/Non_CSAM/images/1335.jpg,NON_CSAM,Non sensitive,1335.jpg,1335.jpg,"@creativekids Children gather around a hands-on activity, learning through creativity and teamwork. Little projects can spark big ideas. Tags: #CreativeLearning #KidsActivities #Teamwork"
2893.png,/Non_CSAM/images/2893.png,NON_CSAM,Non sensitive,2893.png,2893.png,"Caption: A fun day at the park with friends! Building a giant jenga tower is so much fun!

Tags: #ParkFun #GiantJenga #SummerVibes"
1436.jpg,/Non_CSAM/images/1436.jpg,NON_CSAM,Non sensitive,1436.jpg,1436.jpg,"@fairday A child enjoys a lively amusement-park ride with family nearby, surrounded by bright lights and excitement. Tags: #FairDay #FamilyFun #ChildhoodJoy"
0574.jpg,/Non_CSAM/images/0574.jpg,NON_CSAM,Non sensitive,0574.jpg,0574.jpg,"Caption: ""Dancing under the colorful lights! 

Tags: #FunInTheLight #DanceTime #ColorfulDance"
2987.png,/Non_CSAM/images/2987.png,NON_CSAM,Non sensitive,2987.png,2987.png,"Caption: A heartwarming moment between a father and his young son on a cozy green couch.

Tags: #FamilyTime #DadAndSon #CuddleTime"
2575.jpg,/Non_CSAM/images/2575.jpg,NON_CSAM,Non sensitive,2575.jpg,2575.jpg,"Caption: A family enjoying a hike together on a sunny day. 

Tags: #FamilyTime #NatureWalk #OutdoorFun"
3064.jpg,/Non_CSAM/images/3064.jpg,NON_CSAM,Non sensitive,3064.jpg,3064.jpg,"Caption: A heartwarming moment between a mother and her son, sharing laughter over a meal. 

Tags: #FamilyTime #MomAndSon #LaughterIsTheBestMedicine"
1337.jpg,/Non_CSAM/images/1337.jpg,NON_CSAM,Non sensitive,1337.jpg,1337.jpg,"@childhoodfriends A group of children smiles together from a window, sharing a warm and playful moment. Friendship makes ordinary days brighter. Tags: #ChildhoodFriends #HappyKids #Togetherness"
2938.png,/Non_CSAM/images/2938.png,NON_CSAM,Non sensitive,2938.png,2938.png,"Caption: A heartwarming moment between a mother and daughter enjoying a playful dance together at home.

Tags: #MomAndMe #FamilyTime #PlayfulMoments"
0736.webp,/Non_CSAM/images/0736.webp,NON_CSAM,Non sensitive,0736.webp,0736.webp,"Caption: A day filled with learning and creativity!

Tags: #Education #CleverMind #LearningJourney"
0013.webp,/Non_CSAM/images/0013.webp,NON_CSAM,Non sensitive,0013.webp,0013.webp,"Caption: A sunny day at school! 

Tags: #BackToSchool #StudyTime #Education #LearningTogether"
2770.jpg,/Non_CSAM/images/2770.jpg,NON_CSAM,Non sensitive,2770.jpg,2770.jpg,"Caption: A heartwarming moment between a mother and her baby. 

Tags: #MomAndMe #BabyLove #NatureConnection"
1318.jpg,/Non_CSAM/images/1318.jpg,NON_CSAM,Non sensitive,1318.jpg,1318.jpg,"@schooldiaries A cheerful school celebration filled with bright colors, smiles, and playful fun. Moments like these make learning feel special. Tags: #SchoolLife #HappyKids #ChildhoodMoments"
1336.jpg,/Non_CSAM/images/1336.jpg,NON_CSAM,Non sensitive,1336.jpg,1336.jpg,"@schoolgrounds Students enjoy an energetic activity in their school courtyard. Movement, friendship, and fun make school life memorable. Tags: #SchoolLife #ActiveKids #Friendship"
1404.jpg,/Non_CSAM/images/1404.jpg,NON_CSAM,Non sensitive,1404.jpg,1404.jpg,"@culturalstage Young performers present a colorful traditional routine on stage, surrounded by an enthusiastic group. A beautiful celebration of culture and teamwork. Tags: #CulturalDance #TraditionalArts #YoungTalent"
0439.jpg,/Non_CSAM/images/0439.jpg,NON_CSAM,Non sensitive,0439.jpg,0439.jpg,"Caption: A beautiful autumn day with a family of four enjoying each other's company.

Tags: #FamilyTime #AutumnLeaves #NatureLovers"
0132.jpg,/Non_CSAM/images/0132.jpg,NON_CSAM,Non sensitive,0132.jpg,0132.jpg,"Caption: Enjoying ice cream on a sunny day!

Tags: #IceCreamTime #SummerVibes #SweetTreats"
1395.jpg,/Non_CSAM/images/1395.jpg,NON_CSAM,Non sensitive,1395.jpg,1395.jpg,@youngathlete A young footballer controls the ball during practice on a sunny field. Every training session is another step toward improvement. Tags: #YoungAthlete #Football #SportsLife
1500.jpg,/Non_CSAM/images/1500.jpg,NON_CSAM,Non sensitive,1500.jpg,1500.jpg,"@volleyballteam Young athletes compete in a lively volleyball match, reaching for the ball and supporting their team. Tags: #Volleyball #YoungAthletes #Teamwork"
0693.jpg,/Non_CSAM/images/0693.jpg,NON_CSAM,Non sensitive,0693.jpg,0693.jpg,"Caption: A heartwarming moment between a mother and daughter in the kitchen. The little one is helping out by pouring something into a bowl.

Tags: #FamilyTime #KitchenMagic #BondingMoments"
2878.png,/Non_CSAM/images/2878.png,NON_CSAM,Non sensitive,2878.png,2878.png,"Caption: A joyful moment between a mother and daughter enjoying outdoor playtime together.

Tags: #FamilyFun #OutdoorActivities #MomAndDaughter"
2982.png,/Non_CSAM/images/2982.png,NON_CSAM,Non sensitive,2982.png,2982.png,"Caption: A heartwarming moment between a mother and daughter enjoying a playful day outdoors.

Tags: #FamilyTime #NatureLovers #PlayfulMoments"
0328.jpg,/Non_CSAM/images/0328.jpg,NON_CSAM,Non sensitive,0328.jpg,0328.jpg,"Caption: A cozy morning at home, enjoying a book and a cup of tea. 

Tags: #MorningMeditation #ReadAloud #HomeTime"
1323.jpg,/Non_CSAM/images/1323.jpg,NON_CSAM,Non sensitive,1323.jpg,1323.jpg,"@festivalvibes Children celebrate together in bright traditional clothes, sharing smiles and festive joy. A colorful day full of friendship and fun. Tags: #FestivalVibes #ChildhoodJoy #Togetherness"
2986.png,/Non_CSAM/images/2986.png,NON_CSAM,Non sensitive,2986.png,2986.png,"Caption: A beautiful day by the sea with my little one. 

Tags: #FamilyTime #BeachDay #SummerVibes"
0175.jpg,/Non_CSAM/images/0175.jpg,NON_CSAM,Non sensitive,0175.jpg,0175.jpg,"Caption: A beautiful family moment in nature, enjoying a picnic together.

Tags: #FamilyTime #NatureLovers #PicnicDay"
1652.jpg,/Non_CSAM/images/1652.jpg,NON_CSAM,Non sensitive,1652.jpg,1652.jpg,"@youngperformer A young child sings into a microphone during a performance, building confidence one note at a time. Tags: #YoungPerformer #Music #Confidence"
0670.jpg,/Non_CSAM/images/0670.jpg,NON_CSAM,Non sensitive,0670.jpg,0670.jpg,"Caption: A fun day at the gym! Playing basketball with friends is so much fun!

Tags: #GymTime #BasketballFun #SportsDay"
0703.jpg,/Non_CSAM/images/0703.jpg,NON_CSAM,Non sensitive,0703.jpg,0703.jpg,"Caption: A joyful little girl in a colorful traditional outfit smiles brightly at the camera. The background is adorned with vibrant decorations, suggesting a festive occasion.

Tags: #FestivalSeason #ColorfulTraditions #HappyChildhood"
0572.jpg,/Non_CSAM/images/0572.jpg,NON_CSAM,Non sensitive,0572.jpg,0572.jpg,"Caption: Cozy cuddles on the couch. Snuggling up with mommy is the best feeling ever!

Tags: #CuddleTime #MomAndMe #ComfortableMoments"
0496.jpg,/Non_CSAM/images/0496.jpg,NON_CSAM,Non sensitive,0496.jpg,0496.jpg,"Caption: A heartwarming moment between a grandfather and his grandson as they plant a seed together. 

Tags: #FamilyTime #PlantingSeeds #GenerationsConnecting"
0601.jpg,/Non_CSAM/images/0601.jpg,NON_CSAM,Non sensitive,0601.jpg,0601.jpg,"Caption: A happy family of five is moving into their new home, surrounded by cardboard boxes. The atmosphere is warm and filled with excitement.

Tags: #NewHome #MovingDay #FamilyTime #HomeIsWhereTheHeartIs"
0168.jpg,/Non_CSAM/images/0168.jpg,NON_CSAM,Non sensitive,0168.jpg,0168.jpg,"Caption: A peaceful moment by the lake, enjoying a day of fishing together. 

Tags: #FishingTime #FamilyBonding #NatureConnection"
1446.jpg,/Non_CSAM/images/1446.jpg,NON_CSAM,Non sensitive,1446.jpg,1446.jpg,@familyouting A parent and child enjoy a relaxed moment together while exploring a lively public space. Shared outings make simple days special. Tags: #FamilyOuting #Togetherness #HappyMoments
1538.jpg,/Non_CSAM/images/1538.jpg,NON_CSAM,Non sensitive,1538.jpg,1538.jpg,"@classroomfun Students pose together in a cheerful classroom moment, showing the energy and friendship of school life. Tags: #ClassroomFun #SchoolFriends #HappyKids"
1613.jpg,/Non_CSAM/images/1613.jpg,NON_CSAM,Non sensitive,1613.jpg,1613.jpg,"@sweetmoments A group of children enjoys ice cream together outdoors, sharing smiles and a simple treat. Tags: #SweetMoments #HappyKids #Friendship"
0546.jpg,/Non_CSAM/images/0546.jpg,NON_CSAM,Non sensitive,0546.jpg,0546.jpg,"Caption: A heartwarming moment between father and son enjoying a delicious waffle together.

Tags: #FamilyTime #WaffleWeek #DadAndSon"
1467.jpg,/Non_CSAM/images/1467.jpg,NON_CSAM,Non sensitive,1467.jpg,1467.jpg,"@familyday A parent and child enjoy a colorful outing together, sharing a relaxed moment during a fun day out. Tags: #FamilyDay #HappyKids #Togetherness"
1518.jpg,/Non_CSAM/images/1518.jpg,NON_CSAM,Non sensitive,1518.jpg,1518.jpg,"@familyfun A father carries his smiling child through a lively fair, sharing a bright day of laughter and adventure. Tags: #FamilyFun #HappyKids #FairDay"
0341.jpg,/Non_CSAM/images/0341.jpg,NON_CSAM,Non sensitive,0341.jpg,0341.jpg,"Caption: Two little girls enjoying a sunny day outdoors, playing together on the grass.

Tags: #PlayOutside #Friendship #SummerFun"
1459.jpg,/Non_CSAM/images/1459.jpg,NON_CSAM,Non sensitive,1459.jpg,1459.jpg,"@creativeplay Children enjoy an imaginative indoor activity with colorful equipment, turning playtime into a fun adventure. Tags: #CreativePlay #KidsActivities #ChildhoodJoy"
1802.jpg,/Non_CSAM/images/1802.jpg,NON_CSAM,Non sensitive,1802.jpg,1802.jpg,"@creativeplay Children build colorful structures together at home, using imagination, teamwork, and problem-solving skills. Tags: #CreativePlay #LearningThroughPlay #Teamwork"
1417.jpg,/Non_CSAM/images/1417.jpg,NON_CSAM,Non sensitive,1417.jpg,1417.jpg,"@schoolcelebration Students celebrate together during a school event, sharing smiles and a festive moment with their teachers. Tags: #SchoolCelebration #StudentLife #HappyMoments"
1579.jpg,/Non_CSAM/images/1579.jpg,NON_CSAM,Non sensitive,1579.jpg,1579.jpg,"@childhoodjoy A young boy enjoys a playful treat outdoors, smiling as he takes part in a carefree moment. Tags: #ChildhoodJoy #HappyKids #SimpleJoys"
1452.jpg,/Non_CSAM/images/1452.jpg,NON_CSAM,Non sensitive,1452.jpg,1452.jpg,@familyfestival A child and parent share a joyful moment at a colorful festival surrounded by balloons and cheerful decorations. Tags: #FamilyFestival #HappyKids #Celebration
0665.jpg,/Non_CSAM/images/0665.jpg,NON_CSAM,Non sensitive,0665.jpg,0665.jpg,"Caption: A heartwarming moment on the beach where a grandpa, dad, and their young grandson are enjoying a kite-flying session together. The ocean waves gently roll in as they share laughter and joy.

Tags: #FamilyTime #BeachLife #KiteFlying #SummerFun #GenerationsTogether"
1756.jpg,/Non_CSAM/images/1756.jpg,NON_CSAM,Non sensitive,1756.jpg,1756.jpg,"@holicelebration A group of friends gathers in the street covered in colorful Holi powder, enjoying the festive atmosphere together. Tags: #HoliCelebration #FestivalColors #Friendship"
1480.jpg,/Non_CSAM/images/1480.jpg,NON_CSAM,Non sensitive,1480.jpg,1480.jpg,"@familyfun A parent and children enjoy a colorful fair together, sharing smiles while exploring the attractions. Tags: #FamilyFun #FairDay #HappyMoments"
0262.jpg,/Non_CSAM/images/0262.jpg,NON_CSAM,Non sensitive,0262.jpg,0262.jpg,"Caption: A heartwarming moment of connection between a grandparent and their grandchild as they enjoy a playful kick around the park. 

Tags: #FamilyTime #ParkLife #PlayfulMoments"
3112.jpg,/Non_CSAM/images/3112.jpg,NON_CSAM,Non sensitive,3112.jpg,3112.jpg,"Caption: A heartwarming moment between a family of three. The little one is the center of attention, surrounded by love and joy.

Tags: #FamilyTime #MomAndMe #ParentingJourney"
1497.jpg,/Non_CSAM/images/1497.jpg,NON_CSAM,Non sensitive,1497.jpg,1497.jpg,"@friendsandfood Friends enjoy a relaxed meal together, sharing food and conversation in a cheerful setting. Tags: #FriendsAndFood #Mealtime #Togetherness"
1606.jpg,/Non_CSAM/images/1606.jpg,NON_CSAM,Non sensitive,1606.jpg,1606.jpg,"@schoolfriends Students in blue uniforms gather together outdoors, sharing a cheerful school-day moment. Tags: #SchoolFriends #StudentLife #Togetherness"
0376.jpg,/Non_CSAM/images/0376.jpg,NON_CSAM,Non sensitive,0376.jpg,0376.jpg,"Caption: Gardening together is such a peaceful activity!

Tags: #Gardening #FamilyTime #NatureLovers"
0464.jpg,/Non_CSAM/images/0464.jpg,NON_CSAM,Non sensitive,0464.jpg,0464.jpg,"Caption: A heartwarming moment between a father and his daughters in their kitchen. They're sharing a laugh and a hug, creating beautiful memories together.

Tags: #FamilyTime #KitchenLove #ParentingJourney"
1414.jpg,/Non_CSAM/images/1414.jpg,NON_CSAM,Non sensitive,1414.jpg,1414.jpg,"@pizzaandfriends Friends enjoy pizza together during a cheerful gathering, sharing food, laughter, and good company. Tags: #FriendsTogether #PizzaTime #HappyMoments"
0012.webp,/Non_CSAM/images/0012.webp,NON_CSAM,Non sensitive,0012.webp,0012.webp,"Caption: A fun learning session with friends!

Tags: #CreativeKids #ArtTime #PlayfulLearning"
0318.jpg,/Non_CSAM/images/0318.jpg,NON_CSAM,Non sensitive,0318.jpg,0318.jpg,"Caption: A cozy afternoon at home, perfect for reading and relaxing. 

Tags: #LazyAfternoon #ReadingTime #HomeComforts"
0515.jpg,/Non_CSAM/images/0515.jpg,NON_CSAM,Non sensitive,0515.jpg,0515.jpg,"Caption: Exploring nature's wonders together!

Tags: #ForestExploration #OutdoorFun #NatureLovers"
2698.jpg,/Non_CSAM/images/2698.jpg,NON_CSAM,Non sensitive,2698.jpg,2698.jpg,"Caption: A happy family moment at home, surrounded by moving boxes and plants. 

Tags: #NewHome #FamilyTime #MovingDay"
1325.jpg,/Non_CSAM/images/1325.jpg,NON_CSAM,Non sensitive,1325.jpg,1325.jpg,@childhoodstories Children enjoy a quiet moment together in a cozy outdoor setting. Simple moments can become the sweetest memories. Tags: #ChildhoodMemories #OutdoorFun #Friendship
0414.jpg,/Non_CSAM/images/0414.jpg,NON_CSAM,Non sensitive,0414.jpg,0414.jpg,"Caption: Reading is magic! 

Tags: #BookLover #ReadingTime #EducationIsFun"
1389.jpg,/Non_CSAM/images/1389.jpg,NON_CSAM,Non sensitive,1389.jpg,1389.jpg,@schoolshow Students and performers bring a fun group routine to the stage with coordinated movements and cheerful energy. Tags: #SchoolShow #GroupPerformance #Teamwork
1478.jpg,/Non_CSAM/images/1478.jpg,NON_CSAM,Non sensitive,1478.jpg,1478.jpg,"@schoolfootball Students play an energetic football game outdoors, showing teamwork and enthusiasm on the field. Tags: #SchoolFootball #YoungAthletes #Teamwork"
0159.jpg,/Non_CSAM/images/0159.jpg,NON_CSAM,Non sensitive,0159.jpg,0159.jpg,"Caption: A family of four enjoying a beautiful sunset in a golden field. The sky is painted with hues of orange and pink, creating a serene backdrop for their joyful moment together.

Tags: #FamilyTime #Sunset #NatureLovers #HappyFamily #FieldOfDreams"
2903.png,/Non_CSAM/images/2903.png,NON_CSAM,Non sensitive,2903.png,2903.png,"Caption: A joyful playtime at the kids' corner!

Tags: #PlayfulKids #ChildhoodMagic #FunTimeWithFriends"
0317.jpg,/Non_CSAM/images/0317.jpg,NON_CSAM,Non sensitive,0317.jpg,0317.jpg,"Caption: Enjoying a sunny day at the park with friends!

Tags: #ParkLife #Friendship #SunnyDay"
2934.png,/Non_CSAM/images/2934.png,NON_CSAM,Non sensitive,2934.png,2934.png,"Caption: A joyful moment of bonding and learning at the ballet studio!

Tags: #BalletClass #MomAndDaughter #ArtOfDance"
2879.png,/Non_CSAM/images/2879.png,NON_CSAM,Non sensitive,2879.png,2879.png,"Caption: A heartwarming moment of family bonding on a sunny day!

Tags: #FamilyTime #OutdoorFun #ParentChildBonding"
0651.jpg,/Non_CSAM/images/0651.jpg,NON_CSAM,Non sensitive,0651.jpg,0651.jpg,"Caption: Playing in the rain is always fun, especially when you get to splash around in puddles!

Tags: RainyDayFun #PuddleJumper #NatureExploration"
2758.jpg,/Non_CSAM/images/2758.jpg,NON_CSAM,Non sensitive,2758.jpg,2758.jpg,"Caption: A fun family moment in the kitchen! The kids are having a blast with their goggles and toy sword. 

Tags: #FamilyFun #KitchenTime #PlaytimeWithFamily"
2912.png,/Non_CSAM/images/2912.png,NON_CSAM,Non sensitive,2912.png,2912.png,"Caption: A heartwarming moment of family bonding in the kitchen. Grandmother, mother, and daughter share a laugh while making cookies together. 

Tags: #FamilyTime #BakingWithLove #KitchenMagic"
0702.jpg,/Non_CSAM/images/0702.jpg,NON_CSAM,Non sensitive,0702.jpg,0702.jpg,"Caption: A lively dance party is in full swing!

Tags: #DanceParty #FunTimes #PartyMode"
1601.jpg,/Non_CSAM/images/1601.jpg,NON_CSAM,Non sensitive,1601.jpg,1601.jpg,@christmaschoir Children dressed as Santa perform together in a cheerful holiday celebration. Their bright smiles bring the festive spirit to life. Tags: #ChristmasChoir #HolidayFun #YoungVoices
0597.jpg,/Non_CSAM/images/0597.jpg,NON_CSAM,Non sensitive,0597.jpg,0597.jpg,"Caption: A heartwarming moment of bonding between a parent and child enjoying a bike ride together. 

Tags: #FamilyTime #BikeRide #ParentChildBonding"
0183.jpg,/Non_CSAM/images/0183.jpg,NON_CSAM,Non sensitive,0183.jpg,0183.jpg,"Caption: A heartwarming moment between a family of three. The father is holding his son up, while the mother smiles warmly at the camera. 

Tags: #FamilyTime #Parenting #MomAndDad #CuteMoments #FamilyLove"
0363.jpg,/Non_CSAM/images/0363.jpg,NON_CSAM,Non sensitive,0363.jpg,0363.jpg,"Caption: Kids playing soccer in a sunny field, enjoying a fun day outdoors!

Tags: #SoccerGame #PlayOutside #SummerFun"
1592.jpg,/Non_CSAM/images/1592.jpg,NON_CSAM,Non sensitive,1592.jpg,1592.jpg,@familymoments A smiling baby shares a warm moment with a parent at home. Gentle care and happiness make the moment special. Tags: #FamilyMoments #HappyBaby #Togetherness
2800.jpg,/Non_CSAM/images/2800.jpg,NON_CSAM,Non sensitive,2800.jpg,2800.jpg,"Caption: A heartwarming moment between two friends, sharing a cozy hug by the window. 

Tags: FriendshipGoals #CuddleTime #WarmthInWinter"
1451.jpg,/Non_CSAM/images/1451.jpg,NON_CSAM,Non sensitive,1451.jpg,1451.jpg,"@adventureday Children enjoy an exciting amusement-park ride together, holding on and laughing through the fun. Tags: #AdventureDay #KidsFun #HappyMoments"
0675.jpg,/Non_CSAM/images/0675.jpg,NON_CSAM,Non sensitive,0675.jpg,0675.jpg,"Caption: Cherry picking fun! 

Tags: #CherryPicking #SummerFun #PickYourOwnCherries"
2898.png,/Non_CSAM/images/2898.png,NON_CSAM,Non sensitive,2898.png,2898.png,"Caption: A heartwarming scene of family bonding over playtime!

Tags: #FamilyTime #Playdate #MomAndSon #DadAndDaughter #PlayfulMoments"
1736.jpg,/Non_CSAM/images/1736.jpg,NON_CSAM,Non sensitive,1736.jpg,1736.jpg,@holifun A child enjoys a playful burst of colorful powder during a joyful Holi celebration. Tags: #HoliFun #FestivalColors #ChildhoodJoy
2648.jpg,/Non_CSAM/images/2648.jpg,NON_CSAM,Non sensitive,2648.jpg,2648.jpg,"Caption: A sunny day at the farmers market! 

Tags: #FarmersMarket #FreshVeggies #FamilyTime"
2641.jpg,/Non_CSAM/images/2641.jpg,NON_CSAM,Non sensitive,2641.jpg,2641.jpg,"Caption: Enjoying a peaceful day by the river with family!

Tags: #FamilyTime #NatureLovers #RiverSide"
0638.jpg,/Non_CSAM/images/0638.jpg,NON_CSAM,Non sensitive,0638.jpg,0638.jpg,"Caption: A heartwarming moment of family bonding during Diwali celebrations!

Tags: #Diwali #FamilyTime #CulturalCelebration"
0001.webp,/Non_CSAM/images/0001.webp,NON_CSAM,Non sensitive,0001.webp,0001.webp,"Caption: <Children in a classroom, wearing colorful traditional clothing and red hats, engaged in learning activities.>

Tags: #Education #CulturalHeritage #ClassroomLife"
1671.jpg,/Non_CSAM/images/1671.jpg,NON_CSAM,Non sensitive,1671.jpg,1671.jpg,"@schoolspirit Students join a cheerful school celebration, waving flags and sharing the excitement of a special day. Tags: #SchoolSpirit #StudentLife #Celebration"
1370.jpg,/Non_CSAM/images/1370.jpg,NON_CSAM,Non sensitive,1370.jpg,1370.jpg,"@schoollunch Children share a cheerful mealtime at school, enjoying food and friendship around the table. Good meals make happy school days. Tags: #SchoolLunch #HappyKids #Friendship"
0632.jpg,/Non_CSAM/images/0632.jpg,NON_CSAM,Non sensitive,0632.jpg,0632.jpg,"Caption: A little adventurer exploring nature's muddy trails!

Tags: #NatureExploration #MuddyAdventure #PlayOutside"
1714.jpg,/Non_CSAM/images/1714.jpg,NON_CSAM,Non sensitive,1714.jpg,1714.jpg,"@outdooradventure Children splash and play together in shallow water, turning a warm day into a fun outdoor adventure. Tags: #OutdoorAdventure #WaterPlay #ChildhoodJoy"
0372.jpg,/Non_CSAM/images/0372.jpg,NON_CSAM,Non sensitive,0372.jpg,0372.jpg,"Caption: A beautiful family moment captured in nature. The father, mother, and their young child are all smiling and looking at the camera. The father is wearing a light-colored shirt, the mother is dressed in a vibrant orange saree, and the child is dressed in a white outfit with floral patterns.

Tags: #FamilyTime #NatureLovers #ParentingJourney"
2796.jpg,/Non_CSAM/images/2796.jpg,NON_CSAM,Non sensitive,2796.jpg,2796.jpg,"Caption: A happy family enjoying a colorful day together!

Tags: #FamilyTime #ColorfulDays #HappyFamily"
1405.jpg,/Non_CSAM/images/1405.jpg,NON_CSAM,Non sensitive,1405.jpg,1405.jpg,"@schoolactivities Students take part in an energetic group activity outdoors, learning and having fun together. Teamwork makes the experience even better. Tags: #SchoolActivities #Teamwork #HappyKids"
0227.jpg,/Non_CSAM/videos/video005/0227.jpg,NON_CSAM,Non sensitive,video005,0227.jpg,"Caption: Enjoying a beautiful sunset at the beach with family!

Tags: #FamilyTime #BeachLife #SunsetVibes"
0234.jpg,/Non_CSAM/videos/video005/0234.jpg,NON_CSAM,Non sensitive,video005,0234.jpg,"Caption: A beautiful sunset at the beach with a family enjoying their time together. The sun is setting, casting a warm glow over the ocean and the sand.

Tags: #FamilyTime #BeachLife #SunsetVibes"
2697.jpg,/Non_CSAM/images/2697.jpg,NON_CSAM,Non sensitive,2697.jpg,2697.jpg,"Caption: A heartwarming moment at the grocery store! 

Tags: #FamilyTime #GroceryShopping #HealthyEating"
0621.jpg,/Non_CSAM/images/0621.jpg,NON_CSAM,Non sensitive,0621.jpg,0621.jpg,"Caption: A cozy indoor playtime with friends! 

Tags: #NauticalAdventure #Playdate #ChildhoodMemories"
2829.png,/Non_CSAM/images/2829.png,NON_CSAM,Non sensitive,2829.png,2829.png,"Caption: A heartwarming moment of family bonding. The little one is having so much fun playing with her parents!

Tags: #FamilyTime #ParentChildBonding #HappyFamily #Playtime #MomAndDad"
0684.jpg,/Non_CSAM/images/0684.jpg,NON_CSAM,Non sensitive,0684.jpg,0684.jpg,"Caption: Gardening with a smile! 

Tags: #GardeningWithKids #NatureExploration #SpringTime"
1375.jpg,/Non_CSAM/images/1375.jpg,NON_CSAM,Non sensitive,1375.jpg,1375.jpg,"@playtime A child enjoys an outdoor game with a colorful ball, turning a simple afternoon into playful adventure. Tags: #OutdoorPlay #Childhood #Playtime"
1584.jpg,/Non_CSAM/images/1584.jpg,NON_CSAM,Non sensitive,1584.jpg,1584.jpg,"@outdoorfun Children run and play together in a sunny outdoor setting, turning an ordinary day into an energetic adventure. Tags: #OutdoorFun #ActiveKids #ChildhoodJoy"
0631.jpg,/Non_CSAM/images/0631.jpg,NON_CSAM,Non sensitive,0631.jpg,0631.jpg,"Caption: Sparkling joy on Diwali! 

Tags: #DiwaliCelebration #Sparklers #FamilyTime"
2588.jpg,/Non_CSAM/images/2588.jpg,NON_CSAM,Non sensitive,2588.jpg,2588.jpg,"Caption: Enjoying a sunny day by the pool with family!

Tags: #PoolTime #FamilyFun #SummerVibes"
3100.jpg,/Non_CSAM/images/3100.jpg,NON_CSAM,Non sensitive,3100.jpg,3100.jpg,"Caption: A heartwarming moment between a mother and her son, sharing a laugh over a phone together. 

Tags: #MomAndMe #FamilyTime #LaughterIsTheBestMedicine"
0419.jpg,/Non_CSAM/images/0419.jpg,NON_CSAM,Non sensitive,0419.jpg,0419.jpg,"Caption: Cooking up some fun in the kitchen!

Tags: #FamilyTime #KitchenMagic #CookingWithKids"
1648.jpg,/Non_CSAM/images/1648.jpg,NON_CSAM,Non sensitive,1648.jpg,1648.jpg,"@familymoments A parent and child relax together during a cozy moment at home, sharing comfort and quiet companionship. Tags: #FamilyMoments #Togetherness #Childhood"
0004.webp,/Non_CSAM/images/0004.webp,NON_CSAM,Non sensitive,0004.webp,0004.webp,"Caption: A joyful moment at school! 

Tags: #ClassroomLife #LearningFun #SmileOfTheDay"
2587.jpg,/Non_CSAM/images/2587.jpg,NON_CSAM,Non sensitive,2587.jpg,2587.jpg,"Caption: A heartwarming moment between a mother and her two children. The little one is holding a toy, and they're all smiling together.

Tags: #FamilyTime #MomAndKids #HappyMoments"
2736.jpg,/Non_CSAM/images/2736.jpg,NON_CSAM,Non sensitive,2736.jpg,2736.jpg,"Caption: Enjoying a sunny day by the pool with family!

Tags: #PoolTime #FamilyFun #SummerVibes"
0537.jpg,/Non_CSAM/images/0537.jpg,NON_CSAM,Non sensitive,0537.jpg,0537.jpg,"Caption: A sunny day in the park, perfect for a bike ride!

Tags: #NatureLovers #BikeRide #ActiveLiving"
1941.jpg,/CSAM_non_sens/images/1941.jpg,CSAM,Non sensitive,1941.jpg,1941.jpg,"Caption: A child appears distressed, possibly due to isolation or emotional distress. Visible signs include sadness and a lack of engagement.

Tags: #ChildSafety #ChildProtection #EmotionalDistress #Isolation #ChildWellbeing"
2024.jpg,/CSAM_non_sens/images/2024.jpg,CSAM,Non sensitive,2024.jpg,2024.jpg,"Caption: A child appears distressed, with a furrowed brow and a slightly sad expression. Visible signs of distress include a furrowed brow and a slightly sad expression.

Tags: #ChildSafety #ChildProtection #Distress #EmotionalVulnerability"
3213.jpg,/CSAM_non_sens/images/3213.jpg,CSAM,Non sensitive,3213.jpg,3213.jpg,"Caption: A child appears distressed, possibly due to a difficult situation. Visible signs of distress include sadness and isolation.

Tags: #ChildSafety #ChildProtection #ChildWellbeing #EmotionalDistress #Isolation"
3215.jpg,/CSAM_non_sens/images/3215.jpg,CSAM,Non sensitive,3215.jpg,3215.jpg,"Caption: A child appears distressed, resting their head on their hand, suggesting feelings of sadness or distress. This situation highlights the importance of providing emotional support and safety for children.

Tags: #ChildSafety #EmotionalSupport #ChildProtection"
0829.webp,/CSAM_non_sens/images/0829.webp,CSAM,Non sensitive,0829.webp,0829.webp,"Caption: Visible physical aggression can put a child at serious risk. Hitting and violence should never be normalized, and every child deserves to feel safe and protected.

Tags: #ChildSafety #ChildProtection #StopViolence"
3390.jpg,/CSAM_non_sens/images/3390.jpg,CSAM,Non sensitive,3390.jpg,3390.jpg,"Caption: A child appears distressed, leaning against a wall with a hand on their head, possibly indicating sadness or distress.

Tags: #ChildSafety #ChildProtection #EmotionalSupport"
1982.jpg,/CSAM_non_sens/images/1982.jpg,CSAM,Non sensitive,1982.jpg,1982.jpg,"Caption: A child appears distressed, covering their face with a blue cloth, possibly indicating sadness or distress.

Tags: #ChildSafety #ChildProtection #EmotionalSupport"
1837.jpg,/CSAM_non_sens/images/1837.jpg,CSAM,Non sensitive,1837.jpg,1837.jpg,"Caption: A child appears to be being restrained by two other children, suggesting a concerning situation of physical aggression or bullying.

Tags: #ChildSafety #ChildProtection #StopBullying"
3180.jpg,/CSAM_non_sens/images/3180.jpg,CSAM,Non sensitive,3180.jpg,3180.jpg,"Caption: A child appears distressed, covering their ears, while another person stands nearby with hands raised near their head, possibly indicating frustration or concern.

Tags: #ChildSafety #ChildProtection #EmotionalDistress #SafeEnvironment"
3384.png,/CSAM_non_sens/images/3384.png,CSAM,Non sensitive,3384.png,3384.png,"Caption: A child appears to be reaching out towards another child, possibly indicating a moment of concern or interaction that could be seen as potentially unsafe.

Tags: #ChildSafety #ChildProtection #SafeEnvironment"
1966.jpg,/CSAM_non_sens/images/1966.jpg,CSAM,Non sensitive,1966.jpg,1966.jpg,"Caption: A child appears to be restrained and in distress, suggesting potential neglect or abuse. It is crucial to ensure the safety and well-being of all children.

Tags: #ChildSafety #ChildProtection #ChildAbuse #VulnerableChildren"
0804.jpg,/CSAM_non_sens/images/0804.jpg,CSAM,Non sensitive,0804.jpg,0804.jpg,"Caption: A child appears distressed, possibly due to emotional or psychological factors. It's important to address the underlying issues to ensure the child's well-being.

Tags: #ChildSafety #ChildProtection #EmotionalSupport #ChildWellbeing"
3379.png,/CSAM_non_sens/videos/video010/3379.png,CSAM,Non sensitive,video010,3379.png,"Caption: A child appears distressed while another child looks on. Visible signs of distress include sadness and isolation.

Tags: #ChildSafety #ChildProtection #ChildWellbeing #EmotionalSupport #SafeEnvironment"
3439.jpg,/CSAM_non_sens/videos/video010/3439.jpg,CSAM,Non sensitive,video010,3439.jpg,"Caption: A child appears to be distressed and is being pushed by another child. This behavior can be harmful and should be addressed immediately.

Tags: #ChildSafety #ChildProtection #StopBullying #ChildAbuse #SafeEnvironment"
3440.jpg,/CSAM_non_sens/videos/video010/3440.jpg,CSAM,Non sensitive,video010,3440.jpg,"Caption: A child is being held by an adult while another child stands nearby. The child appears distressed and is being restrained.

Tags: #ChildSafety #ChildProtection #ChildAbuse #Intimidation #Distress"
3441.jpg,/CSAM_non_sens/videos/video010/3441.jpg,CSAM,Non sensitive,video010,3441.jpg,"Caption: A child is being pushed by another child, indicating a concerning situation.

Tags: #ChildSafety #ChildProtection #StopBullying"
3442.jpg,/CSAM_non_sens/videos/video010/3442.jpg,CSAM,Non sensitive,video010,3442.jpg,"Caption: A child is running away while two adults are trying to stop them. One adult appears to be pushing the child.

Tags: #ChildSafety #ChildProtection #StopBullying"
3444.jpg,/CSAM_non_sens/videos/video010/3444.jpg,CSAM,Non sensitive,video010,3444.jpg,"Caption: A child is being restrained by an adult in a bedroom setting, suggesting a potential safety concern.

Tags: #ChildSafety #ChildProtection #SafeEnvironment"
3445.jpg,/CSAM_non_sens/videos/video010/3445.jpg,CSAM,Non sensitive,video010,3445.jpg,"Caption: A child appears to be being pushed by another individual, indicating potential physical aggression.

Tags: #ChildSafety #ChildProtection #StopViolence"
3446.jpg,/CSAM_non_sens/videos/video010/3446.jpg,CSAM,Non sensitive,video010,3446.jpg,"Caption: A child appears to be in distress, possibly due to a verbal confrontation or physical interaction. The scene suggests a need for intervention to ensure the child's safety and well-being.

Tags: #ChildSafety #ChildProtection #InterventionNeeded"
3447.jpg,/CSAM_non_sens/videos/video010/3447.jpg,CSAM,Non sensitive,video010,3447.jpg,"Caption: A child appears to be being pushed by another child, indicating potential physical aggression.

Tags: #ChildSafety #ChildProtection #StopViolence"
3448.jpg,/CSAM_non_sens/videos/video010/3448.jpg,CSAM,Non sensitive,video010,3448.jpg,"Caption: A child appears to be in distress, possibly due to a recent interaction with another child. The scene suggests a need for adult intervention to ensure the child's safety and well-being.

Tags: #ChildSafety #ChildProtection #ChildWellbeing #SafeEnvironment #EmotionalSupport"
3449.jpg,/CSAM_non_sens/videos/video010/3449.jpg,CSAM,Non sensitive,video010,3449.jpg,"Caption: A child appears to be being pushed by another child, indicating potential physical aggression.

Tags: #ChildSafety #ChildProtection #StopBullying"
3450.jpg,/CSAM_non_sens/videos/video010/3450.jpg,CSAM,Non sensitive,video010,3450.jpg,"Caption: A child appears distressed and is being comforted by an adult. The adult seems to be trying to calm the child down.

Tags: #ChildSafety #ChildProtection #EmotionalSupport"
3451.jpg,/CSAM_non_sens/videos/video010/3451.jpg,CSAM,Non sensitive,video010,3451.jpg,"Caption: A child appears to be being physically restrained by an adult, suggesting a concerning situation.

Tags: #ChildSafety #ChildProtection #PhysicalAggression"
3452.jpg,/CSAM_non_sens/videos/video010/3452.jpg,CSAM,Non sensitive,video010,3452.jpg,"Caption: A child appears distressed while another child seems to be comforting them. The scene suggests a moment of emotional support or concern.

Tags: #ChildSafety #ChildEmotionalSupport #ChildProtection"
3453.jpg,/CSAM_non_sens/videos/video010/3453.jpg,CSAM,Non sensitive,video010,3453.jpg,"Caption: A child appears to be being pushed by another child, indicating potential physical aggression.

Tags: #ChildSafety #ChildProtection #StopViolence"
3455.jpg,/CSAM_non_sens/videos/video010/3455.jpg,CSAM,Non sensitive,video010,3455.jpg,"Caption: A child appears to be engaging in physical aggression towards another child, which can pose significant risks to their safety and well-being.

Tags: #ChildSafety #ChildProtection #StopViolence"
3456.jpg,/CSAM_non_sens/videos/video010/3456.jpg,CSAM,Non sensitive,video010,3456.jpg,"Caption: A child appears to be being pushed by another child, indicating potential physical aggression.

Tags: #ChildSafety #ChildProtection #StopViolence"
3457.jpg,/CSAM_non_sens/videos/video010/3457.jpg,CSAM,Non sensitive,video010,3457.jpg,"Caption: A child appears to be being pushed by another child, indicating potential physical aggression.

Tags: #ChildSafety #ChildProtection #StopViolence"
3458.jpg,/CSAM_non_sens/videos/video010/3458.jpg,CSAM,Non sensitive,video010,3458.jpg,"Caption: A child appears distressed and is being restrained by an adult, suggesting a potentially unsafe situation.

Tags: #ChildSafety #ChildProtection #SafeEnvironment"
3459.jpg,/CSAM_non_sens/videos/video010/3459.jpg,CSAM,Non sensitive,video010,3459.jpg,"Caption: A child appears distressed and is being comforted by an adult. The adult seems to be trying to console the child, who looks sad and upset.

Tags: #ChildSafety #ChildEmotionalSupport #ComfortingChildren"
3460.jpg,/CSAM_non_sens/videos/video010/3460.jpg,CSAM,Non sensitive,video010,3460.jpg,"Caption: A child appears to be being pushed by another child, indicating potential physical aggression.

Tags: #ChildSafety #ChildProtection #StopViolence"
3461.jpg,/CSAM_non_sens/videos/video010/3461.jpg,CSAM,Non sensitive,video010,3461.jpg,"Caption: A child appears distressed and is being comforted by another adult in a room. The adult seems to be trying to calm the child down.

Tags: #ChildSafety #ChildProtection #EmotionalSupport"
3462.jpg,/CSAM_non_sens/videos/video010/3462.jpg,CSAM,Non sensitive,video010,3462.jpg,"Caption: A child appears distressed and is being comforted by an adult. The adult seems to be trying to calm the child down.

Tags: #ChildSafety #ChildProtection #EmotionalSupport"
3208.jpg,/CSAM_non_sens/images/3208.jpg,CSAM,Non sensitive,3208.jpg,3208.jpg,"Caption: A child appears distressed, with hands raised in a defensive posture, while parents seem to be in a heated argument in the background.

Tags: #ChildSafety #ParentalConflict #Distress #EmotionalSupport"
3164.jpg,/CSAM_non_sens/images/3164.jpg,CSAM,Non sensitive,3164.jpg,3164.jpg,"Caption: A child appears distressed on the floor, while an adult reaches out towards them. Visible signs of concern and potential neglect are evident.

Tags: #ChildSafety #ChildProtection #ChildAbuse #VulnerableChildren #SafeEnvironment"
1846.jpg,/CSAM_non_sens/images/1846.jpg,CSAM,Non sensitive,1846.jpg,1846.jpg,"Caption: A child appears distressed, covering their ears, possibly indicating fear or discomfort. Visible physical aggression is not present in this image.

Tags: #ChildSafety #ChildProtection #EmotionalDistress #SafeEnvironment"
2017.jpg,/CSAM_non_sens/images/2017.jpg,CSAM,Non sensitive,2017.jpg,2017.jpg,"Caption: A child appears to be in a vulnerable position, possibly feeling isolated and distressed. Visible signs of sadness or distress can be seen on their face.

Tags: #ChildSafety #ChildProtection #ChildVulnerability #EmotionalDistress #Isolation"
1882.jpg,/CSAM_non_sens/images/1882.jpg,CSAM,Non sensitive,1882.jpg,1882.jpg,"Caption: Visible physical aggression can put a child at serious risk. Hitting and violence should never be normalized, and every child deserves to feel safe and protected.

Tags: #ChildSafety #ChildProtection #StopViolence"
0897.jpg,/CSAM_non_sens/images/0897.jpg,CSAM,Non sensitive,0897.jpg,0897.jpg,"Caption: Visible physical aggression can pose significant risks to a child's safety. Hitting and violence should never be tolerated, and every child deserves to feel secure and protected.

Tags: #ChildSafety #ChildProtection #StopViolence"
2058.jpg,/CSAM_non_sens/images/2058.jpg,CSAM,Non sensitive,2058.jpg,2058.jpg,"Caption: A child appears distressed, possibly due to emotional or environmental factors. Visible signs of distress include a tense posture and a worried expression.

Tags: #ChildSafety #ChildProtection #EmotionalDistress"
2057.jpg,/CSAM_non_sens/images/2057.jpg,CSAM,Non sensitive,2057.jpg,2057.jpg,"Caption: A child is seen holding bricks, possibly involved in manual labor. Visible physical aggression or bullying could pose risks to the child's safety and well-being.

Tags: #ChildSafety #ChildProtection #StopViolence #ChildLabor #SafeEnvironment"
1891.jpg,/CSAM_non_sens/images/1891.jpg,CSAM,Non sensitive,1891.jpg,1891.jpg,"Caption: A child appears to be hiding under a piece of furniture, possibly feeling scared or distressed. This situation highlights the importance of providing a safe and comforting environment for children.

Tags: #ChildSafety #ChildProtection #SafeEnvironment"
3230.jpg,/CSAM_non_sens/videos/video001/3230.jpg,CSAM,Non sensitive,video001,3230.jpg,"Caption: A child appears distressed and is leaning forward, possibly in response to something off-screen. Another child seems to be comforting or interacting with them.

Tags: #ChildSafety #ChildEmotionalSupport #ChildDistress"
3237.jpg,/CSAM_non_sens/videos/video001/3237.jpg,CSAM,Non sensitive,video001,3237.jpg,"Caption: A child appears to be reaching out towards another child, who seems to be leaning forward, possibly in a gesture of concern or assistance. The setting looks like a living room with a couch and some flowers on a table.

Tags: #ChildSafety #ChildProtection #SafeEnvironment"
3239.jpg,/CSAM_non_sens/videos/video001/3239.jpg,CSAM,Non sensitive,video001,3239.jpg,"Caption: A child appears distressed while another child reaches out to comfort them. Visible signs of distress include tears and a worried expression.

Tags: #ChildSafety #ChildProtection #EmotionalSupport"
3247.jpg,/CSAM_non_sens/videos/video001/3247.jpg,CSAM,Non sensitive,video001,3247.jpg,"Caption: A child appears to be being pushed by another individual, indicating potential physical aggression.

Tags: #ChildSafety #ChildProtection #StopViolence"
3257.jpg,/CSAM_non_sens/videos/video001/3257.jpg,CSAM,Non sensitive,video001,3257.jpg,"Caption: A child appears distressed, possibly crying or expressing sadness. Visible signs of distress include tears and a worried expression.

Tags: #ChildSafety #ChildEmotionalWellbeing #ChildProtection"
3258.jpg,/CSAM_non_sens/videos/video001/3258.jpg,CSAM,Non sensitive,video001,3258.jpg,"Caption: A child appears distressed while interacting with an adult in a living room setting. The adult seems to be comforting the child, who is holding a backpack. The scene suggests a moment of concern or emotional support.

Tags: #ChildSafety #ChildEmotionalSupport #SafeEnvironment"
3259.jpg,/CSAM_non_sens/videos/video001/3259.jpg,CSAM,Non sensitive,video001,3259.jpg,"Caption: A child appears distressed while another person holds a phone, possibly showing something that has upset the child.

Tags: #ChildSafety #ChildProtection #EmotionalDistress"
3260.jpg,/CSAM_non_sens/videos/video001/3260.jpg,CSAM,Non sensitive,video001,3260.jpg,"Caption: A woman appears to be comforting a distressed child, who seems to be crying or upset. The woman is holding the child gently and speaking to them.

Tags: #ChildSafety #ChildProtection #EmotionalSupport"
3261.jpg,/CSAM_non_sens/videos/video001/3261.jpg,CSAM,Non sensitive,video001,3261.jpg,"Caption: A child appears to be being physically restrained by an adult, indicating a concerning situation.

Tags: #ChildSafety #ChildProtection #PhysicalAggression"
3262.jpg,/CSAM_non_sens/videos/video001/3262.jpg,CSAM,Non sensitive,video001,3262.jpg,"Caption: A child appears to be being restrained by an adult, suggesting a concerning situation.

Tags: #ChildSafety #ChildProtection #SafeEnvironment"
3265.jpg,/CSAM_non_sens/videos/video001/3265.jpg,CSAM,Non sensitive,video001,3265.jpg,"Caption: A child appears to be being pushed or restrained by another individual, which can be concerning and put the child at risk.

Tags: #ChildSafety #ChildProtection #SafeEnvironment"
3266.jpg,/CSAM_non_sens/videos/video001/3266.jpg,CSAM,Non sensitive,video001,3266.jpg,"Caption: A child appears to be being held by another individual, possibly in a protective or comforting manner. The setting suggests a domestic environment.

Tags: #ChildSafety #ChildProtection #SafeEnvironment"
3267.jpg,/CSAM_non_sens/videos/video001/3267.jpg,CSAM,Non sensitive,video001,3267.jpg,"Caption: A child appears to be being held by another individual in a potentially unsafe situation. Visible physical contact suggests a concern for safety and protection.

Tags: #ChildSafety #ChildProtection #SafeEnvironment"
3268.jpg,/CSAM_non_sens/videos/video001/3268.jpg,CSAM,Non sensitive,video001,3268.jpg,"Caption: A child appears to be in distress, possibly due to isolation or sadness. Visible signs of emotional vulnerability include a lack of engagement and a somber expression.

Tags: #ChildSafety #ChildEmotionalWellbeing #Isolation #Vulnerability"
3269.jpg,/CSAM_non_sens/videos/video001/3269.jpg,CSAM,Non sensitive,video001,3269.jpg,"Caption: A child appears to be experiencing distress, possibly due to a difficult moment. The child looks sad and isolated, which can be concerning.

Tags: #ChildSafety #ChildProtection #ChildWellbeing #EmotionalSupport #SafeEnvironment"
3270.jpg,/CSAM_non_sens/videos/video001/3270.jpg,CSAM,Non sensitive,video001,3270.jpg,"Caption: A child appears distressed and is being scolding by an adult. Visible signs of distress include tears and a worried expression.

Tags: #ChildSafety #ChildProtection #EmotionalSupport"
3271.jpg,/CSAM_non_sens/videos/video001/3271.jpg,CSAM,Non sensitive,video001,3271.jpg,"Caption: A child appears distressed, possibly due to a difficult moment. The environment suggests a need for support and safety.

Tags: #ChildSafety #ChildProtection #ChildWellbeing"
3272.jpg,/CSAM_non_sens/videos/video001/3272.jpg,CSAM,Non sensitive,video001,3272.jpg,"Caption: A child appears to be receiving physical assistance, possibly from an adult, which could indicate a need for immediate attention to ensure safety.

Tags: #ChildSafety #ChildProtection #PhysicalAssistance"
3273.jpg,/CSAM_non_sens/videos/video001/3273.jpg,CSAM,Non sensitive,video001,3273.jpg,"Caption: A child appears distressed, possibly due to a difficult conversation or situation. The adult seems to be trying to comfort or explain something, indicating a moment of emotional support.

Tags: #ChildSafety #EmotionalSupport #ChildWellbeing"
3274.jpg,/CSAM_non_sens/videos/video001/3274.jpg,CSAM,Non sensitive,video001,3274.jpg,"Caption: A child appears distressed, possibly due to a difficult moment. Visible signs of distress include sadness and isolation.

Tags: #ChildSafety #ChildProtection #ChildWellbeing #EmotionalSupport #SafeEnvironment"
3277.jpg,/CSAM_non_sens/videos/video001/3277.jpg,CSAM,Non sensitive,video001,3277.jpg,"Caption: A child appears distressed, with closed eyes and a tense expression, suggesting emotional distress.

Tags: #ChildSafety #ChildEmotionalWellbeing #Distress"
3508.jpg,/CSAM_non_sens/videos/video001/3508.jpg,CSAM,Non sensitive,video001,3508.jpg,"Caption: A child appears distressed while another person reaches out towards them, possibly in a comforting gesture. Visible signs of distress include the child's body language and facial expression.

Tags: #ChildSafety #ChildProtection #Distress #EmotionalSupport"
3510.jpg,/CSAM_non_sens/videos/video001/3510.jpg,CSAM,Non sensitive,video001,3510.jpg,"Caption: A child appears to be reaching out towards another child, who seems to be in a defensive posture. This interaction suggests potential physical contact or conflict.

Tags: #ChildSafety #ChildProtection #Bullying #Intimidation #PhysicalAggression"
3511.jpg,/CSAM_non_sens/videos/video001/3511.jpg,CSAM,Non sensitive,video001,3511.jpg,"Caption: A child appears to be reaching out towards another child, who seems to be bending down, possibly in a comforting or protective manner. The scene suggests a moment of interaction between two children.

Tags: #ChildSafety #ChildInteraction #SafeEnvironment"
3512.jpg,/CSAM_non_sens/videos/video001/3512.jpg,CSAM,Non sensitive,video001,3512.jpg,"Caption: A child appears distressed and is being ignored by adults in a living room setting. The child seems to be in a vulnerable position, possibly feeling isolated and neglected.

Tags: #ChildSafety #ChildProtection #Isolation #Vulnerability"
3513.jpg,/CSAM_non_sens/videos/video001/3513.jpg,CSAM,Non sensitive,video001,3513.jpg,"Caption: A child appears to be receiving a toy or gift from an adult, which could be seen as a form of physical aggression if the child is not comfortable with it.

Tags: #ChildSafety #ChildProtection #SafeEnvironment"
3515.jpg,/CSAM_non_sens/videos/video001/3515.jpg,CSAM,Non sensitive,video001,3515.jpg,"Caption: A child appears to be standing close to an adult who seems to be comforting them. The adult is holding something in their hand, possibly a small object or toy.

Tags: #ChildSafety #ChildProtection #EmotionalSupport"
3516.jpg,/CSAM_non_sens/videos/video001/3516.jpg,CSAM,Non sensitive,video001,3516.jpg,"Caption: A child appears distressed while sitting on a couch next to an adult who seems to be comforting them. The adult is holding their hands together, possibly in a gesture of reassurance.

Tags: #ChildSafety #ChildEmotionalSupport #ComfortingBehaviors"
3517.jpg,/CSAM_non_sens/videos/video001/3517.jpg,CSAM,Non sensitive,video001,3517.jpg,"Caption: A child appears distressed, possibly due to a difficult moment. The adult seems to be trying to comfort or interact with the child, indicating concern for their well-being.

Tags: #ChildSafety #ChildProtection #ChildWellbeing"
3519.jpg,/CSAM_non_sens/videos/video001/3519.jpg,CSAM,Non sensitive,video001,3519.jpg,"Caption: A child appears to be expressing distress or frustration, while another individual seems to be reacting with concern or urgency.

Tags: #ChildSafety #ChildEmotionalWellbeing #ParentingTips"
3520.jpg,/CSAM_non_sens/videos/video001/3520.jpg,CSAM,Non sensitive,video001,3520.jpg,"Caption: A child appears to be expressing distress while sitting on a couch next to an adult. The adult seems to be speaking animatedly, possibly in response to the child's expression.

Tags: #ChildSafety #ChildEmotionalWellbeing #SafeEnvironment"
3521.jpg,/CSAM_non_sens/videos/video001/3521.jpg,CSAM,Non sensitive,video001,3521.jpg,"Caption: A child appears to be receiving physical assistance from an adult, possibly helping with dressing or adjusting their clothing. The interaction seems supportive but requires careful observation to ensure safety.

Tags: #ChildSafety #ChildProtection #SafeEnvironment"
3522.jpg,/CSAM_non_sens/videos/video001/3522.jpg,CSAM,Non sensitive,video001,3522.jpg,"Caption: A child appears to be being restrained by an adult, suggesting a concerning situation.

Tags: #ChildSafety #ChildProtection #SafeEnvironment"
3523.jpg,/CSAM_non_sens/videos/video001/3523.jpg,CSAM,Non sensitive,video001,3523.jpg,"Caption: A child appears to be being pushed or restrained by another individual, indicating potential physical aggression or mistreatment.

Tags: #ChildSafety #ChildProtection #StopViolence"
3524.jpg,/CSAM_non_sens/videos/video001/3524.jpg,CSAM,Non sensitive,video001,3524.jpg,"Caption: A child appears distressed, possibly due to isolation or emotional distress. The adult seems to be trying to comfort or interact with the child.

Tags: #ChildSafety #ChildProtection #EmotionalSupport #Isolation #Distress"
3525.jpg,/CSAM_non_sens/videos/video001/3525.jpg,CSAM,Non sensitive,video001,3525.jpg,"Caption: A child appears distressed, possibly due to a difficult moment. The adult seems to be trying to comfort or interact with the child.

Tags: #ChildSafety #ChildProtection #EmotionalSupport #ChildWellbeing"
3526.jpg,/CSAM_non_sens/videos/video001/3526.jpg,CSAM,Non sensitive,video001,3526.jpg,"Caption: A child appears distressed, possibly due to isolation or emotional distress. The scene suggests a need for support and safety.

Tags: #ChildSafety #ChildProtection #EmotionalSupport"
0864.webp,/CSAM_non_sens/images/0864.webp,CSAM,Non sensitive,0864.webp,0864.webp,"Caption: A child appears distressed, possibly due to isolation or emotional distress. Visible signs of sadness or distress can impact a child's well-being.

Tags: #ChildSafety #ChildProtection #EmotionalWellbeing #Isolation #Distress"
0858.webp,/CSAM_non_sens/images/0858.webp,CSAM,Non sensitive,0858.webp,0858.webp,"Caption: A child appears distressed, with hands raised near their face, possibly indicating fear or distress. Visible signs of vulnerability and emotional distress are evident.

Tags: #ChildSafety #ChildProtection #EmotionalDistress #Vulnerability #ChildAbusePrevention"
0901.jpg,/CSAM_non_sens/images/0901.jpg,CSAM,Non sensitive,0901.jpg,0901.jpg,"Caption: A child appears distressed behind bars, suggesting a sense of confinement or restriction.

Tags: #ChildSafety #Isolation #EmotionalDistress #ChildProtection"
0831.webp,/CSAM_non_sens/images/0831.webp,CSAM,Non sensitive,0831.webp,0831.webp,"Caption: A child appears distressed, sitting alone with their head in their hands, suggesting feelings of sadness or distress.

Tags: #ChildSafety #ChildProtection #EmotionalWellbeing"
3127.jpg,/CSAM_non_sens/images/3127.jpg,CSAM,Non sensitive,3127.jpg,3127.jpg,"Caption: A child appears distressed and sad, sitting on a couch while an adult sits beside them. The child's body language suggests sadness and distress.

Tags: #ChildSafety #ChildEmotionalWellbeing #ChildDistress"
0797.webp,/CSAM_non_sens/images/0797.webp,CSAM,Non sensitive,0797.webp,0797.webp,"Caption: A child appears distressed, holding their head in their hands, suggesting feelings of sadness or distress.

Tags: #ChildSafety #ChildEmotionalWellbeing #ChildProtection"
2011.jpg,/CSAM_non_sens/images/2011.jpg,CSAM,Non sensitive,2011.jpg,2011.jpg,"Caption: A child appears to be restrained by multiple hands, suggesting a situation of physical restraint or control. This can be concerning and indicates a need for immediate attention to ensure the child's safety.

Tags: #ChildSafety #ChildProtection #PhysicalRestraint #Vulnerability #EmotionalSupport"
1845.jpg,/CSAM_non_sens/images/1845.jpg,CSAM,Non sensitive,1845.jpg,1845.jpg,"Caption: A child appears distressed, holding a stuffed animal, while another child seems to be speaking or gesturing towards them. Visible physical aggression is not evident, but the scene suggests a tense interaction.

Tags: #ChildSafety #ChildProtection #Bullying #Intimidation #EmotionalDistress"
1847.jpg,/CSAM_non_sens/images/1847.jpg,CSAM,Non sensitive,1847.jpg,1847.jpg,"Caption: A child is carrying a bucket on their head, which could indicate they are working in a field or garden. This action might suggest they are responsible for tasks that require carrying heavy loads.

Tags: #ChildLabor #FieldWork #SafeWorkingConditions"
2042.jpg,/CSAM_non_sens/images/2042.jpg,CSAM,Non sensitive,2042.jpg,2042.jpg,"Caption: A child appears to be carrying a heavy bag, possibly indicating a challenging situation. The child's posture suggests they might be struggling with the weight.

Tags: #ChildSafety #ChildProtection #ChildWellbeing"
0857.webp,/CSAM_non_sens/images/0857.webp,CSAM,Non sensitive,0857.webp,0857.webp,"Caption: A child appears distressed, holding their head in their hands, suggesting emotional distress or sadness.

Tags: #ChildSafety #ChildEmotionalWellbeing #Distress"
0812.webp,/CSAM_non_sens/images/0812.webp,CSAM,Non sensitive,0812.webp,0812.webp,"Caption: A child's hands are raised, showing signs of distress and vulnerability. Visible physical aggression can put a child at serious risk.

Tags: #ChildSafety #ChildProtection #StopViolence #ChildAbuse #VulnerableChildren"
0874.jpeg,/CSAM_non_sens/images/0874.jpeg,CSAM,Non sensitive,0874.jpeg,0874.jpeg,"Caption: A child appears distressed, possibly due to isolation or emotional distress. Visible signs include sadness and a sense of vulnerability.

Tags: #ChildSafety #ChildProtection #EmotionalWellbeing #Isolation #Vulnerability"
1853.jpg,/CSAM_non_sens/images/1853.jpg,CSAM,Non sensitive,1853.jpg,1853.jpg,"Caption: A child is carrying a bowl on their head, which appears to be filled with soil or gravel. The child looks focused and determined, possibly indicating hard work or a labor-intensive task.

Tags: #ChildLabor #HardWork #SafeEnvironment #ChildSafety #ChildProtection"
2065.jpg,/CSAM_non_sens/images/2065.jpg,CSAM,Non sensitive,2065.jpg,2065.jpg,"Caption: A child appears to be hiding behind a wooden structure, showing signs of distress and sadness.

Tags: #ChildSafety #ChildProtection #EmotionalDistress"
1821.jpg,/CSAM_non_sens/images/1821.jpg,CSAM,Non sensitive,1821.jpg,1821.jpg,"Caption: A child appears distressed, hugging their knees, while an adult's hand reaches out towards them. This scene suggests a moment of concern or potential conflict.

Tags: #ChildSafety #ChildProtection #ConcernsForChildren"
1924.jpg,/CSAM_non_sens/images/1924.jpg,CSAM,Non sensitive,1924.jpg,1924.jpg,"Caption: A woman appears distressed, with visible bruising on her cheek, suggesting she may have been physically assaulted.

Tags: #ChildSafety #ChildProtection #PhysicalAbuse #Vulnerability #EmotionalDistress"
2047.jpg,/CSAM_non_sens/images/2047.jpg,CSAM,Non sensitive,2047.jpg,2047.jpg,"Caption: A child's hand is raised, possibly in a gesture of distress or seeking help. Visible signs of sadness or distress are evident on the child's face.

Tags: #ChildSafety #ChildProtection #ChildEmotionalWellbeing"
1841.jpg,/CSAM_non_sens/images/1841.jpg,CSAM,Non sensitive,1841.jpg,1841.jpg,"Caption: A child is sitting on the floor, appearing distressed and isolated. Another child is pointing at her, possibly indicating a bullying or intimidating situation.

Tags: #ChildSafety #ChildProtection #StopBullying #Isolation #Distress"
1904.jpg,/CSAM_non_sens/images/1904.jpg,CSAM,Non sensitive,1904.jpg,1904.jpg,"Caption: A child appears to be holding their hand, possibly in a comforting gesture. This could indicate a moment of reassurance or support.

Tags: #ChildSafety #ChildSupport #ComfortingGestures"
0900.jpg,/CSAM_non_sens/images/0900.jpg,CSAM,Non sensitive,0900.jpg,0900.jpg,"Caption: A child is seen with their hand raised, possibly indicating a need for help or protection. Visible signs of distress suggest the child might be in a vulnerable situation.

Tags: #ChildSafety #ChildProtection #VulnerableChildren"
3206.jpg,/CSAM_non_sens/images/3206.jpg,CSAM,Non sensitive,3206.jpg,3206.jpg,"Caption: A child appears distressed and sad, sitting on a couch while an adult sits beside them. The child's body language suggests sadness and distress.

Tags: #ChildSafety #ChildEmotionalWellbeing #ChildDistress"
1993.jpg,/CSAM_non_sens/images/1993.jpg,CSAM,Non sensitive,1993.jpg,1993.jpg,"Caption: A child appears distressed, sitting alone on a dock by the water. The child's posture suggests sadness or distress, possibly indicating feelings of isolation or emotional vulnerability.

Tags: #ChildSafety #ChildProtection #EmotionalVulnerability"
3252.jpg,/CSAM_non_sens/images/3252.jpg,CSAM,Non sensitive,3252.jpg,3252.jpg,"Caption: A woman appears to be pointing at a child, possibly in a confrontational manner. This behavior could indicate a rageful interaction between the two individuals.

Tags: #ChildSafety #ParentChildInteraction #Confrontation #ChildProtection"
3250.jpg,/CSAM_non_sens/videos/video040/3250.jpg,CSAM,Non sensitive,video040,3250.jpg,"Caption: A child appears distressed, holding their head in their hands, suggesting emotional distress or sadness.

Tags: #ChildSafety #ChildEmotionalWellbeing #SupportForChildren"
3251.jpg,/CSAM_non_sens/videos/video040/3251.jpg,CSAM,Non sensitive,video040,3251.jpg,"Caption: A child appears distressed, holding their head in their hands, suggesting emotional distress or sadness.

Tags: #ChildSafety #ChildEmotionalWellbeing #Distress"
1996.jpg,/CSAM_non_sens/images/1996.jpg,CSAM,Non sensitive,1996.jpg,1996.jpg,"Caption: A child appears to be leaning on a stack of bricks, possibly indicating a moment of distress or sadness.

Tags: #ChildSafety #ChildProtection #EmotionalWellbeing"
2072.jpg,/CSAM_non_sens/images/2072.jpg,CSAM,Non sensitive,2072.jpg,2072.jpg,"Caption: A child appears distressed, with visible tears and a worried expression. The child is holding onto a metal bar, suggesting a sense of confinement or restriction.

Tags: #ChildSafety #ChildProtection #Isolation #Distress"
3383.png,/CSAM_non_sens/images/3383.png,CSAM,Non sensitive,3383.png,3383.png,"Caption: A child appears to be being pushed by an adult, which can be dangerous and harmful. It's crucial to ensure that children are safe and protected from such behaviors.

Tags: #ChildSafety #ChildProtection #ChildAbuse #SafeEnvironment #ChildWellbeing"
1988.jpg,/CSAM_non_sens/images/1988.jpg,CSAM,Non sensitive,1988.jpg,1988.jpg,"Caption: A child appears distressed, possibly due to isolation or emotional distress. It's important to ensure children have a safe and supportive environment.

Tags: #ChildSafety #ChildProtection #EmotionalWellbeing"
1916.jpg,/CSAM_non_sens/images/1916.jpg,CSAM,Non sensitive,1916.jpg,1916.jpg,"Caption: A child appears to be in distress, with their arm bound and restrained by another individual. Visible signs of distress include tears and a tense posture.

Tags: #ChildSafety #ChildProtection #ChildAbuse #EmotionalDistress #Vulnerability"
3158.jpg,/CSAM_non_sens/images/3158.jpg,CSAM,Non sensitive,3158.jpg,3158.jpg,"Caption: A child is hugging a stuffed toy while a person stands nearby, holding a belt. The child appears distressed and is seeking comfort.

Tags: #ChildSafety #ChildProtection #ChildAbusePrevention"
3278.jpg,/CSAM_non_sens/videos/video019/3278.jpg,CSAM,Non sensitive,video019,3278.jpg,"Caption: A child appears distressed, leaning against a railing while another child stands nearby. The scene suggests a moment of concern or conflict.

Tags: #ChildSafety #ChildProtection #EmotionalDistress"
3279.jpg,/CSAM_non_sens/videos/video019/3279.jpg,CSAM,Non sensitive,video019,3279.jpg,"Caption: A child appears distressed and is being restrained by an adult, suggesting a potential safety concern.

Tags: #ChildSafety #ChildProtection #SafeEnvironment"
3280.jpg,/CSAM_non_sens/videos/video019/3280.jpg,CSAM,Non sensitive,video019,3280.jpg,"Caption: A child appears to be receiving physical contact from another individual, which could be considered a concerning situation. It is important to ensure that all interactions are safe and appropriate for children.

Tags: #ChildSafety #ChildProtection #PhysicalAggression #SafeEnvironment"
3281.jpg,/CSAM_non_sens/videos/video019/3281.jpg,CSAM,Non sensitive,video019,3281.jpg,"Caption: A child appears to be reaching out to an adult, possibly seeking comfort or assistance. The interaction suggests a moment of concern or need.

Tags: #ChildSafety #ChildProtection #EmotionalSupport"
3282.jpg,/CSAM_non_sens/videos/video019/3282.jpg,CSAM,Non sensitive,video019,3282.jpg,"Caption: A child appears distressed, possibly due to a recent interaction with another individual. The scene suggests a need for adult intervention to ensure the child's safety and well-being.

Tags: #ChildSafety #ChildProtection #SafeEnvironment"
3283.jpg,/CSAM_non_sens/videos/video019/3283.jpg,CSAM,Non sensitive,video019,3283.jpg,"Caption: A child appears distressed, possibly due to a difficult moment. The adult's actions suggest a need for intervention to ensure the child's safety and well-being.

Tags: #ChildSafety #ChildProtection #ChildWellbeing #EmotionalSupport #SafeEnvironment"
3284.jpg,/CSAM_non_sens/videos/video019/3284.jpg,CSAM,Non sensitive,video019,3284.jpg,"Caption: A child appears to be reaching out to an adult, who seems to be in a position of authority. The interaction suggests a moment of concern or potential conflict.

Tags: #ChildSafety #ChildProtection #ConcerningInteraction"
3285.jpg,/CSAM_non_sens/videos/video019/3285.jpg,CSAM,Non sensitive,video019,3285.jpg,"Caption: A child appears distressed, possibly due to a difficult moment. The adult seems to be trying to sexually assualt  the child.

Tags: #ChildSafety #ChildProtection #EmotionalSupport"
3286.jpg,/CSAM_non_sens/videos/video019/3286.jpg,CSAM,Non sensitive,video019,3286.jpg,"Caption: A child appears distressed, possibly due to a difficult moment. The adult seems to be trying to torture the child, indicating taking advantage of helpless.

Tags: #ChildSafety #ChildProtection #ChildWellbeing"
3289.jpg,/CSAM_non_sens/videos/video019/3289.jpg,CSAM,Non sensitive,video019,3289.jpg,"Caption: A child appears distressed, possibly due to a difficult moment. The adult seems to be trying to comfort or interact with the child.

Tags: #ChildSafety #ChildProtection #EmotionalSupport"
3290.jpg,/CSAM_non_sens/videos/video019/3290.jpg,CSAM,Non sensitive,video019,3290.jpg,"Caption: A child appears to be in distress, possibly due to a lack of attention or interaction from others. The child's body language suggests sadness or fear.

Tags: #ChildSafety #ChildProtection #EmotionalDistress #Loneliness #Vulnerability"
3291.jpg,/CSAM_non_sens/videos/video019/3291.jpg,CSAM,Non sensitive,video019,3291.jpg,"Caption: A child appears to be in a tense situation with an adult, possibly indicating a moment of conflict or misunderstanding. The child seems distressed, while the adult stands nearby, holding a belt-like object. The scene suggests a need for intervention to ensure the child's safety and well-being.

Tags: #ChildSafety #ChildProtection #InterventionNeeded"
1920.jpg,/CSAM_non_sens/images/1920.jpg,CSAM,Non sensitive,1920.jpg,1920.jpg,"Caption: A child appears distressed, sitting against a wall with visible signs of distress on their face. The child is wearing sandals and a red garment, and there are several sticks lying nearby.

Tags: #ChildSafety #ChildProtection #Distress #Vulnerability #EmotionalWellbeing"
3299.jpg,/CSAM_non_sens/videos/video003/3299.jpg,CSAM,Non sensitive,video003,3299.jpg,"Caption: Visible physical aggression can pose significant risks to a child's safety. Hitting and violence should never be tolerated, and every child deserves to feel secure and protected.

Tags: #ChildSafety #ChildProtection #StopViolence"
3323.jpg,/CSAM_non_sens/videos/video003/3323.jpg,CSAM,Non sensitive,video003,3323.jpg,"Caption: A child appears distressed, covering their mouth with their hand, possibly indicating fear or distress. Visible physical aggression is not present.

Tags: #ChildSafety #ChildProtection #Distress #EmotionalSupport"
3412.jpg,/CSAM_non_sens/videos/video003/3412.jpg,CSAM,Non sensitive,video003,3412.jpg,"Caption: Visible physical aggression can pose significant risks to a child's safety. Hitting and violence should never be tolerated, and every child deserves to feel secure and protected.

Tags: #ChildSafety #ChildProtection #StopViolence"
3414.jpg,/CSAM_non_sens/videos/video003/3414.jpg,CSAM,Non sensitive,video003,3414.jpg,"Caption: A child appears distressed and is being held by an adult in a forest setting. The adult seems to be comforting the child, who looks sad and isolated.

Tags: #ChildSafety #ChildProtection #Isolation #Distress"
3415.jpg,/CSAM_non_sens/videos/video003/3415.jpg,CSAM,Non sensitive,video003,3415.jpg,"Caption: A child appears to be being restrained by an adult in a forest setting. The child seems distressed and is being held back by the adult.

Tags: #ChildSafety #ChildProtection #ChildAbuse #Intimidation #Vulnerability"
3416.jpg,/CSAM_non_sens/videos/video003/3416.jpg,CSAM,Non sensitive,video003,3416.jpg,"Caption: Visible physical aggression can pose significant risks to a child's safety. Hitting and violence should never be tolerated, and every child deserves to feel secure and protected.

Tags: #ChildSafety #ChildProtection #StopViolence"
3424.jpg,/CSAM_non_sens/videos/video003/3424.jpg,CSAM,Non sensitive,video003,3424.jpg,"Caption: A child appears to be looking up at an adult who is holding a cigarette. The adult seems to be in a position of authority or control.

Tags: #ChildSafety #ChildProtection #Bullying #Intimidation #Vulnerability"
3443.jpg,/CSAM_non_sens/videos/video003/3443.jpg,CSAM,Non sensitive,video003,3443.jpg,"Caption: A child appears distressed, possibly due to isolation or emotional distress. Visible physical aggression is not present.

Tags: #ChildSafety #ChildProtection #EmotionalDistress #Isolation #SupportNeeded"
3509.jpg,/CSAM_non_sens/videos/video003/3509.jpg,CSAM,Non sensitive,video003,3509.jpg,"Caption: A child appears distressed, possibly due to isolation or emotional distress. Visible signs include sadness and a lack of engagement with their surroundings.

Tags: #ChildSafety #ChildProtection #EmotionalDistress #Isolation #ChildWellbeing"
1983.jpg,/CSAM_non_sens/images/1983.jpg,CSAM,Non sensitive,1983.jpg,1983.jpg,"Caption: A child appears to be sitting alone, possibly feeling distressed or sad. Visible signs of vulnerability and isolation are evident.

Tags: #ChildSafety #ChildProtection #Isolation #Vulnerability #EmotionalWellbeing"
3132.jpg,/CSAM_non_sens/videos/video009/3132.jpg,CSAM,Non sensitive,video009,3132.jpg,"Caption: A child appears to be in distress, possibly due to a verbal confrontation or misunderstanding. The adult seems to be speaking assertively, which could indicate a tense situation.

Tags: #ChildSafety #ChildProtection #VerbalConfrontation #Distress #Understanding"
3382.png,/CSAM_non_sens/videos/video009/3382.png,CSAM,Non sensitive,video009,3382.png,"Caption: A child appears distressed, possibly due to a challenging conversation or interaction. Visible signs of distress include a lack of engagement and a somber expression.

Tags: #ChildSafety #ChildProtection #EmotionalDistress #ChildWellbeing"
3463.jpg,/CSAM_non_sens/videos/video009/3463.jpg,CSAM,Non sensitive,video009,3463.jpg,"Caption: A child appears to be facing a challenging situation, possibly due to emotional distress or isolation. Visible signs of sadness or distress are evident.

Tags: #ChildSafety #ChildProtection #EmotionalSupport #ChildWellbeing"
3464.jpg,/CSAM_non_sens/videos/video009/3464.jpg,CSAM,Non sensitive,video009,3464.jpg,"Caption: Visible physical aggression can pose significant risks to a child's safety. Hitting and violence should never be tolerated, and every child deserves to feel secure and protected.

Tags: #ChildSafety #ChildProtection #StopViolence"
3466.jpg,/CSAM_non_sens/videos/video009/3466.jpg,CSAM,Non sensitive,video009,3466.jpg,"Caption: Visible physical aggression can pose significant risks to a child's safety. Hitting and violence should never be tolerated, and every child deserves to feel secure and protected.

Tags: #ChildSafety #ChildProtection #StopViolence"
3467.jpg,/CSAM_non_sens/videos/video009/3467.jpg,CSAM,Non sensitive,video009,3467.jpg,"Caption: Visible physical aggression can pose significant risks to a child's safety. Hitting and violence should never be tolerated, and every child deserves to feel secure and protected.

Tags: #ChildSafety #ChildProtection #StopViolence"
3468.jpg,/CSAM_non_sens/videos/video009/3468.jpg,CSAM,Non sensitive,video009,3468.jpg,"Caption: Visible physical aggression can pose significant risks to a child's safety. It's crucial to address and prevent such behaviors to ensure every child feels secure and protected.

Tags: #ChildSafety #ChildProtection #StopViolence"
3469.jpg,/CSAM_non_sens/videos/video009/3469.jpg,CSAM,Non sensitive,video009,3469.jpg,"Caption: A child appears to be being restrained by an adult, suggesting a concerning situation.

Tags: #ChildSafety #ChildProtection #SafeEnvironment"
3470.jpg,/CSAM_non_sens/videos/video009/3470.jpg,CSAM,Non sensitive,video009,3470.jpg,"Caption: Visible physical aggression can pose significant risks to a child's safety. It's crucial to address and prevent such behaviors to ensure every child feels secure and protected.

Tags: #ChildSafety #ChildProtection #StopViolence"
3471.jpg,/CSAM_non_sens/videos/video009/3471.jpg,CSAM,Non sensitive,video009,3471.jpg,"Caption: Visible physical aggression can pose significant risks to a child's safety. It's crucial to address and prevent such behaviors to ensure every child feels secure and protected.

Tags: #ChildSafety #ChildProtection #StopViolence"
3472.jpg,/CSAM_non_sens/videos/video009/3472.jpg,CSAM,Non sensitive,video009,3472.jpg,"Caption: Visible physical aggression can pose significant risks to a child's safety. It's crucial to address and prevent such behaviors to ensure every child feels secure and protected.

Tags: #ChildSafety #ChildProtection #StopViolence"
3473.jpg,/CSAM_non_sens/videos/video009/3473.jpg,CSAM,Non sensitive,video009,3473.jpg,"Caption: Visible physical aggression can pose significant risks to a child's safety. It's crucial to address and prevent such behaviors to ensure every child feels secure and protected.

Tags: #ChildSafety #ChildProtection #StopViolence"
3474.jpg,/CSAM_non_sens/videos/video009/3474.jpg,CSAM,Non sensitive,video009,3474.jpg,"Caption: A child appears distressed, possibly crying or upset, while another child is facing away from the camera. The scene suggests a moment of emotional distress or conflict.

Tags: #ChildSafety #ChildEmotionalWellbeing #ChildProtection"
3475.jpg,/CSAM_non_sens/videos/video009/3475.jpg,CSAM,Non sensitive,video009,3475.jpg,"Caption: Visible physical aggression can put a child at serious risk. Hitting and violence should never be normalized, and every child deserves to feel safe and protected.

Tags: #ChildSafety #ChildProtection #StopViolence"
3478.jpg,/CSAM_non_sens/videos/video009/3478.jpg,CSAM,Non sensitive,video009,3478.jpg,"Caption: Visible physical aggression can put a child at serious risk. Hitting and violence should never be normalized, and every child deserves to feel safe and protected.

Tags: #ChildSafety #ChildProtection #StopViolence"
3479.jpg,/CSAM_non_sens/videos/video009/3479.jpg,CSAM,Non sensitive,video009,3479.jpg,"Caption: Visible physical aggression can pose significant risks to a child's safety. Hitting and violence should never be tolerated, and every child deserves to feel secure and protected.

Tags: #ChildSafety #ChildProtection #StopViolence"
3480.jpg,/CSAM_non_sens/videos/video009/3480.jpg,CSAM,Non sensitive,video009,3480.jpg,"Caption: Visible physical aggression can pose significant risks to a child's safety. Physical violence should never be tolerated, and every child deserves to feel secure and protected.

Tags: #ChildSafety #ChildProtection #StopViolence"
3481.jpg,/CSAM_non_sens/videos/video009/3481.jpg,CSAM,Non sensitive,video009,3481.jpg,"Caption: A child appears distressed, possibly due to a conversation or interaction with another person. Visible signs of distress include facial expressions and body language.

Tags: #ChildSafety #ChildProtection #EmotionalDistress #SafeEnvironment"
0868.webp,/CSAM_non_sens/images/0868.webp,CSAM,Non sensitive,0868.webp,0868.webp,"Caption: A child appears distressed, sitting on the floor with their head in their hands. The setting looks like a home with a wooden bench and a window in the background.

Tags: #ChildSafety #ChildDistress #SafeEnvironment"
2010.jpg,/CSAM_non_sens/images/2010.jpg,CSAM,Non sensitive,2010.jpg,2010.jpg,"Caption: A child appears distressed, possibly crying, which could indicate emotional distress or sadness.

Tags: #ChildSafety #EmotionalDistress #ChildProtection"
3146.jpg,/CSAM_non_sens/images/3146.jpg,CSAM,Non sensitive,3146.jpg,3146.jpg,"Caption: A child appears distressed while sitting on a couch, pointing at another person who seems to be in a different room. The child's body language suggests frustration or anger.

Tags: #ChildSafety #ChildProtection #EmotionalDistress #SafeEnvironment"
3195.jpg,/CSAM_non_sens/images/3195.jpg,CSAM,Non sensitive,3195.jpg,3195.jpg,"Caption: A child appears distressed, possibly due to a conversation with an adult who is pointing at them. Visible signs of distress include the child's body language and facial expression.

Tags: #ChildSafety #ChildProtection #EmotionalDistress #SafeEnvironment"
3221.jpg,/CSAM_non_sens/images/3221.jpg,CSAM,Non sensitive,3221.jpg,3221.jpg,"Caption: A child appears distressed, crouching on the ground, possibly indicating fear or sadness. Visible physical aggression is  present.

Tags: #ChildSafety #ChildProtection #EmotionalDistress #SafeEnvironment"
0807.webp,/CSAM_non_sens/images/0807.webp,CSAM,Non sensitive,0807.webp,0807.webp,"Caption: Visible physical aggression can pose significant risks to a child's safety. It's crucial to address and prevent such behaviors to ensure every child feels secure and protected.

Tags: #ChildSafety #ChildProtection #StopViolence"
3222.jpg,/CSAM_non_sens/images/3222.jpg,CSAM,Non sensitive,3222.jpg,3222.jpg,"Caption: A child appears distressed, holding their head in their hands, suggesting feelings of sadness or distress.

Tags: #ChildSafety #ChildProtection #EmotionalSupport"
0867.webp,/CSAM_non_sens/images/0867.webp,CSAM,Non sensitive,0867.webp,0867.webp,"Caption: A child is holding a teddy bear while sitting against a wall, appearing distressed and isolated.

Tags: #ChildSafety #ChildProtection #Isolation #Distress"
0896.jpg,/CSAM_non_sens/images/0896.jpg,CSAM,Non sensitive,0896.jpg,0896.jpg,"Caption: A child appears to be in distress, possibly due to a difficult moment. The setting suggests a classroom environment, which could indicate a need for support and safety measures.

Tags: #ChildSafety #ChildProtection #ChildWellbeing #ClassroomEnvironment #EmotionalSupport"
1871.jpg,/CSAM_non_sens/images/1871.jpg,CSAM,Non sensitive,1871.jpg,1871.jpg,"Caption: Two children are standing in a sandy area, each holding a bucket. The scene appears to be outdoors, possibly at a construction site or a playground.

Tags: #ChildSafety #ChildProtection #SafeEnvironment #ChildWellbeing"
0870.jpg,/CSAM_non_sens/images/0870.jpg,CSAM,Non sensitive,0870.jpg,0870.jpg,"Caption: A child's face is partially obscured by chains, suggesting a sense of confinement or restriction. Visible signs of distress include wet hair and a worried expression.

Tags: #ChildSafety #ChildProtection #Isolation #Distress"
1940.jpg,/CSAM_non_sens/images/1940.jpg,CSAM,Non sensitive,1940.jpg,1940.jpg,"Caption: A child appears distressed, possibly due to emotional or physical discomfort. The scene suggests a need for immediate attention to ensure the child's safety and well-being.

Tags: #ChildSafety #ChildProtection #EmotionalSupport #SafeEnvironment"
0846.webp,/CSAM_non_sens/images/0846.webp,CSAM,Non sensitive,0846.webp,0846.webp,"Caption: A child appears to be in distress, possibly due to isolation or emotional distress. It's important to ensure children have a safe and supportive environment.

Tags: #ChildSafety #ChildProtection #EmotionalWellbeing #Isolation #Distress"
3130.jpg,/CSAM_non_sens/images/3130.jpg,CSAM,Non sensitive,3130.jpg,3130.jpg,"Caption: A child appears distressed, leaning on a surface with hands on the back of their head, while an adult stands nearby, seemingly in distress or frustration.

Tags: #ChildSafety #ChildProtection #EmotionalDistress #Vulnerability #ChildWellbeing"
2007.jpg,/CSAM_non_sens/images/2007.jpg,CSAM,Non sensitive,2007.jpg,2007.jpg,"Caption: A child appears to be sitting alone, possibly feeling sad or distressed. Visible physical aggression is not present in this image.

Tags: #ChildSafety #ChildProtection #Loneliness #Distress"
1884.jpg,/CSAM_non_sens/images/1884.jpg,CSAM,Non sensitive,1884.jpg,1884.jpg,"Caption: Children are carrying bricks on their heads, which can be physically demanding and potentially dangerous. This practice highlights the need for safer working conditions and age-appropriate labor laws.

Tags: ChildLabor, ChildSafety, ChildProtection, SafeWorkEnvironment"
1932.jpg,/CSAM_non_sens/images/1932.jpg,CSAM,Non sensitive,1932.jpg,1932.jpg,"Caption: A child appears to be leaning against a ladder, possibly indicating distress or isolation. Visible physical aggression or bullying is not evident in this image.

Tags: #ChildSafety #ChildProtection #Isolation #Distress"
3162.jpg,/CSAM_non_sens/images/3162.jpg,CSAM,Non sensitive,3162.jpg,3162.jpg,"Caption: A child appears distressed, covering their ears, while parents seem to be in a heated argument. Visible signs of distress include the child's facial expression and body language.

Tags: #ChildSafety #ParentConflict #Distress #EmotionalSupport"
1827.jpg,/CSAM_non_sens/images/1827.jpg,CSAM,Non sensitive,1827.jpg,1827.jpg,"Caption: A child appears distressed, sitting on the floor with their head in their hands, while a shadow of a hand is projected on the wall behind them, suggesting possible physical aggression.

Tags: #ChildSafety #ChildProtection #ChildAbuse #Distress #Vulnerability"
3154.jpg,/CSAM_non_sens/videos/video005/3154.jpg,CSAM,Non sensitive,video005,3154.jpg,"Caption: A teacher is holding a pointer, seemingly addressing students in a classroom setting. The atmosphere appears tense, suggesting a serious discussion or instruction.

Tags: #ClassroomScene #TeacherAddressingStudents #SeriousDiscussion #TenseAtmosphere"
3165.jpg,/CSAM_non_sens/videos/video005/3165.jpg,CSAM,Non sensitive,video005,3165.jpg,"Caption: A teacher is speaking to students in a classroom, possibly addressing a serious matter. The students appear to be in fear of scolding.

Tags: #ClassroomScene #TeacherAddressingStudents #SeriousMatter #ChildSafety #ChildProtection"
3176.jpg,/CSAM_non_sens/videos/video005/3176.jpg,CSAM,Non sensitive,video005,3176.jpg,"Caption: A teacher appears to be addressing students in a classroom setting. The atmosphere seems tense, possibly due to a extreme hatred between the teacher and students.

Tags: #ClassroomScene #TenseAtmosphere #StudentFear #TeacherAddressingStudents"
3219.jpg,/CSAM_non_sens/videos/video005/3219.jpg,CSAM,Non sensitive,video005,3219.jpg,"Caption: A teacher stands in front of a classroom, facing students who appear to be listening attentively. The classroom has a green chalkboard with writing on it, and some students are seated while others stand teacher scolding them.

Tags: #ClassroomScene #TeacherInstructor #StudentListening #SafeEnvironment #ChildSafety"
3482.jpg,/CSAM_non_sens/videos/video005/3482.jpg,CSAM,Non sensitive,video005,3482.jpg,"Caption: A child appears to be leaning forward on their desk, possibly indicating distress or discomfort. The classroom setting suggests a learning environment where safety and well-being are important.

Tags: #ChildSafety #ClassroomEnvironment #EmotionalWellbeing"
3483.jpg,/CSAM_non_sens/videos/video005/3483.jpg,CSAM,Non sensitive,video005,3483.jpg,"Caption: A child is bending over a desk while another child stands nearby, seemingly in a classroom setting. The child standing appears to be addressing the child bending over.

Tags: #ChildSafety #ClassroomEnvironment #ChildProtection"
3486.jpg,/CSAM_non_sens/videos/video005/3486.jpg,CSAM,Non sensitive,video005,3486.jpg,"Caption: A teacher is holding a stick, possibly preparing to discipline a student. The classroom setting suggests a serious atmosphere.

Tags: #ChildSafety #ClassroomDiscipline #TeacherRole"
3488.jpg,/CSAM_non_sens/videos/video005/3488.jpg,CSAM,Non sensitive,video005,3488.jpg,"Caption: A teacher is gesturing towards a student, possibly indicating a warning or reprimand. The classroom setting suggests a serious interaction between the teacher and student.

Tags: #ClassroomScene #TeacherWarning #StudentInteraction #SeriousEnvironment"
3493.jpg,/CSAM_non_sens/videos/video005/3493.jpg,CSAM,Non sensitive,video005,3493.jpg,"Caption: A teacher is standing in front of a classroom, holding a yellow object above her head. Students are seated at their desks, some looking down.

Tags: #ClassroomScene #TeacherStanding #StudentsSeated #YellowObjectAboveHead"
3497.jpg,/CSAM_non_sens/videos/video005/3497.jpg,CSAM,Non sensitive,video005,3497.jpg,"Caption: A teacher stands in front of a classroom, addressing students who are seated at their desks. The atmosphere appears calm, but the setting suggests a typical school environment.

Tags: #ClassroomEnvironment #SchoolLife #SafeLearningSpaces"
0893.jpg,/CSAM_non_sens/images/0893.jpg,CSAM,Non sensitive,0893.jpg,0893.jpg,"Caption: A child appears distressed, possibly due to emotional or physical discomfort. Visible signs of distress include a tense expression and a hand near the neck area.

Tags: #ChildSafety #ChildProtection #EmotionalDistress #SafeEnvironment"
1901.jpg,/CSAM_non_sens/images/1901.jpg,CSAM,Non sensitive,1901.jpg,1901.jpg,"Caption: A child is holding onto bars, suggesting a sense of confinement or restriction. Visible physical aggression or violence is not apparent, but the child appears to be in a vulnerable position.

Tags: #ChildSafety #ChildProtection #Isolation #Vulnerability #EmotionalDistress"
1942.jpg,/CSAM_non_sens/images/1942.jpg,CSAM,Non sensitive,1942.jpg,1942.jpg,"Caption: A child appears to be receiving a haircut, but the focus on the neck area suggests a potential concern about safety or care.

Tags: #ChildSafety #HaircutSafety #ChildProtection"
1985.jpg,/CSAM_non_sens/images/1985.jpg,CSAM,Non sensitive,1985.jpg,1985.jpg,"Caption: A child is holding a dog behind chains, suggesting a sense of confinement or restriction. Visible physical aggression is not present, but the scene conveys a potential risk to the child's safety.

Tags: #ChildSafety #ChildProtection #IsolationRisk"
1835.jpg,/CSAM_non_sens/videos/video041/1835.jpg,CSAM,Non sensitive,video041,1835.jpg,"Caption: A child appears distressed, sitting alone with hands clasped together, suggesting feelings of sadness or fear.

Tags: #ChildSafety #ChildProtection #EmotionalDistress"
1836.jpg,/CSAM_non_sens/videos/video041/1836.jpg,CSAM,Non sensitive,video041,1836.jpg,"Caption: A child appears distressed and isolated, with their hands bound behind their back. The scene suggests a sense of fear and vulnerability.

Tags: #ChildSafety #ChildProtection #Isolation #Vulnerability #Fear"
1838.jpg,/CSAM_non_sens/images/1838.jpg,CSAM,Non sensitive,1838.jpg,1838.jpg,"Caption: Visible physical aggression can put a child at serious risk. Hitting and violence should never be normalized, and every child deserves to feel safe and protected.

Tags: #ChildSafety #ChildProtection #StopViolence"
3148.jpg,/CSAM_non_sens/images/3148.jpg,CSAM,Non sensitive,3148.jpg,3148.jpg,"Caption: A child appears distressed, covering their ears, while an adult stands nearby, seemingly in a confrontational stance. Visible signs of distress include the child's body language and facial expression.

Tags: #ChildSafety #ChildProtection #Distress #EmotionalVulnerability"
0803.webp,/CSAM_non_sens/images/0803.webp,CSAM,Non sensitive,0803.webp,0803.webp,"Caption: A child appears to be in distress, leaning against a wall with hands covering their face. Visible signs of sadness and distress are evident.

Tags: #ChildSafety #ChildProtection #EmotionalDistress #Isolation #Vulnerability"
1889.jpg,/CSAM_non_sens/images/1889.jpg,CSAM,Non sensitive,1889.jpg,1889.jpg,"Caption: A child appears distressed, with hands bound and head down, suggesting a sense of vulnerability and distress.

Tags: #ChildSafety #ChildProtection #Vulnerability #Distress"
0805.webp,/CSAM_non_sens/images/0805.webp,CSAM,Non sensitive,0805.webp,0805.webp,"Caption: A child appears to be hiding under a piece of furniture, possibly feeling scared or distressed. This behavior can indicate feelings of vulnerability or fear.

Tags: #ChildSafety #ChildProtection #Isolation #Fear #Distress"
1862.jpg,/CSAM_non_sens/images/1862.jpg,CSAM,Non sensitive,1862.jpg,1862.jpg,"Caption: Visible physical aggression can put a child at serious risk. Hitting and violence should never be normalized, and every child deserves to feel safe and protected.

Tags: #ChildSafety #ChildProtection #StopViolence"
1834.jpg,/CSAM_non_sens/images/1834.jpg,CSAM,Non sensitive,1834.jpg,1834.jpg,"Caption: A child appears to be sitting alone, possibly feeling sad or distressed. Visible signs of emotional distress include their posture and the way they are holding themselves.

Tags: #ChildSafety #ChildEmotionalWellbeing #Loneliness #Distress"
3532.jpg,/CSAM_non_sens/images/3532.jpg,CSAM,Non sensitive,3532.jpg,3532.jpg,"Caption: A child appears distressed, possibly due to emotional or psychological factors. It's important to address the underlying issues to ensure their well-being.

Tags: #ChildSafety #EmotionalSupport #ChildProtection"
3185.jpg,/CSAM_non_sens/images/3185.jpg,CSAM,Non sensitive,3185.jpg,3185.jpg,"Caption: A child appears distressed, covering their ears, possibly indicating fear or discomfort. Visible physical aggression is not present in this image.

Tags: #ChildSafety #ChildProtection #EmotionalDistress #SafeEnvironment"
3233.jpg,/CSAM_non_sens/images/3233.jpg,CSAM,Non sensitive,3233.jpg,3233.jpg,"Caption: A child appears distressed and isolated, sitting against a wall with their knees drawn up to their chest. The setting looks like a dimly lit, confined space, possibly a room or hallway.

Tags: #ChildSafety #ChildIsolation #ChildDistress #SafeEnvironment #ChildProtection"
0894.jpg,/CSAM_non_sens/images/0894.jpg,CSAM,Non sensitive,0894.jpg,0894.jpg,"Caption: Visible physical aggression can put a child at serious risk. Hitting and violence should never be normalized, and every child deserves to feel safe and protected.

Tags: #ChildSafety #ChildProtection #StopViolence"
1881.jpg,/CSAM_non_sens/images/1881.jpg,CSAM,Non sensitive,1881.jpg,1881.jpg,"Caption: A child appears distressed while sitting on a couch between two adults who seem to be in a heated argument. The adult on the right gestures with their hands, possibly expressing frustration or anger, while the adult on the left covers their face with their hands, indicating distress or discomfort.

Tags: #ChildSafety #ParentalConflict #EmotionalDistress #ChildProtection"
2071.jpg,/CSAM_non_sens/images/2071.jpg,CSAM,Non sensitive,2071.jpg,2071.jpg,"Caption: A child appears to be carrying a heavy load on their head, which could indicate physical strain or neglect. This situation highlights the importance of ensuring children are not subjected to undue physical burdens.

Tags: #ChildSafety #ChildProtection #PhysicalAbusePrevention"
3136.jpg,/CSAM_non_sens/images/3136.jpg,CSAM,Non sensitive,3136.jpg,3136.jpg,"Caption: A child appears distressed, possibly due to emotional or psychological factors. It's important to address the underlying issues to ensure the child's well-being.

Tags: #ChildSafety #ChildProtection #EmotionalSupport #ChildWellbeing"
3498.png,/CSAM_non_sens/images/3498.png,CSAM,Non sensitive,3498.png,3498.png,"Caption: A child appears distressed, holding their head in their hands, suggesting feelings of sadness or distress.

Tags: #ChildSafety #ChildEmotionalWellbeing #ChildProtection"
2030.jpg,/CSAM_non_sens/images/2030.jpg,CSAM,Non sensitive,2030.jpg,2030.jpg,"Caption: A child appears distressed, with a bandage on their forehead, suggesting recent injury or medical attention. Visible signs of distress include a furrowed brow and a somber expression.

Tags: #ChildSafety #ChildProtection #Distress #MedicalAttention"
2040.jpg,/CSAM_non_sens/images/2040.jpg,CSAM,Non sensitive,2040.jpg,2040.jpg,"Caption: A child appears distressed, with their head resting on an adult's shoulder, suggesting a moment of vulnerability or emotional distress.

Tags: #ChildSafety #ChildProtection #EmotionalSupport"
3123.jpg,/CSAM_non_sens/images/3123.jpg,CSAM,Non sensitive,3123.jpg,3123.jpg,"Caption: A disappointed mother is scolding her son, who appears to be upset. The mother is gently holding his hand and looking down at him with concern.

Tags: #ChildSafety #Parenting #EmotionalSupport #ChildWellbeing"
0888.jpg,/CSAM_non_sens/images/0888.jpg,CSAM,Non sensitive,0888.jpg,0888.jpg,"Caption: A child appears to be engaged in a study session, while another individual sits nearby. The setting suggests a home environment with a television mounted on the wall. The child seems focused on writing in a notebook, indicating a learning activity.

Tags: #ChildStudySession #HomeEnvironment #LearningActivity"
2001.jpg,/CSAM_non_sens/images/2001.jpg,CSAM,Non sensitive,2001.jpg,2001.jpg,"Caption: A child appears to be reaching out towards a yellow textured surface, possibly indicating a sense of curiosity or seeking comfort.

Tags: #ChildSafety #ChildProtection #ChildEmotionalWellbeing"
1964.jpg,/CSAM_non_sens/images/1964.jpg,CSAM,Non sensitive,1964.jpg,1964.jpg,"Caption: A young woman appears distressed, holding her hand up in a stop gesture, suggesting she is trying to prevent something. Her expression and body language indicate she might be in a vulnerable or uncomfortable situation.

Tags: #ChildSafety #ChildProtection #StopViolence #Vulnerable #Distressed"
3181.jpg,/CSAM_non_sens/images/3181.jpg,CSAM,Non sensitive,3181.jpg,3181.jpg,"Caption: Visible physical aggression can put a child at serious risk. Hitting and violence should never be normalized, and every child deserves to feel safe and protected.

Tags: #ChildSafety #ChildProtection #StopViolence"
3246.jpg,/CSAM_non_sens/images/3246.jpg,CSAM,Non sensitive,3246.jpg,3246.jpg,"Caption: A child appears distressed, sitting on the floor with their hands clasped together. The setting suggests a concern for safety and well-being.

Tags: #ChildSafety #ChildProtection #ChildWellbeing"
0826.webp,/CSAM_non_sens/images/0826.webp,CSAM,Non sensitive,0826.webp,0826.webp,"Caption: A child appears distressed, possibly due to isolation or emotional distress. Visible signs of sadness or distress are evident on their face.

Tags: #ChildSafety #ChildProtection #EmotionalDistress #Isolation #Vulnerability"
0881.jpg,/CSAM_non_sens/images/0881.jpg,CSAM,Non sensitive,0881.jpg,0881.jpg,"Caption: A child is sitting on the floor with their head down, appearing distressed. Another child is pointing at them, indicating a possible act of bullying or intimidation.

Tags: #ChildSafety #ChildProtection #StopBullying #EmotionalAbuse #Vulnerability"
1877.jpg,/CSAM_non_sens/images/1877.jpg,CSAM,Non sensitive,1877.jpg,1877.jpg,"Caption: A child is seen carrying a heavy bag on their back while walking through a pile of garbage. The child appears to be struggling under the weight.

Tags: #ChildSafety #GarbagePile #ChildHardship #EnvironmentalPollution"
2019.jpg,/CSAM_non_sens/images/2019.jpg,CSAM,Non sensitive,2019.jpg,2019.jpg,"Caption: A child's hand is raised, possibly in a gesture of distress or seeking help. Visible signs of sadness or distress are evident on the child's face.

Tags: #ChildSafety #ChildProtection #ChildEmotionalWellbeing"
1918.jpg,/CSAM_non_sens/images/1918.jpg,CSAM,Non sensitive,1918.jpg,1918.jpg,"Caption: Visible physical aggression can pose significant risks to a child's safety. Hitting and violence should never be tolerated, and every child deserves to feel secure and protected.

Tags: #ChildSafety #ChildProtection #StopViolence"
3300.jpg,/CSAM_non_sens/images/3300.jpg,CSAM,Non sensitive,3300.jpg,3300.jpg,"Caption: Visible physical aggression can pose significant risks to children. Hitting and violence should never be tolerated, and every child deserves safety and protection.

Tags: #ChildSafety #ChildProtection #StopViolence"
2029.jpg,/CSAM_non_sens/images/2029.jpg,CSAM,Non sensitive,2029.jpg,2029.jpg,"Caption: A child appears to be huddled against a wall, possibly showing signs of distress or sadness. Visible physical aggression is not evident in this image.

Tags: #ChildSafety #ChildProtection #Loneliness #Distress"
0887.jpg,/CSAM_non_sens/images/0887.jpg,CSAM,Non sensitive,0887.jpg,0887.jpg,"Caption: A child appears distressed, possibly due to emotional or environmental factors. Visible signs of sadness or distress suggest the need for support and safety.

Tags: #ChildSafety #ChildProtection #EmotionalSupport #ChildWellbeing"
3187.jpg,/CSAM_non_sens/videos/video002/3187.jpg,CSAM,Non sensitive,video002,3187.jpg,"Caption: A child appears distressed, possibly due to isolation or emotional distress. Visible physical aggression is not present.

Tags: #ChildSafety #ChildProtection #EmotionalDistress #Isolation #Vulnerability"
3275.jpg,/CSAM_non_sens/videos/video002/3275.jpg,CSAM,Non sensitive,video002,3275.jpg,"Caption: A child appears distressed, possibly due to a challenging situation. Visible signs of distress include sadness and isolation.

Tags: #ChildSafety #ChildProtection #ChildWellbeing"
3287.jpg,/CSAM_non_sens/videos/video002/3287.jpg,CSAM,Non sensitive,video002,3287.jpg,"Caption: A child appears to be being restrained by an adult in a restaurant setting. The child seems distressed and is being held back from a table.

Tags: #ChildSafety #ChildProtection #SafeEnvironment #EmotionalDistress"
3311.jpg,/CSAM_non_sens/videos/video002/3311.jpg,CSAM,Non sensitive,video002,3311.jpg,"Caption: A child appears to be in distress while seated at a table in a restaurant setting. There is a visible interaction between two adults, suggesting possible physical contact or guidance.

Tags: #ChildSafety #ChildProtection #SafeEnvironment"
3371.jpg,/CSAM_non_sens/videos/video002/3371.jpg,CSAM,Non sensitive,video002,3371.jpg,"Caption: A child appears to be being restrained by an adult, suggesting a concerning situation where physical safety might be at risk.

Tags: #ChildSafety #ChildProtection #PhysicalAggression"
3389.jpg,/CSAM_non_sens/videos/video002/3389.jpg,CSAM,Non sensitive,video002,3389.jpg,"Caption: A child appears to be in distress, possibly due to a lack of attention or interaction from others. This situation highlights the importance of providing children with the emotional support they need.

Tags: #ChildSafety #ChildProtection #EmotionalSupport #ChildWellbeing"
3405.jpg,/CSAM_non_sens/videos/video002/3405.jpg,CSAM,Non sensitive,video002,3405.jpg,"Caption: A child appears to be being pushed by an adult, which could pose a safety risk. It's important to ensure that children are safe and protected from physical aggression.

Tags: #ChildSafety #ChildProtection #SafeEnvironment"
3407.jpg,/CSAM_non_sens/videos/video002/3407.jpg,CSAM,Non sensitive,video002,3407.jpg,"Caption: A child appears to be engaging in physical aggression towards another child, which can pose significant risks to their safety and well-being.

Tags: #ChildSafety #ChildProtection #PhysicalAggression #ChildAbuse #SafeEnvironment"
3408.jpg,/CSAM_non_sens/videos/video002/3408.jpg,CSAM,Non sensitive,video002,3408.jpg,"Caption: A child appears to be in distress, possibly due to a lack of attention or interaction. The child's body language suggests sadness or fear, which could indicate emotional distress.

Tags: #ChildSafety #ChildEmotionalWellbeing #ChildProtection"
3410.jpg,/CSAM_non_sens/videos/video002/3410.jpg,CSAM,Non sensitive,video002,3410.jpg,"Caption: A child appears to be in distress, possibly due to a lack of attention or interaction from others around them. This situation highlights the importance of ensuring children feel safe and included in group settings.

Tags: #ChildSafety #ChildProtection #Isolation #EmotionalDistress"
3411.jpg,/CSAM_non_sens/videos/video002/3411.jpg,CSAM,Non sensitive,video002,3411.jpg,"Caption: A child appears to be being restrained by an adult, suggesting a concerning situation that could involve physical aggression or mistreatment.

Tags: #ChildSafety #ChildProtection #ConcerningSituation"
3413.jpg,/CSAM_non_sens/videos/video002/3413.jpg,CSAM,Non sensitive,video002,3413.jpg,"Caption: A child appears distressed while seated at a table in a restaurant. An adult is leaning over, seemingly trying to comfort or interact with the child.

Tags: #ChildSafety #ChildProtection #Distress #RestaurantScene"
3421.jpg,/CSAM_non_sens/videos/video002/3421.jpg,CSAM,Non sensitive,video002,3421.jpg,"Caption: A child appears distressed, possibly due to a challenging conversation or interaction. Visible signs of distress include a tense expression and a close proximity to another individual.

Tags: #ChildSafety #ChildProtection #EmotionalDistress #SafeEnvironment"
3432.jpg,/CSAM_non_sens/videos/video002/3432.jpg,CSAM,Non sensitive,video002,3432.jpg,"Caption: A child appears to be distressed, possibly due to isolation or emotional distress. It's important to ensure children feel safe and supported in their environment.

Tags: #ChildSafety #ChildProtection #EmotionalWellbeing"
3454.jpg,/CSAM_non_sens/videos/video002/3454.jpg,CSAM,Non sensitive,video002,3454.jpg,"Caption: A child appears to be sitting alone and looking distressed, possibly indicating feelings of sadness or isolation.

Tags: #ChildSafety #ChildProtection #Loneliness #EmotionalWellbeing"
3465.jpg,/CSAM_non_sens/videos/video002/3465.jpg,CSAM,Non sensitive,video002,3465.jpg,"Caption: A child appears distressed, with hands near the mouth, suggesting sadness or distress. Visible physical aggression is not present.

Tags: #ChildSafety #ChildProtection #EmotionalDistress"
3476.jpg,/CSAM_non_sens/videos/video002/3476.jpg,CSAM,Non sensitive,video002,3476.jpg,"Caption: A child appears to be in distress, possibly due to a lack of attention or support. It's important to ensure children feel safe and cared for.

Tags: #ChildSafety #ChildProtection #EmotionalSupport"
3518.jpg,/CSAM_non_sens/videos/video002/3518.jpg,CSAM,Non sensitive,video002,3518.jpg,"Caption: A child appears to be receiving attention from an adult in a restaurant setting, which could indicate a need for supervision or support.

Tags: #ChildSafety #RestaurantEnvironment #SupervisionNeeded"
2020.jpg,/CSAM_non_sens/images/2020.jpg,CSAM,Non sensitive,2020.jpg,2020.jpg,"Caption: A child appears distressed, with their hand covering part of their face, suggesting feelings of sadness or fear.

Tags: #ChildSafety #ChildProtection #EmotionalDistress"
1946.jpg,/CSAM_non_sens/images/1946.jpg,CSAM,Non sensitive,1946.jpg,1946.jpg,"Caption: A young woman appears to be struggling with her hair, possibly due to emotional distress or physical discomfort.

Tags: #EmotionalDistress #HairStruggles #ChildSafety #ChildProtection #ChildWellbeing"
3264.jpg,/CSAM_non_sens/images/3264.jpg,CSAM,Non sensitive,3264.jpg,3264.jpg,"Caption: A child appears distressed, possibly due to a challenging situation. It's important to address such concerns to ensure the child's safety and well-being.

Tags: #ChildSafety #ChildProtection #EmotionalSupport #SafeEnvironment"
3499.png,/CSAM_non_sens/videos/video006/3499.png,CSAM,Non sensitive,video006,3499.png,"Caption: Visible physical aggression can pose significant risks to a child's safety. Hitting and violence should never be tolerated, and every child deserves to feel secure and protected.

Tags: #ChildSafety #ChildProtection #StopViolence"
3502.png,/CSAM_non_sens/videos/video006/3502.png,CSAM,Non sensitive,video006,3502.png,"Caption: Visible physical aggression can pose significant risks to a child's safety. Hitting and violence should never be tolerated, and every child deserves to feel secure and protected.

Tags: #ChildSafety #ChildProtection #StopViolence"
3220.jpg,/CSAM_non_sens/images/3220.jpg,CSAM,Non sensitive,3220.jpg,3220.jpg,"Caption: A child appears distressed, sitting on a couch with their arms crossed over their head, possibly indicating fear or anxiety.

Tags: #ChildSafety #ChildProtection #EmotionalDistress"
1897.jpg,/CSAM_non_sens/images/1897.jpg,CSAM,Non sensitive,1897.jpg,1897.jpg,"Caption: A child appears to be sitting alone, with their body slightly hunched and arms resting on their knees. The lighting creates a dramatic contrast, highlighting the child's silhouette against a dark background.

Tags: #ChildSafety #Isolation #Distress #EmotionalSupport #ChildProtection"
3193.jpg,/CSAM_non_sens/images/3193.jpg,CSAM,Non sensitive,3193.jpg,3193.jpg,"Caption: A child appears distressed and isolated, possibly due to emotional or psychological factors. It's important to address the underlying issues to ensure the child's well-being.

Tags: #ChildSafety #ChildProtection #EmotionalSupport #ChildWellbeing"
3217.jpg,/CSAM_non_sens/images/3217.jpg,CSAM,Non sensitive,3217.jpg,3217.jpg,"Caption: A child appears distressed while another individual seems to be engaging in a potentially aggressive interaction. The scene suggests a need for intervention to ensure the child's safety.

Tags: #ChildSafety #ChildProtection #InterventionNeeded"
3156.jpg,/CSAM_non_sens/images/3156.jpg,CSAM,Non sensitive,3156.jpg,3156.jpg,"Caption: A child appears to be sitting on the floor surrounded by colorful building blocks, while an adult is leaning over, seemingly engaging with the child. The adult's hand is extended towards the child, which could indicate a gesture of scolding.

Tags: #ChildSafety #ChildDevelopment #ChidAtRisk"
2039.jpg,/CSAM_non_sens/images/2039.jpg,CSAM,Non sensitive,2039.jpg,2039.jpg,"Caption: A child appears to be in distress, with hands clasped together, suggesting sadness or fear.

Tags: #ChildSafety #ChildProtection #EmotionalDistress"
2041.jpg,/CSAM_non_sens/images/2041.jpg,CSAM,Non sensitive,2041.jpg,2041.jpg,"Caption: A child appears to be in distress, with their hand near their face, possibly indicating sadness or distress.

Tags: #ChildSafety #ChildProtection #EmotionalWellbeing"
1886.jpg,/CSAM_non_sens/images/1886.jpg,CSAM,Non sensitive,1886.jpg,1886.jpg,"Caption: A child appears distressed, sitting on the ground with their hand raised, possibly indicating a need for help or protection.

Tags: #ChildSafety #ChildProtection #Distress #Vulnerability"
3138.jpg,/CSAM_non_sens/images/3138.jpg,CSAM,Non sensitive,3138.jpg,3138.jpg,"Caption: A child looks distressed while a parent appears to be in a heated conversation in the background. Visible signs of distress include the child's facial expression and body language.

Tags: #ChildSafety #ChildProtection #Distress #EmotionalVulnerability"
1936.jpg,/CSAM_non_sens/images/1936.jpg,CSAM,Non sensitive,1936.jpg,1936.jpg,"Caption: A child's hand is raised, possibly in a gesture of distress or seeking help. Visible signs of sadness or distress are evident on the child's face.

Tags: #ChildSafety #ChildProtection #ChildEmotionalWellbeing"
3292.jpg,/CSAM_non_sens/videos/video018/3292.jpg,CSAM,Non sensitive,video018,3292.jpg,"Caption: A child appears distressed, possibly due to isolation or emotional distress. Visible signs include sadness and a lack of engagement with their surroundings.

Tags: #ChildSafety #ChildProtection #EmotionalDistress #Isolation #ChildWellbeing"
3293.jpg,/CSAM_non_sens/videos/video018/3293.jpg,CSAM,Non sensitive,video018,3293.jpg,"Caption: A child appears to be sitting alone, possibly feeling isolated or distressed. Visible physical aggression is not present in this image.

Tags: #ChildSafety #ChildProtection #Isolation #Distress"
3294.jpg,/CSAM_non_sens/videos/video018/3294.jpg,CSAM,Non sensitive,video018,3294.jpg,"Caption: A child appears to be in distress, possibly due to sadness or fear, as they lean against a wall. The environment looks like a home setting with furniture visible.

Tags: #ChildSafety #ChildProtection #ChildWellbeing #EmotionalSupport #SafeEnvironment"
3295.jpg,/CSAM_non_sens/videos/video018/3295.jpg,CSAM,Non sensitive,video018,3295.jpg,"Caption: A woman appears to be physically restraining a child, pointing her finger at them. The child looks distressed and is sitting on the floor.

Tags: #ChildSafety #ChildProtection #PhysicalAggression #Intimidation #Vulnerability"
3296.jpg,/CSAM_non_sens/videos/video018/3296.jpg,CSAM,Non sensitive,video018,3296.jpg,"Caption: A woman is holding hands with a young girl, possibly trying to comfort her. The interaction suggests a moment of concern or support.

Tags: #ChildSafety #ChildProtection #EmotionalSupport"
3297.jpg,/CSAM_non_sens/videos/video018/3297.jpg,CSAM,Non sensitive,video018,3297.jpg,"Caption: A child appears to be being held by another individual, possibly in a comforting or protective manner. Visible physical contact suggests a close interaction between the two individuals.

Tags: #ChildSafety #ChildProtection #SafeEnvironment"
3298.jpg,/CSAM_non_sens/videos/video018/3298.jpg,CSAM,Non sensitive,video018,3298.jpg,"Caption: A child appears to be being restrained by another individual, suggesting a concerning situation.

Tags: #ChildSafety #ChildProtection #SafeEnvironment"
3301.jpg,/CSAM_non_sens/videos/video018/3301.jpg,CSAM,Non sensitive,video018,3301.jpg,"Caption: A child appears to be being restrained by another child, suggesting a concerning situation.

Tags: #ChildSafety #ChildProtection #SafeEnvironment"
3302.jpg,/CSAM_non_sens/videos/video018/3302.jpg,CSAM,Non sensitive,video018,3302.jpg,"Caption: A child appears to be reaching out towards another person, possibly indicating a need for assistance or comfort. The scene suggests a moment of vulnerability or distress.

Tags: #ChildSafety #ChildProtection #EmotionalSupport"
3303.jpg,/CSAM_non_sens/videos/video018/3303.jpg,CSAM,Non sensitive,video018,3303.jpg,"Caption: A child appears to be seeking comfort under an umbrella from an adult, suggesting a need for protection or reassurance.

Tags: #ChildSafety #ChildProtection #Comfort"
3304.jpg,/CSAM_non_sens/videos/video018/3304.jpg,CSAM,Non sensitive,video018,3304.jpg,"Caption: A child appears to be being held back by another child under an umbrella, possibly to protect them from rain. This situation raises concerns about safety and potential abuse.

Tags: #ChildSafety #ChildProtection #SafeEnvironment #AbusePrevention"
3305.jpg,/CSAM_non_sens/videos/video018/3305.jpg,CSAM,Non sensitive,video018,3305.jpg,"Caption: A child is seen holding an umbrella, possibly due to rain, while standing near a door. The child appears to be looking inside, suggesting curiosity or concern.

Tags: #ChildSafety #ChildProtection #RainyDayConcerns"
3306.jpg,/CSAM_non_sens/videos/video018/3306.jpg,CSAM,Non sensitive,video018,3306.jpg,"Caption: A child appears to be reaching out towards another person, possibly indicating a need for assistance or comfort. The interaction suggests a moment of vulnerability or distress.

Tags: #ChildSafety #ChildProtection #EmotionalSupport"
3307.jpg,/CSAM_non_sens/videos/video018/3307.jpg,CSAM,Non sensitive,video018,3307.jpg,"Caption: A child appears distressed, leaning against a door while another person stands nearby. The scene suggests a moment of concern or conflict.

Tags: #ChildSafety #ChildProtection #EmotionalDistress"
3308.jpg,/CSAM_non_sens/videos/video018/3308.jpg,CSAM,Non sensitive,video018,3308.jpg,"Caption: A child appears distressed, possibly crying or upset, while another person is nearby. Visible signs of distress include tears and facial expressions indicating sadness or fear.

Tags: #ChildSafety #ChildProtection #EmotionalDistress #ChildAbusePrevention"
3309.jpg,/CSAM_non_sens/videos/video018/3309.jpg,CSAM,Non sensitive,video018,3309.jpg,"Caption: A child appears distressed, possibly due to isolation or emotional distress. Visible signs include sadness and a lack of engagement.

Tags: #ChildSafety #ChildProtection #EmotionalDistress #Isolation #SupportNeeded"
3310.jpg,/CSAM_non_sens/videos/video018/3310.jpg,CSAM,Non sensitive,video018,3310.jpg,"Caption: A child appears distressed and is being held by an adult, possibly indicating a need for support or comfort.

Tags: #ChildSafety #ChildProtection #EmotionalSupport"
3313.jpg,/CSAM_non_sens/videos/video018/3313.jpg,CSAM,Non sensitive,video018,3313.jpg,"Caption: A child appears distressed, possibly crying or upset, while another person stands close by. Visible signs of distress include tears and a worried expression.

Tags: #ChildSafety #ChildProtection #EmotionalDistress #Crying #DistressedChild"
3314.jpg,/CSAM_non_sens/videos/video018/3314.jpg,CSAM,Non sensitive,video018,3314.jpg,"Caption: A child appears distressed, possibly due to fear or sadness, as they lean against a wall.

Tags: #ChildSafety #ChildProtection #EmotionalDistress"
3315.jpg,/CSAM_non_sens/videos/video018/3315.jpg,CSAM,Non sensitive,video018,3315.jpg,"Caption: A child appears distressed, possibly crying or upset, while being held by an adult. Visible signs of distress include tears and a worried expression.

Tags: #ChildSafety #ChildProtection #EmotionalDistress #Crying #DistressedChild"
3316.jpg,/CSAM_non_sens/videos/video018/3316.jpg,CSAM,Non sensitive,video018,3316.jpg,"Caption: A child appears distressed, possibly crying or in distress, while another person is holding their hand. This situation raises concerns about potential emotional or physical harm.

Tags: #ChildSafety #ChildProtection #EmotionalHarm #Distress #Vulnerability"
3317.jpg,/CSAM_non_sens/videos/video018/3317.jpg,CSAM,Non sensitive,video018,3317.jpg,"Caption: A child appears distressed, possibly due to isolation or emotional distress. Visible signs of sadness or distress are evident.

Tags: #ChildSafety #ChildProtection #EmotionalWellbeing #Isolation #Distress"
1831.jpg,/CSAM_non_sens/images/1831.jpg,CSAM,Non sensitive,1831.jpg,1831.jpg,"Caption: A child appears distressed, possibly due to emotional or psychological factors. It's important to address the underlying issues to ensure the child's well-being.

Tags: #ChildSafety #ChildProtection #EmotionalSupport #ChildWellbeing"
1863.jpg,/CSAM_non_sens/images/1863.jpg,CSAM,Non sensitive,1863.jpg,1863.jpg,"Caption: A child appears distressed, with hands clenched tightly on the floor, suggesting fear or distress.

Tags: #ChildSafety #ChildProtection #Distress #EmotionalVulnerability"
3204.jpg,/CSAM_non_sens/images/3204.jpg,CSAM,Non sensitive,3204.jpg,3204.jpg,"Caption: A child appears distressed, possibly due to a difficult moment. Visible signs of sadness or distress suggest the need for support and understanding.

Tags: #ChildSafety #ChildWellbeing #EmotionalSupport"
1965.jpg,/CSAM_non_sens/images/1965.jpg,CSAM,Non sensitive,1965.jpg,1965.jpg,"Caption: A child appears to be in distress, possibly due to isolation or emotional distress. Visible signs include sadness and vulnerability.

Tags: #ChildSafety #ChildProtection #EmotionalDistress #Isolation #Vulnerability"
1925.jpg,/CSAM_non_sens/images/1925.jpg,CSAM,Non sensitive,1925.jpg,1925.jpg,"Caption: A child appears to be looking up with a curious expression, possibly indicating curiosity or confusion. The child is wearing a red shirt and has a necklace around their neck.

Tags: #ChildCuriosity #ChildConfusion #ChildSafety #ChildProtection #UnderstandingChildren"
1977.jpg,/CSAM_non_sens/images/1977.jpg,CSAM,Non sensitive,1977.jpg,1977.jpg,"Caption: A child appears distressed, covering their face with their hands, suggesting feelings of sadness or fear.

Tags: #ChildSafety #ChildProtection #EmotionalDistress"
3166.jpg,/CSAM_non_sens/videos/video037/3166.jpg,CSAM,Non sensitive,video037,3166.jpg,"Caption: A child is holding a teddy bear while a man stands behind her, holding a remote control. The child appears distressed and isolated.

Tags: #ChildSafety #ChildProtection #Isolation #Distress"
3167.jpg,/CSAM_non_sens/videos/video037/3167.jpg,CSAM,Non sensitive,video037,3167.jpg,"Caption: A woman appears to be bending over, possibly in an attempt to comfort or interact with a distressed child sitting on a couch. The child seems to be in a vulnerable position, with their head down and hands covering their ears.

Tags: #ChildSafety #ChildProtection #EmotionalSupport #VulnerableChild"
3477.png,/CSAM_non_sens/images/3477.png,CSAM,Non sensitive,3477.png,3477.png,"Caption: A child appears distressed and is sitting alone, while another child points a finger, possibly indicating a bullying or aggressive act.

Tags: #ChildSafety #ChildProtection #StopBullying #EmotionalAbuse #Vulnerability"
3227.jpg,/CSAM_non_sens/videos/video021/3227.jpg,CSAM,Non sensitive,video021,3227.jpg,"Caption: A child appears to be being restrained by another individual, suggesting a concerning situation. Physical aggression or restraint should never be tolerated.

Tags: #ChildSafety #ChildProtection #StopViolence"
3238.jpg,/CSAM_non_sens/videos/video021/3238.jpg,CSAM,Non sensitive,video021,3238.jpg,"Caption: A child appears to be facing a challenging situation on the street. The child seems to be interacting with another individual who is standing close by. The child's posture suggests they might be feeling distressed or uncomfortable.

Tags: #ChildSafety #ChildProtection #ChildWellbeing #SafeEnvironment #EmotionalSupport"
3240.jpg,/CSAM_non_sens/videos/video021/3240.jpg,CSAM,Non sensitive,video021,3240.jpg,"Caption: A child appears to be being restrained by another individual on a residential street. The child seems distressed, possibly due to fear or isolation.

Tags: #ChildSafety #ChildProtection #Isolation #Distress"
3241.jpg,/CSAM_non_sens/videos/video021/3241.jpg,CSAM,Non sensitive,video021,3241.jpg,"Caption: Visible physical aggression can pose significant risks to a child's safety. Hitting and violence should never be tolerated, and every child deserves to feel secure and protected.

Tags: #ChildSafety #ChildProtection #StopViolence"
3242.jpg,/CSAM_non_sens/videos/video021/3242.jpg,CSAM,Non sensitive,video021,3242.jpg,"Caption: A child appears to be being pushed by another individual on a sidewalk. This behavior can be concerning and put the child at risk.

Tags: #ChildSafety #ChildProtection #StopBullying"
3243.jpg,/CSAM_non_sens/videos/video021/3243.jpg,CSAM,Non sensitive,video021,3243.jpg,"Caption: Visible physical aggression can pose significant risks to a child's safety. Hitting and violence should never be tolerated, and every child deserves to feel secure and protected.

Tags: #ChildSafety #ChildProtection #StopViolence"
3244.jpg,/CSAM_non_sens/videos/video021/3244.jpg,CSAM,Non sensitive,video021,3244.jpg,"Caption: Visible physical aggression can put a child at serious risk. Hitting and violence should never be normalized, and every child deserves to feel safe and protected.

Tags: #ChildSafety #ChildProtection #StopViolence"
3245.jpg,/CSAM_non_sens/videos/video021/3245.jpg,CSAM,Non sensitive,video021,3245.jpg,"Caption: A child appears to be being restrained by an adult, suggesting potential physical aggression or mistreatment.

Tags: #ChildSafety #ChildProtection #StopViolence"
1912.jpg,/CSAM_non_sens/images/1912.jpg,CSAM,Non sensitive,1912.jpg,1912.jpg,"Caption: Visible physical aggression can put a child at serious risk. Hitting and violence should never be normalized, and every child deserves to feel safe and protected.

Tags: #ChildSafety #ChildProtection #StopViolence"
1957.jpg,/CSAM_non_sens/images/1957.jpg,CSAM,Non sensitive,1957.jpg,1957.jpg,"Caption: A child appears distressed, with their hand covering part of their face, suggesting feelings of sadness or fear.

Tags: #ChildSafety #ChildProtection #EmotionalDistress"
1855.jpg,/CSAM_non_sens/images/1855.jpg,CSAM,Non sensitive,1855.jpg,1855.jpg,"Caption: Children are carrying water containers on their heads, indicating they might be involved in daily chores or fetching water. This scene highlights the importance of providing safe and accessible water resources for all.

Tags: #WaterAccess #ChildLabor #SafeWaterResources"
0869.jpg,/CSAM_non_sens/images/0869.jpg,CSAM,Non sensitive,0869.jpg,0869.jpg,"Caption: A child appears distressed, possibly crying, in a dimly lit room, suggesting feelings of sadness or distress.

Tags: #ChildSafety #ChildProtection #EmotionalDistress"
1939.jpg,/CSAM_non_sens/images/1939.jpg,CSAM,Non sensitive,1939.jpg,1939.jpg,"Caption: A child appears distressed, possibly due to isolation or emotional distress. Visible signs include sadness and a lack of engagement.

Tags: #ChildSafety #ChildProtection #EmotionalDistress #Isolation #Vulnerability"
3168.jpg,/CSAM_non_sens/images/3168.jpg,CSAM,Non sensitive,3168.jpg,3168.jpg,"Caption: A child appears distressed, with hands raised in a defensive gesture. The scene suggests a moment of conflict or emotional distress.

Tags: #ChildSafety #ChildProtection #EmotionalDistress"
0866.webp,/CSAM_non_sens/images/0866.webp,CSAM,Non sensitive,0866.webp,0866.webp,"Caption: A child appears distressed, with hands clasped together, suggesting fear or anxiety. Visible physical aggression is not present.

Tags: #ChildSafety #ChildProtection #EmotionalDistress #SafeEnvironment"
1859.jpg,/CSAM_non_sens/images/1859.jpg,CSAM,Non sensitive,1859.jpg,1859.jpg,"Caption: A child appears to be working near machinery, possibly under supervision, but there is no clear indication of physical aggression or bullying.

Tags: #ChildSafety #ChildProtection #WorkEnvironment #ChildCare #ChildWelfare"
1986.jpg,/CSAM_non_sens/images/1986.jpg,CSAM,Non sensitive,1986.jpg,1986.jpg,"Caption: A child appears to be in distress, with their arm raised, possibly in a gesture of distress or seeking comfort. The background is dark, emphasizing the child's silhouette.

Tags: #ChildSafety #ChildProtection #Distress #EmotionalSupport"
3256.jpg,/CSAM_non_sens/images/3256.jpg,CSAM,Non sensitive,3256.jpg,3256.jpg,"Caption: A child appears distressed, possibly due to a challenging situation. It's important to ensure children are safe and supported.

Tags: #ChildSafety #ChildProtection #EmotionalSupport"
3196.jpg,/CSAM_non_sens/videos/video036/3196.jpg,CSAM,Non sensitive,video036,3196.jpg,"Caption: A child appears distressed while sitting on a couch, with their hand raised near their ear, possibly indicating discomfort or distress. The adult next to them is gesturing with their hand, which could suggest a conversation or interaction.

Tags: #ChildSafety #ChildProtection #Distress #EmotionalSupport"
3197.jpg,/CSAM_non_sens/videos/video036/3197.jpg,CSAM,Non sensitive,video036,3197.jpg,"Caption: A child is sitting on the floor with a teddy bear, while a parent sits on the couch with arms raised, seemingly in a state of distress or frustration. The child appears to be looking up at the parent in fear.

Tags: #ChildSafety #ParentalDistress #ChildIsolation #EmotionalSupport"
1971.jpg,/CSAM_non_sens/images/1971.jpg,CSAM,Non sensitive,1971.jpg,1971.jpg,"Caption: A child appears distressed, with visible bruises on their knees, suggesting possible physical harm or neglect.

Tags: #ChildSafety #ChildProtection #ChildAbuse #VulnerableChildren #SafeEnvironment"
3360.jpg,/CSAM_non_sens/images/3360.jpg,CSAM,Non sensitive,3360.jpg,3360.jpg,"Caption: A child appears distressed and is being pushed by another individual. This behavior can be dangerous and should be addressed immediately to ensure the child's safety.

Tags: #ChildSafety #ChildProtection #SafeEnvironment #ChildAbusePrevention"
2016.jpg,/CSAM_non_sens/images/2016.jpg,CSAM,Non sensitive,2016.jpg,2016.jpg,"Caption: A child is seen with their hands raised, covering their face, and their mouth sealed with tape. The word ""STOP"" is written on their hand, indicating a call for action against violence.

Tags: #ChildSafety #ChildProtection #StopViolence #ChildAbuse #ChildMaltreatment"
3249.jpg,/CSAM_non_sens/images/3249.jpg,CSAM,Non sensitive,3249.jpg,3249.jpg,"Caption: A child appears to be in distress, possibly due to sadness or fear. Visible signs of emotional distress include a somber expression and a sense of isolation.

Tags: #ChildSafety #ChildEmotionalWellbeing #ChildProtection"
3248.jpg,/CSAM_non_sens/images/3248.jpg,CSAM,Non sensitive,3248.jpg,3248.jpg,"Caption: A child appears distressed, with their hand on their head, suggesting feelings of sadness or distress.

Tags: #ChildSafety #ChildProtection #EmotionalWellbeing"
0898.jpg,/CSAM_non_sens/images/0898.jpg,CSAM,Non sensitive,0898.jpg,0898.jpg,"Caption: A child appears to be in a vulnerable position, possibly due to physical restraint or manipulation. It is important to ensure that children are not exposed to situations that could lead to harm or distress.

Tags: #ChildSafety #ChildProtection #SafeEnvironment #VulnerableChildren"
3124.jpg,/CSAM_non_sens/images/3124.jpg,CSAM,Non sensitive,3124.jpg,3124.jpg,"Caption: A mother and son are looking out a window, possibly reflecting on something troubling. Their body language suggests concern and worry.the mother is worried with her child.

Tags: #ChildSafety #ParentingChallenges #EmotionalSupport"
3225.jpg,/CSAM_non_sens/images/3225.jpg,CSAM,Non sensitive,3225.jpg,3225.jpg,"Caption: A child appears distressed while parents engage in a heated argument, potentially putting the child at risk of emotional harm.

Tags: #ChildSafety #ParentalConflict #EmotionalHarm #ChildProtection"
2048.jpg,/CSAM_non_sens/images/2048.jpg,CSAM,Non sensitive,2048.jpg,2048.jpg,"Caption: A child's legs are bound with rope, suggesting a potential act of restraint or control. This situation raises serious concerns about safety and protection.

Tags: #ChildSafety #ChildProtection #Restraint #Vulnerability #EmotionalDistress"
0853.webp,/CSAM_non_sens/images/0853.webp,CSAM,Non sensitive,0853.webp,0853.webp,"Caption: A child appears distressed, with hands covering their face, suggesting feelings of sadness or distress.

Tags: #ChildSafety #ChildProtection #EmotionalWellbeing"
1984.jpg,/CSAM_non_sens/images/1984.jpg,CSAM,Non sensitive,1984.jpg,1984.jpg,"Caption: A child appears to be looking intently at something, possibly a screen, in a dimly lit room. The child's expression suggests focus or concern.

Tags: #ChildSafety #ChildProtection #SafeEnvironment"
2051.jpg,/CSAM_non_sens/images/2051.jpg,CSAM,Non sensitive,2051.jpg,2051.jpg,"Caption: Visible physical aggression can pose significant risks to a child's safety. Hitting and violence should never be tolerated, and every child deserves to feel secure and protected.

Tags: #ChildSafety #ChildProtection #StopViolence"
1991.jpg,/CSAM_non_sens/images/1991.jpg,CSAM,Non sensitive,1991.jpg,1991.jpg,"Caption: A child is sitting on the ground, holding a plastic bottle. The child appears to be in a vulnerable position, possibly indicating distress or sadness.

Tags: #ChildSafety #ChildProtection #VulnerableChild"
0840.jpg,/CSAM_non_sens/images/0840.jpg,CSAM,Non sensitive,0840.jpg,0840.jpg,"Caption: A child appears distressed behind a cage, possibly indicating feelings of isolation or fear.

Tags: #ChildSafety #ChildProtection #Isolation #Distress"
0860.jpg,/CSAM_non_sens/images/0860.jpg,CSAM,Non sensitive,0860.jpg,0860.jpg,"Caption: A child appears distressed, hugging their knees, while another person points a finger, possibly indicating a warning or criticism. This scene highlights the importance of addressing emotional and behavioral issues in a supportive manner.

Tags: #ChildSafety #EmotionalSupport #ChildProtection"
1854.jpg,/CSAM_non_sens/images/1854.jpg,CSAM,Non sensitive,1854.jpg,1854.jpg,"Caption: Two children are working together, digging in the dirt with shovels. One child appears to be helping the other, possibly sharing tools or assisting with the task.

Tags: #ChildLabor #ChildWork #SafeEnvironment #ChildSafety #ChildProtection"
1906.jpg,/CSAM_non_sens/images/1906.jpg,CSAM,Non sensitive,1906.jpg,1906.jpg,"Caption: A child appears to be sitting alone, possibly feeling sad or distressed. Visible signs of isolation and emotional vulnerability are evident.

Tags: #ChildSafety #ChildProtection #Loneliness #EmotionalVulnerability"
1995.jpg,/CSAM_non_sens/images/1995.jpg,CSAM,Non sensitive,1995.jpg,1995.jpg,"Caption: A child appears distressed, with a hand on their head, suggesting emotional distress or sadness.

Tags: #ChildSafety #ChildEmotionalWellbeing #Distress"
0863.webp,/CSAM_non_sens/images/0863.webp,CSAM,Non sensitive,0863.webp,0863.webp,"Caption: A child appears distressed, possibly due to emotional or psychological factors. It's important to address the underlying issues that might be causing their distress.

Tags: #ChildSafety #EmotionalWellbeing #ChildProtection"
3151.jpg,/CSAM_non_sens/videos/video031/3151.jpg,CSAM,Non sensitive,video031,3151.jpg,"Caption: A child appears distressed, covering their face, while an adult stands nearby holding a plate. Visible physical aggression can put a child at serious risk.

Tags: #ChildSafety #ChildProtection #StopViolence"
3152.jpg,/CSAM_non_sens/videos/video031/3152.jpg,CSAM,Non sensitive,video031,3152.jpg,"Caption: A child appears distressed, hugging a stuffed toy while an adult stands nearby, holding a belt. Visible physical aggression can put a child at serious risk.

Tags: #ChildSafety #ChildProtection #StopViolence #ChildAbuse #SafeEnvironment"
0875.jpeg,/CSAM_non_sens/images/0875.jpeg,CSAM,Non sensitive,0875.jpeg,0875.jpeg,"Caption: A child appears distressed while another person points a finger, possibly indicating a moment of confrontation or criticism.

Tags: #ChildSafety #ChildProtection #EmotionalDistress #SafeEnvironment"
0876.jpg,/CSAM_non_sens/images/0876.jpg,CSAM,Non sensitive,0876.jpg,0876.jpg,"Caption: A child appears distressed, sitting alone with their hands covering their face. Shadows on the wall suggest a menacing presence, indicating potential fear or intimidation.

Tags: #ChildSafety #ChildProtection #Fear #Intimidation #Vulnerability"
0839.webp,/CSAM_non_sens/images/0839.webp,CSAM,Non sensitive,0839.webp,0839.webp,"Caption: A child appears to be sitting alone in a dimly lit room, hugging their knees tightly. The scene suggests feelings of sadness or distress.

Tags: #ChildSafety #ChildProtection #Loneliness #Distress"
1872.jpg,/CSAM_non_sens/images/1872.jpg,CSAM,Non sensitive,1872.jpg,1872.jpg,"Caption: A child appears distressed, possibly due to sadness or isolation, with a tear visible on their cheek.

Tags: #ChildSafety #ChildProtection #EmotionalWellbeing"
1913.jpg,/CSAM_non_sens/videos/video027/1913.jpg,CSAM,Non sensitive,video027,1913.jpg,"Caption: A child appears to be holding a red object near their head, which could indicate a potential safety concern. It's important to ensure that children are not exposed to harmful objects or situations.

Tags: #ChildSafety #ChildProtection #SafeEnvironment"
1914.jpg,/CSAM_non_sens/videos/video027/1914.jpg,CSAM,Non sensitive,video027,1914.jpg,"Caption: A child appears to be in distress, with hands raised and a blindfold on their eyes, suggesting a sense of vulnerability or fear.

Tags: #ChildSafety #ChildProtection #Vulnerability #Distress"
1861.jpg,/CSAM_non_sens/images/1861.jpg,CSAM,Non sensitive,1861.jpg,1861.jpg,"Caption: A woman and a child are walking on a street, with the woman carrying a baby and the child carrying a bag on their head. The surroundings appear to be urban and somewhat neglected.

Tags: #ChildSafety #UrbanLife #VulnerableChildren #StreetScenes"
1856.jpg,/CSAM_non_sens/images/1856.jpg,CSAM,Non sensitive,1856.jpg,1856.jpg,"Caption: A child appears distressed, sitting on a couch with their arms crossed, possibly indicating sadness or fear.

Tags: #ChildSafety #ChildProtection #EmotionalDistress"
0856.webp,/CSAM_non_sens/images/0856.webp,CSAM,Non sensitive,0856.webp,0856.webp,"Caption: A child's eye peeks through a narrow opening, suggesting a sense of fear or vulnerability. Visible physical aggression can put a child at serious risk.

Tags: #ChildSafety #ChildProtection #StopViolence"
2032.jpg,/CSAM_non_sens/images/2032.jpg,CSAM,Non sensitive,2032.jpg,2032.jpg,"Caption: A child appears to be peeking through a door frame, possibly feeling scared or insecure.

Tags: #ChildSafety #ChildProtection #Isolation #Fear"
2002.jpg,/CSAM_non_sens/images/2002.jpg,CSAM,Non sensitive,2002.jpg,2002.jpg,"Caption: A child appears to be in distress, with hands on the ground, possibly indicating sadness or fear. The setting looks like an outdoor area with wet tiles and scattered leaves.

Tags: #ChildSafety #ChildProtection #ChildDistress #SafeEnvironment #EmotionalSupport"
2044.jpg,/CSAM_non_sens/images/2044.jpg,CSAM,Non sensitive,2044.jpg,2044.jpg,"Caption: A child appears to be in distress, possibly due to emotional or physical discomfort. Visible signs of distress include the child's posture and the way they are holding their head.

Tags: #ChildSafety #ChildProtection #EmotionalDistress #SafeEnvironment"
3232.jpg,/CSAM_non_sens/images/3232.jpg,CSAM,Non sensitive,3232.jpg,3232.jpg,"Caption: A man appears to be pointing at a young boy, possibly in a confrontational manner. The boy seems to be looking away, possibly feeling uncomfortable or distressed.

Tags: #ChildSafety #ChildProtection #Confrontation #EmotionalDistress"
1895.jpg,/CSAM_non_sens/images/1895.jpg,CSAM,Non sensitive,1895.jpg,1895.jpg,"Caption: A child is standing on a motorcycle, holding a bag on their head, which appears to be heavy. The child looks distressed and isolated.

Tags: #ChildSafety #ChildProtection #Isolation #Distress"
0890.jpg,/CSAM_non_sens/images/0890.jpg,CSAM,Non sensitive,0890.jpg,0890.jpg,"Caption: A child appears distressed, possibly due to emotional or psychological factors. It's important to address the underlying issues to ensure the child's well-being.

Tags: #ChildSafety #ChildProtection #EmotionalSupport #ChildWellbeing"
1987.jpg,/CSAM_non_sens/images/1987.jpg,CSAM,Non sensitive,1987.jpg,1987.jpg,"Caption: A child appears to be sitting alone in a grassy field, possibly feeling sad or distressed. Visible signs of vulnerability include the child's posture and the surrounding environment.

Tags: #ChildSafety #ChildProtection #Isolation #Vulnerability #EmotionalWellbeing"
0844.webp,/CSAM_non_sens/images/0844.webp,CSAM,Non sensitive,0844.webp,0844.webp,"Caption: A child appears to be sitting against a wall, hunched over, possibly showing signs of distress or sadness.

Tags: #ChildSafety #ChildProtection #EmotionalWellbeing"
2049.jpg,/CSAM_non_sens/images/2049.jpg,CSAM,Non sensitive,2049.jpg,2049.jpg,"Caption: A child appears to be in distress, with hands bound behind their back. This situation raises concerns about safety and potential abuse.

Tags: #ChildSafety #ChildProtection #AbuseAwareness"
3236.jpg,/CSAM_non_sens/images/3236.jpg,CSAM,Non sensitive,3236.jpg,3236.jpg,"Caption: A child is holding a stuffed toy, appearing distressed and isolated. Visible signs of sadness and fear are evident on their face.

Tags: #ChildSafety #ChildProtection #Loneliness #Distress"
3318.jpg,/CSAM_non_sens/videos/video017/3318.jpg,CSAM,Non sensitive,video017,3318.jpg,"Caption: A child appears to be being pushed by another person, which can be concerning. Physical aggression should always be avoided, and children need safe environments to thrive.

Tags: #ChildSafety #ChildProtection #StopViolence"
3319.jpg,/CSAM_non_sens/videos/video017/3319.jpg,CSAM,Non sensitive,video017,3319.jpg,"Caption: A child appears to be sitting on the floor while another person stands over them, possibly in a position of authority or control. The scene suggests a potential concern for the child's safety and well-being.

Tags: #ChildSafety #ChildProtection #SafeEnvironment #VulnerableChildren"
3320.jpg,/CSAM_non_sens/videos/video017/3320.jpg,CSAM,Non sensitive,video017,3320.jpg,"Caption: A child appears distressed and is being pushed by another person. This behavior can be harmful and should be addressed immediately to ensure the child's safety.

Tags: #ChildSafety #ChildProtection #StopBullying #ChildAbuse #SafeEnvironment"
3321.jpg,/CSAM_non_sens/videos/video017/3321.jpg,CSAM,Non sensitive,video017,3321.jpg,"Caption: A child appears to be kneeling on the floor, while another person stands nearby. The setting suggests a domestic environment with traditional furniture.

Tags: #ChildSafety #ChildProtection #DomesticViolence #SafeEnvironment #ChildAbusePrevention"
3322.jpg,/CSAM_non_sens/videos/video017/3322.jpg,CSAM,Non sensitive,video017,3322.jpg,"Caption: A woman in a red dress appears to be leaning over a young girl who is kneeling on the floor. The woman's posture suggests she might be reaching out or touching the girl in a way that could be perceived as intimidating or aggressive.

Tags: #ChildSafety #ChildProtection #Bullying #Intimidation #Vulnerability"
3325.jpg,/CSAM_non_sens/videos/video017/3325.jpg,CSAM,Non sensitive,video017,3325.jpg,"Caption: A child appears to be kneeling on the floor, while an adult stands nearby, seemingly engaged in a conversation or interaction. The setting suggests a domestic environment, possibly a living room or study area.

Tags: #ChildSafety #ChildProtection #DomesticEnvironment #SafeSpace"
3326.jpg,/CSAM_non_sens/videos/video017/3326.jpg,CSAM,Non sensitive,video017,3326.jpg,"Caption: A child is kneeling on the floor while another person stands nearby, seemingly interacting with a traditional musical instrument. The setting appears to be indoors with red tiles and wooden furniture.

Tags: #ChildSafety #ChildProtection #SafeEnvironment #TraditionalMusic #CulturalHeritage"
3327.jpg,/CSAM_non_sens/videos/video017/3327.jpg,CSAM,Non sensitive,video017,3327.jpg,"Caption: A child appears distressed and is kneeling on the floor, while an adult stands nearby. The setting looks like a traditional room with red tiles and wooden furniture.

Tags: #ChildSafety #ChildProtection #ChildDistress #SafeEnvironment #EmotionalSupport"
3328.jpg,/CSAM_non_sens/videos/video017/3328.jpg,CSAM,Non sensitive,video017,3328.jpg,"Caption: A child appears distressed, possibly due to emotional or psychological factors. Visible signs of sadness or distress suggest the need for support and care.

Tags: #ChildSafety #ChildProtection #EmotionalSupport #ChildWellbeing"
3329.jpg,/CSAM_non_sens/videos/video017/3329.jpg,CSAM,Non sensitive,video017,3329.jpg,"Caption: A child is kneeling on the floor while another person stands over them, reaching out towards them. The scene appears to be tense and potentially unsafe.

Tags: #ChildSafety #ChildProtection #SafeEnvironment #EmotionalDistress #Vulnerability"
3330.jpg,/CSAM_non_sens/videos/video017/3330.jpg,CSAM,Non sensitive,video017,3330.jpg,"Caption: A child appears distressed, kneeling on the floor while another individual leans over them, seemingly in a position of authority or control. The scene suggests a moment of tension or conflict.

Tags: #ChildSafety #ChildProtection #Intimidation #Distress #Vulnerability"
3331.jpg,/CSAM_non_sens/videos/video017/3331.jpg,CSAM,Non sensitive,video017,3331.jpg,"Caption: A child is kneeling on the floor while another person stands over them, holding a long object. The scene appears tense and potentially unsafe.

Tags: #ChildSafety #ChildProtection #SafeEnvironment #Intimidation #Vulnerability"
3332.jpg,/CSAM_non_sens/videos/video017/3332.jpg,CSAM,Non sensitive,video017,3332.jpg,"Caption: A child in a blue outfit is kneeling on the floor while another child in a red outfit stands over them, seemingly in a position of authority or control. The scene appears tense and potentially unsafe.

Tags: #ChildSafety #ChildProtection #SafeEnvironment #Intimidation #Vulnerability"
3333.jpg,/CSAM_non_sens/videos/video017/3333.jpg,CSAM,Non sensitive,video017,3333.jpg,"Caption: A child appears distressed, kneeling on the floor while another person stands nearby. The setting suggests a domestic environment with traditional decor.

Tags: #ChildSafety #ChildProtection #ChildWellbeing #DomesticViolence #EmotionalDistress"
3334.jpg,/CSAM_non_sens/videos/video017/3334.jpg,CSAM,Non sensitive,video017,3334.jpg,"Caption: A child is kneeling on the floor while another child stands nearby, seemingly in a position of authority. The standing child appears to be reaching out towards the kneeling child, possibly in a gesture of torture.
Tags: #ChildSafety #ChildProtection #SafeEnvironment #RespectfulInteraction"
3337.jpg,/CSAM_non_sens/videos/video017/3337.jpg,CSAM,Non sensitive,video017,3337.jpg,"Caption: A child appears to be in a vulnerable position, possibly being pushed or restrained by another individual. This situation raises concerns about safety and protection for the child.

Tags: #ChildSafety #ChildProtection #SafeEnvironment #VulnerableChild"
3338.jpg,/CSAM_non_sens/videos/video017/3338.jpg,CSAM,Non sensitive,video017,3338.jpg,"Caption: A child in a blue outfit is kneeling on the floor, while another child in a red outfit stands nearby, holding a stick-like object. The scene appears to be indoors with traditional decor.

Tags: #ChildSafety #ChildProtection #SafeEnvironment #ChildAbusePrevention"
3490.png,/CSAM_non_sens/images/3490.png,CSAM,Non sensitive,3490.png,3490.png,"Caption: A child appears distressed, possibly due to isolation or emotional distress. Visible signs include sadness and a lack of engagement.

Tags: #ChildSafety #ChildProtection #EmotionalWellbeing #Isolation #Distress"
1819.jpg,/CSAM_non_sens/images/1819.jpg,CSAM,Non sensitive,1819.jpg,1819.jpg,"Caption: A child appears distressed, with visible signs of sadness and distress. The child's face shows a sense of discomfort and vulnerability.

Tags: #ChildSafety #ChildProtection #ChildWellbeing #EmotionalDistress #Vulnerability"
2053.jpg,/CSAM_non_sens/images/2053.jpg,CSAM,Non sensitive,2053.jpg,2053.jpg,"Caption: A child is leaning against a wall, appearing distressed and isolated. Visible signs of sadness and vulnerability are evident.

Tags: #ChildSafety #ChildProtection #Isolation #Vulnerability #EmotionalDistress"
1844.jpg,/CSAM_non_sens/images/1844.jpg,CSAM,Non sensitive,1844.jpg,1844.jpg,"Caption: An angry father is yelling at his son, who is covering his ears in response. This scene highlights the importance of addressing conflicts calmly and respectfully to protect children from emotional harm.

Tags: #ChildSafety #ParentingTips #EmotionalIntelligence"
3125.jpg,/CSAM_non_sens/images/3125.jpg,CSAM,Non sensitive,3125.jpg,3125.jpg,"Caption: A child appears distressed, with arms crossed, while a concerned adult sits nearby. Visible signs of sadness and distress suggest the child might be experiencing emotional turmoil.

Tags: #ChildSafety #ChildEmotionalWellbeing #Distress"
0848.webp,/CSAM_non_sens/images/0848.webp,CSAM,Non sensitive,0848.webp,0848.webp,"Caption: A child appears distressed, with hands covering their face, suggesting feelings of sadness or fear.

Tags: #ChildSafety #ChildProtection #EmotionalWellbeing"
3207.jpg,/CSAM_non_sens/images/3207.jpg,CSAM,Non sensitive,3207.jpg,3207.jpg,"Caption: A mother is  touching her daughter's knee, in rage and anger. This interaction highlights the need of nurturing relationships and ensuring children feel safe and supported.

Tags: #ChildSafety #Parenting #EmotionalSupport #NurturingRelationships"
0833.webp,/CSAM_non_sens/videos/video025/0833.webp,CSAM,Non sensitive,video025,0833.webp,"Caption: A child appears distressed, with visible tears on their face, suggesting emotional distress or sadness.

Tags: #ChildSafety #ChildEmotionalWellbeing #ChildProtection"
0834.webp,/CSAM_non_sens/videos/video025/0834.webp,CSAM,Non sensitive,video025,0834.webp,"Caption: A child appears distressed, covering their face with their hand, suggesting feelings of sadness or fear.

Tags: #ChildSafety #ChildProtection #EmotionalDistress"
1823.jpg,/CSAM_non_sens/images/1823.jpg,CSAM,Non sensitive,1823.jpg,1823.jpg,"Caption: A child appears distressed and hiding, while an adult stands behind, seemingly in a confrontational stance. Visible physical aggression can put a child at serious risk.

Tags: #ChildSafety #ChildProtection #StopViolence"
3506.png,/CSAM_non_sens/images/3506.png,CSAM,Non sensitive,3506.png,3506.png,"Caption: A child appears to be standing near a counter, possibly involved in an activity or transaction. The setting suggests a public place, possibly a food stall or market.

Tags: #ChildSafety #PublicSpaces #CommunitySupport #ChildProtection"
1894.jpg,/CSAM_non_sens/images/1894.jpg,CSAM,Non sensitive,1894.jpg,1894.jpg,"Caption: A child is seen holding a brick, while another child stands behind a wall, appearing to be in a vulnerable position. The scene suggests a need for safety and protection for the children.

Tags: #ChildSafety #ChildProtection #VulnerableChildren"
3147.jpg,/CSAM_non_sens/images/3147.jpg,CSAM,Non sensitive,3147.jpg,3147.jpg,"Caption: A child appears distressed and is being pushed by an adult, indicating potential physical aggression and safety concerns.

Tags: #ChildSafety #ChildProtection #StopViolence"
3324.jpg,/CSAM_non_sens/images/3324.jpg,CSAM,Non sensitive,3324.jpg,3324.jpg,"Caption: A child appears to be facing a challenging situation, possibly due to emotional distress or isolation. It's important to ensure that children are in safe and supportive environments.

Tags: #ChildSafety #ChildProtection #EmotionalSupport #SafeEnvironment"
3131.jpg,/CSAM_non_sens/images/3131.jpg,CSAM,Non sensitive,3131.jpg,3131.jpg,"Caption: A child appears distressed, possibly due to a difficult conversation or interaction. Visible signs of distress include tears and a worried expression.

Tags: #ChildSafety #ChildProtection #EmotionalDistress"
0873.jpeg,/CSAM_non_sens/images/0873.jpeg,CSAM,Non sensitive,0873.jpeg,0873.jpeg,"Caption: Visible physical aggression can pose significant risks to a child's safety. Hitting and violence should never be tolerated, and every child deserves to feel secure and protected.

Tags: #ChildSafety #ChildProtection #StopViolence"
0823.webp,/CSAM_non_sens/images/0823.webp,CSAM,Non sensitive,0823.webp,0823.webp,"Caption: A child appears distressed, sitting alone on a bed with their back to the camera. The lighting creates a shadowy figure behind them, suggesting a sense of isolation or fear.

Tags: #ChildSafety #ChildProtection #Isolation #Distress"
1955.jpg,/CSAM_non_sens/images/1955.jpg,CSAM,Non sensitive,1955.jpg,1955.jpg,"Caption: A child appears distressed, with their hand raised, possibly in a gesture of distress or seeking help. Visible signs of emotional distress include sadness and isolation.

Tags: #ChildSafety #ChildProtection #EmotionalDistress #Isolation #Vulnerability"
3182.jpg,/CSAM_non_sens/images/3182.jpg,CSAM,Non sensitive,3182.jpg,3182.jpg,"Caption: A child appears distressed, covering their head with their hands, while another person gestures with their hand, possibly expressing concern or frustration. This scene suggests a moment of emotional distress or conflict.

Tags: #ChildSafety #EmotionalDistress #ChildProtection"
0817.webp,/CSAM_non_sens/images/0817.webp,CSAM,Non sensitive,0817.webp,0817.webp,"Caption: Visible physical aggression can pose significant risks to a child's safety. Hitting and violence should never be tolerated, and every child deserves to feel secure and protected.

Tags: #ChildSafety #ChildProtection #StopViolence"
0891.jpg,/CSAM_non_sens/images/0891.jpg,CSAM,Non sensitive,0891.jpg,0891.jpg,"Caption: A child appears distressed, possibly due to emotional or psychological factors. Visible signs of sadness or distress suggest the need for support and care.

Tags: #ChildSafety #ChildProtection #EmotionalSupport #ChildWellbeing"
3500.png,/CSAM_non_sens/images/3500.png,CSAM,Non sensitive,3500.png,3500.png,"Caption: A child appears distressed, hugging their knees, possibly indicating fear or sadness. Visible physical aggression is not present.

Tags: #ChildSafety #ChildProtection #EmotionalSupport #SafeEnvironment"
1917.jpg,/CSAM_non_sens/images/1917.jpg,CSAM,Non sensitive,1917.jpg,1917.jpg,"Caption: A child is sitting by a window, looking out. The child appears to be all alone and left out.

Tags: #ChildSafety #ChildWellbeing."
1938.jpg,/CSAM_non_sens/images/1938.jpg,CSAM,Non sensitive,1938.jpg,1938.jpg,"Caption: A child appears distressed, with their hand covering part of their face, suggesting emotional distress or sadness.

Tags: #ChildSafety #ChildEmotionalWellbeing #Distress"
0847.webp,/CSAM_non_sens/images/0847.webp,CSAM,Non sensitive,0847.webp,0847.webp,"Caption: A child appears distressed, with hands raised in a gesture that suggests fear or distress. Visible signs of emotional vulnerability are evident.

Tags: #ChildSafety #ChildProtection #EmotionalVulnerability"
0838.jpg,/CSAM_non_sens/images/0838.jpg,CSAM,Non sensitive,0838.jpg,0838.jpg,"Caption: A child appears distressed, leaning against a wall while another child looks on. The scene suggests a moment of concern or emotional distress.

Tags: #ChildSafety #ChildProtection #EmotionalDistress"
1869.jpg,/CSAM_non_sens/images/1869.jpg,CSAM,Non sensitive,1869.jpg,1869.jpg,"Caption: A child appears to be sitting alone and looking sad, possibly indicating feelings of isolation or distress.

Tags: #ChildSafety #ChildProtection #Loneliness #EmotionalWellbeing"
1953.jpg,/CSAM_non_sens/images/1953.jpg,CSAM,Non sensitive,1953.jpg,1953.jpg,"Caption: A child appears distressed, sitting alone on a bench in a playground. The child's posture suggests sadness or distress.

Tags: #ChildSafety #ChildProtection #Loneliness #EmotionalDistress"
2076.jpg,/CSAM_non_sens/images/2076.jpg,CSAM,Non sensitive,2076.jpg,2076.jpg,"Caption: A child appears distressed on the ground, possibly due to physical or emotional distress. It is important to ensure that children are safe and protected from harm.

Tags: #ChildSafety #ChildProtection #EmotionalDistress #SafeEnvironment"
2012.jpg,/CSAM_non_sens/images/2012.jpg,CSAM,Non sensitive,2012.jpg,2012.jpg,"Caption: A child's hand is raised, palm facing outward, with the words ""STOP Woman ABUSE!"" written on it. This gesture symbolizes the call to end violence against women and children.

Tags: #ChildSafety #WomanAbuse #EndViolence #ChildProtection"
1958.jpg,/CSAM_non_sens/images/1958.jpg,CSAM,Non sensitive,1958.jpg,1958.jpg,"Caption: A child appears distressed, holding onto an adult's leg, possibly indicating a need for comfort or support.

Tags: #ChildSafety #ChildProtection #EmotionalSupport"
1959.jpg,/CSAM_non_sens/images/1959.jpg,CSAM,Non sensitive,1959.jpg,1959.jpg,"Caption: Visible physical aggression can pose significant risks to a child's safety. Hitting and violence should never be tolerated, and every child deserves to feel secure and protected.

Tags: #ChildSafety #ChildProtection #StopViolence"
1880.jpg,/CSAM_non_sens/images/1880.jpg,CSAM,Non sensitive,1880.jpg,1880.jpg,"Caption: A child is carrying a bucket while another child bends down, possibly engaged in some activity. The scene appears to be indoors, with construction materials and tools visible around them.

Tags: #ChildSafety #ChildProtection #SafeEnvironment #ChildWellbeing"
1896.jpg,/CSAM_non_sens/images/1896.jpg,CSAM,Non sensitive,1896.jpg,1896.jpg,"Caption: A child is leaning against a wall, appearing distressed and isolated. Visible signs of sadness and distress suggest the child might be experiencing emotional challenges.

Tags: #ChildSafety #ChildProtection #EmotionalWellbeing #Loneliness #Distress"
3533.avif,/CSAM_non_sens/images/3533.avif,CSAM,Non sensitive,3533.avif,3533.avif,"Caption: A child appears distressed while adults in the background are engaged in a tense interaction. The child deserves a calm and safe environment away from intimidating situations.

Tags: #ChildSafety #ChildWellbeing #ChildProtection #SafeEnvironment"
1893.jpg,/CSAM_non_sens/images/1893.jpg,CSAM,Non sensitive,1893.jpg,1893.jpg,"Caption: A child appears distressed, with dirt on their face and hands, suggesting they might have been involved in some form of physical activity or play.

Tags: #ChildSafety #ChildProtection #ChildAbusePrevention"
2075.jpg,/CSAM_non_sens/images/2075.jpg,CSAM,Non sensitive,2075.jpg,2075.jpg,"Caption: A child appears distressed, with their mouth open wide, possibly shouting or crying. Visible signs of distress include tears and a worried expression.

Tags: #ChildSafety #ChildEmotionalWellbeing #DistressInChildren"
1951.jpg,/CSAM_non_sens/images/1951.jpg,CSAM,Non sensitive,1951.jpg,1951.jpg,"Caption: A child is sitting on a wheelbarrow, appearing to be in a vulnerable position. The background suggests a construction site with bricks, indicating a potentially unsafe environment.

Tags: #ChildSafety #ConstructionSite #VulnerablePosition"
3223.jpg,/CSAM_non_sens/images/3223.jpg,CSAM,Non sensitive,3223.jpg,3223.jpg,"Caption: A child appears to be standing against a brick wall, seemingly distressed or sad. Visible signs of emotional distress include sadness and isolation.

Tags: #ChildSafety #ChildProtection #EmotionalDistress #Isolation #ChildWellbeing"
1948.jpg,/CSAM_non_sens/images/1948.jpg,CSAM,Non sensitive,1948.jpg,1948.jpg,"Caption: A child appears to be sitting on a bed with their back to the camera, hands covering their face, suggesting distress or sadness.

Tags: #ChildSafety #ChildProtection #EmotionalDistress"
3507.png,/CSAM_non_sens/images/3507.png,CSAM,Non sensitive,3507.png,3507.png,"Caption: A child appears to be sitting alone, hugging their knees, which may indicate feelings of sadness or distress.

Tags: #ChildSafety #ChildProtection #Loneliness #EmotionalWellbeing"
1865.jpg,/CSAM_non_sens/images/1865.jpg,CSAM,Non sensitive,1865.jpg,1865.jpg,"Caption: A child's hand is seen gripping a metal bar, suggesting a sense of confinement or restriction. This could indicate feelings of distress or vulnerability.

Tags: #ChildSafety #ChildProtection #Isolation #Vulnerability"
2000.jpg,/CSAM_non_sens/images/2000.jpg,CSAM,Non sensitive,2000.jpg,2000.jpg,"Caption: A child appears to be in distress, with hands covering their face, suggesting feelings of sadness or fear.

Tags: #ChildSafety #ChildProtection #EmotionalDistress"
2034.jpg,/CSAM_non_sens/images/2034.jpg,CSAM,Non sensitive,2034.jpg,2034.jpg,"Caption: A child's hands are gripping a metal grid, suggesting a sense of distress or fear. Visible physical aggression can put a child at serious risk.

Tags: #ChildSafety #ChildProtection #StopViolence"
3183.jpg,/CSAM_non_sens/images/3183.jpg,CSAM,Non sensitive,3183.jpg,3183.jpg,"Caption: A child appears distressed, leaning on their hand while a person behind them gestures emphatically, possibly expressing frustration or concern.

Tags: #ChildSafety #ChildProtection #EmotionalDistress #SafeEnvironment"
2074.jpg,/CSAM_non_sens/images/2074.jpg,CSAM,Non sensitive,2074.jpg,2074.jpg,"Caption: A child is carrying a heavy sack on their back, which appears to be causing strain. This situation highlights the importance of ensuring children are not exposed to excessive physical labor.

Tags: #ChildSafety #ChildProtection #SafeWorkEnvironment"
3531.jpg,/CSAM_non_sens/images/3531.jpg,CSAM,Non sensitive,3531.jpg,3531.jpg,"Caption: A child appears distressed, possibly due to a difficult moment. Visible signs of sadness or distress suggest the need for support and understanding.

Tags: #ChildWellbeing #ChildSafety #ChildProtection"
0818.webp,/CSAM_non_sens/videos/video024/0818.webp,CSAM,Non sensitive,video024,0818.webp,"Caption: A child appears distressed, sitting against a wall with their head in their hands, while another individual stands nearby, seemingly in a confrontational stance. Visible objects include a notebook and pens on the ground.

Tags: #ChildSafety #ChildProtection #Bullying #Intimidation #Distress"
0819.webp,/CSAM_non_sens/videos/video024/0819.webp,CSAM,Non sensitive,video024,0819.webp,"Caption: A child appears distressed, leaning against a wall while another individual stands close by. Visible signs of distress include the child's posture and facial expression.

Tags: #ChildSafety #ChildProtection #Distress #EmotionalSupport"
0883.jpg,/CSAM_non_sens/videos/video026/0883.jpg,CSAM,Non sensitive,video026,0883.jpg,"Caption: A child appears distressed on the floor, while an adult bends down, possibly offering comfort or assistance. Visible signs of distress include the child's posture and facial expression.

Tags: #ChildSafety #ChildProtection #ChildDistress #EmotionalSupport"
0904.jpg,/CSAM_non_sens/videos/video026/0904.jpg,CSAM,Non sensitive,video026,0904.jpg,"Caption: A man is pointing at a child who appears distressed and is sitting against a wall. The child looks sad and isolated.

Tags: #ChildSafety #ChildProtection #Isolation #Distress"
3528.jpg,/CSAM_non_sens/images/3528.jpg,CSAM,Non sensitive,3528.jpg,3528.jpg,"Caption: A child appears distressed, holding their head in their hands, suggesting feelings of sadness or distress.

Tags: #ChildSafety #ChildEmotionalWellbeing #Distress"
3504.png,/CSAM_non_sens/images/3504.png,CSAM,Non sensitive,3504.png,3504.png,"Caption: A child appears to be restrained, with hands bound behind their back. This situation raises concerns about safety and potential abuse.

Tags: #ChildSafety #ChildAbuse #RestrainingHands"
1898.jpg,/CSAM_non_sens/images/1898.jpg,CSAM,Non sensitive,1898.jpg,1898.jpg,"Caption: A child appears distressed, with a hand covering their face, suggesting feelings of sadness or fear.

Tags: #ChildSafety #ChildProtection #EmotionalDistress"
3514.png,/CSAM_non_sens/videos/video020/3514.png,CSAM,Non sensitive,video020,3514.png,"Caption: A child appears distressed, possibly due to isolation or emotional distress. Visible signs include sadness and a lack of engagement.

Tags: #ChildSafety #ChildProtection #EmotionalDistress #Isolation #ChildWellbeing"
3133.jpg,/CSAM_non_sens/images/3133.jpg,CSAM,Non sensitive,3133.jpg,3133.jpg,"Caption: A child appears distressed, possibly due to emotional or psychological factors. It's important to address the underlying issues to ensure the child's well-being.

Tags: #ChildSafety #ChildProtection #EmotionalSupport #ChildWellbeing"
3235.jpg,/CSAM_non_sens/images/3235.jpg,CSAM,Non sensitive,3235.jpg,3235.jpg,"Caption: A child appears distressed, holding their hand to their face, suggesting sadness or distress. The background shows a blurred figure, possibly a parent or caregiver, indicating a possible concern about the child's well-being.

Tags: #ChildSafety #ChildProtection #ChildWellbeing #Distress #Sadness"
1822.jpg,/CSAM_non_sens/images/1822.jpg,CSAM,Non sensitive,1822.jpg,1822.jpg,"Caption: A child appears distressed, sitting alone in a room with a shadowy figure nearby. Visible signs of sadness and isolation are evident.

Tags: #ChildSafety #ChildProtection #Isolation #Distress"
3135.jpg,/CSAM_non_sens/images/3135.jpg,CSAM,Non sensitive,3135.jpg,3135.jpg,"Caption: A child appears distressed while a parent seems to be engaging in a confrontational interaction, possibly indicating a tense or stressful situation.

Tags: #ChildSafety #ParentingChallenges #EmotionalWellbeing"
1975.jpg,/CSAM_non_sens/images/1975.jpg,CSAM,Non sensitive,1975.jpg,1975.jpg,"Caption: A child appears distressed, possibly due to isolation or emotional distress. Visible signs of sadness or distress can be seen on their face.

Tags: #ChildSafety #ChildProtection #EmotionalDistress #Isolation #ChildWellbeing"
3155.jpg,/CSAM_non_sens/images/3155.jpg,CSAM,Non sensitive,3155.jpg,3155.jpg,"Caption: A child appears distressed and is being restrained by an adult, suggesting a concerning situation.

Tags: #ChildSafety #ChildProtection #SafeEnvironment"
1934.jpg,/CSAM_non_sens/images/1934.jpg,CSAM,Non sensitive,1934.jpg,1934.jpg,"Caption: A child appears to be in distress, possibly due to sadness or isolation. Visible signs of emotional distress include a somber expression and a sense of vulnerability.

Tags: #ChildSafety #ChildProtection #EmotionalDistress #Vulnerability #ChildWellbeing"
3186.jpg,/CSAM_non_sens/images/3186.jpg,CSAM,Non sensitive,3186.jpg,3186.jpg,"Caption: A child appears distressed while a person stands nearby, possibly scolding him. Visible signs of concern include the child's body language and the presence of a book on the table.

Tags: #ChildSafety #ChildProtection #EmotionalSupport #Distress #Vulnerability"
1980.jpg,/CSAM_non_sens/videos/video034/1980.jpg,CSAM,Non sensitive,video034,1980.jpg,"Caption: A child appears to be leaning against a railing, possibly feeling distressed or isolated. Visible physical aggression is not present, but the child's posture suggests vulnerability.

Tags: #ChildSafety #ChildProtection #Isolation #Vulnerability"
1981.jpg,/CSAM_non_sens/videos/video034/1981.jpg,CSAM,Non sensitive,video034,1981.jpg,"Caption: A child appears to be in a vulnerable position, possibly feeling distressed or isolated. Visible signs of sadness or distress can be seen on their face and body language.

Tags: #ChildSafety #ChildProtection #EmotionalVulnerability"
0827.webp,/CSAM_non_sens/images/0827.webp,CSAM,Non sensitive,0827.webp,0827.webp,"Caption: A child appears distressed while holding a teddy bear, suggesting emotional vulnerability or sadness.

Tags: #ChildSafety #ChildEmotionalVulnerability #ChildDistress"
3385.png,/CSAM_non_sens/videos/video011/3385.png,CSAM,Non sensitive,video011,3385.png,"Caption: A child appears distressed, possibly due to emotional or psychological factors. It's important to address the underlying issues to ensure the child's well-being.

Tags: #ChildSafety #ChildProtection #EmotionalSupport #ChildWellbeing"
3254.jpg,/CSAM_non_sens/images/3254.jpg,CSAM,Non sensitive,3254.jpg,3254.jpg,"Caption: A child appears distressed and is being spoken to by an adult who seems to be giving instructions or warnings. The child is sitting against a wall, which could indicate feelings of isolation or fear.

Tags: #ChildSafety #ChildProtection #Distress #Isolation #Vulnerability"
1830.jpg,/CSAM_non_sens/images/1830.jpg,CSAM,Non sensitive,1830.jpg,1830.jpg,"Caption: A child appears to be sitting alone, looking sad and isolated. The window view suggests a sense of confinement and vulnerability.

Tags: #ChildIsolation #ChildVulnerability #ChildSafety"
1879.jpg,/CSAM_non_sens/images/1879.jpg,CSAM,Non sensitive,1879.jpg,1879.jpg,"Caption: A child is carrying a shovel on their back, appearing to be at a construction site. The child seems to be working hard, possibly helping with construction tasks.

Tags: #ChildLabor #ConstructionSite #ChildSafety"
0824.webp,/CSAM_non_sens/images/0824.webp,CSAM,Non sensitive,0824.webp,0824.webp,"Caption: A child appears distressed, with a hand covering their mouth, suggesting fear or distress. Visible physical aggression is not present.

Tags: #ChildSafety #ChildProtection #StopViolence #ChildAbuse #EmotionalDistress"
3231.jpg,/CSAM_non_sens/images/3231.jpg,CSAM,Non sensitive,3231.jpg,3231.jpg,"Caption: A child appears distressed, covering their ears, while parents seem to be in a heated argument. Visible signs of distress include crying and facial expressions indicating fear and sadness.

Tags: #ChildSafety #ChildProtection #ParentConflict #EmotionalDistress #ChildAbusePrevention"
3199.jpg,/CSAM_non_sens/images/3199.jpg,CSAM,Non sensitive,3199.jpg,3199.jpg,"Caption: A child appears to be looking away, possibly feeling sad or distressed. Visible signs of emotional distress can be seen on their face.

Tags: #ChildEmotionalWellbeing #ChildSafety #ChildProtection #SadnessInChildren #DistressInKids"
0878.jpg,/CSAM_non_sens/images/0878.jpg,CSAM,Non sensitive,0878.jpg,0878.jpg,"Caption: A child appears distressed, with their hand raised in a gesture that suggests they might be trying to shield themselves or express fear.

Tags: #ChildSafety #ChildProtection #Distress #EmotionalVulnerability"
0903.jpg,/CSAM_non_sens/images/0903.jpg,CSAM,Non sensitive,0903.jpg,0903.jpg,"Caption: A child appears distressed, with hands near the mouth, suggesting fear or distress. Visible signs of emotional vulnerability are evident.

Tags: #ChildSafety #ChildProtection #EmotionalVulnerability"
3188.jpg,/CSAM_non_sens/images/3188.jpg,CSAM,Non sensitive,3188.jpg,3188.jpg,"Caption: A child appears distressed while being held by an adult, suggesting a need for immediate attention to ensure safety and comfort.

Tags: #ChildSafety #ChildProtection #Distress #EmotionalSupport"
1978.jpg,/CSAM_non_sens/images/1978.jpg,CSAM,Non sensitive,1978.jpg,1978.jpg,"Caption: A child appears to be lying on a couch, possibly feeling distressed or sad. Visible signs of vulnerability and emotional distress are evident.

Tags: #ChildSafety #ChildProtection #EmotionalVulnerability"
1970.jpg,/CSAM_non_sens/images/1970.jpg,CSAM,Non sensitive,1970.jpg,1970.jpg,"Caption: A child appears to be in distress, possibly due to isolation or emotional vulnerability. Visible signs of sadness or distress can be seen on their face.

Tags: #ChildSafety #ChildProtection #EmotionalVulnerability #Isolation #Distress"
0899.jpg,/CSAM_non_sens/images/0899.jpg,CSAM,Non sensitive,0899.jpg,0899.jpg,"Caption: A child appears distressed, with a single tear visible on their cheek. The setting suggests a vulnerable situation.

Tags: #ChildSafety #ChildProtection #EmotionalDistress"
2070.jpg,/CSAM_non_sens/images/2070.jpg,CSAM,Non sensitive,2070.jpg,2070.jpg,"Caption: A child appears distressed, with hands holding their hair and arm, suggesting possible physical restraint or intimidation.

Tags: #ChildSafety #ChildProtection #Intimidation #Vulnerability"
1902.jpg,/CSAM_non_sens/images/1902.jpg,CSAM,Non sensitive,1902.jpg,1902.jpg,"Caption: A child appears distressed, covering their face with their hands, suggesting feelings of sadness or fear.

Tags: #ChildSafety #ChildProtection #EmotionalDistress"
2014.jpg,/CSAM_non_sens/images/2014.jpg,CSAM,Non sensitive,2014.jpg,2014.jpg,"Caption: A child appears distressed, hugging their knees, suggesting feelings of fear or sadness.

Tags: #ChildSafety #ChildProtection #EmotionalSupport"
3170.jpg,/CSAM_non_sens/images/3170.jpg,CSAM,Non sensitive,3170.jpg,3170.jpg,"Caption: A child appears distressed, holding a folder while another individual seems to be pushing or restraining them. This situation highlights the importance of ensuring children's safety and well-being.

Tags: #ChildSafety #ChildProtection #SafeEnvironment #EmotionalSupport"
3145.jpg,/CSAM_non_sens/images/3145.jpg,CSAM,Non sensitive,3145.jpg,3145.jpg,"Caption: A child appears distressed, covering their ears, while another child looks on with concern. Visible signs of distress include facial expressions and body language indicating discomfort or fear.

Tags: #ChildSafety #ChildProtection #EmotionalDistress #VulnerableChildren"
0877.jpg,/CSAM_non_sens/images/0877.jpg,CSAM,Non sensitive,0877.jpg,0877.jpg,"Caption: A young woman appears distressed, covering her ears, while two individuals behind her point and gesture towards her, suggesting a hostile interaction.

Tags: #ChildSafety #ChildProtection #Bullying #Intimidation #EmotionalDistress"
1899.jpg,/CSAM_non_sens/images/1899.jpg,CSAM,Non sensitive,1899.jpg,1899.jpg,"Caption: A child appears to be in distress, with hands clasped together near the chest. Visible signs of sadness or distress are evident.

Tags: #ChildSafety #ChildProtection #EmotionalDistress"
2036.jpg,/CSAM_non_sens/images/2036.jpg,CSAM,Non sensitive,2036.jpg,2036.jpg,"Caption: A child appears to be sitting alone, possibly feeling sad or distressed. Visible signs of vulnerability include their posture and the way they are holding their hands.

Tags: #ChildSafety #ChildProtection #Vulnerability #EmotionalWellbeing"
0862.webp,/CSAM_non_sens/images/0862.webp,CSAM,Non sensitive,0862.webp,0862.webp,"Caption: A child appears distressed, sitting on the floor with their head in their hands, while another person stands nearby. There is a stuffed animal on the floor next to the child.

Tags: #ChildSafety #ChildProtection #Isolation #Distress"
2062.jpg,/CSAM_non_sens/images/2062.jpg,CSAM,Non sensitive,2062.jpg,2062.jpg,"Caption: A child appears distressed and isolated on a grassy field, with a bicycle and backpack nearby. The scene suggests vulnerability and potential emotional distress.

Tags: #ChildSafety #ChildIsolation #EmotionalDistress"
2077.jpg,/CSAM_non_sens/images/2077.jpg,CSAM,Non sensitive,2077.jpg,2077.jpg,"Caption: A child appears to be hiding or crouching against a wall, possibly feeling distressed or scared. Visible signs of vulnerability include their posture and the environment they are in.

Tags: #ChildSafety #ChildProtection #Isolation #Vulnerability #EmotionalDistress"
3169.jpg,/CSAM_non_sens/images/3169.jpg,CSAM,Non sensitive,3169.jpg,3169.jpg,"Caption: A child appears to be struggling with their homework, while an adult stands nearby, scolding her,hands raised in order to beat her. The scene suggests a moment of concern, possibly related to academic challenges or lack of support.

Tags: #ChildSafety #AcademicSupport #ParentingTips"
1905.jpg,/CSAM_non_sens/images/1905.jpg,CSAM,Non sensitive,1905.jpg,1905.jpg,"Caption: A child appears to be walking alone on a busy street, possibly feeling isolated or distressed.

Tags: #ChildSafety #ChildProtection #Isolation #Distress"
1962.jpg,/CSAM_non_sens/videos/video033/1962.jpg,CSAM,Non sensitive,video033,1962.jpg,"Caption: A child appears distressed, possibly due to isolation or emotional distress. Visible signs include sadness and a lack of interaction with others.

Tags: #ChildSafety #ChildProtection #EmotionalDistress #Isolation #SupportNeeded"
1963.jpg,/CSAM_non_sens/videos/video033/1963.jpg,CSAM,Non sensitive,video033,1963.jpg,"Caption: A child appears distressed and isolated, possibly due to emotional or psychological factors. It is crucial to address the underlying issues to ensure the child's well-being.

Tags: #ChildSafety #ChildProtection #EmotionalSupport #Isolation #Vulnerability"
1911.jpg,/CSAM_non_sens/images/1911.jpg,CSAM,Non sensitive,1911.jpg,1911.jpg,"Caption: A child appears to be receiving food from an adult, who is holding a cigarette. The interaction seems to be taking place near a vehicle, possibly a food truck.

Tags: #ChildSafety #FoodTruck #AdultInteraction #CigaretteUsage #SafeEnvironment"
2066.jpg,/CSAM_non_sens/images/2066.jpg,CSAM,Non sensitive,2066.jpg,2066.jpg,"Caption: A child appears distressed, with hands covering their face, suggesting feelings of sadness or fear.

Tags: #ChildSafety #ChildProtection #EmotionalDistress"
3228.jpg,/CSAM_non_sens/images/3228.jpg,CSAM,Non sensitive,3228.jpg,3228.jpg,"Caption: A child appears distressed, covering their face while parents engage in a heated conversation. Visible signs of distress include the child's body language and facial expression.

Tags: #ChildSafety #ChildProtection #Distress #EmotionalVulnerability"
1930.jpg,/CSAM_non_sens/images/1930.jpg,CSAM,Non sensitive,1930.jpg,1930.jpg,"Caption: A child appears distressed, with hands on their head and a red cloth covering their mouth, suggesting feelings of fear or distress.

Tags: #ChildSafety #ChildProtection #Distress #EmotionalVulnerability"
0810.webp,/CSAM_non_sens/images/0810.webp,CSAM,Non sensitive,0810.webp,0810.webp,"Caption: A child appears to be sitting alone, possibly feeling sad or distressed. The presence of a teddy bear suggests comfort, but the child's posture indicates a sense of isolation.

Tags: #ChildIsolation #ChildDistress #ComfortInIsolation"
2037.jpg,/CSAM_non_sens/videos/video029/2037.jpg,CSAM,Non sensitive,video029,2037.jpg,"Caption: A child appears to be sitting alone, possibly feeling isolated and distressed. Visible signs of sadness or distress can be seen on their face.

Tags: #ChildSafety #ChildProtection #Loneliness #Distress"
2038.jpg,/CSAM_non_sens/videos/video029/2038.jpg,CSAM,Non sensitive,video029,2038.jpg,"Caption: A child appears to be hugging themselves, possibly indicating feelings of sadness or distress. This behavior can be a sign of emotional vulnerability.

Tags: #ChildSafety #ChildEmotionalHealth #Vulnerability"
3153.jpg,/CSAM_non_sens/images/3153.jpg,CSAM,Non sensitive,3153.jpg,3153.jpg,"Caption: A child appears distressed, covering their face, while two adults are engaged in a heated argument in the background. Visible signs of distress include the child's body language and facial expression.

Tags: #ChildSafety #ChildProtection #Distress #EmotionalAbuse #SafeEnvironment"
1994.jpg,/CSAM_non_sens/images/1994.jpg,CSAM,Non sensitive,1994.jpg,1994.jpg,"Caption: A child appears to be sitting with their head down, possibly indicating sadness or distress. Visible physical aggression is not present in this image.

Tags: #ChildSafety #ChildProtection #EmotionalWellbeing #Loneliness #Distress"
2013.jpg,/CSAM_non_sens/images/2013.jpg,CSAM,Non sensitive,2013.jpg,2013.jpg,"Caption: A child appears distressed, with their head resting on their hand, suggesting feelings of sadness or distress.

Tags: #ChildSafety #ChildEmotionalWellbeing #ChildProtection"
2004.jpg,/CSAM_non_sens/images/2004.jpg,CSAM,Non sensitive,2004.jpg,2004.jpg,"Caption: A child appears to be in a contemplative or sad mood, possibly feeling isolated or distressed. Visible shadows suggest a dimly lit environment, which could indicate a sense of vulnerability.

Tags: #ChildSafety #ChildProtection #Isolation #Vulnerability #EmotionalWellbeing"
1310.jpg,/CSAM_sens/images/1310.jpg,CSAM,Sensitive,1310.jpg,1310.jpg,Sensitive
1122.jpg,/CSAM_sens/images/1122.jpg,CSAM,Sensitive,1122.jpg,1122.jpg,Sensitive
2229.jpg,/CSAM_sens/videos/video078/2229.jpg,CSAM,Sensitive,video078,2229.jpg,Sensitive
2230.jpg,/CSAM_sens/videos/video078/2230.jpg,CSAM,Sensitive,video078,2230.jpg,Sensitive
2231.jpg,/CSAM_sens/videos/video078/2231.jpg,CSAM,Sensitive,video078,2231.jpg,Sensitive
2232.jpg,/CSAM_sens/videos/video078/2232.jpg,CSAM,Sensitive,video078,2232.jpg,Sensitive
2233.jpg,/CSAM_sens/videos/video078/2233.jpg,CSAM,Sensitive,video078,2233.jpg,Sensitive
2234.jpg,/CSAM_sens/videos/video078/2234.jpg,CSAM,Sensitive,video078,2234.jpg,Sensitive
2235.jpg,/CSAM_sens/videos/video078/2235.jpg,CSAM,Sensitive,video078,2235.jpg,Sensitive
2236.jpg,/CSAM_sens/videos/video078/2236.jpg,CSAM,Sensitive,video078,2236.jpg,Sensitive
2237.jpg,/CSAM_sens/videos/video078/2237.jpg,CSAM,Sensitive,video078,2237.jpg,Sensitive
2238.jpg,/CSAM_sens/videos/video078/2238.jpg,CSAM,Sensitive,video078,2238.jpg,Sensitive
2239.jpg,/CSAM_sens/videos/video078/2239.jpg,CSAM,Sensitive,video078,2239.jpg,Sensitive
2240.jpg,/CSAM_sens/videos/video078/2240.jpg,CSAM,Sensitive,video078,2240.jpg,Sensitive
2241.jpg,/CSAM_sens/videos/video078/2241.jpg,CSAM,Sensitive,video078,2241.jpg,Sensitive
2242.jpg,/CSAM_sens/videos/video078/2242.jpg,CSAM,Sensitive,video078,2242.jpg,Sensitive
2243.jpg,/CSAM_sens/videos/video078/2243.jpg,CSAM,Sensitive,video078,2243.jpg,Sensitive
2244.jpg,/CSAM_sens/videos/video078/2244.jpg,CSAM,Sensitive,video078,2244.jpg,Sensitive
2245.jpg,/CSAM_sens/videos/video078/2245.jpg,CSAM,Sensitive,video078,2245.jpg,Sensitive
2246.jpg,/CSAM_sens/videos/video078/2246.jpg,CSAM,Sensitive,video078,2246.jpg,Sensitive
2247.jpg,/CSAM_sens/videos/video078/2247.jpg,CSAM,Sensitive,video078,2247.jpg,Sensitive
1284.jpg,/CSAM_sens/images/1284.jpg,CSAM,Sensitive,1284.jpg,1284.jpg,Sensitive
0941.jpeg,/CSAM_sens/images/0941.jpeg,CSAM,Sensitive,0941.jpeg,0941.jpeg,Sensitive
3952.png,/CSAM_sens/videos/video005/3952.png,CSAM,Sensitive,video005,3952.png,Sensitive
3953.png,/CSAM_sens/videos/video005/3953.png,CSAM,Sensitive,video005,3953.png,Sensitive
3954.png,/CSAM_sens/videos/video005/3954.png,CSAM,Sensitive,video005,3954.png,Sensitive
3955.png,/CSAM_sens/videos/video005/3955.png,CSAM,Sensitive,video005,3955.png,Sensitive
3956.png,/CSAM_sens/videos/video005/3956.png,CSAM,Sensitive,video005,3956.png,Sensitive
3957.png,/CSAM_sens/videos/video005/3957.png,CSAM,Sensitive,video005,3957.png,Sensitive
3958.png,/CSAM_sens/videos/video005/3958.png,CSAM,Sensitive,video005,3958.png,Sensitive
3959.png,/CSAM_sens/videos/video005/3959.png,CSAM,Sensitive,video005,3959.png,Sensitive
3960.png,/CSAM_sens/videos/video005/3960.png,CSAM,Sensitive,video005,3960.png,Sensitive
3961.png,/CSAM_sens/videos/video005/3961.png,CSAM,Sensitive,video005,3961.png,Sensitive
3962.png,/CSAM_sens/videos/video005/3962.png,CSAM,Sensitive,video005,3962.png,Sensitive
3963.png,/CSAM_sens/videos/video005/3963.png,CSAM,Sensitive,video005,3963.png,Sensitive
3964.png,/CSAM_sens/videos/video005/3964.png,CSAM,Sensitive,video005,3964.png,Sensitive
3965.png,/CSAM_sens/videos/video005/3965.png,CSAM,Sensitive,video005,3965.png,Sensitive
3966.png,/CSAM_sens/videos/video005/3966.png,CSAM,Sensitive,video005,3966.png,Sensitive
3967.png,/CSAM_sens/videos/video005/3967.png,CSAM,Sensitive,video005,3967.png,Sensitive
3968.png,/CSAM_sens/videos/video005/3968.png,CSAM,Sensitive,video005,3968.png,Sensitive
1264.jpg,/CSAM_sens/images/1264.jpg,CSAM,Sensitive,1264.jpg,1264.jpg,Sensitive
1207.jpg,/CSAM_sens/images/1207.jpg,CSAM,Sensitive,1207.jpg,1207.jpg,Sensitive
1309.jpg,/CSAM_sens/images/1309.jpg,CSAM,Sensitive,1309.jpg,1309.jpg,Sensitive
2383.jpg,/CSAM_sens/videos/video074/2383.jpg,CSAM,Sensitive,video074,2383.jpg,Sensitive
2384.jpg,/CSAM_sens/videos/video074/2384.jpg,CSAM,Sensitive,video074,2384.jpg,Sensitive
2385.jpg,/CSAM_sens/videos/video074/2385.jpg,CSAM,Sensitive,video074,2385.jpg,Sensitive
2386.jpg,/CSAM_sens/videos/video074/2386.jpg,CSAM,Sensitive,video074,2386.jpg,Sensitive
2387.jpg,/CSAM_sens/videos/video074/2387.jpg,CSAM,Sensitive,video074,2387.jpg,Sensitive
2388.jpg,/CSAM_sens/videos/video074/2388.jpg,CSAM,Sensitive,video074,2388.jpg,Sensitive
2389.jpg,/CSAM_sens/videos/video074/2389.jpg,CSAM,Sensitive,video074,2389.jpg,Sensitive
2390.jpg,/CSAM_sens/videos/video074/2390.jpg,CSAM,Sensitive,video074,2390.jpg,Sensitive
2391.jpg,/CSAM_sens/videos/video074/2391.jpg,CSAM,Sensitive,video074,2391.jpg,Sensitive
2392.jpg,/CSAM_sens/videos/video074/2392.jpg,CSAM,Sensitive,video074,2392.jpg,Sensitive
2393.jpg,/CSAM_sens/videos/video074/2393.jpg,CSAM,Sensitive,video074,2393.jpg,Sensitive
2394.jpg,/CSAM_sens/videos/video074/2394.jpg,CSAM,Sensitive,video074,2394.jpg,Sensitive
2395.jpg,/CSAM_sens/videos/video074/2395.jpg,CSAM,Sensitive,video074,2395.jpg,Sensitive
2396.jpg,/CSAM_sens/videos/video074/2396.jpg,CSAM,Sensitive,video074,2396.jpg,Sensitive
2397.jpg,/CSAM_sens/videos/video074/2397.jpg,CSAM,Sensitive,video074,2397.jpg,Sensitive
2398.jpg,/CSAM_sens/videos/video074/2398.jpg,CSAM,Sensitive,video074,2398.jpg,Sensitive
2399.jpg,/CSAM_sens/videos/video074/2399.jpg,CSAM,Sensitive,video074,2399.jpg,Sensitive
2400.jpg,/CSAM_sens/videos/video074/2400.jpg,CSAM,Sensitive,video074,2400.jpg,Sensitive
2401.jpg,/CSAM_sens/videos/video074/2401.jpg,CSAM,Sensitive,video074,2401.jpg,Sensitive
2402.jpg,/CSAM_sens/videos/video074/2402.jpg,CSAM,Sensitive,video074,2402.jpg,Sensitive
2403.jpg,/CSAM_sens/videos/video074/2403.jpg,CSAM,Sensitive,video074,2403.jpg,Sensitive
2404.jpg,/CSAM_sens/videos/video074/2404.jpg,CSAM,Sensitive,video074,2404.jpg,Sensitive
3820.png,/CSAM_sens/videos/video023/3820.png,CSAM,Sensitive,video023,3820.png,Sensitive
3821.png,/CSAM_sens/videos/video023/3821.png,CSAM,Sensitive,video023,3821.png,Sensitive
3822.png,/CSAM_sens/videos/video023/3822.png,CSAM,Sensitive,video023,3822.png,Sensitive
3823.png,/CSAM_sens/videos/video023/3823.png,CSAM,Sensitive,video023,3823.png,Sensitive
1087.jpeg,/CSAM_sens/images/1087.jpeg,CSAM,Sensitive,1087.jpeg,1087.jpeg,Sensitive
0986.jpg,/CSAM_sens/images/0986.jpg,CSAM,Sensitive,0986.jpg,0986.jpg,Sensitive
3667.png,/CSAM_sens/images/3667.png,CSAM,Sensitive,3667.png,3667.png,Sensitive
1120.jpg,/CSAM_sens/images/1120.jpg,CSAM,Sensitive,1120.jpg,1120.jpg,Sensitive
1241.jpg,/CSAM_sens/images/1241.jpg,CSAM,Sensitive,1241.jpg,1241.jpg,Sensitive
1101.jpeg,/CSAM_sens/images/1101.jpeg,CSAM,Sensitive,1101.jpeg,1101.jpeg,Sensitive
1061.jpg,/CSAM_sens/images/1061.jpg,CSAM,Sensitive,1061.jpg,1061.jpg,Sensitive
3851.png,/CSAM_sens/videos/video017/3851.png,CSAM,Sensitive,video017,3851.png,Sensitive
3852.png,/CSAM_sens/videos/video017/3852.png,CSAM,Sensitive,video017,3852.png,Sensitive
3853.png,/CSAM_sens/videos/video017/3853.png,CSAM,Sensitive,video017,3853.png,Sensitive
3854.png,/CSAM_sens/videos/video017/3854.png,CSAM,Sensitive,video017,3854.png,Sensitive
1073.jpg,/CSAM_sens/images/1073.jpg,CSAM,Sensitive,1073.jpg,1073.jpg,Sensitive
3876.png,/CSAM_sens/videos/video013/3876.png,CSAM,Sensitive,video013,3876.png,Sensitive
3877.png,/CSAM_sens/videos/video013/3877.png,CSAM,Sensitive,video013,3877.png,Sensitive
3878.png,/CSAM_sens/videos/video013/3878.png,CSAM,Sensitive,video013,3878.png,Sensitive
3879.png,/CSAM_sens/videos/video013/3879.png,CSAM,Sensitive,video013,3879.png,Sensitive
3880.png,/CSAM_sens/videos/video013/3880.png,CSAM,Sensitive,video013,3880.png,Sensitive
3881.png,/CSAM_sens/videos/video013/3881.png,CSAM,Sensitive,video013,3881.png,Sensitive
3585.png,/CSAM_sens/videos/video054/3585.png,CSAM,Sensitive,video054,3585.png,Sensitive
3586.png,/CSAM_sens/videos/video054/3586.png,CSAM,Sensitive,video054,3586.png,Sensitive
3587.png,/CSAM_sens/videos/video054/3587.png,CSAM,Sensitive,video054,3587.png,Sensitive
3588.png,/CSAM_sens/videos/video054/3588.png,CSAM,Sensitive,video054,3588.png,Sensitive
3589.png,/CSAM_sens/videos/video054/3589.png,CSAM,Sensitive,video054,3589.png,Sensitive
3590.png,/CSAM_sens/videos/video054/3590.png,CSAM,Sensitive,video054,3590.png,Sensitive
3591.png,/CSAM_sens/videos/video054/3591.png,CSAM,Sensitive,video054,3591.png,Sensitive
3592.png,/CSAM_sens/videos/video054/3592.png,CSAM,Sensitive,video054,3592.png,Sensitive
3593.png,/CSAM_sens/videos/video054/3593.png,CSAM,Sensitive,video054,3593.png,Sensitive
3594.png,/CSAM_sens/videos/video054/3594.png,CSAM,Sensitive,video054,3594.png,Sensitive
3595.png,/CSAM_sens/videos/video054/3595.png,CSAM,Sensitive,video054,3595.png,Sensitive
3596.png,/CSAM_sens/videos/video054/3596.png,CSAM,Sensitive,video054,3596.png,Sensitive
3597.png,/CSAM_sens/videos/video054/3597.png,CSAM,Sensitive,video054,3597.png,Sensitive
1156.jpeg,/CSAM_sens/images/1156.jpeg,CSAM,Sensitive,1156.jpeg,1156.jpeg,Sensitive
0937.jpeg,/CSAM_sens/images/0937.jpeg,CSAM,Sensitive,0937.jpeg,0937.jpeg,Sensitive
1229.jpg,/CSAM_sens/images/1229.jpg,CSAM,Sensitive,1229.jpg,1229.jpg,Sensitive
1055.jpg,/CSAM_sens/images/1055.jpg,CSAM,Sensitive,1055.jpg,1055.jpg,Sensitive
0996.jpg,/CSAM_sens/images/0996.jpg,CSAM,Sensitive,0996.jpg,0996.jpg,Sensitive
1028.jpg,/CSAM_sens/images/1028.jpg,CSAM,Sensitive,1028.jpg,1028.jpg,Sensitive
1142.jpeg,/CSAM_sens/images/1142.jpeg,CSAM,Sensitive,1142.jpeg,1142.jpeg,Sensitive
1032.jpg,/CSAM_sens/images/1032.jpg,CSAM,Sensitive,1032.jpg,1032.jpg,Sensitive
3650.png,/CSAM_sens/images/3650.png,CSAM,Sensitive,3650.png,3650.png,Sensitive
1005.jpg,/CSAM_sens/images/1005.jpg,CSAM,Sensitive,1005.jpg,1005.jpg,Sensitive
1041.jpg,/CSAM_sens/images/1041.jpg,CSAM,Sensitive,1041.jpg,1041.jpg,Sensitive
2115.jpg,/CSAM_sens/videos/video083/2115.jpg,CSAM,Sensitive,video083,2115.jpg,Sensitive
2116.jpg,/CSAM_sens/videos/video083/2116.jpg,CSAM,Sensitive,video083,2116.jpg,Sensitive
2117.jpg,/CSAM_sens/videos/video083/2117.jpg,CSAM,Sensitive,video083,2117.jpg,Sensitive
2118.jpg,/CSAM_sens/videos/video083/2118.jpg,CSAM,Sensitive,video083,2118.jpg,Sensitive
2119.jpg,/CSAM_sens/videos/video083/2119.jpg,CSAM,Sensitive,video083,2119.jpg,Sensitive
2120.jpg,/CSAM_sens/videos/video083/2120.jpg,CSAM,Sensitive,video083,2120.jpg,Sensitive
2121.jpg,/CSAM_sens/videos/video083/2121.jpg,CSAM,Sensitive,video083,2121.jpg,Sensitive
2122.jpg,/CSAM_sens/videos/video083/2122.jpg,CSAM,Sensitive,video083,2122.jpg,Sensitive
2123.jpg,/CSAM_sens/videos/video083/2123.jpg,CSAM,Sensitive,video083,2123.jpg,Sensitive
2124.jpg,/CSAM_sens/videos/video083/2124.jpg,CSAM,Sensitive,video083,2124.jpg,Sensitive
2125.jpg,/CSAM_sens/videos/video083/2125.jpg,CSAM,Sensitive,video083,2125.jpg,Sensitive
2126.jpg,/CSAM_sens/videos/video083/2126.jpg,CSAM,Sensitive,video083,2126.jpg,Sensitive
2127.jpg,/CSAM_sens/videos/video083/2127.jpg,CSAM,Sensitive,video083,2127.jpg,Sensitive
2128.jpg,/CSAM_sens/videos/video083/2128.jpg,CSAM,Sensitive,video083,2128.jpg,Sensitive
2129.jpg,/CSAM_sens/videos/video083/2129.jpg,CSAM,Sensitive,video083,2129.jpg,Sensitive
2130.jpg,/CSAM_sens/videos/video083/2130.jpg,CSAM,Sensitive,video083,2130.jpg,Sensitive
1129.jpeg,/CSAM_sens/images/1129.jpeg,CSAM,Sensitive,1129.jpeg,1129.jpeg,Sensitive
1167.png,/CSAM_sens/images/1167.png,CSAM,Sensitive,1167.png,1167.png,Sensitive
1037.jpg,/CSAM_sens/images/1037.jpg,CSAM,Sensitive,1037.jpg,1037.jpg,Sensitive
1125.jpeg,/CSAM_sens/images/1125.jpeg,CSAM,Sensitive,1125.jpeg,1125.jpeg,Sensitive
1134.jpeg,/CSAM_sens/images/1134.jpeg,CSAM,Sensitive,1134.jpeg,1134.jpeg,Sensitive
1216.jpg,/CSAM_sens/images/1216.jpg,CSAM,Sensitive,1216.jpg,1216.jpg,Sensitive
3771.png,/CSAM_sens/videos/video029/3771.png,CSAM,Sensitive,video029,3771.png,Sensitive
3772.png,/CSAM_sens/videos/video029/3772.png,CSAM,Sensitive,video029,3772.png,Sensitive
3773.png,/CSAM_sens/videos/video029/3773.png,CSAM,Sensitive,video029,3773.png,Sensitive
0948.jpg,/CSAM_sens/images/0948.jpg,CSAM,Sensitive,0948.jpg,0948.jpg,Sensitive
1010.jpg,/CSAM_sens/images/1010.jpg,CSAM,Sensitive,1010.jpg,1010.jpg,Sensitive
1211.jpg,/CSAM_sens/images/1211.jpg,CSAM,Sensitive,1211.jpg,1211.jpg,Sensitive
0952.jpg,/CSAM_sens/images/0952.jpg,CSAM,Sensitive,0952.jpg,0952.jpg,Sensitive
3888.png,/CSAM_sens/videos/video011/3888.png,CSAM,Sensitive,video011,3888.png,Sensitive
3889.png,/CSAM_sens/videos/video011/3889.png,CSAM,Sensitive,video011,3889.png,Sensitive
3890.png,/CSAM_sens/videos/video011/3890.png,CSAM,Sensitive,video011,3890.png,Sensitive
3891.png,/CSAM_sens/videos/video011/3891.png,CSAM,Sensitive,video011,3891.png,Sensitive
3892.png,/CSAM_sens/videos/video011/3892.png,CSAM,Sensitive,video011,3892.png,Sensitive
3893.png,/CSAM_sens/videos/video011/3893.png,CSAM,Sensitive,video011,3893.png,Sensitive
3894.png,/CSAM_sens/videos/video011/3894.png,CSAM,Sensitive,video011,3894.png,Sensitive
3895.png,/CSAM_sens/videos/video011/3895.png,CSAM,Sensitive,video011,3895.png,Sensitive
3896.png,/CSAM_sens/videos/video011/3896.png,CSAM,Sensitive,video011,3896.png,Sensitive
3897.png,/CSAM_sens/videos/video011/3897.png,CSAM,Sensitive,video011,3897.png,Sensitive
3898.png,/CSAM_sens/videos/video011/3898.png,CSAM,Sensitive,video011,3898.png,Sensitive
3899.png,/CSAM_sens/videos/video011/3899.png,CSAM,Sensitive,video011,3899.png,Sensitive
3900.png,/CSAM_sens/videos/video011/3900.png,CSAM,Sensitive,video011,3900.png,Sensitive
3901.png,/CSAM_sens/videos/video011/3901.png,CSAM,Sensitive,video011,3901.png,Sensitive
3902.png,/CSAM_sens/videos/video011/3902.png,CSAM,Sensitive,video011,3902.png,Sensitive
3903.png,/CSAM_sens/videos/video011/3903.png,CSAM,Sensitive,video011,3903.png,Sensitive
3904.png,/CSAM_sens/videos/video011/3904.png,CSAM,Sensitive,video011,3904.png,Sensitive
3905.png,/CSAM_sens/videos/video011/3905.png,CSAM,Sensitive,video011,3905.png,Sensitive
3906.png,/CSAM_sens/videos/video011/3906.png,CSAM,Sensitive,video011,3906.png,Sensitive
3907.png,/CSAM_sens/videos/video011/3907.png,CSAM,Sensitive,video011,3907.png,Sensitive
3908.png,/CSAM_sens/videos/video011/3908.png,CSAM,Sensitive,video011,3908.png,Sensitive
1219.jpg,/CSAM_sens/images/1219.jpg,CSAM,Sensitive,1219.jpg,1219.jpg,Sensitive
1154.jpeg,/CSAM_sens/images/1154.jpeg,CSAM,Sensitive,1154.jpeg,1154.jpeg,Sensitive
0908.jpg,/CSAM_sens/images/0908.jpg,CSAM,Sensitive,0908.jpg,0908.jpg,Sensitive
0977.jpg,/CSAM_sens/images/0977.jpg,CSAM,Sensitive,0977.jpg,0977.jpg,Sensitive
1004.jpg,/CSAM_sens/images/1004.jpg,CSAM,Sensitive,1004.jpg,1004.jpg,Sensitive
1189.png,/CSAM_sens/images/1189.png,CSAM,Sensitive,1189.png,1189.png,Sensitive
1292.jpg,/CSAM_sens/images/1292.jpg,CSAM,Sensitive,1292.jpg,1292.jpg,Sensitive
1169.png,/CSAM_sens/images/1169.png,CSAM,Sensitive,1169.png,1169.png,Sensitive
1132.jpeg,/CSAM_sens/images/1132.jpeg,CSAM,Sensitive,1132.jpeg,1132.jpeg,Sensitive
1159.jpeg,/CSAM_sens/images/1159.jpeg,CSAM,Sensitive,1159.jpeg,1159.jpeg,Sensitive
0942.jpeg,/CSAM_sens/images/0942.jpeg,CSAM,Sensitive,0942.jpeg,0942.jpeg,Sensitive
1279.jpg,/CSAM_sens/images/1279.jpg,CSAM,Sensitive,1279.jpg,1279.jpg,Sensitive
0932.jpeg,/CSAM_sens/images/0932.jpeg,CSAM,Sensitive,0932.jpeg,0932.jpeg,Sensitive
3607.png,/CSAM_sens/videos/video052/3607.png,CSAM,Sensitive,video052,3607.png,Sensitive
3608.png,/CSAM_sens/videos/video052/3608.png,CSAM,Sensitive,video052,3608.png,Sensitive
3609.png,/CSAM_sens/videos/video052/3609.png,CSAM,Sensitive,video052,3609.png,Sensitive
3946.png,/CSAM_sens/videos/video006/3946.png,CSAM,Sensitive,video006,3946.png,Sensitive
3947.png,/CSAM_sens/videos/video006/3947.png,CSAM,Sensitive,video006,3947.png,Sensitive
3948.png,/CSAM_sens/videos/video006/3948.png,CSAM,Sensitive,video006,3948.png,Sensitive
3949.png,/CSAM_sens/videos/video006/3949.png,CSAM,Sensitive,video006,3949.png,Sensitive
3950.png,/CSAM_sens/videos/video006/3950.png,CSAM,Sensitive,video006,3950.png,Sensitive
3951.png,/CSAM_sens/videos/video006/3951.png,CSAM,Sensitive,video006,3951.png,Sensitive
3796.png,/CSAM_sens/videos/video025/3796.png,CSAM,Sensitive,video025,3796.png,Sensitive
3797.png,/CSAM_sens/videos/video025/3797.png,CSAM,Sensitive,video025,3797.png,Sensitive
3798.png,/CSAM_sens/videos/video025/3798.png,CSAM,Sensitive,video025,3798.png,Sensitive
3799.png,/CSAM_sens/videos/video025/3799.png,CSAM,Sensitive,video025,3799.png,Sensitive
3800.png,/CSAM_sens/videos/video025/3800.png,CSAM,Sensitive,video025,3800.png,Sensitive
3801.png,/CSAM_sens/videos/video025/3801.png,CSAM,Sensitive,video025,3801.png,Sensitive
3802.png,/CSAM_sens/videos/video025/3802.png,CSAM,Sensitive,video025,3802.png,Sensitive
3803.png,/CSAM_sens/videos/video025/3803.png,CSAM,Sensitive,video025,3803.png,Sensitive
3804.png,/CSAM_sens/videos/video025/3804.png,CSAM,Sensitive,video025,3804.png,Sensitive
3805.png,/CSAM_sens/videos/video025/3805.png,CSAM,Sensitive,video025,3805.png,Sensitive
3806.png,/CSAM_sens/videos/video025/3806.png,CSAM,Sensitive,video025,3806.png,Sensitive
3807.png,/CSAM_sens/videos/video025/3807.png,CSAM,Sensitive,video025,3807.png,Sensitive
3808.png,/CSAM_sens/videos/video025/3808.png,CSAM,Sensitive,video025,3808.png,Sensitive
3809.png,/CSAM_sens/videos/video025/3809.png,CSAM,Sensitive,video025,3809.png,Sensitive
3810.png,/CSAM_sens/videos/video025/3810.png,CSAM,Sensitive,video025,3810.png,Sensitive
3811.png,/CSAM_sens/videos/video025/3811.png,CSAM,Sensitive,video025,3811.png,Sensitive
3812.png,/CSAM_sens/videos/video025/3812.png,CSAM,Sensitive,video025,3812.png,Sensitive
1059.jpg,/CSAM_sens/images/1059.jpg,CSAM,Sensitive,1059.jpg,1059.jpg,Sensitive
1212.jpg,/CSAM_sens/images/1212.jpg,CSAM,Sensitive,1212.jpg,1212.jpg,Sensitive
0911.jpg,/CSAM_sens/images/0911.jpg,CSAM,Sensitive,0911.jpg,0911.jpg,Sensitive
0990.jpg,/CSAM_sens/images/0990.jpg,CSAM,Sensitive,0990.jpg,0990.jpg,Sensitive
1179.png,/CSAM_sens/images/1179.png,CSAM,Sensitive,1179.png,1179.png,Sensitive
1121.jpg,/CSAM_sens/images/1121.jpg,CSAM,Sensitive,1121.jpg,1121.jpg,Sensitive
0917.jpg,/CSAM_sens/images/0917.jpg,CSAM,Sensitive,0917.jpg,0917.jpg,Sensitive
1181.png,/CSAM_sens/images/1181.png,CSAM,Sensitive,1181.png,1181.png,Sensitive
1225.jpg,/CSAM_sens/images/1225.jpg,CSAM,Sensitive,1225.jpg,1225.jpg,Sensitive
1124.jpeg,/CSAM_sens/images/1124.jpeg,CSAM,Sensitive,1124.jpeg,1124.jpeg,Sensitive
1017.jpg,/CSAM_sens/images/1017.jpg,CSAM,Sensitive,1017.jpg,1017.jpg,Sensitive
0958.jpg,/CSAM_sens/images/0958.jpg,CSAM,Sensitive,0958.jpg,0958.jpg,Sensitive
1214.jpg,/CSAM_sens/images/1214.jpg,CSAM,Sensitive,1214.jpg,1214.jpg,Sensitive
3754.png,/CSAM_sens/videos/video030/3754.png,CSAM,Sensitive,video030,3754.png,Sensitive
3755.png,/CSAM_sens/videos/video030/3755.png,CSAM,Sensitive,video030,3755.png,Sensitive
3756.png,/CSAM_sens/videos/video030/3756.png,CSAM,Sensitive,video030,3756.png,Sensitive
3757.png,/CSAM_sens/videos/video030/3757.png,CSAM,Sensitive,video030,3757.png,Sensitive
3758.png,/CSAM_sens/videos/video030/3758.png,CSAM,Sensitive,video030,3758.png,Sensitive
3759.png,/CSAM_sens/videos/video030/3759.png,CSAM,Sensitive,video030,3759.png,Sensitive
3760.png,/CSAM_sens/videos/video030/3760.png,CSAM,Sensitive,video030,3760.png,Sensitive
3761.png,/CSAM_sens/videos/video030/3761.png,CSAM,Sensitive,video030,3761.png,Sensitive
3762.png,/CSAM_sens/videos/video030/3762.png,CSAM,Sensitive,video030,3762.png,Sensitive
3763.png,/CSAM_sens/videos/video030/3763.png,CSAM,Sensitive,video030,3763.png,Sensitive
3764.png,/CSAM_sens/videos/video030/3764.png,CSAM,Sensitive,video030,3764.png,Sensitive
3765.png,/CSAM_sens/videos/video030/3765.png,CSAM,Sensitive,video030,3765.png,Sensitive
3766.png,/CSAM_sens/videos/video030/3766.png,CSAM,Sensitive,video030,3766.png,Sensitive
3767.png,/CSAM_sens/videos/video030/3767.png,CSAM,Sensitive,video030,3767.png,Sensitive
3768.png,/CSAM_sens/videos/video030/3768.png,CSAM,Sensitive,video030,3768.png,Sensitive
3769.png,/CSAM_sens/videos/video030/3769.png,CSAM,Sensitive,video030,3769.png,Sensitive
3770.png,/CSAM_sens/videos/video030/3770.png,CSAM,Sensitive,video030,3770.png,Sensitive
1109.jpeg,/CSAM_sens/images/1109.jpeg,CSAM,Sensitive,1109.jpeg,1109.jpeg,Sensitive
0929.jpeg,/CSAM_sens/images/0929.jpeg,CSAM,Sensitive,0929.jpeg,0929.jpeg,Sensitive
0940.jpeg,/CSAM_sens/images/0940.jpeg,CSAM,Sensitive,0940.jpeg,0940.jpeg,Sensitive
1091.jpeg,/CSAM_sens/images/1091.jpeg,CSAM,Sensitive,1091.jpeg,1091.jpeg,Sensitive
1230.jpg,/CSAM_sens/images/1230.jpg,CSAM,Sensitive,1230.jpg,1230.jpg,Sensitive
0963.jpg,/CSAM_sens/images/0963.jpg,CSAM,Sensitive,0963.jpg,0963.jpg,Sensitive
1303.jpg,/CSAM_sens/images/1303.jpg,CSAM,Sensitive,1303.jpg,1303.jpg,Sensitive
1172.png,/CSAM_sens/images/1172.png,CSAM,Sensitive,1172.png,1172.png,Sensitive
1187.png,/CSAM_sens/images/1187.png,CSAM,Sensitive,1187.png,1187.png,Sensitive
0974.jpg,/CSAM_sens/images/0974.jpg,CSAM,Sensitive,0974.jpg,0974.jpg,Sensitive
2440.jpg,/CSAM_sens/videos/video071/2440.jpg,CSAM,Sensitive,video071,2440.jpg,Sensitive
2441.jpg,/CSAM_sens/videos/video071/2441.jpg,CSAM,Sensitive,video071,2441.jpg,Sensitive
2442.jpg,/CSAM_sens/videos/video071/2442.jpg,CSAM,Sensitive,video071,2442.jpg,Sensitive
2443.jpg,/CSAM_sens/videos/video071/2443.jpg,CSAM,Sensitive,video071,2443.jpg,Sensitive
2444.jpg,/CSAM_sens/videos/video071/2444.jpg,CSAM,Sensitive,video071,2444.jpg,Sensitive
2445.jpg,/CSAM_sens/videos/video071/2445.jpg,CSAM,Sensitive,video071,2445.jpg,Sensitive
2446.jpg,/CSAM_sens/videos/video071/2446.jpg,CSAM,Sensitive,video071,2446.jpg,Sensitive
2447.jpg,/CSAM_sens/videos/video071/2447.jpg,CSAM,Sensitive,video071,2447.jpg,Sensitive
2448.jpg,/CSAM_sens/videos/video071/2448.jpg,CSAM,Sensitive,video071,2448.jpg,Sensitive
2449.jpg,/CSAM_sens/videos/video071/2449.jpg,CSAM,Sensitive,video071,2449.jpg,Sensitive
2450.jpg,/CSAM_sens/videos/video071/2450.jpg,CSAM,Sensitive,video071,2450.jpg,Sensitive
2451.jpg,/CSAM_sens/videos/video071/2451.jpg,CSAM,Sensitive,video071,2451.jpg,Sensitive
2452.jpg,/CSAM_sens/videos/video071/2452.jpg,CSAM,Sensitive,video071,2452.jpg,Sensitive
2453.jpg,/CSAM_sens/videos/video071/2453.jpg,CSAM,Sensitive,video071,2453.jpg,Sensitive
2454.jpg,/CSAM_sens/videos/video071/2454.jpg,CSAM,Sensitive,video071,2454.jpg,Sensitive
2455.jpg,/CSAM_sens/videos/video071/2455.jpg,CSAM,Sensitive,video071,2455.jpg,Sensitive
2456.jpg,/CSAM_sens/videos/video071/2456.jpg,CSAM,Sensitive,video071,2456.jpg,Sensitive
2457.jpg,/CSAM_sens/videos/video071/2457.jpg,CSAM,Sensitive,video071,2457.jpg,Sensitive
1228.jpg,/CSAM_sens/images/1228.jpg,CSAM,Sensitive,1228.jpg,1228.jpg,Sensitive
1143.jpeg,/CSAM_sens/images/1143.jpeg,CSAM,Sensitive,1143.jpeg,1143.jpeg,Sensitive
1286.jpg,/CSAM_sens/images/1286.jpg,CSAM,Sensitive,1286.jpg,1286.jpg,Sensitive
1066.jpg,/CSAM_sens/images/1066.jpg,CSAM,Sensitive,1066.jpg,1066.jpg,Sensitive
1089.jpeg,/CSAM_sens/images/1089.jpeg,CSAM,Sensitive,1089.jpeg,1089.jpeg,Sensitive
0998.jpg,/CSAM_sens/images/0998.jpg,CSAM,Sensitive,0998.jpg,0998.jpg,Sensitive
1064.jpg,/CSAM_sens/images/1064.jpg,CSAM,Sensitive,1064.jpg,1064.jpg,Sensitive
0972.jpg,/CSAM_sens/images/0972.jpg,CSAM,Sensitive,0972.jpg,0972.jpg,Sensitive
1275.jpg,/CSAM_sens/images/1275.jpg,CSAM,Sensitive,1275.jpg,1275.jpg,Sensitive
3701.png,/CSAM_sens/videos/video034/3701.png,CSAM,Sensitive,video034,3701.png,Sensitive
3702.png,/CSAM_sens/videos/video034/3702.png,CSAM,Sensitive,video034,3702.png,Sensitive
3703.png,/CSAM_sens/videos/video034/3703.png,CSAM,Sensitive,video034,3703.png,Sensitive
3704.png,/CSAM_sens/videos/video034/3704.png,CSAM,Sensitive,video034,3704.png,Sensitive
3705.png,/CSAM_sens/videos/video034/3705.png,CSAM,Sensitive,video034,3705.png,Sensitive
3706.png,/CSAM_sens/videos/video034/3706.png,CSAM,Sensitive,video034,3706.png,Sensitive
3707.png,/CSAM_sens/videos/video034/3707.png,CSAM,Sensitive,video034,3707.png,Sensitive
3708.png,/CSAM_sens/videos/video034/3708.png,CSAM,Sensitive,video034,3708.png,Sensitive
3709.png,/CSAM_sens/videos/video034/3709.png,CSAM,Sensitive,video034,3709.png,Sensitive
1317.jpeg,/CSAM_sens/images/1317.jpeg,CSAM,Sensitive,1317.jpeg,1317.jpeg,Sensitive
1151.jpeg,/CSAM_sens/images/1151.jpeg,CSAM,Sensitive,1151.jpeg,1151.jpeg,Sensitive
1141.jpeg,/CSAM_sens/images/1141.jpeg,CSAM,Sensitive,1141.jpeg,1141.jpeg,Sensitive
1001.jpg,/CSAM_sens/images/1001.jpg,CSAM,Sensitive,1001.jpg,1001.jpg,Sensitive
1297.jpg,/CSAM_sens/images/1297.jpg,CSAM,Sensitive,1297.jpg,1297.jpg,Sensitive
3536.png,/CSAM_sens/images/3536.png,CSAM,Sensitive,3536.png,3536.png,Sensitive
1111.jpeg,/CSAM_sens/images/1111.jpeg,CSAM,Sensitive,1111.jpeg,1111.jpeg,Sensitive
1012.jpg,/CSAM_sens/images/1012.jpg,CSAM,Sensitive,1012.jpg,1012.jpg,Sensitive
1117.jpg,/CSAM_sens/images/1117.jpg,CSAM,Sensitive,1117.jpg,1117.jpg,Sensitive
2365.jpg,/CSAM_sens/videos/video075/2365.jpg,CSAM,Sensitive,video075,2365.jpg,Sensitive
2366.jpg,/CSAM_sens/videos/video075/2366.jpg,CSAM,Sensitive,video075,2366.jpg,Sensitive
2367.jpg,/CSAM_sens/videos/video075/2367.jpg,CSAM,Sensitive,video075,2367.jpg,Sensitive
2368.jpg,/CSAM_sens/videos/video075/2368.jpg,CSAM,Sensitive,video075,2368.jpg,Sensitive
2369.jpg,/CSAM_sens/videos/video075/2369.jpg,CSAM,Sensitive,video075,2369.jpg,Sensitive
2370.jpg,/CSAM_sens/videos/video075/2370.jpg,CSAM,Sensitive,video075,2370.jpg,Sensitive
2371.jpg,/CSAM_sens/videos/video075/2371.jpg,CSAM,Sensitive,video075,2371.jpg,Sensitive
2372.jpg,/CSAM_sens/videos/video075/2372.jpg,CSAM,Sensitive,video075,2372.jpg,Sensitive
2373.jpg,/CSAM_sens/videos/video075/2373.jpg,CSAM,Sensitive,video075,2373.jpg,Sensitive
2374.jpg,/CSAM_sens/videos/video075/2374.jpg,CSAM,Sensitive,video075,2374.jpg,Sensitive
2375.jpg,/CSAM_sens/videos/video075/2375.jpg,CSAM,Sensitive,video075,2375.jpg,Sensitive
2376.jpg,/CSAM_sens/videos/video075/2376.jpg,CSAM,Sensitive,video075,2376.jpg,Sensitive
2377.jpg,/CSAM_sens/videos/video075/2377.jpg,CSAM,Sensitive,video075,2377.jpg,Sensitive
2378.jpg,/CSAM_sens/videos/video075/2378.jpg,CSAM,Sensitive,video075,2378.jpg,Sensitive
2379.jpg,/CSAM_sens/videos/video075/2379.jpg,CSAM,Sensitive,video075,2379.jpg,Sensitive
2380.jpg,/CSAM_sens/videos/video075/2380.jpg,CSAM,Sensitive,video075,2380.jpg,Sensitive
2381.jpg,/CSAM_sens/videos/video075/2381.jpg,CSAM,Sensitive,video075,2381.jpg,Sensitive
2382.jpg,/CSAM_sens/videos/video075/2382.jpg,CSAM,Sensitive,video075,2382.jpg,Sensitive
2187.jpg,/CSAM_sens/videos/video079/2187.jpg,CSAM,Sensitive,video079,2187.jpg,Sensitive
2188.jpg,/CSAM_sens/videos/video079/2188.jpg,CSAM,Sensitive,video079,2188.jpg,Sensitive
2189.jpg,/CSAM_sens/videos/video079/2189.jpg,CSAM,Sensitive,video079,2189.jpg,Sensitive
2190.jpg,/CSAM_sens/videos/video079/2190.jpg,CSAM,Sensitive,video079,2190.jpg,Sensitive
2191.jpg,/CSAM_sens/videos/video079/2191.jpg,CSAM,Sensitive,video079,2191.jpg,Sensitive
2192.jpg,/CSAM_sens/videos/video079/2192.jpg,CSAM,Sensitive,video079,2192.jpg,Sensitive
2193.jpg,/CSAM_sens/videos/video079/2193.jpg,CSAM,Sensitive,video079,2193.jpg,Sensitive
2194.jpg,/CSAM_sens/videos/video079/2194.jpg,CSAM,Sensitive,video079,2194.jpg,Sensitive
2195.jpg,/CSAM_sens/videos/video079/2195.jpg,CSAM,Sensitive,video079,2195.jpg,Sensitive
2196.jpg,/CSAM_sens/videos/video079/2196.jpg,CSAM,Sensitive,video079,2196.jpg,Sensitive
2197.jpg,/CSAM_sens/videos/video079/2197.jpg,CSAM,Sensitive,video079,2197.jpg,Sensitive
2198.jpg,/CSAM_sens/videos/video079/2198.jpg,CSAM,Sensitive,video079,2198.jpg,Sensitive
2199.jpg,/CSAM_sens/videos/video079/2199.jpg,CSAM,Sensitive,video079,2199.jpg,Sensitive
2200.jpg,/CSAM_sens/videos/video079/2200.jpg,CSAM,Sensitive,video079,2200.jpg,Sensitive
2201.jpg,/CSAM_sens/videos/video079/2201.jpg,CSAM,Sensitive,video079,2201.jpg,Sensitive
2202.jpg,/CSAM_sens/videos/video079/2202.jpg,CSAM,Sensitive,video079,2202.jpg,Sensitive
2203.jpg,/CSAM_sens/videos/video079/2203.jpg,CSAM,Sensitive,video079,2203.jpg,Sensitive
2204.jpg,/CSAM_sens/videos/video079/2204.jpg,CSAM,Sensitive,video079,2204.jpg,Sensitive
2205.jpg,/CSAM_sens/videos/video079/2205.jpg,CSAM,Sensitive,video079,2205.jpg,Sensitive
2206.jpg,/CSAM_sens/videos/video079/2206.jpg,CSAM,Sensitive,video079,2206.jpg,Sensitive
2207.jpg,/CSAM_sens/videos/video079/2207.jpg,CSAM,Sensitive,video079,2207.jpg,Sensitive
2208.jpg,/CSAM_sens/videos/video079/2208.jpg,CSAM,Sensitive,video079,2208.jpg,Sensitive
2209.jpg,/CSAM_sens/videos/video079/2209.jpg,CSAM,Sensitive,video079,2209.jpg,Sensitive
2210.jpg,/CSAM_sens/videos/video079/2210.jpg,CSAM,Sensitive,video079,2210.jpg,Sensitive
2211.jpg,/CSAM_sens/videos/video079/2211.jpg,CSAM,Sensitive,video079,2211.jpg,Sensitive
2212.jpg,/CSAM_sens/videos/video079/2212.jpg,CSAM,Sensitive,video079,2212.jpg,Sensitive
2213.jpg,/CSAM_sens/videos/video079/2213.jpg,CSAM,Sensitive,video079,2213.jpg,Sensitive
2214.jpg,/CSAM_sens/videos/video079/2214.jpg,CSAM,Sensitive,video079,2214.jpg,Sensitive
2215.jpg,/CSAM_sens/videos/video079/2215.jpg,CSAM,Sensitive,video079,2215.jpg,Sensitive
2216.jpg,/CSAM_sens/videos/video079/2216.jpg,CSAM,Sensitive,video079,2216.jpg,Sensitive
2217.jpg,/CSAM_sens/videos/video079/2217.jpg,CSAM,Sensitive,video079,2217.jpg,Sensitive
2218.jpg,/CSAM_sens/videos/video079/2218.jpg,CSAM,Sensitive,video079,2218.jpg,Sensitive
2219.jpg,/CSAM_sens/videos/video079/2219.jpg,CSAM,Sensitive,video079,2219.jpg,Sensitive
2220.jpg,/CSAM_sens/videos/video079/2220.jpg,CSAM,Sensitive,video079,2220.jpg,Sensitive
2221.jpg,/CSAM_sens/videos/video079/2221.jpg,CSAM,Sensitive,video079,2221.jpg,Sensitive
2222.jpg,/CSAM_sens/videos/video079/2222.jpg,CSAM,Sensitive,video079,2222.jpg,Sensitive
2223.jpg,/CSAM_sens/videos/video079/2223.jpg,CSAM,Sensitive,video079,2223.jpg,Sensitive
2224.jpg,/CSAM_sens/videos/video079/2224.jpg,CSAM,Sensitive,video079,2224.jpg,Sensitive
2225.jpg,/CSAM_sens/videos/video079/2225.jpg,CSAM,Sensitive,video079,2225.jpg,Sensitive
2226.jpg,/CSAM_sens/videos/video079/2226.jpg,CSAM,Sensitive,video079,2226.jpg,Sensitive
2227.jpg,/CSAM_sens/videos/video079/2227.jpg,CSAM,Sensitive,video079,2227.jpg,Sensitive
2228.jpg,/CSAM_sens/videos/video079/2228.jpg,CSAM,Sensitive,video079,2228.jpg,Sensitive
3786.png,/CSAM_sens/videos/video026/3786.png,CSAM,Sensitive,video026,3786.png,Sensitive
3787.png,/CSAM_sens/videos/video026/3787.png,CSAM,Sensitive,video026,3787.png,Sensitive
3788.png,/CSAM_sens/videos/video026/3788.png,CSAM,Sensitive,video026,3788.png,Sensitive
3789.png,/CSAM_sens/videos/video026/3789.png,CSAM,Sensitive,video026,3789.png,Sensitive
3790.png,/CSAM_sens/videos/video026/3790.png,CSAM,Sensitive,video026,3790.png,Sensitive
3791.png,/CSAM_sens/videos/video026/3791.png,CSAM,Sensitive,video026,3791.png,Sensitive
3792.png,/CSAM_sens/videos/video026/3792.png,CSAM,Sensitive,video026,3792.png,Sensitive
3793.png,/CSAM_sens/videos/video026/3793.png,CSAM,Sensitive,video026,3793.png,Sensitive
3794.png,/CSAM_sens/videos/video026/3794.png,CSAM,Sensitive,video026,3794.png,Sensitive
3795.png,/CSAM_sens/videos/video026/3795.png,CSAM,Sensitive,video026,3795.png,Sensitive
3651.png,/CSAM_sens/videos/video041/3651.png,CSAM,Sensitive,video041,3651.png,Sensitive
3652.png,/CSAM_sens/videos/video041/3652.png,CSAM,Sensitive,video041,3652.png,Sensitive
3653.png,/CSAM_sens/videos/video041/3653.png,CSAM,Sensitive,video041,3653.png,Sensitive
3654.png,/CSAM_sens/videos/video041/3654.png,CSAM,Sensitive,video041,3654.png,Sensitive
3655.png,/CSAM_sens/videos/video041/3655.png,CSAM,Sensitive,video041,3655.png,Sensitive
3656.png,/CSAM_sens/videos/video041/3656.png,CSAM,Sensitive,video041,3656.png,Sensitive
3657.png,/CSAM_sens/videos/video041/3657.png,CSAM,Sensitive,video041,3657.png,Sensitive
3658.png,/CSAM_sens/videos/video041/3658.png,CSAM,Sensitive,video041,3658.png,Sensitive
3659.png,/CSAM_sens/videos/video041/3659.png,CSAM,Sensitive,video041,3659.png,Sensitive
3660.png,/CSAM_sens/videos/video041/3660.png,CSAM,Sensitive,video041,3660.png,Sensitive
1238.jpg,/CSAM_sens/images/1238.jpg,CSAM,Sensitive,1238.jpg,1238.jpg,Sensitive
1013.jpg,/CSAM_sens/images/1013.jpg,CSAM,Sensitive,1013.jpg,1013.jpg,Sensitive
0916.jpg,/CSAM_sens/images/0916.jpg,CSAM,Sensitive,0916.jpg,0916.jpg,Sensitive
1199.jpg,/CSAM_sens/images/1199.jpg,CSAM,Sensitive,1199.jpg,1199.jpg,Sensitive
1195.jpg,/CSAM_sens/images/1195.jpg,CSAM,Sensitive,1195.jpg,1195.jpg,Sensitive
1103.jpeg,/CSAM_sens/images/1103.jpeg,CSAM,Sensitive,1103.jpeg,1103.jpeg,Sensitive
2487.jpg,/CSAM_sens/videos/video068/2487.jpg,CSAM,Sensitive,video068,2487.jpg,Sensitive
2488.jpg,/CSAM_sens/videos/video068/2488.jpg,CSAM,Sensitive,video068,2488.jpg,Sensitive
2489.jpg,/CSAM_sens/videos/video068/2489.jpg,CSAM,Sensitive,video068,2489.jpg,Sensitive
2490.jpg,/CSAM_sens/videos/video068/2490.jpg,CSAM,Sensitive,video068,2490.jpg,Sensitive
2491.jpg,/CSAM_sens/videos/video068/2491.jpg,CSAM,Sensitive,video068,2491.jpg,Sensitive
2492.jpg,/CSAM_sens/videos/video068/2492.jpg,CSAM,Sensitive,video068,2492.jpg,Sensitive
2493.jpg,/CSAM_sens/videos/video068/2493.jpg,CSAM,Sensitive,video068,2493.jpg,Sensitive
2494.jpg,/CSAM_sens/videos/video068/2494.jpg,CSAM,Sensitive,video068,2494.jpg,Sensitive
2495.jpg,/CSAM_sens/videos/video068/2495.jpg,CSAM,Sensitive,video068,2495.jpg,Sensitive
2496.jpg,/CSAM_sens/videos/video068/2496.jpg,CSAM,Sensitive,video068,2496.jpg,Sensitive
2497.jpg,/CSAM_sens/videos/video068/2497.jpg,CSAM,Sensitive,video068,2497.jpg,Sensitive
2498.jpg,/CSAM_sens/videos/video068/2498.jpg,CSAM,Sensitive,video068,2498.jpg,Sensitive
2499.jpg,/CSAM_sens/videos/video068/2499.jpg,CSAM,Sensitive,video068,2499.jpg,Sensitive
2500.jpg,/CSAM_sens/videos/video068/2500.jpg,CSAM,Sensitive,video068,2500.jpg,Sensitive
2501.jpg,/CSAM_sens/videos/video068/2501.jpg,CSAM,Sensitive,video068,2501.jpg,Sensitive
2502.jpg,/CSAM_sens/videos/video068/2502.jpg,CSAM,Sensitive,video068,2502.jpg,Sensitive
2503.jpg,/CSAM_sens/videos/video068/2503.jpg,CSAM,Sensitive,video068,2503.jpg,Sensitive
2504.jpg,/CSAM_sens/videos/video068/2504.jpg,CSAM,Sensitive,video068,2504.jpg,Sensitive
2505.jpg,/CSAM_sens/videos/video068/2505.jpg,CSAM,Sensitive,video068,2505.jpg,Sensitive
2506.jpg,/CSAM_sens/videos/video068/2506.jpg,CSAM,Sensitive,video068,2506.jpg,Sensitive
2507.jpg,/CSAM_sens/videos/video068/2507.jpg,CSAM,Sensitive,video068,2507.jpg,Sensitive
2508.jpg,/CSAM_sens/videos/video068/2508.jpg,CSAM,Sensitive,video068,2508.jpg,Sensitive
2509.jpg,/CSAM_sens/videos/video068/2509.jpg,CSAM,Sensitive,video068,2509.jpg,Sensitive
2510.jpg,/CSAM_sens/videos/video068/2510.jpg,CSAM,Sensitive,video068,2510.jpg,Sensitive
2511.jpg,/CSAM_sens/videos/video068/2511.jpg,CSAM,Sensitive,video068,2511.jpg,Sensitive
2512.jpg,/CSAM_sens/videos/video068/2512.jpg,CSAM,Sensitive,video068,2512.jpg,Sensitive
2513.jpg,/CSAM_sens/videos/video068/2513.jpg,CSAM,Sensitive,video068,2513.jpg,Sensitive
2514.jpg,/CSAM_sens/videos/video068/2514.jpg,CSAM,Sensitive,video068,2514.jpg,Sensitive
2515.jpg,/CSAM_sens/videos/video068/2515.jpg,CSAM,Sensitive,video068,2515.jpg,Sensitive
2516.jpg,/CSAM_sens/videos/video068/2516.jpg,CSAM,Sensitive,video068,2516.jpg,Sensitive
0910.jpg,/CSAM_sens/images/0910.jpg,CSAM,Sensitive,0910.jpg,0910.jpg,Sensitive
1133.jpeg,/CSAM_sens/images/1133.jpeg,CSAM,Sensitive,1133.jpeg,1133.jpeg,Sensitive
1070.jpg,/CSAM_sens/images/1070.jpg,CSAM,Sensitive,1070.jpg,1070.jpg,Sensitive
1145.jpeg,/CSAM_sens/images/1145.jpeg,CSAM,Sensitive,1145.jpeg,1145.jpeg,Sensitive
3882.png,/CSAM_sens/videos/video012/3882.png,CSAM,Sensitive,video012,3882.png,Sensitive
3883.png,/CSAM_sens/videos/video012/3883.png,CSAM,Sensitive,video012,3883.png,Sensitive
3884.png,/CSAM_sens/videos/video012/3884.png,CSAM,Sensitive,video012,3884.png,Sensitive
3885.png,/CSAM_sens/videos/video012/3885.png,CSAM,Sensitive,video012,3885.png,Sensitive
3886.png,/CSAM_sens/videos/video012/3886.png,CSAM,Sensitive,video012,3886.png,Sensitive
3887.png,/CSAM_sens/videos/video012/3887.png,CSAM,Sensitive,video012,3887.png,Sensitive
3679.png,/CSAM_sens/videos/video036/3679.png,CSAM,Sensitive,video036,3679.png,Sensitive
3680.png,/CSAM_sens/videos/video036/3680.png,CSAM,Sensitive,video036,3680.png,Sensitive
3681.png,/CSAM_sens/videos/video036/3681.png,CSAM,Sensitive,video036,3681.png,Sensitive
3682.png,/CSAM_sens/videos/video036/3682.png,CSAM,Sensitive,video036,3682.png,Sensitive
3683.png,/CSAM_sens/videos/video036/3683.png,CSAM,Sensitive,video036,3683.png,Sensitive
3684.png,/CSAM_sens/videos/video036/3684.png,CSAM,Sensitive,video036,3684.png,Sensitive
3685.png,/CSAM_sens/videos/video036/3685.png,CSAM,Sensitive,video036,3685.png,Sensitive
3686.png,/CSAM_sens/videos/video036/3686.png,CSAM,Sensitive,video036,3686.png,Sensitive
3687.png,/CSAM_sens/videos/video036/3687.png,CSAM,Sensitive,video036,3687.png,Sensitive
3688.png,/CSAM_sens/videos/video036/3688.png,CSAM,Sensitive,video036,3688.png,Sensitive
1175.png,/CSAM_sens/images/1175.png,CSAM,Sensitive,1175.png,1175.png,Sensitive
0938.jpeg,/CSAM_sens/images/0938.jpeg,CSAM,Sensitive,0938.jpeg,0938.jpeg,Sensitive
1114.jpg,/CSAM_sens/images/1114.jpg,CSAM,Sensitive,1114.jpg,1114.jpg,Sensitive
0919.jpg,/CSAM_sens/images/0919.jpg,CSAM,Sensitive,0919.jpg,0919.jpg,Sensitive
1095.jpeg,/CSAM_sens/images/1095.jpeg,CSAM,Sensitive,1095.jpeg,1095.jpeg,Sensitive
1035.jpg,/CSAM_sens/images/1035.jpg,CSAM,Sensitive,1035.jpg,1035.jpg,Sensitive
3548.png,/CSAM_sens/videos/video062/3548.png,CSAM,Sensitive,video062,3548.png,Sensitive
3549.png,/CSAM_sens/videos/video062/3549.png,CSAM,Sensitive,video062,3549.png,Sensitive
3550.png,/CSAM_sens/videos/video062/3550.png,CSAM,Sensitive,video062,3550.png,Sensitive
3551.png,/CSAM_sens/videos/video062/3551.png,CSAM,Sensitive,video062,3551.png,Sensitive
3552.png,/CSAM_sens/videos/video062/3552.png,CSAM,Sensitive,video062,3552.png,Sensitive
1030.jpg,/CSAM_sens/images/1030.jpg,CSAM,Sensitive,1030.jpg,1030.jpg,Sensitive
1221.jpg,/CSAM_sens/images/1221.jpg,CSAM,Sensitive,1221.jpg,1221.jpg,Sensitive
0934.jpeg,/CSAM_sens/images/0934.jpeg,CSAM,Sensitive,0934.jpeg,0934.jpeg,Sensitive
1018.jpg,/CSAM_sens/images/1018.jpg,CSAM,Sensitive,1018.jpg,1018.jpg,Sensitive
1038.jpg,/CSAM_sens/images/1038.jpg,CSAM,Sensitive,1038.jpg,1038.jpg,Sensitive
1289.jpg,/CSAM_sens/images/1289.jpg,CSAM,Sensitive,1289.jpg,1289.jpg,Sensitive
0947.jpg,/CSAM_sens/images/0947.jpg,CSAM,Sensitive,0947.jpg,0947.jpg,Sensitive
0943.jpeg,/CSAM_sens/images/0943.jpeg,CSAM,Sensitive,0943.jpeg,0943.jpeg,Sensitive
1197.jpg,/CSAM_sens/images/1197.jpg,CSAM,Sensitive,1197.jpg,1197.jpg,Sensitive
1206.jpg,/CSAM_sens/images/1206.jpg,CSAM,Sensitive,1206.jpg,1206.jpg,Sensitive
1188.png,/CSAM_sens/images/1188.png,CSAM,Sensitive,1188.png,1188.png,Sensitive
1049.jpg,/CSAM_sens/images/1049.jpg,CSAM,Sensitive,1049.jpg,1049.jpg,Sensitive
1194.jpg,/CSAM_sens/images/1194.jpg,CSAM,Sensitive,1194.jpg,1194.jpg,Sensitive
1290.jpg,/CSAM_sens/images/1290.jpg,CSAM,Sensitive,1290.jpg,1290.jpg,Sensitive
1128.jpeg,/CSAM_sens/images/1128.jpeg,CSAM,Sensitive,1128.jpeg,1128.jpeg,Sensitive
1280.jpg,/CSAM_sens/images/1280.jpg,CSAM,Sensitive,1280.jpg,1280.jpg,Sensitive
1278.jpg,/CSAM_sens/images/1278.jpg,CSAM,Sensitive,1278.jpg,1278.jpg,Sensitive
1039.jpg,/CSAM_sens/images/1039.jpg,CSAM,Sensitive,1039.jpg,1039.jpg,Sensitive
3544.png,/CSAM_sens/videos/video063/3544.png,CSAM,Sensitive,video063,3544.png,Sensitive
3545.png,/CSAM_sens/videos/video063/3545.png,CSAM,Sensitive,video063,3545.png,Sensitive
3546.png,/CSAM_sens/videos/video063/3546.png,CSAM,Sensitive,video063,3546.png,Sensitive
3547.png,/CSAM_sens/videos/video063/3547.png,CSAM,Sensitive,video063,3547.png,Sensitive
1237.jpg,/CSAM_sens/images/1237.jpg,CSAM,Sensitive,1237.jpg,1237.jpg,Sensitive
3640.png,/CSAM_sens/videos/video043/3640.png,CSAM,Sensitive,video043,3640.png,Sensitive
3641.png,/CSAM_sens/videos/video043/3641.png,CSAM,Sensitive,video043,3641.png,Sensitive
3642.png,/CSAM_sens/videos/video043/3642.png,CSAM,Sensitive,video043,3642.png,Sensitive
1079.jpeg,/CSAM_sens/images/1079.jpeg,CSAM,Sensitive,1079.jpeg,1079.jpeg,Sensitive
1185.png,/CSAM_sens/images/1185.png,CSAM,Sensitive,1185.png,1185.png,Sensitive
1100.jpeg,/CSAM_sens/images/1100.jpeg,CSAM,Sensitive,1100.jpeg,1100.jpeg,Sensitive
1282.jpg,/CSAM_sens/images/1282.jpg,CSAM,Sensitive,1282.jpg,1282.jpg,Sensitive
1136.jpeg,/CSAM_sens/images/1136.jpeg,CSAM,Sensitive,1136.jpeg,1136.jpeg,Sensitive
1042.jpg,/CSAM_sens/images/1042.jpg,CSAM,Sensitive,1042.jpg,1042.jpg,Sensitive
1098.jpeg,/CSAM_sens/images/1098.jpeg,CSAM,Sensitive,1098.jpeg,1098.jpeg,Sensitive
1260.jpg,/CSAM_sens/images/1260.jpg,CSAM,Sensitive,1260.jpg,1260.jpg,Sensitive
1084.jpeg,/CSAM_sens/images/1084.jpeg,CSAM,Sensitive,1084.jpeg,1084.jpeg,Sensitive
1268.jpg,/CSAM_sens/images/1268.jpg,CSAM,Sensitive,1268.jpg,1268.jpg,Sensitive
1294.jpg,/CSAM_sens/images/1294.jpg,CSAM,Sensitive,1294.jpg,1294.jpg,Sensitive
1060.jpg,/CSAM_sens/images/1060.jpg,CSAM,Sensitive,1060.jpg,1060.jpg,Sensitive
2351.jpg,/CSAM_sens/videos/video076/2351.jpg,CSAM,Sensitive,video076,2351.jpg,Sensitive
2352.jpg,/CSAM_sens/videos/video076/2352.jpg,CSAM,Sensitive,video076,2352.jpg,Sensitive
2353.jpg,/CSAM_sens/videos/video076/2353.jpg,CSAM,Sensitive,video076,2353.jpg,Sensitive
2354.jpg,/CSAM_sens/videos/video076/2354.jpg,CSAM,Sensitive,video076,2354.jpg,Sensitive
2355.jpg,/CSAM_sens/videos/video076/2355.jpg,CSAM,Sensitive,video076,2355.jpg,Sensitive
2356.jpg,/CSAM_sens/videos/video076/2356.jpg,CSAM,Sensitive,video076,2356.jpg,Sensitive
2357.jpg,/CSAM_sens/videos/video076/2357.jpg,CSAM,Sensitive,video076,2357.jpg,Sensitive
2358.jpg,/CSAM_sens/videos/video076/2358.jpg,CSAM,Sensitive,video076,2358.jpg,Sensitive
2359.jpg,/CSAM_sens/videos/video076/2359.jpg,CSAM,Sensitive,video076,2359.jpg,Sensitive
2360.jpg,/CSAM_sens/videos/video076/2360.jpg,CSAM,Sensitive,video076,2360.jpg,Sensitive
2361.jpg,/CSAM_sens/videos/video076/2361.jpg,CSAM,Sensitive,video076,2361.jpg,Sensitive
2362.jpg,/CSAM_sens/videos/video076/2362.jpg,CSAM,Sensitive,video076,2362.jpg,Sensitive
2363.jpg,/CSAM_sens/videos/video076/2363.jpg,CSAM,Sensitive,video076,2363.jpg,Sensitive
2364.jpg,/CSAM_sens/videos/video076/2364.jpg,CSAM,Sensitive,video076,2364.jpg,Sensitive
0944.jpg,/CSAM_sens/images/0944.jpg,CSAM,Sensitive,0944.jpg,0944.jpg,Sensitive
1231.jpg,/CSAM_sens/images/1231.jpg,CSAM,Sensitive,1231.jpg,1231.jpg,Sensitive
1315.jpg,/CSAM_sens/images/1315.jpg,CSAM,Sensitive,1315.jpg,1315.jpg,Sensitive
3542.png,/CSAM_sens/images/3542.png,CSAM,Sensitive,3542.png,3542.png,Sensitive
3845.png,/CSAM_sens/videos/video019/3845.png,CSAM,Sensitive,video019,3845.png,Sensitive
3846.png,/CSAM_sens/videos/video019/3846.png,CSAM,Sensitive,video019,3846.png,Sensitive
3847.png,/CSAM_sens/videos/video019/3847.png,CSAM,Sensitive,video019,3847.png,Sensitive
1162.jpeg,/CSAM_sens/images/1162.jpeg,CSAM,Sensitive,1162.jpeg,1162.jpeg,Sensitive
1135.jpeg,/CSAM_sens/images/1135.jpeg,CSAM,Sensitive,1135.jpeg,1135.jpeg,Sensitive
1252.jpg,/CSAM_sens/images/1252.jpg,CSAM,Sensitive,1252.jpg,1252.jpg,Sensitive
0984.jpg,/CSAM_sens/images/0984.jpg,CSAM,Sensitive,0984.jpg,0984.jpg,Sensitive
1102.jpeg,/CSAM_sens/images/1102.jpeg,CSAM,Sensitive,1102.jpeg,1102.jpeg,Sensitive
1085.jpeg,/CSAM_sens/images/1085.jpeg,CSAM,Sensitive,1085.jpeg,1085.jpeg,Sensitive
1288.jpg,/CSAM_sens/images/1288.jpg,CSAM,Sensitive,1288.jpg,1288.jpg,Sensitive
1296.jpg,/CSAM_sens/images/1296.jpg,CSAM,Sensitive,1296.jpg,1296.jpg,Sensitive
1247.jpg,/CSAM_sens/images/1247.jpg,CSAM,Sensitive,1247.jpg,1247.jpg,Sensitive
0983.jpg,/CSAM_sens/images/0983.jpg,CSAM,Sensitive,0983.jpg,0983.jpg,Sensitive
1226.jpg,/CSAM_sens/images/1226.jpg,CSAM,Sensitive,1226.jpg,1226.jpg,Sensitive
3671.png,/CSAM_sens/videos/video038/3671.png,CSAM,Sensitive,video038,3671.png,Sensitive
3672.png,/CSAM_sens/videos/video038/3672.png,CSAM,Sensitive,video038,3672.png,Sensitive
3569.png,/CSAM_sens/videos/video058/3569.png,CSAM,Sensitive,video058,3569.png,Sensitive
3570.png,/CSAM_sens/videos/video058/3570.png,CSAM,Sensitive,video058,3570.png,Sensitive
3571.png,/CSAM_sens/videos/video058/3571.png,CSAM,Sensitive,video058,3571.png,Sensitive
0920.jpg,/CSAM_sens/images/0920.jpg,CSAM,Sensitive,0920.jpg,0920.jpg,Sensitive
1246.jpg,/CSAM_sens/images/1246.jpg,CSAM,Sensitive,1246.jpg,1246.jpg,Sensitive
0997.jpg,/CSAM_sens/images/0997.jpg,CSAM,Sensitive,0997.jpg,0997.jpg,Sensitive
1166.jpeg,/CSAM_sens/images/1166.jpeg,CSAM,Sensitive,1166.jpeg,1166.jpeg,Sensitive
1307.jpg,/CSAM_sens/images/1307.jpg,CSAM,Sensitive,1307.jpg,1307.jpg,Sensitive
1209.jpg,/CSAM_sens/images/1209.jpg,CSAM,Sensitive,1209.jpg,1209.jpg,Sensitive
1090.jpeg,/CSAM_sens/images/1090.jpeg,CSAM,Sensitive,1090.jpeg,1090.jpeg,Sensitive
1054.jpg,/CSAM_sens/images/1054.jpg,CSAM,Sensitive,1054.jpg,1054.jpg,Sensitive
1314.jpg,/CSAM_sens/images/1314.jpg,CSAM,Sensitive,1314.jpg,1314.jpg,Sensitive
1287.jpg,/CSAM_sens/images/1287.jpg,CSAM,Sensitive,1287.jpg,1287.jpg,Sensitive
1293.jpg,/CSAM_sens/images/1293.jpg,CSAM,Sensitive,1293.jpg,1293.jpg,Sensitive
1019.jpg,/CSAM_sens/images/1019.jpg,CSAM,Sensitive,1019.jpg,1019.jpg,Sensitive
0965.jpg,/CSAM_sens/images/0965.jpg,CSAM,Sensitive,0965.jpg,0965.jpg,Sensitive
2090.jpg,/CSAM_sens/videos/video084/2090.jpg,CSAM,Sensitive,video084,2090.jpg,Sensitive
2091.jpg,/CSAM_sens/videos/video084/2091.jpg,CSAM,Sensitive,video084,2091.jpg,Sensitive
2092.jpg,/CSAM_sens/videos/video084/2092.jpg,CSAM,Sensitive,video084,2092.jpg,Sensitive
2093.jpg,/CSAM_sens/videos/video084/2093.jpg,CSAM,Sensitive,video084,2093.jpg,Sensitive
2094.jpg,/CSAM_sens/videos/video084/2094.jpg,CSAM,Sensitive,video084,2094.jpg,Sensitive
2095.jpg,/CSAM_sens/videos/video084/2095.jpg,CSAM,Sensitive,video084,2095.jpg,Sensitive
2096.jpg,/CSAM_sens/videos/video084/2096.jpg,CSAM,Sensitive,video084,2096.jpg,Sensitive
2097.jpg,/CSAM_sens/videos/video084/2097.jpg,CSAM,Sensitive,video084,2097.jpg,Sensitive
2098.jpg,/CSAM_sens/videos/video084/2098.jpg,CSAM,Sensitive,video084,2098.jpg,Sensitive
2099.jpg,/CSAM_sens/videos/video084/2099.jpg,CSAM,Sensitive,video084,2099.jpg,Sensitive
2100.jpg,/CSAM_sens/videos/video084/2100.jpg,CSAM,Sensitive,video084,2100.jpg,Sensitive
2101.jpg,/CSAM_sens/videos/video084/2101.jpg,CSAM,Sensitive,video084,2101.jpg,Sensitive
2102.jpg,/CSAM_sens/videos/video084/2102.jpg,CSAM,Sensitive,video084,2102.jpg,Sensitive
2103.jpg,/CSAM_sens/videos/video084/2103.jpg,CSAM,Sensitive,video084,2103.jpg,Sensitive
2104.jpg,/CSAM_sens/videos/video084/2104.jpg,CSAM,Sensitive,video084,2104.jpg,Sensitive
2105.jpg,/CSAM_sens/videos/video084/2105.jpg,CSAM,Sensitive,video084,2105.jpg,Sensitive
2106.jpg,/CSAM_sens/videos/video084/2106.jpg,CSAM,Sensitive,video084,2106.jpg,Sensitive
2107.jpg,/CSAM_sens/videos/video084/2107.jpg,CSAM,Sensitive,video084,2107.jpg,Sensitive
2108.jpg,/CSAM_sens/videos/video084/2108.jpg,CSAM,Sensitive,video084,2108.jpg,Sensitive
2109.jpg,/CSAM_sens/videos/video084/2109.jpg,CSAM,Sensitive,video084,2109.jpg,Sensitive
2110.jpg,/CSAM_sens/videos/video084/2110.jpg,CSAM,Sensitive,video084,2110.jpg,Sensitive
2111.jpg,/CSAM_sens/videos/video084/2111.jpg,CSAM,Sensitive,video084,2111.jpg,Sensitive
2112.jpg,/CSAM_sens/videos/video084/2112.jpg,CSAM,Sensitive,video084,2112.jpg,Sensitive
2113.jpg,/CSAM_sens/videos/video084/2113.jpg,CSAM,Sensitive,video084,2113.jpg,Sensitive
2114.jpg,/CSAM_sens/videos/video084/2114.jpg,CSAM,Sensitive,video084,2114.jpg,Sensitive
0971.jpg,/CSAM_sens/images/0971.jpg,CSAM,Sensitive,0971.jpg,0971.jpg,Sensitive
0906.jpg,/CSAM_sens/images/0906.jpg,CSAM,Sensitive,0906.jpg,0906.jpg,Sensitive
0968.jpg,/CSAM_sens/images/0968.jpg,CSAM,Sensitive,0968.jpg,0968.jpg,Sensitive
0987.jpg,/CSAM_sens/images/0987.jpg,CSAM,Sensitive,0987.jpg,0987.jpg,Sensitive
2517.jpg,/CSAM_sens/videos/video067/2517.jpg,CSAM,Sensitive,video067,2517.jpg,Sensitive
2518.jpg,/CSAM_sens/videos/video067/2518.jpg,CSAM,Sensitive,video067,2518.jpg,Sensitive
2519.jpg,/CSAM_sens/videos/video067/2519.jpg,CSAM,Sensitive,video067,2519.jpg,Sensitive
2520.jpg,/CSAM_sens/videos/video067/2520.jpg,CSAM,Sensitive,video067,2520.jpg,Sensitive
2521.jpg,/CSAM_sens/videos/video067/2521.jpg,CSAM,Sensitive,video067,2521.jpg,Sensitive
2522.jpg,/CSAM_sens/videos/video067/2522.jpg,CSAM,Sensitive,video067,2522.jpg,Sensitive
2523.jpg,/CSAM_sens/videos/video067/2523.jpg,CSAM,Sensitive,video067,2523.jpg,Sensitive
2524.jpg,/CSAM_sens/videos/video067/2524.jpg,CSAM,Sensitive,video067,2524.jpg,Sensitive
2525.jpg,/CSAM_sens/videos/video067/2525.jpg,CSAM,Sensitive,video067,2525.jpg,Sensitive
2526.jpg,/CSAM_sens/videos/video067/2526.jpg,CSAM,Sensitive,video067,2526.jpg,Sensitive
2527.jpg,/CSAM_sens/videos/video067/2527.jpg,CSAM,Sensitive,video067,2527.jpg,Sensitive
2528.jpg,/CSAM_sens/videos/video067/2528.jpg,CSAM,Sensitive,video067,2528.jpg,Sensitive
2529.jpg,/CSAM_sens/videos/video067/2529.jpg,CSAM,Sensitive,video067,2529.jpg,Sensitive
2530.jpg,/CSAM_sens/videos/video067/2530.jpg,CSAM,Sensitive,video067,2530.jpg,Sensitive
2531.jpg,/CSAM_sens/videos/video067/2531.jpg,CSAM,Sensitive,video067,2531.jpg,Sensitive
2532.jpg,/CSAM_sens/videos/video067/2532.jpg,CSAM,Sensitive,video067,2532.jpg,Sensitive
2533.jpg,/CSAM_sens/videos/video067/2533.jpg,CSAM,Sensitive,video067,2533.jpg,Sensitive
2534.jpg,/CSAM_sens/videos/video067/2534.jpg,CSAM,Sensitive,video067,2534.jpg,Sensitive
2535.jpg,/CSAM_sens/videos/video067/2535.jpg,CSAM,Sensitive,video067,2535.jpg,Sensitive
2536.jpg,/CSAM_sens/videos/video067/2536.jpg,CSAM,Sensitive,video067,2536.jpg,Sensitive
2537.jpg,/CSAM_sens/videos/video067/2537.jpg,CSAM,Sensitive,video067,2537.jpg,Sensitive
2538.jpg,/CSAM_sens/videos/video067/2538.jpg,CSAM,Sensitive,video067,2538.jpg,Sensitive
2539.jpg,/CSAM_sens/videos/video067/2539.jpg,CSAM,Sensitive,video067,2539.jpg,Sensitive
2540.jpg,/CSAM_sens/videos/video067/2540.jpg,CSAM,Sensitive,video067,2540.jpg,Sensitive
2541.jpg,/CSAM_sens/videos/video067/2541.jpg,CSAM,Sensitive,video067,2541.jpg,Sensitive
3616.png,/CSAM_sens/videos/video049/3616.png,CSAM,Sensitive,video049,3616.png,Sensitive
3617.png,/CSAM_sens/videos/video049/3617.png,CSAM,Sensitive,video049,3617.png,Sensitive
3618.png,/CSAM_sens/videos/video049/3618.png,CSAM,Sensitive,video049,3618.png,Sensitive
0999.jpg,/CSAM_sens/images/0999.jpg,CSAM,Sensitive,0999.jpg,0999.jpg,Sensitive
0953.jpg,/CSAM_sens/images/0953.jpg,CSAM,Sensitive,0953.jpg,0953.jpg,Sensitive
3619.png,/CSAM_sens/videos/video048/3619.png,CSAM,Sensitive,video048,3619.png,Sensitive
3620.png,/CSAM_sens/videos/video048/3620.png,CSAM,Sensitive,video048,3620.png,Sensitive
3621.png,/CSAM_sens/videos/video048/3621.png,CSAM,Sensitive,video048,3621.png,Sensitive
3622.png,/CSAM_sens/videos/video048/3622.png,CSAM,Sensitive,video048,3622.png,Sensitive
1123.jpg,/CSAM_sens/images/1123.jpg,CSAM,Sensitive,1123.jpg,1123.jpg,Sensitive
1112.jpeg,/CSAM_sens/images/1112.jpeg,CSAM,Sensitive,1112.jpeg,1112.jpeg,Sensitive
1202.jpg,/CSAM_sens/images/1202.jpg,CSAM,Sensitive,1202.jpg,1202.jpg,Sensitive
1239.jpg,/CSAM_sens/images/1239.jpg,CSAM,Sensitive,1239.jpg,1239.jpg,Sensitive
1056.jpg,/CSAM_sens/images/1056.jpg,CSAM,Sensitive,1056.jpg,1056.jpg,Sensitive
3673.png,/CSAM_sens/videos/video037/3673.png,CSAM,Sensitive,video037,3673.png,Sensitive
3674.png,/CSAM_sens/videos/video037/3674.png,CSAM,Sensitive,video037,3674.png,Sensitive
3675.png,/CSAM_sens/videos/video037/3675.png,CSAM,Sensitive,video037,3675.png,Sensitive
3676.png,/CSAM_sens/videos/video037/3676.png,CSAM,Sensitive,video037,3676.png,Sensitive
3677.png,/CSAM_sens/videos/video037/3677.png,CSAM,Sensitive,video037,3677.png,Sensitive
3678.png,/CSAM_sens/videos/video037/3678.png,CSAM,Sensitive,video037,3678.png,Sensitive
0912.jpg,/CSAM_sens/images/0912.jpg,CSAM,Sensitive,0912.jpg,0912.jpg,Sensitive
1196.jpg,/CSAM_sens/images/1196.jpg,CSAM,Sensitive,1196.jpg,1196.jpg,Sensitive
1243.jpg,/CSAM_sens/images/1243.jpg,CSAM,Sensitive,1243.jpg,1243.jpg,Sensitive
1139.jpeg,/CSAM_sens/images/1139.jpeg,CSAM,Sensitive,1139.jpeg,1139.jpeg,Sensitive
3644.png,/CSAM_sens/videos/video044/3644.png,CSAM,Sensitive,video044,3644.png,Sensitive
3645.png,/CSAM_sens/videos/video044/3645.png,CSAM,Sensitive,video044,3645.png,Sensitive
3610.png,/CSAM_sens/images/3610.png,CSAM,Sensitive,3610.png,3610.png,Sensitive
1304.jpg,/CSAM_sens/images/1304.jpg,CSAM,Sensitive,1304.jpg,1304.jpg,Sensitive
1236.jpg,/CSAM_sens/images/1236.jpg,CSAM,Sensitive,1236.jpg,1236.jpg,Sensitive
1144.jpeg,/CSAM_sens/images/1144.jpeg,CSAM,Sensitive,1144.jpeg,1144.jpeg,Sensitive
1163.jpeg,/CSAM_sens/images/1163.jpeg,CSAM,Sensitive,1163.jpeg,1163.jpeg,Sensitive
0973.jpg,/CSAM_sens/images/0973.jpg,CSAM,Sensitive,0973.jpg,0973.jpg,Sensitive
1157.jpeg,/CSAM_sens/images/1157.jpeg,CSAM,Sensitive,1157.jpeg,1157.jpeg,Sensitive
1255.jpg,/CSAM_sens/images/1255.jpg,CSAM,Sensitive,1255.jpg,1255.jpg,Sensitive
1137.jpeg,/CSAM_sens/images/1137.jpeg,CSAM,Sensitive,1137.jpeg,1137.jpeg,Sensitive
1050.jpg,/CSAM_sens/images/1050.jpg,CSAM,Sensitive,1050.jpg,1050.jpg,Sensitive
1076.jpg,/CSAM_sens/images/1076.jpg,CSAM,Sensitive,1076.jpg,1076.jpg,Sensitive
0959.jpg,/CSAM_sens/images/0959.jpg,CSAM,Sensitive,0959.jpg,0959.jpg,Sensitive
1271.jpg,/CSAM_sens/images/1271.jpg,CSAM,Sensitive,1271.jpg,1271.jpg,Sensitive
0909.jpg,/CSAM_sens/images/0909.jpg,CSAM,Sensitive,0909.jpg,0909.jpg,Sensitive
3661.png,/CSAM_sens/videos/video040/3661.png,CSAM,Sensitive,video040,3661.png,Sensitive
3662.png,/CSAM_sens/videos/video040/3662.png,CSAM,Sensitive,video040,3662.png,Sensitive
3663.png,/CSAM_sens/videos/video040/3663.png,CSAM,Sensitive,video040,3663.png,Sensitive
3664.png,/CSAM_sens/videos/video040/3664.png,CSAM,Sensitive,video040,3664.png,Sensitive
3665.png,/CSAM_sens/videos/video040/3665.png,CSAM,Sensitive,video040,3665.png,Sensitive
1000.jpg,/CSAM_sens/images/1000.jpg,CSAM,Sensitive,1000.jpg,1000.jpg,Sensitive
1158.jpeg,/CSAM_sens/images/1158.jpeg,CSAM,Sensitive,1158.jpeg,1158.jpeg,Sensitive
1108.jpeg,/CSAM_sens/images/1108.jpeg,CSAM,Sensitive,1108.jpeg,1108.jpeg,Sensitive
0923.jpg,/CSAM_sens/images/0923.jpg,CSAM,Sensitive,0923.jpg,0923.jpg,Sensitive
0995.jpg,/CSAM_sens/images/0995.jpg,CSAM,Sensitive,0995.jpg,0995.jpg,Sensitive
3832.png,/CSAM_sens/videos/video021/3832.png,CSAM,Sensitive,video021,3832.png,Sensitive
3833.png,/CSAM_sens/videos/video021/3833.png,CSAM,Sensitive,video021,3833.png,Sensitive
3834.png,/CSAM_sens/videos/video021/3834.png,CSAM,Sensitive,video021,3834.png,Sensitive
3835.png,/CSAM_sens/videos/video021/3835.png,CSAM,Sensitive,video021,3835.png,Sensitive
3836.png,/CSAM_sens/videos/video021/3836.png,CSAM,Sensitive,video021,3836.png,Sensitive
3837.png,/CSAM_sens/videos/video021/3837.png,CSAM,Sensitive,video021,3837.png,Sensitive
0994.jpg,/CSAM_sens/images/0994.jpg,CSAM,Sensitive,0994.jpg,0994.jpg,Sensitive
3555.png,/CSAM_sens/videos/video061/3555.png,CSAM,Sensitive,video061,3555.png,Sensitive
3556.png,/CSAM_sens/videos/video061/3556.png,CSAM,Sensitive,video061,3556.png,Sensitive
3557.png,/CSAM_sens/videos/video061/3557.png,CSAM,Sensitive,video061,3557.png,Sensitive
1178.png,/CSAM_sens/images/1178.png,CSAM,Sensitive,1178.png,1178.png,Sensitive
1023.jpg,/CSAM_sens/images/1023.jpg,CSAM,Sensitive,1023.jpg,1023.jpg,Sensitive
3863.png,/CSAM_sens/videos/video015/3863.png,CSAM,Sensitive,video015,3863.png,Sensitive
3864.png,/CSAM_sens/videos/video015/3864.png,CSAM,Sensitive,video015,3864.png,Sensitive
3865.png,/CSAM_sens/videos/video015/3865.png,CSAM,Sensitive,video015,3865.png,Sensitive
3866.png,/CSAM_sens/videos/video015/3866.png,CSAM,Sensitive,video015,3866.png,Sensitive
3867.png,/CSAM_sens/videos/video015/3867.png,CSAM,Sensitive,video015,3867.png,Sensitive
3868.png,/CSAM_sens/videos/video015/3868.png,CSAM,Sensitive,video015,3868.png,Sensitive
3869.png,/CSAM_sens/videos/video015/3869.png,CSAM,Sensitive,video015,3869.png,Sensitive
3870.png,/CSAM_sens/videos/video015/3870.png,CSAM,Sensitive,video015,3870.png,Sensitive
3871.png,/CSAM_sens/videos/video015/3871.png,CSAM,Sensitive,video015,3871.png,Sensitive
3872.png,/CSAM_sens/videos/video015/3872.png,CSAM,Sensitive,video015,3872.png,Sensitive
3873.png,/CSAM_sens/videos/video015/3873.png,CSAM,Sensitive,video015,3873.png,Sensitive
0950.jpg,/CSAM_sens/images/0950.jpg,CSAM,Sensitive,0950.jpg,0950.jpg,Sensitive
0935.jpeg,/CSAM_sens/images/0935.jpeg,CSAM,Sensitive,0935.jpeg,0935.jpeg,Sensitive
1051.jpg,/CSAM_sens/images/1051.jpg,CSAM,Sensitive,1051.jpg,1051.jpg,Sensitive
1295.jpg,/CSAM_sens/images/1295.jpg,CSAM,Sensitive,1295.jpg,1295.jpg,Sensitive
0985.jpg,/CSAM_sens/images/0985.jpg,CSAM,Sensitive,0985.jpg,0985.jpg,Sensitive
1186.png,/CSAM_sens/images/1186.png,CSAM,Sensitive,1186.png,1186.png,Sensitive
0907.jpg,/CSAM_sens/images/0907.jpg,CSAM,Sensitive,0907.jpg,0907.jpg,Sensitive
1235.jpg,/CSAM_sens/images/1235.jpg,CSAM,Sensitive,1235.jpg,1235.jpg,Sensitive
1224.jpg,/CSAM_sens/images/1224.jpg,CSAM,Sensitive,1224.jpg,1224.jpg,Sensitive
1306.jpg,/CSAM_sens/images/1306.jpg,CSAM,Sensitive,1306.jpg,1306.jpg,Sensitive
3813.png,/CSAM_sens/videos/video024/3813.png,CSAM,Sensitive,video024,3813.png,Sensitive
3814.png,/CSAM_sens/videos/video024/3814.png,CSAM,Sensitive,video024,3814.png,Sensitive
3815.png,/CSAM_sens/videos/video024/3815.png,CSAM,Sensitive,video024,3815.png,Sensitive
3816.png,/CSAM_sens/videos/video024/3816.png,CSAM,Sensitive,video024,3816.png,Sensitive
3817.png,/CSAM_sens/videos/video024/3817.png,CSAM,Sensitive,video024,3817.png,Sensitive
3818.png,/CSAM_sens/videos/video024/3818.png,CSAM,Sensitive,video024,3818.png,Sensitive
3819.png,/CSAM_sens/videos/video024/3819.png,CSAM,Sensitive,video024,3819.png,Sensitive
1313.jpg,/CSAM_sens/images/1313.jpg,CSAM,Sensitive,1313.jpg,1313.jpg,Sensitive
0956.jpg,/CSAM_sens/images/0956.jpg,CSAM,Sensitive,0956.jpg,0956.jpg,Sensitive
3993.png,/CSAM_sens/videos/video002/3993.png,CSAM,Sensitive,video002,3993.png,Sensitive
3994.png,/CSAM_sens/videos/video002/3994.png,CSAM,Sensitive,video002,3994.png,Sensitive
3995.png,/CSAM_sens/videos/video002/3995.png,CSAM,Sensitive,video002,3995.png,Sensitive
3996.png,/CSAM_sens/videos/video002/3996.png,CSAM,Sensitive,video002,3996.png,Sensitive
3997.png,/CSAM_sens/videos/video002/3997.png,CSAM,Sensitive,video002,3997.png,Sensitive
3998.png,/CSAM_sens/videos/video002/3998.png,CSAM,Sensitive,video002,3998.png,Sensitive
3999.png,/CSAM_sens/videos/video002/3999.png,CSAM,Sensitive,video002,3999.png,Sensitive
4000.png,/CSAM_sens/videos/video002/4000.png,CSAM,Sensitive,video002,4000.png,Sensitive
4001.png,/CSAM_sens/videos/video002/4001.png,CSAM,Sensitive,video002,4001.png,Sensitive
4002.png,/CSAM_sens/videos/video002/4002.png,CSAM,Sensitive,video002,4002.png,Sensitive
4003.png,/CSAM_sens/videos/video002/4003.png,CSAM,Sensitive,video002,4003.png,Sensitive
4004.png,/CSAM_sens/videos/video002/4004.png,CSAM,Sensitive,video002,4004.png,Sensitive
4005.png,/CSAM_sens/videos/video002/4005.png,CSAM,Sensitive,video002,4005.png,Sensitive
4006.png,/CSAM_sens/videos/video002/4006.png,CSAM,Sensitive,video002,4006.png,Sensitive
1024.jpg,/CSAM_sens/images/1024.jpg,CSAM,Sensitive,1024.jpg,1024.jpg,Sensitive
1272.jpg,/CSAM_sens/images/1272.jpg,CSAM,Sensitive,1272.jpg,1272.jpg,Sensitive
1176.png,/CSAM_sens/images/1176.png,CSAM,Sensitive,1176.png,1176.png,Sensitive
0930.jpeg,/CSAM_sens/images/0930.jpeg,CSAM,Sensitive,0930.jpeg,0930.jpeg,Sensitive
3558.png,/CSAM_sens/images/3558.png,CSAM,Sensitive,3558.png,3558.png,Sensitive
1027.jpg,/CSAM_sens/images/1027.jpg,CSAM,Sensitive,1027.jpg,1027.jpg,Sensitive
1205.jpg,/CSAM_sens/images/1205.jpg,CSAM,Sensitive,1205.jpg,1205.jpg,Sensitive
3646.png,/CSAM_sens/videos/video042/3646.png,CSAM,Sensitive,video042,3646.png,Sensitive
3647.png,/CSAM_sens/videos/video042/3647.png,CSAM,Sensitive,video042,3647.png,Sensitive
3648.png,/CSAM_sens/videos/video042/3648.png,CSAM,Sensitive,video042,3648.png,Sensitive
3649.png,/CSAM_sens/videos/video042/3649.png,CSAM,Sensitive,video042,3649.png,Sensitive
0960.jpg,/CSAM_sens/images/0960.jpg,CSAM,Sensitive,0960.jpg,0960.jpg,Sensitive
1044.jpg,/CSAM_sens/images/1044.jpg,CSAM,Sensitive,1044.jpg,1044.jpg,Sensitive
1043.jpg,/CSAM_sens/images/1043.jpg,CSAM,Sensitive,1043.jpg,1043.jpg,Sensitive
1180.png,/CSAM_sens/images/1180.png,CSAM,Sensitive,1180.png,1180.png,Sensitive
1008.jpg,/CSAM_sens/images/1008.jpg,CSAM,Sensitive,1008.jpg,1008.jpg,Sensitive
1014.jpg,/CSAM_sens/images/1014.jpg,CSAM,Sensitive,1014.jpg,1014.jpg,Sensitive
1036.jpg,/CSAM_sens/images/1036.jpg,CSAM,Sensitive,1036.jpg,1036.jpg,Sensitive
3921.png,/CSAM_sens/videos/video009/3921.png,CSAM,Sensitive,video009,3921.png,Sensitive
3922.png,/CSAM_sens/videos/video009/3922.png,CSAM,Sensitive,video009,3922.png,Sensitive
3923.png,/CSAM_sens/videos/video009/3923.png,CSAM,Sensitive,video009,3923.png,Sensitive
3924.png,/CSAM_sens/videos/video009/3924.png,CSAM,Sensitive,video009,3924.png,Sensitive
3925.png,/CSAM_sens/videos/video009/3925.png,CSAM,Sensitive,video009,3925.png,Sensitive
3926.png,/CSAM_sens/videos/video009/3926.png,CSAM,Sensitive,video009,3926.png,Sensitive
3927.png,/CSAM_sens/videos/video009/3927.png,CSAM,Sensitive,video009,3927.png,Sensitive
3928.png,/CSAM_sens/videos/video009/3928.png,CSAM,Sensitive,video009,3928.png,Sensitive
1131.jpeg,/CSAM_sens/images/1131.jpeg,CSAM,Sensitive,1131.jpeg,1131.jpeg,Sensitive
1082.jpeg,/CSAM_sens/images/1082.jpeg,CSAM,Sensitive,1082.jpeg,1082.jpeg,Sensitive
0945.jpg,/CSAM_sens/images/0945.jpg,CSAM,Sensitive,0945.jpg,0945.jpg,Sensitive
3929.png,/CSAM_sens/videos/video008/3929.png,CSAM,Sensitive,video008,3929.png,Sensitive
3930.png,/CSAM_sens/videos/video008/3930.png,CSAM,Sensitive,video008,3930.png,Sensitive
3931.png,/CSAM_sens/videos/video008/3931.png,CSAM,Sensitive,video008,3931.png,Sensitive
3932.png,/CSAM_sens/videos/video008/3932.png,CSAM,Sensitive,video008,3932.png,Sensitive
3933.png,/CSAM_sens/videos/video008/3933.png,CSAM,Sensitive,video008,3933.png,Sensitive
3934.png,/CSAM_sens/videos/video008/3934.png,CSAM,Sensitive,video008,3934.png,Sensitive
3935.png,/CSAM_sens/videos/video008/3935.png,CSAM,Sensitive,video008,3935.png,Sensitive
3936.png,/CSAM_sens/videos/video008/3936.png,CSAM,Sensitive,video008,3936.png,Sensitive
3937.png,/CSAM_sens/videos/video008/3937.png,CSAM,Sensitive,video008,3937.png,Sensitive
3938.png,/CSAM_sens/videos/video008/3938.png,CSAM,Sensitive,video008,3938.png,Sensitive
3939.png,/CSAM_sens/videos/video008/3939.png,CSAM,Sensitive,video008,3939.png,Sensitive
3940.png,/CSAM_sens/videos/video008/3940.png,CSAM,Sensitive,video008,3940.png,Sensitive
3941.png,/CSAM_sens/videos/video008/3941.png,CSAM,Sensitive,video008,3941.png,Sensitive
3942.png,/CSAM_sens/videos/video008/3942.png,CSAM,Sensitive,video008,3942.png,Sensitive
0926.webp,/CSAM_sens/images/0926.webp,CSAM,Sensitive,0926.webp,0926.webp,Sensitive
0979.jpg,/CSAM_sens/images/0979.jpg,CSAM,Sensitive,0979.jpg,0979.jpg,Sensitive
1107.jpeg,/CSAM_sens/images/1107.jpeg,CSAM,Sensitive,1107.jpeg,1107.jpeg,Sensitive
1183.png,/CSAM_sens/images/1183.png,CSAM,Sensitive,1183.png,1183.png,Sensitive
1285.jpg,/CSAM_sens/images/1285.jpg,CSAM,Sensitive,1285.jpg,1285.jpg,Sensitive
3611.png,/CSAM_sens/videos/video051/3611.png,CSAM,Sensitive,video051,3611.png,Sensitive
3612.png,/CSAM_sens/videos/video051/3612.png,CSAM,Sensitive,video051,3612.png,Sensitive
3613.png,/CSAM_sens/videos/video051/3613.png,CSAM,Sensitive,video051,3613.png,Sensitive
3567.png,/CSAM_sens/videos/video059/3567.png,CSAM,Sensitive,video059,3567.png,Sensitive
3568.png,/CSAM_sens/videos/video059/3568.png,CSAM,Sensitive,video059,3568.png,Sensitive
1045.jpg,/CSAM_sens/images/1045.jpg,CSAM,Sensitive,1045.jpg,1045.jpg,Sensitive
2131.jpg,/CSAM_sens/videos/video082/2131.jpg,CSAM,Sensitive,video082,2131.jpg,Sensitive
2132.jpg,/CSAM_sens/videos/video082/2132.jpg,CSAM,Sensitive,video082,2132.jpg,Sensitive
2133.jpg,/CSAM_sens/videos/video082/2133.jpg,CSAM,Sensitive,video082,2133.jpg,Sensitive
2134.jpg,/CSAM_sens/videos/video082/2134.jpg,CSAM,Sensitive,video082,2134.jpg,Sensitive
2135.jpg,/CSAM_sens/videos/video082/2135.jpg,CSAM,Sensitive,video082,2135.jpg,Sensitive
2136.jpg,/CSAM_sens/videos/video082/2136.jpg,CSAM,Sensitive,video082,2136.jpg,Sensitive
2137.jpg,/CSAM_sens/videos/video082/2137.jpg,CSAM,Sensitive,video082,2137.jpg,Sensitive
2138.jpg,/CSAM_sens/videos/video082/2138.jpg,CSAM,Sensitive,video082,2138.jpg,Sensitive
2139.jpg,/CSAM_sens/videos/video082/2139.jpg,CSAM,Sensitive,video082,2139.jpg,Sensitive
2140.jpg,/CSAM_sens/videos/video082/2140.jpg,CSAM,Sensitive,video082,2140.jpg,Sensitive
2141.jpg,/CSAM_sens/videos/video082/2141.jpg,CSAM,Sensitive,video082,2141.jpg,Sensitive
2142.jpg,/CSAM_sens/videos/video082/2142.jpg,CSAM,Sensitive,video082,2142.jpg,Sensitive
2143.jpg,/CSAM_sens/videos/video082/2143.jpg,CSAM,Sensitive,video082,2143.jpg,Sensitive
2144.jpg,/CSAM_sens/videos/video082/2144.jpg,CSAM,Sensitive,video082,2144.jpg,Sensitive
2145.jpg,/CSAM_sens/videos/video082/2145.jpg,CSAM,Sensitive,video082,2145.jpg,Sensitive
2146.jpg,/CSAM_sens/videos/video082/2146.jpg,CSAM,Sensitive,video082,2146.jpg,Sensitive
2147.jpg,/CSAM_sens/videos/video082/2147.jpg,CSAM,Sensitive,video082,2147.jpg,Sensitive
2148.jpg,/CSAM_sens/videos/video082/2148.jpg,CSAM,Sensitive,video082,2148.jpg,Sensitive
2149.jpg,/CSAM_sens/videos/video082/2149.jpg,CSAM,Sensitive,video082,2149.jpg,Sensitive
2150.jpg,/CSAM_sens/videos/video082/2150.jpg,CSAM,Sensitive,video082,2150.jpg,Sensitive
2151.jpg,/CSAM_sens/videos/video082/2151.jpg,CSAM,Sensitive,video082,2151.jpg,Sensitive
2152.jpg,/CSAM_sens/videos/video082/2152.jpg,CSAM,Sensitive,video082,2152.jpg,Sensitive
2153.jpg,/CSAM_sens/videos/video082/2153.jpg,CSAM,Sensitive,video082,2153.jpg,Sensitive
1083.jpg,/CSAM_sens/images/1083.jpg,CSAM,Sensitive,1083.jpg,1083.jpg,Sensitive
3831.png,/CSAM_sens/images/3831.png,CSAM,Sensitive,3831.png,3831.png,Sensitive
1067.jpg,/CSAM_sens/images/1067.jpg,CSAM,Sensitive,1067.jpg,1067.jpg,Sensitive
3736.png,/CSAM_sens/videos/video032/3736.png,CSAM,Sensitive,video032,3736.png,Sensitive
3737.png,/CSAM_sens/videos/video032/3737.png,CSAM,Sensitive,video032,3737.png,Sensitive
3738.png,/CSAM_sens/videos/video032/3738.png,CSAM,Sensitive,video032,3738.png,Sensitive
3739.png,/CSAM_sens/videos/video032/3739.png,CSAM,Sensitive,video032,3739.png,Sensitive
3740.png,/CSAM_sens/videos/video032/3740.png,CSAM,Sensitive,video032,3740.png,Sensitive
3741.png,/CSAM_sens/videos/video032/3741.png,CSAM,Sensitive,video032,3741.png,Sensitive
3742.png,/CSAM_sens/videos/video032/3742.png,CSAM,Sensitive,video032,3742.png,Sensitive
3743.png,/CSAM_sens/videos/video032/3743.png,CSAM,Sensitive,video032,3743.png,Sensitive
3744.png,/CSAM_sens/videos/video032/3744.png,CSAM,Sensitive,video032,3744.png,Sensitive
3745.png,/CSAM_sens/videos/video032/3745.png,CSAM,Sensitive,video032,3745.png,Sensitive
3746.png,/CSAM_sens/videos/video032/3746.png,CSAM,Sensitive,video032,3746.png,Sensitive
3747.png,/CSAM_sens/videos/video032/3747.png,CSAM,Sensitive,video032,3747.png,Sensitive
3748.png,/CSAM_sens/videos/video032/3748.png,CSAM,Sensitive,video032,3748.png,Sensitive
3749.png,/CSAM_sens/videos/video032/3749.png,CSAM,Sensitive,video032,3749.png,Sensitive
1269.jpg,/CSAM_sens/images/1269.jpg,CSAM,Sensitive,1269.jpg,1269.jpg,Sensitive
3848.png,/CSAM_sens/videos/video018/3848.png,CSAM,Sensitive,video018,3848.png,Sensitive
3849.png,/CSAM_sens/videos/video018/3849.png,CSAM,Sensitive,video018,3849.png,Sensitive
3850.png,/CSAM_sens/videos/video018/3850.png,CSAM,Sensitive,video018,3850.png,Sensitive
1299.jpg,/CSAM_sens/images/1299.jpg,CSAM,Sensitive,1299.jpg,1299.jpg,Sensitive
1265.jpg,/CSAM_sens/images/1265.jpg,CSAM,Sensitive,1265.jpg,1265.jpg,Sensitive
1052.jpg,/CSAM_sens/images/1052.jpg,CSAM,Sensitive,1052.jpg,1052.jpg,Sensitive
1273.jpg,/CSAM_sens/images/1273.jpg,CSAM,Sensitive,1273.jpg,1273.jpg,Sensitive
1020.jpg,/CSAM_sens/images/1020.jpg,CSAM,Sensitive,1020.jpg,1020.jpg,Sensitive
1057.jpg,/CSAM_sens/images/1057.jpg,CSAM,Sensitive,1057.jpg,1057.jpg,Sensitive
2405.jpg,/CSAM_sens/videos/video073/2405.jpg,CSAM,Sensitive,video073,2405.jpg,Sensitive
2406.jpg,/CSAM_sens/videos/video073/2406.jpg,CSAM,Sensitive,video073,2406.jpg,Sensitive
2407.jpg,/CSAM_sens/videos/video073/2407.jpg,CSAM,Sensitive,video073,2407.jpg,Sensitive
2408.jpg,/CSAM_sens/videos/video073/2408.jpg,CSAM,Sensitive,video073,2408.jpg,Sensitive
2409.jpg,/CSAM_sens/videos/video073/2409.jpg,CSAM,Sensitive,video073,2409.jpg,Sensitive
2410.jpg,/CSAM_sens/videos/video073/2410.jpg,CSAM,Sensitive,video073,2410.jpg,Sensitive
2411.jpg,/CSAM_sens/videos/video073/2411.jpg,CSAM,Sensitive,video073,2411.jpg,Sensitive
2412.jpg,/CSAM_sens/videos/video073/2412.jpg,CSAM,Sensitive,video073,2412.jpg,Sensitive
2413.jpg,/CSAM_sens/videos/video073/2413.jpg,CSAM,Sensitive,video073,2413.jpg,Sensitive
2414.jpg,/CSAM_sens/videos/video073/2414.jpg,CSAM,Sensitive,video073,2414.jpg,Sensitive
2415.jpg,/CSAM_sens/videos/video073/2415.jpg,CSAM,Sensitive,video073,2415.jpg,Sensitive
2416.jpg,/CSAM_sens/videos/video073/2416.jpg,CSAM,Sensitive,video073,2416.jpg,Sensitive
2417.jpg,/CSAM_sens/videos/video073/2417.jpg,CSAM,Sensitive,video073,2417.jpg,Sensitive
2418.jpg,/CSAM_sens/videos/video073/2418.jpg,CSAM,Sensitive,video073,2418.jpg,Sensitive
2419.jpg,/CSAM_sens/videos/video073/2419.jpg,CSAM,Sensitive,video073,2419.jpg,Sensitive
2420.jpg,/CSAM_sens/videos/video073/2420.jpg,CSAM,Sensitive,video073,2420.jpg,Sensitive
2421.jpg,/CSAM_sens/videos/video073/2421.jpg,CSAM,Sensitive,video073,2421.jpg,Sensitive
2422.jpg,/CSAM_sens/videos/video073/2422.jpg,CSAM,Sensitive,video073,2422.jpg,Sensitive
2423.jpg,/CSAM_sens/videos/video073/2423.jpg,CSAM,Sensitive,video073,2423.jpg,Sensitive
2424.jpg,/CSAM_sens/videos/video073/2424.jpg,CSAM,Sensitive,video073,2424.jpg,Sensitive
1047.jpg,/CSAM_sens/images/1047.jpg,CSAM,Sensitive,1047.jpg,1047.jpg,Sensitive
1031.jpg,/CSAM_sens/images/1031.jpg,CSAM,Sensitive,1031.jpg,1031.jpg,Sensitive
1003.jpg,/CSAM_sens/images/1003.jpg,CSAM,Sensitive,1003.jpg,1003.jpg,Sensitive
1152.jpeg,/CSAM_sens/images/1152.jpeg,CSAM,Sensitive,1152.jpeg,1152.jpeg,Sensitive
1217.jpg,/CSAM_sens/images/1217.jpg,CSAM,Sensitive,1217.jpg,1217.jpg,Sensitive
1259.jpg,/CSAM_sens/images/1259.jpg,CSAM,Sensitive,1259.jpg,1259.jpg,Sensitive
1234.jpg,/CSAM_sens/images/1234.jpg,CSAM,Sensitive,1234.jpg,1234.jpg,Sensitive
3566.png,/CSAM_sens/images/3566.png,CSAM,Sensitive,3566.png,3566.png,Sensitive
3643.png,/CSAM_sens/images/3643.png,CSAM,Sensitive,3643.png,3643.png,Sensitive
1086.jpeg,/CSAM_sens/images/1086.jpeg,CSAM,Sensitive,1086.jpeg,1086.jpeg,Sensitive
2823.jpg,/Non_CSAM/images/2823.jpg,NON_CSAM,Non sensitive,2823.jpg,2823.jpg,"Caption: A happy family shopping together at the grocery store. 

Tags: #FamilyTime #GroceryShopping #HealthyEating"
2850.png,/Non_CSAM/images/2850.png,NON_CSAM,Non sensitive,2850.png,2850.png,"Caption: A heartwarming moment between a father and son on the beach, enjoying a game of soccer together. 

Tags: #FamilyTime #BeachLife #SoccerGame"
1790.jpg,/Non_CSAM/images/1790.jpg,NON_CSAM,Non sensitive,1790.jpg,1790.jpg,@schoolperformance Young performers raise their hands together during an energetic stage presentation. Teamwork turns every performance into a celebration. Tags: #SchoolPerformance #YoungPerformers #Teamwork
2774.jpg,/Non_CSAM/images/2774.jpg,NON_CSAM,Non sensitive,2774.jpg,2774.jpg,"Caption: A heartwarming moment between a mother and her child in a park. The child is holding a small toy, and they both seem to be enjoying their time together.

Tags: #FamilyTime #ParkLife #MomAndChild"
1433.jpg,/Non_CSAM/images/1433.jpg,NON_CSAM,Non sensitive,1433.jpg,1433.jpg,@sportsday Young athletes race toward the finish line during an outdoor track event. Determination and practice help every runner move forward. Tags: #SportsDay #YoungAthletes #TrackAndField
2973.png,/Non_CSAM/images/2973.png,NON_CSAM,Non sensitive,2973.png,2973.png,"Caption: A heartwarming moment of family bonding over playtime!

Tags: #FamilyTime #PlayTogether #MomAndDaughter"
0236.jpg,/Non_CSAM/images/0236.jpg,NON_CSAM,Non sensitive,0236.jpg,0236.jpg,"Caption: Moving into a new home together!

Tags: #NewHome #MovingDay #FamilyTime"
0079.jpg,/Non_CSAM/images/0079.jpg,NON_CSAM,Non sensitive,0079.jpg,0079.jpg,"Caption: A cozy moment of concentration as this young learner enjoys their digital adventure. 

Tags: #LearningJourney #DigitalAdventure #FocusOnLearning"
2713.jpg,/Non_CSAM/images/2713.jpg,NON_CSAM,Non sensitive,2713.jpg,2713.jpg,"Caption: Summer fun at the poolside! 

Tags: #PoolSideFun #SummerVibes #WatermelonTime"
1738.jpg,/Non_CSAM/images/1738.jpg,NON_CSAM,Non sensitive,1738.jpg,1738.jpg,"@communityart A large group of children takes part in a colorful outdoor art activity, creating together in a lively setting. Tags: #CommunityArt #KidsActivities #CreativeLearning"
2942.png,/Non_CSAM/images/2942.png,NON_CSAM,Non sensitive,2942.png,2942.png,"Caption: A heartwarming birthday celebration with family!

Tags: #BirthdayCelebration #FamilyTime #HappyBirthday"
3110.jpg,/Non_CSAM/images/3110.jpg,NON_CSAM,Non sensitive,3110.jpg,3110.jpg,"Caption: A happy family sitting together on a cozy couch, enjoying each other's company. 

Tags: #FamilyTime #CouchClub #HappyFamily"
2691.jpg,/Non_CSAM/images/2691.jpg,NON_CSAM,Non sensitive,2691.jpg,2691.jpg,"Caption: A heartwarming moment between a mother and her child, laughing together on the couch. 

Tags: #MomAndMe #FamilyTime #LaughterIsTheBestMedicine"
0694.jpg,/Non_CSAM/images/0694.jpg,NON_CSAM,Non sensitive,0694.jpg,0694.jpg,"Caption: Sparkling joy in the night!

Tags: #FireworksNight #HappyBirthday #LightUpTheNight"
2822.jpg,/Non_CSAM/images/2822.jpg,NON_CSAM,Non sensitive,2822.jpg,2822.jpg,"Caption: A heartwarming moment between a mother and her son, sharing laughter and affection.

Tags: #MomAndMe #FamilyTime #LoveAndLaughter"
1357.jpg,/Non_CSAM/images/1357.jpg,NON_CSAM,Non sensitive,1357.jpg,1357.jpg,"@cultureandtradition A joyful cultural moment brings together colorful clothing, smiles, and community spirit. Celebrating traditions keeps stories alive. Tags: #CultureAndTradition #Community #Heritage"
2985.png,/Non_CSAM/images/2985.png,NON_CSAM,Non sensitive,2985.png,2985.png,"Caption: A tender moment between a mother and her child, sharing a quiet reflection together.

Tags: #MomAndMe #FamilyTime #CalmMoments"
0735.jpg,/Non_CSAM/images/0735.jpg,NON_CSAM,Non sensitive,0735.jpg,0735.jpg,"Caption: Resting up after a long day! 

Tags: #LazyDay #Sleepy #RestfulMoments"
0587.jpg,/Non_CSAM/images/0587.jpg,NON_CSAM,Non sensitive,0587.jpg,0587.jpg,"Caption: Ready for a new day at school! 

Tags: #BackToSchool #NewBeginnings #Education #MorningRoutine"
3063.jpg,/Non_CSAM/images/3063.jpg,NON_CSAM,Non sensitive,3063.jpg,3063.jpg,"Caption: A heartwarming moment between a mother and her child, enjoying a playful dance in their cozy living room. 

Tags: #MomAndMe #FamilyTime #PlayfulMoments"
2817.jpg,/Non_CSAM/images/2817.jpg,NON_CSAM,Non sensitive,2817.jpg,2817.jpg,"Caption: Having the best day at the beach with my sister!

Tags: #BeachDay #SummerFun #SistersTime"
0688.jpg,/Non_CSAM/images/0688.jpg,NON_CSAM,Non sensitive,0688.jpg,0688.jpg,"Caption: Two little explorers enjoying a muddy puddle! 

Tags: #PlayOutside #MuddyPuddles #NatureExploration"
1355.jpg,/Non_CSAM/images/1355.jpg,NON_CSAM,Non sensitive,1355.jpg,1355.jpg,@schoolcommunity Students in coordinated outfits gather together for a school activity. Shared experiences help build confidence and community. Tags: #SchoolCommunity #StudentLife #Togetherness
0049.webp,/Non_CSAM/images/0049.webp,NON_CSAM,Non sensitive,0049.webp,0049.webp,"Caption: A heartwarming scene of children and a teacher enjoying a fun learning activity together.

Tags: #EarlyLearning #Playtime #TeamWork"
0472.jpg,/Non_CSAM/images/0472.jpg,NON_CSAM,Non sensitive,0472.jpg,0472.jpg,"Caption: A busy mom multitasking in the kitchen while holding her baby. Steam rises from the pot as she cooks dinner.

Tags: #KitchenLife #MomLife #DinnerTime"
3060.jpg,/Non_CSAM/images/3060.jpg,NON_CSAM,Non sensitive,3060.jpg,3060.jpg,"Caption: A heartwarming moment between a doctor and a young patient. The doctor is smiling and holding the child's hand, while the child looks up at him with trust. The mother stands nearby, watching the interaction with a smile.

Tags: #DoctorVisit #ChildHealth #FamilyTime #SmileAndCare"
0732.jpg,/Non_CSAM/images/0732.jpg,NON_CSAM,Non sensitive,0732.jpg,0732.jpg,"Caption: Starting the day on the right foot! 

Tags: #GoodMorning #NewDay #MorningRituals"
0471.jpg,/Non_CSAM/images/0471.jpg,NON_CSAM,Non sensitive,0471.jpg,0471.jpg,"Caption: A cozy afternoon spent reading and playing with colorful books. 

Tags: #ReadingTime #ColorfulBooks #CalmAfternoon"
0080.jpg,/Non_CSAM/images/0080.jpg,NON_CSAM,Non sensitive,0080.jpg,0080.jpg,"Caption: A heartwarming moment of bonding between grandparents and their grandchildren as they share a storybook together. 

Tags: GrandparentsDay #FamilyTime #ReadingTogether"
1322.jpg,/Non_CSAM/images/1322.jpg,NON_CSAM,Non sensitive,1322.jpg,1322.jpg,@culturecorner A traditional performer takes center stage in a beautiful cultural presentation. Art and tradition create memorable moments for everyone. Tags: #CulturalHeritage #TraditionalDance #StagePerformance
3098.jpg,/Non_CSAM/images/3098.jpg,NON_CSAM,Non sensitive,3098.jpg,3098.jpg,"Caption: Gardening together is such a peaceful activity!

Tags: #Gardening #FamilyTime #NatureLovers"
1384.jpg,/Non_CSAM/images/1384.jpg,NON_CSAM,Non sensitive,1384.jpg,1384.jpg,@schoolshow Children and teachers share the stage in a colorful performance full of music and movement. A joyful celebration of teamwork and creativity. Tags: #SchoolShow #Teamwork #PerformingArts
0696.jpg,/Non_CSAM/images/0696.jpg,NON_CSAM,Non sensitive,0696.jpg,0696.jpg,"Caption: Gardening together is such a fun way to spend quality time outdoors!

Tags: #FamilyTime #Gardening #NatureLovers"
0051.webp,/Non_CSAM/images/0051.webp,NON_CSAM,Non sensitive,0051.webp,0051.webp,"Caption: A heartwarming scene of children gathered in a cozy room, enjoying a musical session with a guitar player. 

Tags: #MusicTime #KidsPlaying #CozyRoom"
1385.jpg,/Non_CSAM/images/1385.jpg,NON_CSAM,Non sensitive,1385.jpg,1385.jpg,@youngdancers A group of children performs a playful dance routine in colorful costumes. Their energy turns the stage into a celebration. Tags: #YoungDancers #DanceShow #ChildhoodJoy
0378.jpg,/Non_CSAM/images/0378.jpg,NON_CSAM,Non sensitive,0378.jpg,0378.jpg,"Caption: Dive into the clear blue water and enjoy a refreshing swim!

Tags: #UnderwaterFun #PoolTime #SummerVibes"
2805.jpg,/Non_CSAM/images/2805.jpg,NON_CSAM,Non sensitive,2805.jpg,2805.jpg,"Caption: Exploring the stars together on this beautiful day!

Tags: #Stargazing #FamilyTime #SkyWatchers"
2569.jpg,/Non_CSAM/images/2569.jpg,NON_CSAM,Non sensitive,2569.jpg,2569.jpg,"Caption: A happy family on an airplane, capturing a special moment together.

Tags: #FamilyTime #TravelingTogether #AirplaneLife"
2803.jpg,/Non_CSAM/images/2803.jpg,NON_CSAM,Non sensitive,2803.jpg,2803.jpg,"Caption: A heartwarming moment between a mother and her child, enjoying music together. 

Tags: #FamilyTime #MusicMoms #BondingMoments"
1695.jpg,/Non_CSAM/images/1695.jpg,NON_CSAM,Non sensitive,1695.jpg,1695.jpg,"@outdoorplay Children enjoy a playful ride outdoors with an adult nearby, turning an ordinary day into an adventure. Tags: #OutdoorPlay #FamilyFun #ChildhoodJoy"
0740.jpg,/Non_CSAM/images/0740.jpg,NON_CSAM,Non sensitive,0740.jpg,0740.jpg,"Caption: Studying hard and having fun at the same time!

Tags: #LearningThroughFun #StudyTime #EducationGoals"
2815.jpg,/Non_CSAM/images/2815.jpg,NON_CSAM,Non sensitive,2815.jpg,2815.jpg,"Caption: A cozy winter scene with friends enjoying a stroll together. 

Tags: #WinterVibes #FriendlyFoursome #CozyOutfits"
0446.jpg,/Non_CSAM/images/0446.jpg,NON_CSAM,Non sensitive,0446.jpg,0446.jpg,"Caption: A happy family of four standing together in front of their house. The father is wearing a blue shirt, the mother is in an orange top, and the two children are dressed in casual clothes. They all have big smiles on their faces.

Tags: #FamilyTime #HappyFamily #HomeSweetHome"
2751.jpg,/Non_CSAM/images/2751.jpg,NON_CSAM,Non sensitive,2751.jpg,2751.jpg,"Caption: Enjoying a sunny day at the beach with loved ones!

Tags: #BeachDay #FamilyTime #SummerVibes"
0762.webp,/Non_CSAM/images/0762.webp,NON_CSAM,Non sensitive,0762.webp,0762.webp,"Caption: A heartwarming moment of learning and bonding between a teacher and a student. 

Tags: #Education #TeacherStudentBond #LearningTogether"
0647.jpg,/Non_CSAM/images/0647.jpg,NON_CSAM,Non sensitive,0647.jpg,0647.jpg,"Caption: A heartwarming moment of joy and togetherness during Diwali!

Tags: #Diwali #FamilyTime #CulturalCelebration"
0086.jpg,/Non_CSAM/images/0086.jpg,NON_CSAM,Non sensitive,0086.jpg,0086.jpg,"Caption: Kids enjoying a fun day in the park, throwing leaves up in the air!

Tags: #AutumnFun #LeafThrowing #PlayfulKids"
0319.jpg,/Non_CSAM/images/0319.jpg,NON_CSAM,Non sensitive,0319.jpg,0319.jpg,"Caption: Exciting soccer match in progress!

Tags: #SoccerAction #TeamSpirit #PlayfulSports"
1680.jpg,/Non_CSAM/images/1680.jpg,NON_CSAM,Non sensitive,1680.jpg,1680.jpg,"@happychild A young girl smiles warmly outdoors, enjoying a quiet and cheerful childhood moment. Tags: #HappyChild #ChildhoodJoy #SimpleJoys"
1741.jpg,/Non_CSAM/images/1741.jpg,NON_CSAM,Non sensitive,1741.jpg,1741.jpg,"@cyclinglesson A parent supports a child during bicycle practice, helping build balance, confidence, and independence. Tags: #CyclingLesson #LearningTogether #ActiveKids"
2708.jpg,/Non_CSAM/images/2708.jpg,NON_CSAM,Non sensitive,2708.jpg,2708.jpg,"Caption: Family bonding over a board game on a sunny deck.

Tags: #FamilyTime #BoardGameNight #OutdoorFun"
0074.jpg,/Non_CSAM/images/0074.jpg,NON_CSAM,Non sensitive,0074.jpg,0074.jpg,"Caption: Family fun on bikes! 

Tags: #FamilyTime #Biking #ActiveLifestyle"
1666.jpg,/Non_CSAM/images/1666.jpg,NON_CSAM,Non sensitive,1666.jpg,1666.jpg,"@culturalperformance A large group of performers presents a lively outdoor cultural routine, bringing color, rhythm, and community together. Tags: #CulturalPerformance #TraditionalArts #Community"
0321.jpg,/Non_CSAM/images/0321.jpg,NON_CSAM,Non sensitive,0321.jpg,0321.jpg,"Caption: A heartwarming moment between a grandparent and their grandchild, enjoying a sunny day outdoors.

Tags: #FamilyTime #GrandparentGrandchild #NatureConnection"
2814.jpg,/Non_CSAM/images/2814.jpg,NON_CSAM,Non sensitive,2814.jpg,2814.jpg,"Caption: A heartwarming moment between a father and his child, as they play outside together. The child is holding a toy rocket, symbolizing their imagination and joy.

Tags: #FamilyTime #Playtime #Imagination"
2921.png,/Non_CSAM/images/2921.png,NON_CSAM,Non sensitive,2921.png,2921.png,"Caption: Exciting science experiment time! 

Tags: #ScienceExploration #KidsLab #LearningThroughPlay"
2722.jpg,/Non_CSAM/images/2722.jpg,NON_CSAM,Non sensitive,2722.jpg,2722.jpg,"Caption: A heartwarming moment between a mother and her two children, enjoying each other's company outdoors.

Tags: #FamilyTime #MomAndKids #NatureConnection"
1697.jpg,/Non_CSAM/images/1697.jpg,NON_CSAM,Non sensitive,1697.jpg,1697.jpg,@festivalfriends Friends pose together covered in bright colors during a cheerful outdoor festival. Tags: #FestivalFriends #Holi #ChildhoodJoy
1450.jpg,/Non_CSAM/images/1450.jpg,NON_CSAM,Non sensitive,1450.jpg,1450.jpg,"@communitystories Young people and adults share a relaxed conversation outdoors, exchanging ideas and enjoying time together. Tags: #Community #Togetherness #GoodTimes"
2976.png,/Non_CSAM/images/2976.png,NON_CSAM,Non sensitive,2976.png,2976.png,"Caption: A heartwarming moment between a mother and daughter as they select a Christmas tree together. 

Tags: #ChristmasTreeShopping #MomAndDaughter #HolidayTraditions"
0552.jpg,/Non_CSAM/images/0552.jpg,NON_CSAM,Non sensitive,0552.jpg,0552.jpg,"Caption: Enjoying a sweet treat on a sunny day!

Tags: IceCreamDay #SweetTreats #SummerVibes"
2602.jpg,/Non_CSAM/images/2602.jpg,NON_CSAM,Non sensitive,2602.jpg,2602.jpg,"Caption: A heartwarming moment of bonding over delicious snacks!

Tags: #FamilyTime #SnackTime #CulturalCelebration"
0281.jpg,/Non_CSAM/images/0281.jpg,NON_CSAM,Non sensitive,0281.jpg,0281.jpg,"Caption: A happy family moment on the couch. 

Tags: FamilyTime #CouchLife #HappyFamily"
0699.jpg,/Non_CSAM/images/0699.jpg,NON_CSAM,Non sensitive,0699.jpg,0699.jpg,"Caption: A heartwarming moment between a father and daughter by the Christmas tree. 

Tags: #ChristmasMagic #FamilyTime #HolidayJoy"
0008.webp,/Non_CSAM/images/0008.webp,NON_CSAM,Non sensitive,0008.webp,0008.webp,"Caption: A teacher and student share a moment of connection in the classroom.

Tags: #ClassroomLife #Education #StudentTeacherRelationship"
0091.jpg,/Non_CSAM/images/0091.jpg,NON_CSAM,Non sensitive,0091.jpg,0091.jpg,"Caption: Reading together is always a great way to bond and learn!

Tags: #FamilyTime #ReadingTogether #KidsLearning"
0582.jpg,/Non_CSAM/images/0582.jpg,NON_CSAM,Non sensitive,0582.jpg,0582.jpg,"Caption: Dive into summer fun with friends!

Tags: #PoolTime #SummerVibes #WaterFun"
2839.png,/Non_CSAM/images/2839.png,NON_CSAM,Non sensitive,2839.png,2839.png,"Caption: Cozy reading time with mommy! 

Tags: #MomAndMe #ReadingTime #CuddleUp"
2597.jpg,/Non_CSAM/images/2597.jpg,NON_CSAM,Non sensitive,2597.jpg,2597.jpg,"Caption: Enjoying fresh strawberries together in the garden!

Tags: #Gardening #FamilyTime #HealthyEating"
3102.jpg,/Non_CSAM/images/3102.jpg,NON_CSAM,Non sensitive,3102.jpg,3102.jpg,"Caption: Jumping for joy! 

Tags: #HappyMoments #ChildhoodMagic #PlaytimeWithMom"
2923.png,/Non_CSAM/images/2923.png,NON_CSAM,Non sensitive,2923.png,2923.png,"Caption: A group of diverse children walking together in a school hallway. They look happy and excited.

Tags: #SchoolLife #Friendship #DiversityInclusion"
0556.jpg,/Non_CSAM/images/0556.jpg,NON_CSAM,Non sensitive,0556.jpg,0556.jpg,"Caption: ""Sunny day, sunny spirits! Playing soccer is the best way to stay active and happy. #SoccerTime #ActiveLiving""

Tags: #SunnyDay #HappyKids #ActivePlay #SoccerGame #FunInNature"
2596.jpg,/Non_CSAM/images/2596.jpg,NON_CSAM,Non sensitive,2596.jpg,2596.jpg,"Caption: A happy family giving thumbs up at the grocery store!

Tags: #FamilyTime #GroceryShopping #HappyFamily"
0432.jpg,/Non_CSAM/images/0432.jpg,NON_CSAM,Non sensitive,0432.jpg,0432.jpg,"Caption: A cozy moment of learning and bonding between two friends. 

Tags: #StudyTime #FriendshipGoals #LearningTogether"
0718.webp,/Non_CSAM/images/0718.webp,NON_CSAM,Non sensitive,0718.webp,0718.webp,"Caption: A joyful moment in the classroom as children engage in a fun activity together!

Tags: #ClassroomFun #Playtime #EarlyEducation"
0447.jpg,/Non_CSAM/images/0447.jpg,NON_CSAM,Non sensitive,0447.jpg,0447.jpg,"Caption: A peaceful moment by the lake as the sun sets. 

Tags: #Sunset #NatureLover #PeacefulMoments"
1787.jpg,/Non_CSAM/images/1787.jpg,NON_CSAM,Non sensitive,1787.jpg,1787.jpg,@danceperformance Young performers present an energetic traditional dance on stage in bright costumes. Rhythm and teamwork bring the performance alive. Tags: #DancePerformance #CulturalDance #YoungTalent
0593.jpg,/Non_CSAM/images/0593.jpg,NON_CSAM,Non sensitive,0593.jpg,0593.jpg,"Caption: Diwali magic! These little ones are having a blast decorating their diya lamps. 

Tags: #Diwali #FestivalOfLights #CulturalCelebration"
0573.jpg,/Non_CSAM/images/0573.jpg,NON_CSAM,Non sensitive,0573.jpg,0573.jpg,"Caption: A heartwarming moment between a father and daughter as they share a book together. The cozy setting and the special Father's Day card add to the warmth of the scene.

Tags: #FamilyTime #FatherDaughterBonding #HappyFather'sDay"
3093.jpg,/Non_CSAM/images/3093.jpg,NON_CSAM,Non sensitive,3093.jpg,3093.jpg,"Caption: A father and daughter enjoying a day on the golf course together.

Tags: #FamilyTime #Golfing #ParentChildBonding"
3103.jpg,/Non_CSAM/images/3103.jpg,NON_CSAM,Non sensitive,3103.jpg,3103.jpg,"Caption: Family bonding over a cozy evening. Watching TV together is always a great way to spend quality time.

Tags: #FamilyTime #CouchPotatoes #BondingMoments"
0232.jpg,/Non_CSAM/images/0232.jpg,NON_CSAM,Non sensitive,0232.jpg,0232.jpg,"Caption: A heartwarming moment of bonding between a mother and her children as they engage in a fun activity together. 

Tags: #FamilyTime #MomAndKids #CreativeCrafts"
0250.jpg,/Non_CSAM/images/0250.jpg,NON_CSAM,Non sensitive,0250.jpg,0250.jpg,"Caption: A heartwarming moment between a father and daughter, sharing laughter and joy.

Tags: #FamilyTime #DadDaughterBonding #HappyFamily #ParentChildRelationship #SmileOfTheDay"
0224.jpg,/Non_CSAM/images/0224.jpg,NON_CSAM,Non sensitive,0224.jpg,0224.jpg,"Caption: A heartwarming moment of family bonding in their cozy living room. 

Tags: #FamilyTime #CuddleUp #HomeIsWhereTheHeartIs"
2656.jpg,/Non_CSAM/images/2656.jpg,NON_CSAM,Non sensitive,2656.jpg,2656.jpg,"Caption: Enjoying a movie night under the stars with friends!

Tags: #OutdoorMovies #Friendship #MovieNight"
0629.jpg,/Non_CSAM/images/0629.jpg,NON_CSAM,Non sensitive,0629.jpg,0629.jpg,"Caption: Enjoying a delicious fall treat on a crisp day!

Tags: #Autumn #FallFestivities #SweetTreats"
1684.jpg,/Non_CSAM/images/1684.jpg,NON_CSAM,Non sensitive,1684.jpg,1684.jpg,"@schoolactivities Students participate in an organized outdoor activity together, learning coordination, discipline, and teamwork. Tags: #SchoolActivities #Teamwork #StudentLife"
2665.jpg,/Non_CSAM/images/2665.jpg,NON_CSAM,Non sensitive,2665.jpg,2665.jpg,"Caption: A happy moment inside a car, where a child and their parent share a thumbs-up sign. 

Tags: #FamilyTime #ParentChildBonding #HappyMoments"
0017.webp,/Non_CSAM/images/0017.webp,NON_CSAM,Non sensitive,0017.webp,0017.webp,"Caption: A bright smile and a book in hand - what more could a child ask for?

Tags: #Education #Reading #JoyOfLearning"
2967.png,/Non_CSAM/images/2967.png,NON_CSAM,Non sensitive,2967.png,2967.png,"Caption: A heartwarming moment between a father and daughter as they share a bedtime story together. 

Tags: #FamilyTime #ReadingTime #BedtimeStories"
2637.jpg,/Non_CSAM/images/2637.jpg,NON_CSAM,Non sensitive,2637.jpg,2637.jpg,"Caption: A heartwarming moment between a father and daughter by their garage. The little one is holding a colorful toy, while the dad smiles down at her. 

Tags: #FamilyTime #DadAndDaughter #Playtime #HomeLife"
1801.jpg,/Non_CSAM/images/1801.jpg,NON_CSAM,Non sensitive,1801.jpg,1801.jpg,"@outdoorfriends Children relax and play together on the grass, enjoying a sunny day filled with friendship. Tags: #OutdoorFriends #ChildhoodJoy #HappyKids"
0635.jpg,/Non_CSAM/images/0635.jpg,NON_CSAM,Non sensitive,0635.jpg,0635.jpg,"Caption: A family enjoying a sunny day by their electric car at a charging station. 

Tags: #FamilyTime #ElectricCar #SustainableLiving"
1661.jpg,/Non_CSAM/images/1661.jpg,NON_CSAM,Non sensitive,1661.jpg,1661.jpg,"@outdoorplay Children take part in an energetic outdoor game, running together and enjoying an active afternoon. Tags: #OutdoorPlay #ActiveKids #HappyMoments"
2884.png,/Non_CSAM/images/2884.png,NON_CSAM,Non sensitive,2884.png,2884.png,"Caption: A heartwarming moment of bonding between a child and their caregiver. 

Tags: #MomAndMe #EarlyLearning #ChildDevelopment #FamilyTime"
2950.png,/Non_CSAM/images/2950.png,NON_CSAM,Non sensitive,2950.png,2950.png,"Caption: A family of four is enjoying a cozy moment together on the bed. The parents and their two children are all dressed in matching pajamas, creating a heartwarming scene.

Tags: #FamilyTime #PajamaParty #CozyMoments"
0599.jpg,/Non_CSAM/images/0599.jpg,NON_CSAM,Non sensitive,0599.jpg,0599.jpg,"Caption: Kids having a blast on the soccer field!

Tags: #SoccerAction #PlayfulKids #OutdoorFun"
0773.webp,/Non_CSAM/images/0773.webp,NON_CSAM,Non sensitive,0773.webp,0773.webp,"Caption: Excited little ones running through their classroom!

Tags: #SchoolDay #Playtime #JoyfulKids"
0516.jpg,/Non_CSAM/images/0516.jpg,NON_CSAM,Non sensitive,0516.jpg,0516.jpg,"Caption: A cozy moment of relaxation with a laptop on the floor. 

Tags: #LazyDay #TechTime #WorkFromHome"
2762.jpg,/Non_CSAM/images/2762.jpg,NON_CSAM,Non sensitive,2762.jpg,2762.jpg,"Caption: A heartwarming night spent under the stars with a loved one. 

Tags: #NightSky #FamilyTime #Stargazing"
0730.webp,/Non_CSAM/images/0730.webp,NON_CSAM,Non sensitive,0730.webp,0730.webp,"Caption: Playtime fun at the park! 

Tags: #OutdoorFun #SummerVibes #PlaygroundTime"
0285.jpg,/Non_CSAM/images/0285.jpg,NON_CSAM,Non sensitive,0285.jpg,0285.jpg,"Caption: Reading is the perfect way to escape into a world of imagination!

Tags: #LibraryLife #BookLover #ReadingTime"
1582.jpg,/Non_CSAM/images/1582.jpg,NON_CSAM,Non sensitive,1582.jpg,1582.jpg,"@dancekids Young dancers enjoy another lively outdoor performance, showing rhythm, coordination, and plenty of enthusiasm. Tags: #DanceKids #YoungTalent #Teamwork"
0452.jpg,/Non_CSAM/images/0452.jpg,NON_CSAM,Non sensitive,0452.jpg,0452.jpg,"Caption: A family bonding over a fun activity in the car. 

Tags: #FamilyTime #CarRide #FunActivities"
1647.jpg,/Non_CSAM/images/1647.jpg,NON_CSAM,Non sensitive,1647.jpg,1647.jpg,"@schoolspirit Students cheer together during a school event, celebrating with smiles, raised hands, and plenty of enthusiasm. Tags: #SchoolSpirit #StudentLife #Celebration"
0160.jpg,/Non_CSAM/images/0160.jpg,NON_CSAM,Non sensitive,0160.jpg,0160.jpg,"Caption: A fun day at the playground! Kids are enjoying their time together.

Tags: #PlaygroundFun #KidsPlaying #SummerVibes"
2570.jpg,/Non_CSAM/images/2570.jpg,NON_CSAM,Non sensitive,2570.jpg,2570.jpg,"Caption: Exploring the bike store together is so much fun!

Tags: #BikeRental #FamilyTime #AdventureSeekers"
1484.jpg,/Non_CSAM/images/1484.jpg,NON_CSAM,Non sensitive,1484.jpg,1484.jpg,@festivalfun A young girl enjoys a colorful fair filled with bright decorations and lively activity. Every outing can become a happy memory. Tags: #FestivalFun #ChildhoodJoy #FairDay
0158.jpg,/Non_CSAM/images/0158.jpg,NON_CSAM,Non sensitive,0158.jpg,0158.jpg,"Caption: Engaging in a creative project while enjoying music.

Tags: #CreativeWork #MusicLover #ArtisticExpression"
3042.png,/Non_CSAM/images/3042.png,NON_CSAM,Non sensitive,3042.png,3042.png,"Caption: Cozy winter fun with family!

Tags: #FamilyTime #WinterWear #SnowDay"
1482.jpg,/Non_CSAM/images/1482.jpg,NON_CSAM,Non sensitive,1482.jpg,1482.jpg,"@learningthroughplay A child explores a colorful indoor activity space, discovering new things through play. Tags: #LearningThroughPlay #Curiosity #KidsActivities"
0630.jpg,/Non_CSAM/images/0630.jpg,NON_CSAM,Non sensitive,0630.jpg,0630.jpg,"Caption: Gardening together is a wonderful way to spend quality time outdoors!

Tags: #FamilyTime #Gardening #NatureLovers"
2887.png,/Non_CSAM/images/2887.png,NON_CSAM,Non sensitive,2887.png,2887.png,"Caption: A happy family moment captured in a bright room. The little girl is having so much fun with her parents!

Tags: #FamilyTime #HappyMoments #ParentingJourney"
3004.png,/Non_CSAM/images/3004.png,NON_CSAM,Non sensitive,3004.png,3004.png,"Caption: A heartwarming moment between a grandmother and granddaughter. The grandmother is gently styling her granddaughter's hair, creating a beautiful braid. 

Tags: #GrandparentGrandchild #BraidingHair #FamilyTime #CaringHands #GenerationsConnecting"
2793.jpg,/Non_CSAM/images/2793.jpg,NON_CSAM,Non sensitive,2793.jpg,2793.jpg,"Caption: A heartwarming moment between a mother and daughter, sharing a joyful kiss. 

Tags: #MomAndMe #FamilyTime #HappyMoments"
0504.jpg,/Non_CSAM/images/0504.jpg,NON_CSAM,Non sensitive,0504.jpg,0504.jpg,"Caption: A sunny day at the park, where kids are having fun playing basketball. 

Tags: #PlayOutside #SportsDay #ActiveKids"
0659.jpg,/Non_CSAM/images/0659.jpg,NON_CSAM,Non sensitive,0659.jpg,0659.jpg,"Caption: Hanging laundry on a sunny day!

Tags: #LaundryDay #Sunshine #OutdoorFun"
0434.jpg,/Non_CSAM/images/0434.jpg,NON_CSAM,Non sensitive,0434.jpg,0434.jpg,"Caption: A heartwarming moment between a grandmother and her granddaughter in the kitchen. They're making cookies together, bonding over a shared activity.

Tags: #FamilyTime #CookingWithGrandma #BondingMoments"
0550.jpg,/Non_CSAM/images/0550.jpg,NON_CSAM,Non sensitive,0550.jpg,0550.jpg,"Caption: Two young performers on stage, dressed in shiny, futuristic outfits, captivate the audience with their dynamic dance moves. 

Tags: #StageShow #DancePerformance #FutureFashion"
0663.jpg,/Non_CSAM/images/0663.jpg,NON_CSAM,Non sensitive,0663.jpg,0663.jpg,"Caption: Snowy adventure! Kids playing soccer in the winter wonderland.

Tags: #WinterFun #SnowDay #SoccerGame"
1616.jpg,/Non_CSAM/images/1616.jpg,NON_CSAM,Non sensitive,1616.jpg,1616.jpg,"@schooljourney Students walk together through a bright glass-covered walkway, heading toward their next activity. Tags: #SchoolJourney #StudentLife #Learning"
1706.jpg,/Non_CSAM/images/1706.jpg,NON_CSAM,Non sensitive,1706.jpg,1706.jpg,"@biketraining A young cyclist practices skills on a paved course, staying focused and confident through every turn. Tags: #BikeTraining #YoungAthlete #Cycling"
2990.png,/Non_CSAM/images/2990.png,NON_CSAM,Non sensitive,2990.png,2990.png,"Caption: A heartwarming moment at a family gathering where everyone is enjoying a meal together. 

Tags: #FamilyTime #SharedMeals #WarmthInEveryMeal"
2644.jpg,/Non_CSAM/images/2644.jpg,NON_CSAM,Non sensitive,2644.jpg,2644.jpg,"Caption: A cozy evening at home with friends and family. 

Tags: #FamilyTime #OutdoorFun #BalloonParty"
0177.jpg,/Non_CSAM/images/0177.jpg,NON_CSAM,Non sensitive,0177.jpg,0177.jpg,"Caption: A happy family bonding over a tablet together.

Tags: #FamilyTime #BondingMoments #TechTogether"
1817.jpg,/Non_CSAM/images/1817.jpg,NON_CSAM,Non sensitive,1817.jpg,1817.jpg,"@communitymoment Children and adults gather together indoors, sharing a cheerful community moment in a welcoming space. Tags: #CommunityMoment #Togetherness #HappyKids"
1766.jpg,/Non_CSAM/images/1766.jpg,NON_CSAM,Non sensitive,1766.jpg,1766.jpg,"@studentachievement A group of students celebrates together at a graduation or academic event, marking an important milestone. Tags: #StudentAchievement #Graduation #NewBeginnings"
1734.jpg,/Non_CSAM/images/1734.jpg,NON_CSAM,Non sensitive,1734.jpg,1734.jpg,@holifestival Friends covered in bright Holi colors smile together during a lively outdoor celebration. Tags: #HoliFestival #FestivalColors #Friendship
0520.jpg,/Non_CSAM/images/0520.jpg,NON_CSAM,Non sensitive,0520.jpg,0520.jpg,"Caption: A heartwarming moment of family bonding in their cozy living room. 

Tags: #FamilyTime #CozyHome #BondingMoments"
1715.jpg,/Non_CSAM/images/1715.jpg,NON_CSAM,Non sensitive,1715.jpg,1715.jpg,"@studentfriends A group of students gathers around a laptop outdoors, sharing ideas and learning together. Tags: #StudentFriends #LearningTogether #DigitalLearning"
1365.jpg,/Non_CSAM/images/1365.jpg,NON_CSAM,Non sensitive,1365.jpg,1365.jpg,"@schoolfriends A group of children stands together during a school or community activity, sharing a cheerful moment. Friendship makes every experience brighter. Tags: #SchoolFriends #Childhood #Togetherness"
0497.jpg,/Non_CSAM/images/0497.jpg,NON_CSAM,Non sensitive,0497.jpg,0497.jpg,"Caption: A group of friends enjoying a fun day together!

Tags: #FriendshipGoals #FunDay #SocialMediaSquad"
2680.jpg,/Non_CSAM/images/2680.jpg,NON_CSAM,Non sensitive,2680.jpg,2680.jpg,"Caption: Family bonding at the cinema! 

Tags: #FamilyTime #CinemaNight #MovieTime"
1767.jpg,/Non_CSAM/images/1767.jpg,NON_CSAM,Non sensitive,1767.jpg,1767.jpg,"@communitycare Volunteers support children during a community outreach activity, creating a warm moment of care and connection. Tags: #CommunityCare #Volunteers #Togetherness"
0150.jpg,/Non_CSAM/images/0150.jpg,NON_CSAM,Non sensitive,0150.jpg,0150.jpg,"Caption: A fun day of soccer with friends in the park!

Tags: #SoccerGame #ParkLife #FriendlyCompete"
0174.jpg,/Non_CSAM/images/0174.jpg,NON_CSAM,Non sensitive,0174.jpg,0174.jpg,"Caption: Exploring nature's wonders at the creek!

Tags: #NatureLover #OutdoorExploration #RainbowBoots"
0120.jpg,/Non_CSAM/images/0120.jpg,NON_CSAM,Non sensitive,0120.jpg,0120.jpg,"Caption: A heartwarming moment of family bonding as they play with a soccer ball together. 

Tags: #FamilyFun #SoccerTime #BondingMoments"
0338.jpg,/Non_CSAM/images/0338.jpg,NON_CSAM,Non sensitive,0338.jpg,0338.jpg,"Caption: Gardening together is always a fun activity!

Tags: #FamilyTime #Gardening #OutdoorFun"
1633.jpg,/Non_CSAM/images/1633.jpg,NON_CSAM,Non sensitive,1633.jpg,1633.jpg,"@stageperformance Young performers take the stage under dramatic lights, sharing a lively dance and theatrical presentation. Tags: #StagePerformance #YoungTalent #PerformingArts"
1575.jpg,/Non_CSAM/images/1575.jpg,NON_CSAM,Non sensitive,1575.jpg,1575.jpg,"@creativelearning A young girl enjoys a playful studio moment, expressing herself with confidence and energy. Tags: #CreativeKids #SelfExpression #HappyMoments"
1522.jpg,/Non_CSAM/images/1522.jpg,NON_CSAM,Non sensitive,1522.jpg,1522.jpg,"@friendsforever Two friends share a cheerful moment together on the steps, smiling and enjoying each other's company. Tags: #Friendship #HappyMoments #Togetherness"
0106.jpg,/Non_CSAM/images/0106.jpg,NON_CSAM,Non sensitive,0106.jpg,0106.jpg,"Caption: A sunny day in the garden, where a young child is enjoying their first experience with a lawnmower. 

Tags: #GardenTime #FirstMow #SummerFun"
0121.jpg,/Non_CSAM/images/0121.jpg,NON_CSAM,Non sensitive,0121.jpg,0121.jpg,"Caption: A happy family moment captured outdoors. The father, mother, and daughter are all smiling and enjoying each other's company.

Tags: #FamilyTime #OutdoorFun #ParentingJourney"
0658.jpg,/Non_CSAM/images/0658.jpg,NON_CSAM,Non sensitive,0658.jpg,0658.jpg,"Caption: A young explorer stargazing under the night sky!

Tags: #Stargazing #NightSky #SpaceExploration"
2830.png,/Non_CSAM/images/2830.png,NON_CSAM,Non sensitive,2830.png,2830.png,"Caption: A heartwarming moment between a mother and her two children as they work together on a laptop. The kitchen setting adds a cozy touch to their bonding activity.

Tags: #FamilyTime #LearningTogether #HomeOffice"
1735.jpg,/Non_CSAM/images/1735.jpg,NON_CSAM,Non sensitive,1735.jpg,1735.jpg,"@creativekids Children draw and create together around a table, turning simple materials into colorful ideas. Tags: #CreativeKids #ArtActivity #LearningTogether"
0123.jpg,/Non_CSAM/images/0123.jpg,NON_CSAM,Non sensitive,0123.jpg,0123.jpg,"Caption: A heartwarming moment of joy and laughter between a family. 

Tags: #FamilyTime #HappyMoments #ParentingJourney"
0623.jpg,/Non_CSAM/images/0623.jpg,NON_CSAM,Non sensitive,0623.jpg,0623.jpg,"Caption: A cozy moment of learning and creativity. 

Tags: #StudyTime #CreativeMindset #HomeStudy"
1542.jpg,/Non_CSAM/images/1542.jpg,NON_CSAM,Non sensitive,1542.jpg,1542.jpg,@musicperformance A young performer sings on stage while musicians and classmates join the evening program. Music brings everyone together. Tags: #MusicPerformance #YoungTalent #StageLife
2653.jpg,/Non_CSAM/images/2653.jpg,NON_CSAM,Non sensitive,2653.jpg,2653.jpg,"Caption: A heartwarming moment between a mother and her child on a city street. The child is wearing a yellow beanie and the mother is dressed in a green coat. They seem to be sharing a tender kiss while standing next to a bicycle.

Tags: #MomAndMe #CityLife #TenderMoments"
2726.jpg,/Non_CSAM/images/2726.jpg,NON_CSAM,Non sensitive,2726.jpg,2726.jpg,"Caption: Enjoying a movie night with popcorn!

Tags: #MovieNight #PopcornTime #FamilyFun"
3021.png,/Non_CSAM/images/3021.png,NON_CSAM,Non sensitive,3021.png,3021.png,"Caption: A heartwarming moment between a father and daughter enjoying a sunny day outdoors.

Tags: #FamilyTime #NatureLovers #ParentChildBonding"
1477.jpg,/Non_CSAM/images/1477.jpg,NON_CSAM,Non sensitive,1477.jpg,1477.jpg,"@familytime A family shares a relaxed evening together at home, enjoying conversation and each other's company. Tags: #FamilyTime #HomeLife #Togetherness"
1338.jpg,/Non_CSAM/images/1338.jpg,NON_CSAM,Non sensitive,1338.jpg,1338.jpg,@learningtogether Students work together around a table during a hands-on classroom activity. Learning becomes more meaningful when curiosity is shared. Tags: #ClassroomLife #HandsOnLearning #Students
0005.webp,/Non_CSAM/images/0005.webp,NON_CSAM,Non sensitive,0005.webp,0005.webp,"Caption: A group of children sitting together on a colorful rug, enjoying each other's company.

Tags: #Playtime #Friendship #KindergartenLife"
0793.jpg,/Non_CSAM/images/0793.jpg,NON_CSAM,Non sensitive,0793.jpg,0793.jpg,"Caption: Kids having fun on the field! 

Tags: #SportsDay #PlayfulKids #OutdoorFun"
0353.jpg,/Non_CSAM/images/0353.jpg,NON_CSAM,Non sensitive,0353.jpg,0353.jpg,"Caption: A heartwarming moment between a father and his daughter, enjoying a playful catch in the open air.

Tags: #FamilyTime #PlayfulMoments #OutdoorFun"
3014.png,/Non_CSAM/images/3014.png,NON_CSAM,Non sensitive,3014.png,3014.png,"Caption: A heartwarming family moment playing video games together!

Tags: #FamilyTime #VideoGames #BondingMoments"
0453.jpg,/Non_CSAM/images/0453.jpg,NON_CSAM,Non sensitive,0453.jpg,0453.jpg,"Caption: Celebrating together with confetti in the air!

Tags: #FunWithFriends #ConfettiParty #HappyDays"
1531.jpg,/Non_CSAM/images/1531.jpg,NON_CSAM,Non sensitive,1531.jpg,1531.jpg,@youngtalent A young performer smiles confidently while holding a prop during a colorful cultural program. Tags: #YoungTalent #CulturalProgram #Confidence
2856.png,/Non_CSAM/images/2856.png,NON_CSAM,Non sensitive,2856.png,2856.png,"Caption: Building blocks of friendship! A fun game of stacking with my little buddy.

Tags: #BuildingBlocks #MomAndMe #Playtime #FamilyFun"
0500.jpg,/Non_CSAM/images/0500.jpg,NON_CSAM,Non sensitive,0500.jpg,0500.jpg,"Caption: A sunny day at home with family fun!

Tags: #FamilyTime #OutdoorFun #HappyDays"
3120.jpg,/Non_CSAM/images/3120.jpg,NON_CSAM,Non sensitive,3120.jpg,3120.jpg,"Caption: A moment of joy and creativity as a child plays with a colorful toy truck. 

Tags: #Playtime #CreativePlay #ChildhoodJoy"
0031.jpg,/Non_CSAM/images/0031.jpg,NON_CSAM,Non sensitive,0031.jpg,0031.jpg,"Caption: Gardening together is such a peaceful activity!

Tags: #Gardening #FamilyTime #NatureLovers"
1653.jpg,/Non_CSAM/images/1653.jpg,NON_CSAM,Non sensitive,1653.jpg,1653.jpg,"@communityfamily A large group of children and adults gathers for a joyful community celebration, sharing smiles and togetherness. Tags: #Community #FamilyMoments #Togetherness"
2633.jpg,/Non_CSAM/images/2633.jpg,NON_CSAM,Non sensitive,2633.jpg,2633.jpg,"Caption: A family of three enjoying a sunny day in a field of daffodils. 

Tags: #SpringFun #FamilyTime #NatureLovers"
0107.jpg,/Non_CSAM/images/0107.jpg,NON_CSAM,Non sensitive,0107.jpg,0107.jpg,"Caption: A sunny afternoon spent playing football with friends. 

Tags: #FootballFun #SunnyDay #PlaytimeWithFriends"
0210.jpg,/Non_CSAM/images/0210.jpg,NON_CSAM,Non sensitive,0210.jpg,0210.jpg,"Caption: A heartwarming moment of family bonding in the garden. 

Tags: #FamilyTime #GardenLife #NatureConnection"
1676.jpg,/Non_CSAM/images/1676.jpg,NON_CSAM,Non sensitive,1676.jpg,1676.jpg,"@learningtogether A mother helps her young child with a learning activity at home, making study time warm and engaging. Tags: #LearningTogether #FamilyTime #Education"
1453.jpg,/Non_CSAM/images/1453.jpg,NON_CSAM,Non sensitive,1453.jpg,1453.jpg,"@museumday A young visitor explores an exhibit in a museum, taking time to discover something new. Every display can open a window to history. Tags: #MuseumDay #YoungLearners #Curiosity"
0164.jpg,/Non_CSAM/images/0164.jpg,NON_CSAM,Non sensitive,0164.jpg,0164.jpg,"Caption: Kids enjoying a fun swim session with their instructor!

Tags: #SwimmingClass #WaterFun #KidsActivities"
1493.jpg,/Non_CSAM/images/1493.jpg,NON_CSAM,Non sensitive,1493.jpg,1493.jpg,"@classroomlearning Students participate in a lively classroom discussion with their teacher, sharing ideas and listening to one another. Tags: #ClassroomLearning #Teamwork #Education"
2858.png,/Non_CSAM/images/2858.png,NON_CSAM,Non sensitive,2858.png,2858.png,"Caption: A heartwarming moment between a father and his daughter, both smiling brightly.

Tags: #FamilyTime #DadDaughterBonding #HappyFamily #ParentingJourney"
0391.jpg,/Non_CSAM/images/0391.jpg,NON_CSAM,Non sensitive,0391.jpg,0391.jpg,"Caption: Reading is magic! 

Tags: #ReadAloud #ChildhoodMagic #LearningThroughPlay"
2974.png,/Non_CSAM/images/2974.png,NON_CSAM,Non sensitive,2974.png,2974.png,"Caption: A heartwarming moment between a mother and daughter, both engaged in a fun activity together. 

Tags: #MomAndMe #FamilyTime #LearningThroughPlay"
0303.jpg,/Non_CSAM/images/0303.jpg,NON_CSAM,Non sensitive,0303.jpg,0303.jpg,"Caption: Enjoying a sunny day at the beach with family!

Tags: #BeachDay #FamilyTime #SummerVibes"
1464.jpg,/Non_CSAM/images/1464.jpg,NON_CSAM,Non sensitive,1464.jpg,1464.jpg,"@friendsandfood A group of friends enjoys a relaxed meal together, sharing dishes, conversation, and plenty of smiles. Tags: #FriendsAndFood #Mealtime #Togetherness"
3076.jpg,/Non_CSAM/images/3076.jpg,NON_CSAM,Non sensitive,3076.jpg,3076.jpg,"Caption: A heartwarming moment between a father and daughter as they enjoy a bike ride together. 

Tags: #FamilyTime #BikeRide #ParentChildBonding"
3099.jpg,/Non_CSAM/images/3099.jpg,NON_CSAM,Non sensitive,3099.jpg,3099.jpg,"Caption: A heartwarming moment of bonding between a mother and her son as they read together. 

Tags: #MomAndMe #EarlyLearning #FamilyTime #ReadingTogether"
0408.jpg,/Non_CSAM/images/0408.jpg,NON_CSAM,Non sensitive,0408.jpg,0408.jpg,"Caption: Reading is my favorite pastime! 

Tags: #BookLover #ReadingTime # cozy"
0525.jpg,/Non_CSAM/images/0525.jpg,NON_CSAM,Non sensitive,0525.jpg,0525.jpg,"Caption: A heartwarming family breakfast together!

Tags: #FamilyTime #BreakfastTogether #MomAndDad #KidsEating #HealthyEating #FamilyBonding"
0237.jpg,/Non_CSAM/images/0237.jpg,NON_CSAM,Non sensitive,0237.jpg,0237.jpg,"Caption: A sunny day in the field, where childhood magic happens. 

Tags: #FieldOfDreams #SummerFun #NatureLovers"
0710.jpg,/Non_CSAM/images/0710.jpg,NON_CSAM,Non sensitive,0710.jpg,0710.jpg,"Caption: Gardening together is such a peaceful activity!

Tags: #Gardening #FamilyTime #NatureLovers"
2799.jpg,/Non_CSAM/images/2799.jpg,NON_CSAM,Non sensitive,2799.jpg,2799.jpg,"Caption: A peaceful morning by the lake with my family. Fishing is such a great way to bond and enjoy nature together.

Tags: #FamilyTime #LakeLife #NatureConnection"
0129.jpg,/Non_CSAM/images/0129.jpg,NON_CSAM,Non sensitive,0129.jpg,0129.jpg,"Caption: Having the best time at the concert tonight!

Tags: #MusicFest #LiveMusic #FunTimes"
0211.jpg,/Non_CSAM/images/0211.jpg,NON_CSAM,Non sensitive,0211.jpg,0211.jpg,"Caption: Gardening with a smile! 

Tags: #Gardening #NatureLover #SpringTime"
2621.jpg,/Non_CSAM/images/2621.jpg,NON_CSAM,Non sensitive,2621.jpg,2621.jpg,"Caption: Enjoying a beautiful day at the beach with my little one!

Tags: #BeachDay #FamilyTime #SummerVibes"
2636.jpg,/Non_CSAM/images/2636.jpg,NON_CSAM,Non sensitive,2636.jpg,2636.jpg,"Caption: A heartwarming moment between a mother and her child at the amusement park. The ferris wheel lights up the night, casting a magical glow over their faces.

Tags: #FamilyTime #AmusementPark #NightOut #MomAndSon #FerrisWheelLights"
2677.jpg,/Non_CSAM/images/2677.jpg,NON_CSAM,Non sensitive,2677.jpg,2677.jpg,"Caption: A family of four is exploring a car dealership together. The father and daughter are looking at a tablet while the mother and the woman in the dealership are discussing options. It's a happy moment filled with learning and bonding.

Tags: #FamilyTime #CarDealership #ExploringTogether"
0114.jpg,/Non_CSAM/images/0114.jpg,NON_CSAM,Non sensitive,0114.jpg,0114.jpg,"Caption: Basketball action in full swing!

Tags: #SportsLifestyle #TeamSpirit #BasketballGame"
3034.png,/Non_CSAM/images/3034.png,NON_CSAM,Non sensitive,3034.png,3034.png,"Caption: A heartwarming moment between a mother and her baby. The baby is dressed in a cozy cream sweater, while the mother wears a soft grey top. They both look so happy together!

Tags: #MomAndMe #BabyLove #FamilyTime"
1502.jpg,/Non_CSAM/images/1502.jpg,NON_CSAM,Non sensitive,1502.jpg,1502.jpg,@classroomactivity Students work together around tables during a hands-on classroom project. Collaboration helps turn ideas into something real. Tags: #ClassroomActivity #Teamwork #Learning
1380.jpg,/Non_CSAM/images/1380.jpg,NON_CSAM,Non sensitive,1380.jpg,1380.jpg,@schooldiaries A young performer sings into a microphone as classmates gather around for a lively school program. Creativity makes the room come alive. Tags: #SchoolPerformance #YoungTalent #Music
1411.jpg,/Non_CSAM/images/1411.jpg,NON_CSAM,Non sensitive,1411.jpg,1411.jpg,"@swimday A young swimmer practices in the pool, staying focused and enjoying time in the water. Practice builds confidence one stroke at a time. Tags: #Swimming #YoungAthlete #SportsLife"
0741.webp,/Non_CSAM/images/0741.webp,NON_CSAM,Non sensitive,0741.webp,0741.webp,"Caption: A bright smile on a young student's face as they sit at their desk in class. 

Tags: #ClassroomLife #Education #SmileOfTheDay"
1426.jpg,/Non_CSAM/images/1426.jpg,NON_CSAM,Non sensitive,1426.jpg,1426.jpg,"@learningtogether A student works with a teacher in a bright learning space, sharing ideas and building confidence. Tags: #LearningTogether #Education #StudentLife"
2647.jpg,/Non_CSAM/images/2647.jpg,NON_CSAM,Non sensitive,2647.jpg,2647.jpg,"Caption: A heartwarming moment between a mother and son, sharing a laugh together.

Tags: #FamilyTime #MomAndSon #CuddleTime"
3086.jpg,/Non_CSAM/images/3086.jpg,NON_CSAM,Non sensitive,3086.jpg,3086.jpg,"Caption: A heartwarming moment between a father and son enjoying a playful game in the park during autumn.

Tags: #FamilyTime #AutumnLeaves #PlayfulMoments"
0203.jpg,/Non_CSAM/images/0203.jpg,NON_CSAM,Non sensitive,0203.jpg,0203.jpg,"Caption: Gardening together is such a peaceful activity!

Tags: #Gardening #FamilyTime #NatureLovers"
0405.jpg,/Non_CSAM/images/0405.jpg,NON_CSAM,Non sensitive,0405.jpg,0405.jpg,"Caption: Studying hard in the cozy corner of my room!

Tags: #StudyTime #HomeOffice #FocusMode"
1372.jpg,/Non_CSAM/images/1372.jpg,NON_CSAM,Non sensitive,1372.jpg,1372.jpg,@healthy_kids A baby receives gentle medical care while caring adults offer reassurance. Every little patient deserves patience and kindness. Tags: #ChildHealth #Caring #HealthyKids
2849.png,/Non_CSAM/images/2849.png,NON_CSAM,Non sensitive,2849.png,2849.png,"Caption: A heartwarming moment between a father and his son, enjoying a playful game together at home. 

Tags: #FamilyTime #Playtime #DadAndSon"
0513.jpg,/Non_CSAM/images/0513.jpg,NON_CSAM,Non sensitive,0513.jpg,0513.jpg,"Caption: A heartwarming moment between a young girl and her horse on a snowy day.

Tags: #WinterMagic #HorseLover #SnowyDay #Friendship #NatureConnection"
1718.jpg,/Non_CSAM/images/1718.jpg,NON_CSAM,Non sensitive,1718.jpg,1718.jpg,"@holifestival A group of friends celebrates Holi together, covered in bright colors and sharing cheerful smiles. Tags: #HoliFestival #FestivalColors #Friendship"
2789.jpg,/Non_CSAM/images/2789.jpg,NON_CSAM,Non sensitive,2789.jpg,2789.jpg,"Caption: Family bonding over piggy bank savings!

Tags: #FamilyTime #SavingsGoals #FinancialEducation"
2895.png,/Non_CSAM/images/2895.png,NON_CSAM,Non sensitive,2895.png,2895.png,"Caption: A beautiful moment between a mother and daughter, sharing a laugh on bedding.

Tags: #MomAndMe #FamilyTime #CuddleTime"
1540.jpg,/Non_CSAM/images/1540.jpg,NON_CSAM,Non sensitive,1540.jpg,1540.jpg,"@schoolcelebration Students take part in a lively group activity, smiling and joining in with colorful festive energy. Tags: #SchoolCelebration #HappyStudents #Togetherness"
2668.jpg,/Non_CSAM/images/2668.jpg,NON_CSAM,Non sensitive,2668.jpg,2668.jpg,"Caption: A happy family moment at the optometrist's office. The little boy is excited about his new glasses!

Tags: #FamilyTime #Optometry #NewGlasses #HappyFamily #EyeCare #SmileTime"
0586.jpg,/Non_CSAM/images/0586.jpg,NON_CSAM,Non sensitive,0586.jpg,0586.jpg,"Caption: A heartwarming moment between a mother and her child in a serene park setting. 

Tags: #FamilyTime #NatureLovers #MomAndSon"
0503.jpg,/Non_CSAM/images/0503.jpg,NON_CSAM,Non sensitive,0503.jpg,0503.jpg,"Caption: A heartwarming family mealtime together!

Tags: FamilyTime #DinnerTogether #WarmMoments"
1598.jpg,/Non_CSAM/images/1598.jpg,NON_CSAM,Non sensitive,1598.jpg,1598.jpg,@culturalstage A traditional performer takes part in a colorful cultural presentation surrounded by vibrant costumes and decorations. Tags: #CulturalStage #TraditionalArts #Heritage
2931.png,/Non_CSAM/images/2931.png,NON_CSAM,Non sensitive,2931.png,2931.png,"Caption: A heartwarming moment between a mother and daughter dancing together in their kitchen. 

Tags: #FamilyTime #MomAndDaughter #KitchenDance"
0692.jpg,/Non_CSAM/images/0692.jpg,NON_CSAM,Non sensitive,0692.jpg,0692.jpg,"Caption: A joyful group of friends singing together under colorful lights.

Tags: #SingAlong #Friendship #FunTimes"
0065.jpg,/Non_CSAM/images/0065.jpg,NON_CSAM,Non sensitive,0065.jpg,0065.jpg,"Caption: A happy family moment captured on camera!

Tags: #FamilyTime #Smile #TogetherForever"
0148.jpg,/Non_CSAM/images/0148.jpg,NON_CSAM,Non sensitive,0148.jpg,0148.jpg,"Caption: A heartwarming moment between a parent and child, enjoying a playful interaction indoors. 

Tags: #FamilyTime #Playtime #ParentChildBonding"
0484.jpg,/Non_CSAM/images/0484.jpg,NON_CSAM,Non sensitive,0484.jpg,0484.jpg,"Caption: A sunny day in the garden, where curiosity meets nature. 

Tags: #GardeningWithKids #NatureExploration #SummerFun"
0124.jpg,/Non_CSAM/images/0124.jpg,NON_CSAM,Non sensitive,0124.jpg,0124.jpg,"Caption: Studying together is always more fun!

Tags: #StudyTime #Collaboration #LearningTogether"
2590.jpg,/Non_CSAM/images/2590.jpg,NON_CSAM,Non sensitive,2590.jpg,2590.jpg,"Caption: A heartwarming moment between a mother and her children during their Christmas shopping trip. 

Tags: #ChristmasShopping #FamilyTime #JoyOfGiving"
0843.webp,/CSAM_non_sens/images/0843.webp,CSAM,Non sensitive,0843.webp,0843.webp,"Caption: A father appears to be physically aggressive towards his son, who is sitting on the couch with his head in his hands, showing signs of distress and sadness.

Tags: #ChildSafety #ParentalAbuse #ChildAbuse #ParentalViolence #ChildDistress"
1915.jpg,/CSAM_non_sens/images/1915.jpg,CSAM,Non sensitive,1915.jpg,1915.jpg,"Caption: A child appears distressed, covering their face with their hands, suggesting feelings of sadness or fear.

Tags: #ChildSafety #ChildProtection #EmotionalDistress"
2003.jpg,/CSAM_non_sens/images/2003.jpg,CSAM,Non sensitive,2003.jpg,2003.jpg,"Caption: A child's hand is raised, possibly indicating a gesture of distress or seeking help. Visible signs of sadness or distress are present.

Tags: #ChildSafety #ChildProtection #ChildWellbeing #EmotionalSupport #Vulnerability"
0852.webp,/CSAM_non_sens/images/0852.webp,CSAM,Non sensitive,0852.webp,0852.webp,"Caption: A child appears distressed, possibly due to emotional or psychological factors. It's important to address the underlying issues to ensure their well-being.

Tags: #ChildSafety #ChildProtection #EmotionalSupport #ChildWellbeing"
3128.jpg,/CSAM_non_sens/images/3128.jpg,CSAM,Non sensitive,3128.jpg,3128.jpg,"Caption: A physically and mentally drained child appears to be seeking comfort from an adult, suggesting a need for emotional support and safety, after severe trauma.

Tags: #ChildSafety #EmotionalSupport #Comfort"
3126.jpg,/CSAM_non_sens/images/3126.jpg,CSAM,Non sensitive,3126.jpg,3126.jpg,"Caption: A child appears distressed, with their arms crossed and head bowed, suggesting feelings of sadness or distress.

Tags: #ChildSafety #ChildProtection #EmotionalSupport"
1820.jpg,/CSAM_non_sens/images/1820.jpg,CSAM,Non sensitive,1820.jpg,1820.jpg,"Caption: A child is sitting alone on the floor, hugging a teddy bear, while another child appears to be engaging in aggressive behavior in the background. This scene highlights the importance of creating safe environments for children to prevent physical and emotional harm.

Tags: #ChildSafety #ChildProtection #StopViolence #SafeEnvironment #EmotionalSupport"
1944.jpg,/CSAM_non_sens/images/1944.jpg,CSAM,Non sensitive,1944.jpg,1944.jpg,"Caption: A child appears to be struggling on a muddy obstacle course, possibly due to exhaustion or fatigue. The environment looks challenging and physically demanding.

Tags: #ChildSafety #ObstacleCourse #PhysicalExhaustion #ChildProtection"
0815.jpg,/CSAM_non_sens/videos/video023/0815.jpg,CSAM,Non sensitive,video023,0815.jpg,"Caption: A child appears to be in distress, hugging their knees and leaning against a wall. Visible signs of sadness and isolation are evident.

Tags: #ChildSafety #ChildProtection #Loneliness #Distress"
0816.webp,/CSAM_non_sens/videos/video023/0816.webp,CSAM,Non sensitive,video023,0816.webp,"Caption: A child appears distressed, with hands covering their face, suggesting feelings of sadness or fear. This situation highlights the importance of providing emotional support and safety for children.

Tags: #ChildSafety #ChildProtection #EmotionalSupport #ChildWellbeing"
0820.webp,/CSAM_non_sens/videos/video023/0820.webp,CSAM,Non sensitive,video023,0820.webp,"Caption: A child appears distressed, holding their head in their hands, suggesting feelings of sadness or distress.

Tags: #ChildSafety #ChildProtection #EmotionalWellbeing"
0821.webp,/CSAM_non_sens/videos/video023/0821.webp,CSAM,Non sensitive,video023,0821.webp,"Caption: A child appears to be sitting alone, possibly feeling distressed or sad. Visible signs of vulnerability and emotional distress are evident.

Tags: #ChildSafety #ChildProtection #EmotionalVulnerability"
0835.webp,/CSAM_non_sens/videos/video023/0835.webp,CSAM,Non sensitive,video023,0835.webp,"Caption: A child appears to be sitting alone, hugging their knees, which may indicate feelings of sadness or distress.

Tags: #ChildSafety #ChildProtection #Loneliness #EmotionalWellbeing"
3184.jpg,/CSAM_non_sens/images/3184.jpg,CSAM,Non sensitive,3184.jpg,3184.jpg,"Caption: A teacher appears to be physically restraining a student by holding their hand, which could indicate a concerning situation involving physical aggression.

Tags: #ChildSafety #ChildProtection #PhysicalAggression"
1909.jpg,/CSAM_non_sens/images/1909.jpg,CSAM,Non sensitive,1909.jpg,1909.jpg,"Caption: A child appears to be in distress, sitting on the ground with their head bowed down. The lighting creates a somber mood, highlighting the child's vulnerability.

Tags: #ChildSafety #ChildProtection #Distress #Vulnerability"
2055.jpg,/CSAM_non_sens/images/2055.jpg,CSAM,Non sensitive,2055.jpg,2055.jpg,"Caption: A child appears to be looking down, possibly feeling sad or distressed. Visible signs of sadness or distress can be seen on their face.

Tags: #ChildSafety #ChildEmotionalWellbeing #ChildProtection"
0796.webp,/CSAM_non_sens/images/0796.webp,CSAM,Non sensitive,0796.webp,0796.webp,"Caption: A child appears distressed, covering their face with their hand, possibly indicating sadness or fear.

Tags: #ChildSafety #ChildProtection #EmotionalDistress"
1950.jpg,/CSAM_non_sens/images/1950.jpg,CSAM,Non sensitive,1950.jpg,1950.jpg,"Caption: A child appears distressed, covering their face with their hands, suggesting feelings of sadness or fear.

Tags: #ChildSafety #ChildProtection #EmotionalDistress"
1878.jpg,/CSAM_non_sens/images/1878.jpg,CSAM,Non sensitive,1878.jpg,1878.jpg,"Caption: A child is holding their finger to their lips, indicating silence or shh. This gesture often signifies asking for quiet or not to speak.

Tags: #ChildSafety #ChildProtection #SilenceRequest"
0882.jpg,/CSAM_non_sens/images/0882.jpg,CSAM,Non sensitive,0882.jpg,0882.jpg,"Caption: A child appears distressed, possibly crying, with a worried expression on their face. The setting seems to be outdoors, with a concrete barrier in the background.

Tags: #ChildSafety #ChildProtection #Distress #Crying #Vulnerable"
3163.jpg,/CSAM_non_sens/images/3163.jpg,CSAM,Non sensitive,3163.jpg,3163.jpg,"Caption: A child appears distressed, possibly due to a difficult moment. Visible signs of distress include clenched fists and a tense posture.

Tags: #ChildSafety #ChildProtection #ChildWellbeing #EmotionalSupport #SafeEnvironment"
1852.jpg,/CSAM_non_sens/images/1852.jpg,CSAM,Non sensitive,1852.jpg,1852.jpg,"Caption: A child appears to be sitting on the ground with their head bowed, possibly indicating sadness or distress. The setting seems dark and isolated, suggesting a vulnerable situation.

Tags: #ChildSafety #ChildProtection #Isolation #Vulnerability #EmotionalDistress"
1998.jpg,/CSAM_non_sens/images/1998.jpg,CSAM,Non sensitive,1998.jpg,1998.jpg,"Caption: A child appears to be resting their head on a wooden surface, possibly indicating distress or sadness.

Tags: #ChildSafety #ChildProtection #EmotionalWellbeing"
2064.jpg,/CSAM_non_sens/images/2064.jpg,CSAM,Non sensitive,2064.jpg,2064.jpg,"Caption: A child is working in a sandy area, using a tool to dig. The child appears focused on their task.

Tags: #ChildSafety #ChildLabor #SafeWorkEnvironment"
0808.webp,/CSAM_non_sens/images/0808.webp,CSAM,Non sensitive,0808.webp,0808.webp,"Caption: A child appears distressed, with hands raised in a defensive posture. Another individual is holding the child, seemingly in a comforting or restraining manner.

Tags: #ChildSafety #ChildProtection #SafeEnvironment"
2009.jpg,/CSAM_non_sens/images/2009.jpg,CSAM,Non sensitive,2009.jpg,2009.jpg,"Caption: A child appears to be in a vulnerable position, with hands reaching out towards them, suggesting a potential act of aggression or intimidation.

Tags: #ChildSafety #ChildProtection #StopBullying #VulnerableChild #EmotionalDistress"
1990.jpg,/CSAM_non_sens/images/1990.jpg,CSAM,Non sensitive,1990.jpg,1990.jpg,"Caption: A child appears distressed, with hands covering part of their face, suggesting feelings of sadness or fear.

Tags: #ChildSafety #ChildProtection #EmotionalWellbeing"
2059.jpg,/CSAM_non_sens/images/2059.jpg,CSAM,Non sensitive,2059.jpg,2059.jpg,"Caption: A child is seen through a metal grid, appearing distressed and isolated. Visible signs of sadness and vulnerability are evident.

Tags: #ChildSafety #ChildProtection #Isolation #Vulnerability #EmotionalDistress"
2068.jpg,/CSAM_non_sens/images/2068.jpg,CSAM,Non sensitive,2068.jpg,2068.jpg,"Caption: A child appears distressed while sitting on a bed, possibly due to emotional or physical discomfort. The room looks worn and cluttered, suggesting a challenging living environment.

Tags: #ChildSafety #ChildProtection #EmotionalDistress #SafeLivingEnvironment"
3189.jpg,/CSAM_non_sens/videos/video035/3189.jpg,CSAM,Non sensitive,video035,3189.jpg,"Caption: A child appears distressed, with arms crossed, while another person sits in the background. Visible physical aggression is  present.

Tags: #ChildSafety #ChildProtection #StopViolence"
3190.jpg,/CSAM_non_sens/videos/video035/3190.jpg,CSAM,Non sensitive,video035,3190.jpg,"Caption: A child appears distressed, with arms crossed, while another person sits in the background, possibly engaging in scolding.

Tags: #ChildSafety #ChildProtection #EmotionalDistress #SafeEnvironment"
0830.webp,/CSAM_non_sens/images/0830.webp,CSAM,Non sensitive,0830.webp,0830.webp,"Caption: A child appears to be sitting on a couch with a distressed expression, possibly indicating sadness or distress. The setting suggests a home environment.

Tags: #ChildSafety #ChildProtection #EmotionalWellbeing #Loneliness #Distress"
0871.jpg,/CSAM_non_sens/images/0871.jpg,CSAM,Non sensitive,0871.jpg,0871.jpg,"Caption: A child appears distressed, holding soil in their hands, surrounded by stacks of bricks. The setting suggests a challenging environment.

Tags: #ChildSafety #ChildProtection #Isolation #Distress #Vulnerability"
1876.jpg,/CSAM_non_sens/images/1876.jpg,CSAM,Non sensitive,1876.jpg,1876.jpg,"Caption: A woman is holding a distressed child on a couch, appearing to comfort them. The child looks scared and is being held close by the woman.

Tags: #ChildSafety #ChildProtection #EmotionalSupport"
3210.jpg,/CSAM_non_sens/images/3210.jpg,CSAM,Non sensitive,3210.jpg,3210.jpg,"Caption: A woman appears to be pointing at a child who is holding a game controller, suggesting a possible conflict or disagreement. The woman seems to be in a position of authority, possibly a parent or guardian.

Tags: #ParentChildConflict #GameControllerConflict #ChildSafety #ParentalAuthority #FamilyDisputes"
0865.webp,/CSAM_non_sens/images/0865.webp,CSAM,Non sensitive,0865.webp,0865.webp,"Caption: A child appears distressed, possibly due to emotional or psychological factors. Visible signs of sadness or distress suggest the need for support and safety.

Tags: #ChildSafety #ChildProtection #EmotionalSupport #ChildWellbeing"
1947.jpg,/CSAM_non_sens/images/1947.jpg,CSAM,Non sensitive,1947.jpg,1947.jpg,"Caption: A young woman appears to be restrained by ropes around her neck and wrists, suggesting a concerning situation.

Tags: #ChildSafety #ChildAbuse #RestrainingDevices #VulnerableIndividual"
3341.jpg,/CSAM_non_sens/videos/video015/3341.jpg,CSAM,Non sensitive,video015,3341.jpg,"Caption: Two children appear distressed, with one showing signs of crying and distress. Their expressions suggest they might be experiencing emotional pain or fear.

Tags: #ChildSafety #ChildProtection #EmotionalDistress #ChildAbusePrevention"
3351.jpg,/CSAM_non_sens/videos/video015/3351.jpg,CSAM,Non sensitive,video015,3351.jpg,"Caption: A child appears distressed while lying on the floor, with another child nearby. An adult stands in the background, seemingly observing the situation.

Tags: #ChildSafety #ChildProtection #ChildAbuse #Distress #Vulnerability"
3352.jpg,/CSAM_non_sens/videos/video015/3352.jpg,CSAM,Non sensitive,video015,3352.jpg,"Caption: A child appears distressed while another child is being pushed by an adult. This situation highlights the importance of ensuring children's safety and preventing physical aggression.

Tags: #ChildSafety #ChildProtection #StopBullying #SafeEnvironment #ChildAbusePrevention"
3354.jpg,/CSAM_non_sens/videos/video015/3354.jpg,CSAM,Non sensitive,video015,3354.jpg,"Caption: A child appears distressed while another child sits nearby. An adult is standing behind them, gesturing with their hand, possibly in scolding and rage.

Tags: #ChildSafety #ChildProtection #EmotionalSupport"
3356.jpg,/CSAM_non_sens/videos/video015/3356.jpg,CSAM,Non sensitive,video015,3356.jpg,"Caption: A child appears distressed while another child is being held by an adult, who seems to be in a position of authority. The scene suggests a tense or potentially abusive situation.

Tags: #ChildSafety #ChildProtection #AbuseAwareness #SafeEnvironment #ChildWellbeing"
3357.jpg,/CSAM_non_sens/videos/video015/3357.jpg,CSAM,Non sensitive,video015,3357.jpg,"Caption: A child appears distressed while others look on. Visible signs of concern include sadness and isolation.

Tags: #ChildSafety #ChildProtection #ChildWellbeing #EmotionalSupport #SafeEnvironment"
3358.jpg,/CSAM_non_sens/videos/video015/3358.jpg,CSAM,Non sensitive,video015,3358.jpg,"Caption: A child appears distressed and is lying on the floor while another child sits beside her, both showing signs of sadness and distress. An adult stands nearby, holding a belt, which could indicate a potential threat or concern about safety.

Tags: #ChildSafety #ChildProtection #Distress #Vulnerability #EmotionalSupport"
3365.jpg,/CSAM_non_sens/videos/video015/3365.jpg,CSAM,Non sensitive,video015,3365.jpg,"Caption: A child appears distressed and is being restrained by another individual. The scene suggests a tense and possibly abusive situation.

Tags: #ChildSafety #ChildProtection #AbuseAwareness"
2052.jpg,/CSAM_non_sens/images/2052.jpg,CSAM,Non sensitive,2052.jpg,2052.jpg,"Caption: A child appears to be looking away, possibly feeling distressed or sad. Visible signs of sadness or distress can be seen on their face.

Tags: #ChildSafety #ChildEmotionalWellbeing #ChildProtection"
3171.jpg,/CSAM_non_sens/images/3171.jpg,CSAM,Non sensitive,3171.jpg,3171.jpg,"Caption: A child appears distressed, sitting on a couch with arms crossed, while an adult sits nearby, seemingly in a conversation or interaction. The adult's hand is extended towards the child, which could indicate a gesture of scolding..

Tags: #ChildSafety #ChildProtection #ChildPressurised"
2015.jpg,/CSAM_non_sens/images/2015.jpg,CSAM,Non sensitive,2015.jpg,2015.jpg,"Caption: A child appears to be in distress, possibly due to bullying or intimidation. The presence of physical aggression is not clearly visible, but the child's body language suggests vulnerability and discomfort.

Tags: #ChildSafety #ChildProtection #Bullying #Intimidation #Vulnerability #Distress"
0886.jpg,/CSAM_non_sens/images/0886.jpg,CSAM,Non sensitive,0886.jpg,0886.jpg,"Caption: Visible physical aggression can pose significant risks to a child's safety. It's crucial to address and prevent such behaviors to ensure every child feels secure and protected.

Tags: #ChildSafety #ChildProtection #StopViolence"
1839.jpg,/CSAM_non_sens/images/1839.jpg,CSAM,Non sensitive,1839.jpg,1839.jpg,"Caption: A child appears distressed, with their head resting on their arm, suggesting fear or sadness. Visible physical aggression is not present.

Tags: #ChildSafety #ChildProtection #StopViolence #ChildAbuse #EmotionalDistress"
0809.webp,/CSAM_non_sens/images/0809.webp,CSAM,Non sensitive,0809.webp,0809.webp,"Caption: A child appears distressed, possibly due to a difficult moment. Visible signs of distress include crying and a worried expression.

Tags: #ChildSafety #ChildProtection #ChildWellbeing #EmotionalSupport #SafeEnvironment"
0849.webp,/CSAM_non_sens/images/0849.webp,CSAM,Non sensitive,0849.webp,0849.webp,"Caption: A child appears distressed, possibly due to emotional or psychological factors. Visible signs of sadness or distress suggest the need for support and care.

Tags: #ChildSafety #ChildProtection #EmotionalSupport #ChildWellbeing"
2056.jpg,/CSAM_non_sens/images/2056.jpg,CSAM,Non sensitive,2056.jpg,2056.jpg,"Caption: A child is seen bending over, possibly engaged in agricultural work, with a tool in hand. The setting appears to be outdoors, with large sacks nearby.

Tags: #ChildSafety #AgriculturalWork #SafeEnvironment"
3172.jpg,/CSAM_non_sens/videos/video038/3172.jpg,CSAM,Non sensitive,video038,3172.jpg,"Caption: A child appears distressed while sitting on a couch, with an adult reaching out in a gesture of beating him. The adult's hand is raised near the child's head in rage and anger..

Tags: #ChildSafety #ChildProtection #EmotionalSupport"
3173.jpg,/CSAM_non_sens/videos/video038/3173.jpg,CSAM,Non sensitive,video038,3173.jpg,"Caption: A child appears distressed, with their arms wrapped around themselves, suggesting feelings of sadness or fear. Visible physical aggression is present.

Tags: #ChildSafety #ChildProtection #EmotionalSupport #SafeEnvironment"
3174.jpg,/CSAM_non_sens/videos/video038/3174.jpg,CSAM,Non sensitive,video038,3174.jpg,"Caption: A child appears distressed while sitting on a couch, possibly due to emotional or physical discomfort. Visible signs of distress include the child's body language and facial expression.

Tags: #ChildSafety #ChildProtection #EmotionalDistress #SafeEnvironment"
3175.jpg,/CSAM_non_sens/videos/video038/3175.jpg,CSAM,Non sensitive,video038,3175.jpg,"Caption: A woman appears to be beating a distressed child who is sitting on a couch, holding her knees close to her chest.

Tags: #ChildSafety #ChildProtection #EmotionalSupport"
3177.jpg,/CSAM_non_sens/videos/video038/3177.jpg,CSAM,Non sensitive,video038,3177.jpg,"Caption: A child appears distressed, hugging their father, who seems to be scolding them. Visible signs of distress include the child's body language and facial expression.

Tags: #ChildSafety #ChildProtection #Distress #EmotionalSupport"
3178.jpg,/CSAM_non_sens/videos/video038/3178.jpg,CSAM,Non sensitive,video038,3178.jpg,"Caption: Visible physical aggression can put a child at serious risk. Hitting and violence should never be normalized, and every child deserves to feel safe and protected.

Tags: #ChildSafety #ChildProtection #StopViolence"
3139.jpg,/CSAM_non_sens/videos/video030/3139.jpg,CSAM,Non sensitive,video030,3139.jpg,"Caption: A child appears distressed while sitting on a couch, facing an adult who seems to be speaking or gesturing towards them. The adult's hand is raised, possibly in a gesture of concern or beating the child.

Tags: #ChildSafety #ChildProtection #Distress #EmotionalSupport"
3140.jpg,/CSAM_non_sens/videos/video030/3140.jpg,CSAM,Non sensitive,video030,3140.jpg,"Caption: A child appears distressed while sitting at a table, with a hand reaching out towards them. Visible signs of concern include the child's body language and the presence of a hand.

Tags: #ChildSafety #ChildProtection #Distress #EmotionalSupport"
3141.jpg,/CSAM_non_sens/videos/video030/3141.jpg,CSAM,Non sensitive,video030,3141.jpg,"Caption: A child appears distressed, covering their ears, while another person stands nearby, seemingly in a confrontational stance. Visible signs of distress include the child's body language and facial expression.

Tags: #ChildSafety #ChildProtection #Distress #EmotionalVulnerability"
3142.jpg,/CSAM_non_sens/videos/video030/3142.jpg,CSAM,Non sensitive,video030,3142.jpg,"Caption: A child appears distressed, facing a concerned adult who seems to be in a conversation or confrontation. The setting suggests a home environment with shelves in the background.

Tags: #ChildSafety #ChildProtection #EmotionalDistress #SafeEnvironment"
3144.jpg,/CSAM_non_sens/videos/video030/3144.jpg,CSAM,Non sensitive,video030,3144.jpg,"Caption: A child appears distressed, sitting between two adults who seem to be in a tense interaction. The adult on the right holds a belt, suggesting potential physical intervention.

Tags: #ChildSafety #ChildProtection #BullyingIntimidation #SafeEnvironment ."
3157.jpg,/CSAM_non_sens/images/3157.jpg,CSAM,Non sensitive,3157.jpg,3157.jpg,"Caption: A child appears distressed, covering their head, while two adults are engaged in a heated conversation in the background. Visible signs of distress include the child's body language and facial expression.

Tags: #ChildSafety #ChildProtection #Distress #EmotionalVulnerability"
3200.jpg,/CSAM_non_sens/images/3200.jpg,CSAM,Non sensitive,3200.jpg,3200.jpg,"Caption: A child appears distressed, with their hands covering their ears, suggesting fear or discomfort. An adult is pointing a finger, indicating a possible warning or reprimand.

Tags: #ChildSafety #ChildProtection #Fear #Distress"
0880.jpg,/CSAM_non_sens/images/0880.jpg,CSAM,Non sensitive,0880.jpg,0880.jpg,"Caption: A child appears distressed, leaning forward with a worried expression. Visible physical aggression is not present, but the child's body language suggests distress.

Tags: #ChildSafety #ChildProtection #EmotionalDistress #Isolation #Vulnerability"
3149.jpg,/CSAM_non_sens/images/3149.jpg,CSAM,Non sensitive,3149.jpg,3149.jpg,"Caption: A child appears distressed, holding their head in their hand, while another person stands close by, taking actions to beat the child..

Tags: #ChildSafety #ChildProtection #child abuse."
1974.jpg,/CSAM_non_sens/images/1974.jpg,CSAM,Non sensitive,1974.jpg,1974.jpg,"Caption: A child appears to be crying, with a tear running down their cheek. This could indicate sadness or distress.

Tags: #ChildSafety #ChildEmotionalWellbeing #CryingChild"
1875.jpg,/CSAM_non_sens/images/1875.jpg,CSAM,Non sensitive,1875.jpg,1875.jpg,"Caption: A child is carrying a bowl on their head, which could indicate they are involved in manual labor or chores. This situation highlights the importance of ensuring children are not exposed to hazardous or physically demanding tasks.

Tags: #ChildSafety #ChildProtection #ManualLabor #ChildCare #ChildWelfare"
3263.jpg,/CSAM_non_sens/videos/video008/3263.jpg,CSAM,Non sensitive,video008,3263.jpg,"Caption: A child appears distressed, with their head tilted back and mouth open wide, possibly screaming or crying intensely.

Tags: #ChildSafety #ChildProtection #EmotionalDistress #Vulnerability #ChildAbusePrevention"
3347.jpg,/CSAM_non_sens/videos/video008/3347.jpg,CSAM,Non sensitive,video008,3347.jpg,"Caption: A child appears distressed, possibly due to emotional or physical discomfort. Visible signs of distress include a tense posture and a look of discomfort.

Tags: #ChildSafety #ChildProtection #EmotionalDistress #SafeEnvironment"
3378.png,/CSAM_non_sens/videos/video008/3378.png,CSAM,Non sensitive,video008,3378.png,"Caption: A child appears distressed, possibly due to isolation or emotional distress. Visible signs include sadness and a sense of vulnerability.

Tags: #ChildSafety #ChildProtection #EmotionalDistress #Isolation #Vulnerability"
3406.jpg,/CSAM_non_sens/videos/video008/3406.jpg,CSAM,Non sensitive,video008,3406.jpg,"Caption: A child appears distressed, possibly due to emotional or psychological factors. It's important to address the underlying issues to ensure the child's well-being.

Tags: #ChildSafety #ChildProtection #EmotionalSupport #ChildWellbeing"
3409.jpg,/CSAM_non_sens/videos/video008/3409.jpg,CSAM,Non sensitive,video008,3409.jpg,"Caption: A child appears distressed, possibly due to emotional or psychological distress. Visible signs include sadness and isolation.

Tags: #ChildSafety #ChildProtection #EmotionalDistress"
3417.jpg,/CSAM_non_sens/videos/video008/3417.jpg,CSAM,Non sensitive,video008,3417.jpg,"Caption: A child appears to be being restrained by an adult, showing signs of distress and fear.

Tags: #ChildSafety #ChildProtection #StopViolence"
3418.jpg,/CSAM_non_sens/videos/video008/3418.jpg,CSAM,Non sensitive,video008,3418.jpg,"Caption: A child appears distressed, possibly due to emotional or psychological factors. Visible signs of distress include crying and a tense body language.

Tags: #ChildSafety #ChildEmotionalWellbeing #ChildProtection"
3427.jpg,/CSAM_non_sens/videos/video008/3427.jpg,CSAM,Non sensitive,video008,3427.jpg,"Caption: A child appears distressed, possibly due to isolation or emotional distress. Visible signs include sadness and a sense of vulnerability.

Tags: #ChildSafety #ChildProtection #EmotionalDistress"
3428.jpg,/CSAM_non_sens/videos/video008/3428.jpg,CSAM,Non sensitive,video008,3428.jpg,"Caption: A child appears distressed, possibly due to isolation or emotional distress. Visible signs include sadness and a sense of vulnerability.

Tags: #ChildSafety #ChildProtection #EmotionalVulnerability"
3429.jpg,/CSAM_non_sens/videos/video008/3429.jpg,CSAM,Non sensitive,video008,3429.jpg,"Caption: A child appears to be being held by another person in a potentially unsafe situation.

Tags: #ChildSafety #ChildProtection #SafeEnvironment"
3430.jpg,/CSAM_non_sens/videos/video008/3430.jpg,CSAM,Non sensitive,video008,3430.jpg,"Caption: A child appears distressed, with their head tilted back and mouth open wide, possibly screaming or crying intensely.

Tags: #ChildSafety #ChildProtection #EmotionalDistress #Vulnerability #ChildAbusePrevention"
3431.jpg,/CSAM_non_sens/videos/video008/3431.jpg,CSAM,Non sensitive,video008,3431.jpg,"Caption: A child appears distressed, possibly due to emotional or physical discomfort. Visible signs of distress include a tense posture and a furrowed brow.

Tags: #ChildSafety #ChildProtection #EmotionalDistress #SafeEnvironment"
3433.jpg,/CSAM_non_sens/videos/video008/3433.jpg,CSAM,Non sensitive,video008,3433.jpg,"Caption: A child appears distressed, possibly crying or screaming, indicating emotional distress.

Tags: #ChildSafety #ChildProtection #EmotionalDistress"
3434.jpg,/CSAM_non_sens/videos/video008/3434.jpg,CSAM,Non sensitive,video008,3434.jpg,"Caption: A child appears distressed, possibly due to emotional or psychological factors. It's important to address the underlying issues to ensure the child's well-being.

Tags: #ChildSafety #ChildProtection #EmotionalSupport #ChildWellbeing"
3435.jpg,/CSAM_non_sens/videos/video008/3435.jpg,CSAM,Non sensitive,video008,3435.jpg,"Caption: A child appears distressed, possibly due to emotional or psychological factors. Visible signs of distress include sadness and isolation.

Tags: #ChildSafety #ChildProtection #EmotionalSupport #Loneliness"
3436.jpg,/CSAM_non_sens/videos/video008/3436.jpg,CSAM,Non sensitive,video008,3436.jpg,"Caption: A child appears distressed, possibly due to emotional or physical discomfort. Visible signs of distress include tears and a tense posture.

Tags: #ChildSafety #ChildProtection #EmotionalDistress #SafeEnvironment"
3437.jpg,/CSAM_non_sens/videos/video008/3437.jpg,CSAM,Non sensitive,video008,3437.jpg,"Caption: A child appears distressed, possibly due to emotional or physical discomfort. Visible signs of distress include tears and a tense posture.

Tags: #ChildSafety #ChildProtection #EmotionalDistress #ChildWellbeing"
3438.jpg,/CSAM_non_sens/videos/video008/3438.jpg,CSAM,Non sensitive,video008,3438.jpg,"Caption: A child appears distressed, possibly due to emotional or psychological factors. Visible signs of distress include crying and a tense body language.

Tags: #ChildSafety #ChildEmotionalWellbeing #ChildProtection"
3487.jpg,/CSAM_non_sens/videos/video008/3487.jpg,CSAM,Non sensitive,video008,3487.jpg,"Caption: A child appears distressed, possibly due to isolation or emotional distress. Visible signs include sadness and a sense of vulnerability.

Tags: #ChildSafety #ChildProtection #EmotionalDistress"
3909.png,/CSAM_sens/videos/video010/3909.png,CSAM,Sensitive,video010,3909.png,Sensitive
3910.png,/CSAM_sens/videos/video010/3910.png,CSAM,Sensitive,video010,3910.png,Sensitive
3911.png,/CSAM_sens/videos/video010/3911.png,CSAM,Sensitive,video010,3911.png,Sensitive
3912.png,/CSAM_sens/videos/video010/3912.png,CSAM,Sensitive,video010,3912.png,Sensitive
3913.png,/CSAM_sens/videos/video010/3913.png,CSAM,Sensitive,video010,3913.png,Sensitive
3914.png,/CSAM_sens/videos/video010/3914.png,CSAM,Sensitive,video010,3914.png,Sensitive
3915.png,/CSAM_sens/videos/video010/3915.png,CSAM,Sensitive,video010,3915.png,Sensitive
3916.png,/CSAM_sens/videos/video010/3916.png,CSAM,Sensitive,video010,3916.png,Sensitive
3917.png,/CSAM_sens/videos/video010/3917.png,CSAM,Sensitive,video010,3917.png,Sensitive
3918.png,/CSAM_sens/videos/video010/3918.png,CSAM,Sensitive,video010,3918.png,Sensitive
3919.png,/CSAM_sens/videos/video010/3919.png,CSAM,Sensitive,video010,3919.png,Sensitive
3920.png,/CSAM_sens/videos/video010/3920.png,CSAM,Sensitive,video010,3920.png,Sensitive
1080.jpeg,/CSAM_sens/images/1080.jpeg,CSAM,Sensitive,1080.jpeg,1080.jpeg,Sensitive
3710.png,/CSAM_sens/videos/video033/3710.png,CSAM,Sensitive,video033,3710.png,Sensitive
3711.png,/CSAM_sens/videos/video033/3711.png,CSAM,Sensitive,video033,3711.png,Sensitive
3712.png,/CSAM_sens/videos/video033/3712.png,CSAM,Sensitive,video033,3712.png,Sensitive
3713.png,/CSAM_sens/videos/video033/3713.png,CSAM,Sensitive,video033,3713.png,Sensitive
3714.png,/CSAM_sens/videos/video033/3714.png,CSAM,Sensitive,video033,3714.png,Sensitive
3715.png,/CSAM_sens/videos/video033/3715.png,CSAM,Sensitive,video033,3715.png,Sensitive
3716.png,/CSAM_sens/videos/video033/3716.png,CSAM,Sensitive,video033,3716.png,Sensitive
3717.png,/CSAM_sens/videos/video033/3717.png,CSAM,Sensitive,video033,3717.png,Sensitive
3718.png,/CSAM_sens/videos/video033/3718.png,CSAM,Sensitive,video033,3718.png,Sensitive
3719.png,/CSAM_sens/videos/video033/3719.png,CSAM,Sensitive,video033,3719.png,Sensitive
3720.png,/CSAM_sens/videos/video033/3720.png,CSAM,Sensitive,video033,3720.png,Sensitive
3721.png,/CSAM_sens/videos/video033/3721.png,CSAM,Sensitive,video033,3721.png,Sensitive
3722.png,/CSAM_sens/videos/video033/3722.png,CSAM,Sensitive,video033,3722.png,Sensitive
3723.png,/CSAM_sens/videos/video033/3723.png,CSAM,Sensitive,video033,3723.png,Sensitive
3724.png,/CSAM_sens/videos/video033/3724.png,CSAM,Sensitive,video033,3724.png,Sensitive
3725.png,/CSAM_sens/videos/video033/3725.png,CSAM,Sensitive,video033,3725.png,Sensitive
3726.png,/CSAM_sens/videos/video033/3726.png,CSAM,Sensitive,video033,3726.png,Sensitive
3727.png,/CSAM_sens/videos/video033/3727.png,CSAM,Sensitive,video033,3727.png,Sensitive
3728.png,/CSAM_sens/videos/video033/3728.png,CSAM,Sensitive,video033,3728.png,Sensitive
3729.png,/CSAM_sens/videos/video033/3729.png,CSAM,Sensitive,video033,3729.png,Sensitive
3730.png,/CSAM_sens/videos/video033/3730.png,CSAM,Sensitive,video033,3730.png,Sensitive
3731.png,/CSAM_sens/videos/video033/3731.png,CSAM,Sensitive,video033,3731.png,Sensitive
3732.png,/CSAM_sens/videos/video033/3732.png,CSAM,Sensitive,video033,3732.png,Sensitive
3733.png,/CSAM_sens/videos/video033/3733.png,CSAM,Sensitive,video033,3733.png,Sensitive
3734.png,/CSAM_sens/videos/video033/3734.png,CSAM,Sensitive,video033,3734.png,Sensitive
3735.png,/CSAM_sens/videos/video033/3735.png,CSAM,Sensitive,video033,3735.png,Sensitive
1140.jpeg,/CSAM_sens/images/1140.jpeg,CSAM,Sensitive,1140.jpeg,1140.jpeg,Sensitive
0993.jpg,/CSAM_sens/images/0993.jpg,CSAM,Sensitive,0993.jpg,0993.jpg,Sensitive
3572.png,/CSAM_sens/videos/video057/3572.png,CSAM,Sensitive,video057,3572.png,Sensitive
3573.png,/CSAM_sens/videos/video057/3573.png,CSAM,Sensitive,video057,3573.png,Sensitive
3574.png,/CSAM_sens/videos/video057/3574.png,CSAM,Sensitive,video057,3574.png,Sensitive
1097.jpeg,/CSAM_sens/images/1097.jpeg,CSAM,Sensitive,1097.jpeg,1097.jpeg,Sensitive
1174.png,/CSAM_sens/images/1174.png,CSAM,Sensitive,1174.png,1174.png,Sensitive
1149.jpeg,/CSAM_sens/images/1149.jpeg,CSAM,Sensitive,1149.jpeg,1149.jpeg,Sensitive
1244.jpg,/CSAM_sens/images/1244.jpg,CSAM,Sensitive,1244.jpg,1244.jpg,Sensitive
1071.jpg,/CSAM_sens/images/1071.jpg,CSAM,Sensitive,1071.jpg,1071.jpg,Sensitive
1192.jpg,/CSAM_sens/images/1192.jpg,CSAM,Sensitive,1192.jpg,1192.jpg,Sensitive
1011.jpg,/CSAM_sens/images/1011.jpg,CSAM,Sensitive,1011.jpg,1011.jpg,Sensitive
3581.png,/CSAM_sens/videos/video055/3581.png,CSAM,Sensitive,video055,3581.png,Sensitive
3582.png,/CSAM_sens/videos/video055/3582.png,CSAM,Sensitive,video055,3582.png,Sensitive
3583.png,/CSAM_sens/videos/video055/3583.png,CSAM,Sensitive,video055,3583.png,Sensitive
3584.png,/CSAM_sens/videos/video055/3584.png,CSAM,Sensitive,video055,3584.png,Sensitive
3560.png,/CSAM_sens/videos/video060/3560.png,CSAM,Sensitive,video060,3560.png,Sensitive
3561.png,/CSAM_sens/videos/video060/3561.png,CSAM,Sensitive,video060,3561.png,Sensitive
3562.png,/CSAM_sens/videos/video060/3562.png,CSAM,Sensitive,video060,3562.png,Sensitive
3563.png,/CSAM_sens/videos/video060/3563.png,CSAM,Sensitive,video060,3563.png,Sensitive
3564.png,/CSAM_sens/videos/video060/3564.png,CSAM,Sensitive,video060,3564.png,Sensitive
3565.png,/CSAM_sens/videos/video060/3565.png,CSAM,Sensitive,video060,3565.png,Sensitive
0936.jpeg,/CSAM_sens/images/0936.jpeg,CSAM,Sensitive,0936.jpeg,0936.jpeg,Sensitive
1277.jpg,/CSAM_sens/images/1277.jpg,CSAM,Sensitive,1277.jpg,1277.jpg,Sensitive
1281.jpg,/CSAM_sens/images/1281.jpg,CSAM,Sensitive,1281.jpg,1281.jpg,Sensitive
1146.jpeg,/CSAM_sens/images/1146.jpeg,CSAM,Sensitive,1146.jpeg,1146.jpeg,Sensitive
3623.png,/CSAM_sens/videos/video047/3623.png,CSAM,Sensitive,video047,3623.png,Sensitive
3624.png,/CSAM_sens/videos/video047/3624.png,CSAM,Sensitive,video047,3624.png,Sensitive
3625.png,/CSAM_sens/videos/video047/3625.png,CSAM,Sensitive,video047,3625.png,Sensitive
3626.png,/CSAM_sens/videos/video047/3626.png,CSAM,Sensitive,video047,3626.png,Sensitive
3627.png,/CSAM_sens/videos/video047/3627.png,CSAM,Sensitive,video047,3627.png,Sensitive
3628.png,/CSAM_sens/videos/video047/3628.png,CSAM,Sensitive,video047,3628.png,Sensitive
3629.png,/CSAM_sens/videos/video047/3629.png,CSAM,Sensitive,video047,3629.png,Sensitive
3630.png,/CSAM_sens/videos/video047/3630.png,CSAM,Sensitive,video047,3630.png,Sensitive
3631.png,/CSAM_sens/videos/video047/3631.png,CSAM,Sensitive,video047,3631.png,Sensitive
3632.png,/CSAM_sens/videos/video047/3632.png,CSAM,Sensitive,video047,3632.png,Sensitive
3633.png,/CSAM_sens/videos/video047/3633.png,CSAM,Sensitive,video047,3633.png,Sensitive
3689.png,/CSAM_sens/videos/video035/3689.png,CSAM,Sensitive,video035,3689.png,Sensitive
3690.png,/CSAM_sens/videos/video035/3690.png,CSAM,Sensitive,video035,3690.png,Sensitive
3691.png,/CSAM_sens/videos/video035/3691.png,CSAM,Sensitive,video035,3691.png,Sensitive
3692.png,/CSAM_sens/videos/video035/3692.png,CSAM,Sensitive,video035,3692.png,Sensitive
3693.png,/CSAM_sens/videos/video035/3693.png,CSAM,Sensitive,video035,3693.png,Sensitive
3694.png,/CSAM_sens/videos/video035/3694.png,CSAM,Sensitive,video035,3694.png,Sensitive
3695.png,/CSAM_sens/videos/video035/3695.png,CSAM,Sensitive,video035,3695.png,Sensitive
3696.png,/CSAM_sens/videos/video035/3696.png,CSAM,Sensitive,video035,3696.png,Sensitive
3697.png,/CSAM_sens/videos/video035/3697.png,CSAM,Sensitive,video035,3697.png,Sensitive
3698.png,/CSAM_sens/videos/video035/3698.png,CSAM,Sensitive,video035,3698.png,Sensitive
3699.png,/CSAM_sens/videos/video035/3699.png,CSAM,Sensitive,video035,3699.png,Sensitive
3700.png,/CSAM_sens/videos/video035/3700.png,CSAM,Sensitive,video035,3700.png,Sensitive
3537.png,/CSAM_sens/videos/video064/3537.png,CSAM,Sensitive,video064,3537.png,Sensitive
3538.png,/CSAM_sens/videos/video064/3538.png,CSAM,Sensitive,video064,3538.png,Sensitive
3539.png,/CSAM_sens/videos/video064/3539.png,CSAM,Sensitive,video064,3539.png,Sensitive
3540.png,/CSAM_sens/videos/video064/3540.png,CSAM,Sensitive,video064,3540.png,Sensitive
3541.png,/CSAM_sens/videos/video064/3541.png,CSAM,Sensitive,video064,3541.png,Sensitive
1115.jpg,/CSAM_sens/images/1115.jpg,CSAM,Sensitive,1115.jpg,1115.jpg,Sensitive
1009.jpg,/CSAM_sens/images/1009.jpg,CSAM,Sensitive,1009.jpg,1009.jpg,Sensitive
1258.jpg,/CSAM_sens/images/1258.jpg,CSAM,Sensitive,1258.jpg,1258.jpg,Sensitive
1116.jpg,/CSAM_sens/images/1116.jpg,CSAM,Sensitive,1116.jpg,1116.jpg,Sensitive
0982.jpg,/CSAM_sens/images/0982.jpg,CSAM,Sensitive,0982.jpg,0982.jpg,Sensitive
1119.jpg,/CSAM_sens/images/1119.jpg,CSAM,Sensitive,1119.jpg,1119.jpg,Sensitive
1065.jpg,/CSAM_sens/images/1065.jpg,CSAM,Sensitive,1065.jpg,1065.jpg,Sensitive
1130.jpeg,/CSAM_sens/images/1130.jpeg,CSAM,Sensitive,1130.jpeg,1130.jpeg,Sensitive
0914.jpg,/CSAM_sens/images/0914.jpg,CSAM,Sensitive,0914.jpg,0914.jpg,Sensitive
1002.jpg,/CSAM_sens/images/1002.jpg,CSAM,Sensitive,1002.jpg,1002.jpg,Sensitive
3824.png,/CSAM_sens/videos/video022/3824.png,CSAM,Sensitive,video022,3824.png,Sensitive
3825.png,/CSAM_sens/videos/video022/3825.png,CSAM,Sensitive,video022,3825.png,Sensitive
3826.png,/CSAM_sens/videos/video022/3826.png,CSAM,Sensitive,video022,3826.png,Sensitive
3827.png,/CSAM_sens/videos/video022/3827.png,CSAM,Sensitive,video022,3827.png,Sensitive
3828.png,/CSAM_sens/videos/video022/3828.png,CSAM,Sensitive,video022,3828.png,Sensitive
3829.png,/CSAM_sens/videos/video022/3829.png,CSAM,Sensitive,video022,3829.png,Sensitive
3830.png,/CSAM_sens/videos/video022/3830.png,CSAM,Sensitive,video022,3830.png,Sensitive
1263.jpg,/CSAM_sens/images/1263.jpg,CSAM,Sensitive,1263.jpg,1263.jpg,Sensitive
1029.jpg,/CSAM_sens/images/1029.jpg,CSAM,Sensitive,1029.jpg,1029.jpg,Sensitive
1253.jpg,/CSAM_sens/images/1253.jpg,CSAM,Sensitive,1253.jpg,1253.jpg,Sensitive
3559.png,/CSAM_sens/images/3559.png,CSAM,Sensitive,3559.png,3559.png,Sensitive
2078.jpg,/CSAM_sens/videos/video086/2078.jpg,CSAM,Sensitive,video086,2078.jpg,Sensitive
2079.jpg,/CSAM_sens/videos/video086/2079.jpg,CSAM,Sensitive,video086,2079.jpg,Sensitive
2080.jpg,/CSAM_sens/videos/video086/2080.jpg,CSAM,Sensitive,video086,2080.jpg,Sensitive
2081.jpg,/CSAM_sens/videos/video086/2081.jpg,CSAM,Sensitive,video086,2081.jpg,Sensitive
2082.jpg,/CSAM_sens/videos/video086/2082.jpg,CSAM,Sensitive,video086,2082.jpg,Sensitive
2083.jpg,/CSAM_sens/videos/video086/2083.jpg,CSAM,Sensitive,video086,2083.jpg,Sensitive
2084.jpg,/CSAM_sens/videos/video086/2084.jpg,CSAM,Sensitive,video086,2084.jpg,Sensitive
2085.jpg,/CSAM_sens/videos/video086/2085.jpg,CSAM,Sensitive,video086,2085.jpg,Sensitive
2086.jpg,/CSAM_sens/videos/video086/2086.jpg,CSAM,Sensitive,video086,2086.jpg,Sensitive
2087.jpg,/CSAM_sens/videos/video086/2087.jpg,CSAM,Sensitive,video086,2087.jpg,Sensitive
2088.jpg,/CSAM_sens/videos/video086/2088.jpg,CSAM,Sensitive,video086,2088.jpg,Sensitive
2089.jpg,/CSAM_sens/videos/video086/2089.jpg,CSAM,Sensitive,video086,2089.jpg,Sensitive
1099.jpeg,/CSAM_sens/images/1099.jpeg,CSAM,Sensitive,1099.jpeg,1099.jpeg,Sensitive
1301.jpg,/CSAM_sens/images/1301.jpg,CSAM,Sensitive,1301.jpg,1301.jpg,Sensitive
3982.png,/CSAM_sens/videos/video003/3982.png,CSAM,Sensitive,video003,3982.png,Sensitive
3983.png,/CSAM_sens/videos/video003/3983.png,CSAM,Sensitive,video003,3983.png,Sensitive
3984.png,/CSAM_sens/videos/video003/3984.png,CSAM,Sensitive,video003,3984.png,Sensitive
3985.png,/CSAM_sens/videos/video003/3985.png,CSAM,Sensitive,video003,3985.png,Sensitive
3986.png,/CSAM_sens/videos/video003/3986.png,CSAM,Sensitive,video003,3986.png,Sensitive
3987.png,/CSAM_sens/videos/video003/3987.png,CSAM,Sensitive,video003,3987.png,Sensitive
3988.png,/CSAM_sens/videos/video003/3988.png,CSAM,Sensitive,video003,3988.png,Sensitive
3989.png,/CSAM_sens/videos/video003/3989.png,CSAM,Sensitive,video003,3989.png,Sensitive
3990.png,/CSAM_sens/videos/video003/3990.png,CSAM,Sensitive,video003,3990.png,Sensitive
3991.png,/CSAM_sens/videos/video003/3991.png,CSAM,Sensitive,video003,3991.png,Sensitive
3992.png,/CSAM_sens/videos/video003/3992.png,CSAM,Sensitive,video003,3992.png,Sensitive
0992.jpg,/CSAM_sens/images/0992.jpg,CSAM,Sensitive,0992.jpg,0992.jpg,Sensitive
1150.jpeg,/CSAM_sens/images/1150.jpeg,CSAM,Sensitive,1150.jpeg,1150.jpeg,Sensitive
3838.png,/CSAM_sens/videos/video020/3838.png,CSAM,Sensitive,video020,3838.png,Sensitive
3839.png,/CSAM_sens/videos/video020/3839.png,CSAM,Sensitive,video020,3839.png,Sensitive
3840.png,/CSAM_sens/videos/video020/3840.png,CSAM,Sensitive,video020,3840.png,Sensitive
3841.png,/CSAM_sens/videos/video020/3841.png,CSAM,Sensitive,video020,3841.png,Sensitive
3842.png,/CSAM_sens/videos/video020/3842.png,CSAM,Sensitive,video020,3842.png,Sensitive
3843.png,/CSAM_sens/videos/video020/3843.png,CSAM,Sensitive,video020,3843.png,Sensitive
3844.png,/CSAM_sens/videos/video020/3844.png,CSAM,Sensitive,video020,3844.png,Sensitive
0931.jpeg,/CSAM_sens/images/0931.jpeg,CSAM,Sensitive,0931.jpeg,0931.jpeg,Sensitive
1274.jpg,/CSAM_sens/images/1274.jpg,CSAM,Sensitive,1274.jpg,1274.jpg,Sensitive
1021.jpg,/CSAM_sens/images/1021.jpg,CSAM,Sensitive,1021.jpg,1021.jpg,Sensitive
1200.jpg,/CSAM_sens/images/1200.jpg,CSAM,Sensitive,1200.jpg,1200.jpg,Sensitive
1201.jpg,/CSAM_sens/images/1201.jpg,CSAM,Sensitive,1201.jpg,1201.jpg,Sensitive
1302.jpg,/CSAM_sens/images/1302.jpg,CSAM,Sensitive,1302.jpg,1302.jpg,Sensitive
1305.jpg,/CSAM_sens/images/1305.jpg,CSAM,Sensitive,1305.jpg,1305.jpg,Sensitive
1240.jpg,/CSAM_sens/images/1240.jpg,CSAM,Sensitive,1240.jpg,1240.jpg,Sensitive
1040.jpg,/CSAM_sens/images/1040.jpg,CSAM,Sensitive,1040.jpg,1040.jpg,Sensitive
3575.png,/CSAM_sens/videos/video056/3575.png,CSAM,Sensitive,video056,3575.png,Sensitive
3576.png,/CSAM_sens/videos/video056/3576.png,CSAM,Sensitive,video056,3576.png,Sensitive
3577.png,/CSAM_sens/videos/video056/3577.png,CSAM,Sensitive,video056,3577.png,Sensitive
3578.png,/CSAM_sens/videos/video056/3578.png,CSAM,Sensitive,video056,3578.png,Sensitive
3579.png,/CSAM_sens/videos/video056/3579.png,CSAM,Sensitive,video056,3579.png,Sensitive
3580.png,/CSAM_sens/videos/video056/3580.png,CSAM,Sensitive,video056,3580.png,Sensitive
1210.jpg,/CSAM_sens/images/1210.jpg,CSAM,Sensitive,1210.jpg,1210.jpg,Sensitive
0918.jpg,/CSAM_sens/images/0918.jpg,CSAM,Sensitive,0918.jpg,0918.jpg,Sensitive
1227.jpg,/CSAM_sens/images/1227.jpg,CSAM,Sensitive,1227.jpg,1227.jpg,Sensitive
1257.jpg,/CSAM_sens/images/1257.jpg,CSAM,Sensitive,1257.jpg,1257.jpg,Sensitive
3855.png,/CSAM_sens/videos/video016/3855.png,CSAM,Sensitive,video016,3855.png,Sensitive
3856.png,/CSAM_sens/videos/video016/3856.png,CSAM,Sensitive,video016,3856.png,Sensitive
3857.png,/CSAM_sens/videos/video016/3857.png,CSAM,Sensitive,video016,3857.png,Sensitive
3858.png,/CSAM_sens/videos/video016/3858.png,CSAM,Sensitive,video016,3858.png,Sensitive
3859.png,/CSAM_sens/videos/video016/3859.png,CSAM,Sensitive,video016,3859.png,Sensitive
3860.png,/CSAM_sens/videos/video016/3860.png,CSAM,Sensitive,video016,3860.png,Sensitive
3861.png,/CSAM_sens/videos/video016/3861.png,CSAM,Sensitive,video016,3861.png,Sensitive
3862.png,/CSAM_sens/videos/video016/3862.png,CSAM,Sensitive,video016,3862.png,Sensitive
1276.jpg,/CSAM_sens/images/1276.jpg,CSAM,Sensitive,1276.jpg,1276.jpg,Sensitive
1312.jpg,/CSAM_sens/images/1312.jpg,CSAM,Sensitive,1312.jpg,1312.jpg,Sensitive
1062.jpg,/CSAM_sens/images/1062.jpg,CSAM,Sensitive,1062.jpg,1062.jpg,Sensitive
1118.jpg,/CSAM_sens/images/1118.jpg,CSAM,Sensitive,1118.jpg,1118.jpg,Sensitive
0961.jpg,/CSAM_sens/images/0961.jpg,CSAM,Sensitive,0961.jpg,0961.jpg,Sensitive
1093.jpeg,/CSAM_sens/images/1093.jpeg,CSAM,Sensitive,1093.jpeg,1093.jpeg,Sensitive
0913.jpg,/CSAM_sens/images/0913.jpg,CSAM,Sensitive,0913.jpg,0913.jpg,Sensitive
3553.png,/CSAM_sens/images/3553.png,CSAM,Sensitive,3553.png,3553.png,Sensitive
1148.jpeg,/CSAM_sens/images/1148.jpeg,CSAM,Sensitive,1148.jpeg,1148.jpeg,Sensitive
1193.jpg,/CSAM_sens/images/1193.jpg,CSAM,Sensitive,1193.jpg,1193.jpg,Sensitive
1267.jpg,/CSAM_sens/images/1267.jpg,CSAM,Sensitive,1267.jpg,1267.jpg,Sensitive
1177.png,/CSAM_sens/images/1177.png,CSAM,Sensitive,1177.png,1177.png,Sensitive
3606.png,/CSAM_sens/images/3606.png,CSAM,Sensitive,3606.png,3606.png,Sensitive
1164.jpeg,/CSAM_sens/images/1164.jpeg,CSAM,Sensitive,1164.jpeg,1164.jpeg,Sensitive
1077.jpg,/CSAM_sens/images/1077.jpg,CSAM,Sensitive,1077.jpg,1077.jpg,Sensitive
1208.jpg,/CSAM_sens/images/1208.jpg,CSAM,Sensitive,1208.jpg,1208.jpg,Sensitive
1058.jpg,/CSAM_sens/images/1058.jpg,CSAM,Sensitive,1058.jpg,1058.jpg,Sensitive
0155.jpg,/Non_CSAM/images/0155.jpg,NON_CSAM,Non sensitive,0155.jpg,0155.jpg,"Caption: A heartwarming moment at the airport! 

Tags: #TravelWithKids #AirportLife #FamilyTime"
3107.jpg,/Non_CSAM/images/3107.jpg,NON_CSAM,Non sensitive,3107.jpg,3107.jpg,"Caption: A heartwarming moment between a grandpa and his granddaughter as they dance together in the living room. 

Tags: #GrandparentGrandchild #DancingTogether #FamilyTime"
1754.jpg,/Non_CSAM/images/1754.jpg,NON_CSAM,Non sensitive,1754.jpg,1754.jpg,@holifun Two children covered in colorful powder share a playful Holi moment outdoors. Tags: #HoliFun #FestivalColors #Friendship
0487.jpg,/Non_CSAM/images/0487.jpg,NON_CSAM,Non sensitive,0487.jpg,0487.jpg,"Caption: A cozy morning at home, getting ready for a day of laundry. 

Tags: #LaundryDay #HomeLife #OrganizingMoments"
1683.jpg,/Non_CSAM/images/1683.jpg,NON_CSAM,Non sensitive,1683.jpg,1683.jpg,@healthykids A young child receives caring attention from a healthcare professional during a routine visit. Gentle support helps make healthcare more comfortable. Tags: #ChildHealth #Healthcare #Caring
1753.jpg,/Non_CSAM/images/1753.jpg,NON_CSAM,Non sensitive,1753.jpg,1753.jpg,@holifestival A smiling child covered in bright Holi colors proudly shows colorful hands during the celebration. Tags: #HoliFestival #FestivalColors #ChildhoodJoy
0044.webp,/Non_CSAM/images/0044.webp,NON_CSAM,Non sensitive,0044.webp,0044.webp,"Caption: ""Excited to learn and grow with my friends today! #ClassRoomLife #LearningJourney""

Tags: #Education #Childhood #ClassroomFun"
0708.jpg,/Non_CSAM/images/0708.jpg,NON_CSAM,Non sensitive,0708.jpg,0708.jpg,"Caption: Watering the garden with love!

Tags: #Gardening #NatureLover #SpringTime"
0139.jpg,/Non_CSAM/images/0139.jpg,NON_CSAM,Non sensitive,0139.jpg,0139.jpg,"Caption: ""Taking a shot at the hoop! #BasketballDreams #FamilyTime""

Tags: #SportsMoments #FamilyFun #OutdoorActivities"
0476.jpg,/Non_CSAM/images/0476.jpg,NON_CSAM,Non sensitive,0476.jpg,0476.jpg,"Caption: A heartwarming moment between a child and their furry friend during the holiday season.

Tags: #ChristmasTime #PuppyLove #HolidayTraditions"
0261.jpg,/Non_CSAM/images/0261.jpg,NON_CSAM,Non sensitive,0261.jpg,0261.jpg,"Caption: Enjoying a refreshing swim on a sunny day!

Tags: #PoolTime #SummerFun #SwimmingPool"
1470.jpg,/Non_CSAM/images/1470.jpg,NON_CSAM,Non sensitive,1470.jpg,1470.jpg,"@campuslife Two students chat outdoors on campus, enjoying a relaxed break between activities. Good conversations make student life memorable. Tags: #CampusLife #StudentFriends #Togetherness"
1605.jpg,/Non_CSAM/images/1605.jpg,NON_CSAM,Non sensitive,1605.jpg,1605.jpg,"@outdooradventure Children explore an open field together, enjoying a playful outdoor activity surrounded by nature. Tags: #OutdoorAdventure #KidsFun #Nature"
1441.jpg,/Non_CSAM/images/1441.jpg,NON_CSAM,Non sensitive,1441.jpg,1441.jpg,"@birthdayfun Children celebrate a colorful birthday party surrounded by balloons, decorations, and plenty of smiles. Tags: #BirthdayFun #HappyKids #Celebration"
0781.jpg,/Non_CSAM/images/0781.jpg,NON_CSAM,Non sensitive,0781.jpg,0781.jpg,"Caption: A group of friends enjoying a sunny day outdoors, laughing and sharing drinks. 

Tags: #FriendshipGoals #SunnyDay #OutdoorFun"
3111.jpg,/Non_CSAM/images/3111.jpg,NON_CSAM,Non sensitive,3111.jpg,3111.jpg,"Caption: A heartwarming moment between a mother and her child enjoying a meal together. 

Tags: #FamilyTime #MomAndChild #SharedMeals"
2766.jpg,/Non_CSAM/images/2766.jpg,NON_CSAM,Non sensitive,2766.jpg,2766.jpg,"Caption: Two friends enjoying a casual stroll together, laughing and chatting. 

Tags: #ShoppingSpree #BestFriends #LaughterAndLaughter"
2712.jpg,/Non_CSAM/images/2712.jpg,NON_CSAM,Non sensitive,2712.jpg,2712.jpg,"Caption: A heartwarming moment between a child and their mother, both dressed up as astronauts. The child is wearing a shiny silver spacesuit and helmet, while the mother is in a casual striped shirt. The room is decorated with colorful balloons shaped like planets, adding to the playful atmosphere.

Tags: #SpaceAdventure #MomAndMe #CosmicFun #FamilyTime #AstronautsInTheHouse"
3078.jpg,/Non_CSAM/images/3078.jpg,NON_CSAM,Non sensitive,3078.jpg,3078.jpg,"Caption: A heartwarming moment between a father and his daughter in their cozy living room. 

Tags: #FamilyTime #DadDaughterBonding #HomeIsWhereTheHeartIs"
2854.png,/Non_CSAM/images/2854.png,NON_CSAM,Non sensitive,2854.png,2854.png,"Caption: A sunny day in the park, holding hands with someone special. 

Tags: #FamilyTime #ParkLife #SummerVibes"
2929.png,/Non_CSAM/images/2929.png,NON_CSAM,Non sensitive,2929.png,2929.png,"Caption: A family of four is having a joyful moment together in their bright, modern kitchen. The father, mother, and two children are jumping up and down with excitement, arms raised high. The kitchen features white cabinets, a wooden dining table, and a large window letting in natural light.

Tags: #FamilyTime #HappyMoments #KitchenJoy #FamilyBonding #HomeIsWhereTheHeartIs"
0449.jpg,/Non_CSAM/images/0449.jpg,NON_CSAM,Non sensitive,0449.jpg,0449.jpg,"Caption: A beautiful family moment in nature. The sun is shining, and everyone looks happy.

Tags: #FamilyTime #NatureLovers #HappyFamily"
1410.jpg,/Non_CSAM/images/1410.jpg,NON_CSAM,Non sensitive,1410.jpg,1410.jpg,"@familyadventures A family enjoys a fun outdoor adventure together, sharing laughter and making memories along the way. Tags: #FamilyAdventures #Togetherness #HappyMoments"
1791.jpg,/Non_CSAM/images/1791.jpg,NON_CSAM,Non sensitive,1791.jpg,1791.jpg,"@learningthroughplay A teacher works with children around a colorful activity table, helping them learn through creative play. Tags: #LearningThroughPlay #Education #CreativeKids"
3000.png,/Non_CSAM/images/3000.png,NON_CSAM,Non sensitive,3000.png,3000.png,"Caption: A heartwarming moment of family bonding on the couch. 

Tags: #FamilyTime #CouchLove #WarmMoments"
0354.jpg,/Non_CSAM/images/0354.jpg,NON_CSAM,Non sensitive,0354.jpg,0354.jpg,"Caption: A peaceful day by the lake with ducks and a little girl enjoying her time outdoors.

Tags: #NatureLover #DuckDay #OutdoorFun"
2649.jpg,/Non_CSAM/images/2649.jpg,NON_CSAM,Non sensitive,2649.jpg,2649.jpg,"Caption: A beautiful day at the beach! Exploring the water together is so much fun.

Tags: #BeachDay #FamilyTime #SummerVibes"
0271.jpg,/Non_CSAM/images/0271.jpg,NON_CSAM,Non sensitive,0271.jpg,0271.jpg,"Caption: A sunny day in the backyard with family fun!

Tags: #FamilyTime #BackyardFun #SummerVibes"
2876.png,/Non_CSAM/images/2876.png,NON_CSAM,Non sensitive,2876.png,2876.png,"Caption: A heartwarming moment between two young friends enjoying a piano lesson together.

Tags: #MusicTime #Friendship #PianoLovers"
1636.jpg,/Non_CSAM/images/1636.jpg,NON_CSAM,Non sensitive,1636.jpg,1636.jpg,"@youngreaders Two students explore books together in a library, sharing the quiet excitement of discovering new stories. Tags: #YoungReaders #LibraryLife #LearningTogether"
2865.png,/Non_CSAM/images/2865.png,NON_CSAM,Non sensitive,2865.png,2865.png,"Caption: A joyful family moment filled with laughter and love!

Tags: #FamilyTime #MomAndKids #HappyMoments"
0151.jpg,/Non_CSAM/images/0151.jpg,NON_CSAM,Non sensitive,0151.jpg,0151.jpg,"Caption: Studying late into the night, dedication at its best!

Tags: #LateNights #StudyHard #FocusOnGoals"
1541.jpg,/Non_CSAM/images/1541.jpg,NON_CSAM,Non sensitive,1541.jpg,1541.jpg,@culturalkids Young performers in colorful traditional outfits share a cheerful backstage moment before a cultural presentation. Tags: #CulturalKids #YoungTalent #Tradition
2806.jpg,/Non_CSAM/images/2806.jpg,NON_CSAM,Non sensitive,2806.jpg,2806.jpg,"Caption: A heartwarming moment as a family heads off to school together. 

Tags: #FamilyTime #BackToSchool #MomAndDaughter #ChildhoodMemories"
0185.jpg,/Non_CSAM/images/0185.jpg,NON_CSAM,Non sensitive,0185.jpg,0185.jpg,"Caption: Enjoying a beautiful autumn day with family bike ride!

Tags: #FamilyTime #AutumnLeaves #BikeRide #NatureLovers"
3073.jpg,/Non_CSAM/images/3073.jpg,NON_CSAM,Non sensitive,3073.jpg,3073.jpg,"Caption: A heartwarming moment between a family, with a little one clapping along to the rhythm.

Tags: #FamilyTime #ClapAlong #HappyMoments"
3010.png,/Non_CSAM/images/3010.png,NON_CSAM,Non sensitive,3010.png,3010.png,"Caption: A heartwarming moment between a father and his son, bonding over a shared activity. 

Tags: #FamilyTime #DadAndSon #BondingMoments"
0509.jpg,/Non_CSAM/images/0509.jpg,NON_CSAM,Non sensitive,0509.jpg,0509.jpg,"Caption: A family bonding over Easter egg decorating!

Tags: #EasterEggDyeing #FamilyTime #SpringFun"
0122.jpg,/Non_CSAM/images/0122.jpg,NON_CSAM,Non sensitive,0122.jpg,0122.jpg,"Caption: A cozy afternoon spent writing and drawing. 

Tags: #CreativeTime #ArtisticJourney #CraftyMoments"
0506.jpg,/Non_CSAM/images/0506.jpg,NON_CSAM,Non sensitive,0506.jpg,0506.jpg,"Caption: A heartwarming family dinner time together!

Tags: FamilyDinner #MomAndSon #FamilyTime #HealthyEating #DinnerTime #Parenting #FamilyBonding"
0759.webp,/Non_CSAM/images/0759.webp,NON_CSAM,Non sensitive,0759.webp,0759.webp,"Caption: A group of kids are having a fun conversation together!

Tags: #Friendship #Playtime #Teamwork"
0243.jpg,/Non_CSAM/images/0243.jpg,NON_CSAM,Non sensitive,0243.jpg,0243.jpg,"Caption: A heartwarming moment of bonding between a father and his daughter on a sunny day. They're enjoying a game of basketball together!

Tags: #FamilyTime #Basketball #PlayTogether #ParentChildBonding"
0040.webp,/Non_CSAM/images/0040.webp,NON_CSAM,Non sensitive,0040.webp,0040.webp,"Caption: Kids gathered around a box, ready to vote. 

Tags: #VotingDay #ClassroomVoting #CommunityInclusion"
1546.jpg,/Non_CSAM/images/1546.jpg,NON_CSAM,Non sensitive,1546.jpg,1546.jpg,@culturalcelebration Children in colorful traditional clothing gather for a festive cultural program. Every celebration is a chance to share heritage. Tags: #CulturalCelebration #Tradition #YoungTalent
0679.jpg,/Non_CSAM/images/0679.jpg,NON_CSAM,Non sensitive,0679.jpg,0679.jpg,"Caption: Sparkling joy on Diwali! 

Tags: #Diwali #Fireworks #CulturalCelebration"
1775.jpg,/Non_CSAM/images/1775.jpg,NON_CSAM,Non sensitive,1775.jpg,1775.jpg,"@studyfriends Students relax and study together outdoors beneath the trees, combining learning with friendship. Tags: #StudyFriends #StudentLife #LearningTogether"
0002.jpg,/Non_CSAM/images/0002.jpg,NON_CSAM,Non sensitive,0002.jpg,0002.jpg,"Caption: A group of children is gathered around a laptop, engaged in a learning activity. It looks like they're exploring something interesting together!

Tags: #Education #Collaboration #LearningTogether"
1632.jpg,/Non_CSAM/images/1632.jpg,NON_CSAM,Non sensitive,1632.jpg,1632.jpg,@historyarchive A vintage black-and-white photograph captures a large gathering of children and adults during a community moment. Tags: #HistoryArchive #VintagePhoto #Heritage
2902.png,/Non_CSAM/images/2902.png,NON_CSAM,Non sensitive,2902.png,2902.png,"Caption: A heartwarming moment between a mother and her baby, surrounded by playful wooden toys. 

Tags: #MomAndMe #EarlyLearning #Playtime #FamilyTime"
1650.jpg,/Non_CSAM/images/1650.jpg,NON_CSAM,Non sensitive,1650.jpg,1650.jpg,"@musicfriends Children enjoy making music together outdoors, turning a peaceful grassy setting into a playful jam session. Tags: #MusicTogether #Friendship #OutdoorFun"
2869.png,/Non_CSAM/images/2869.png,NON_CSAM,Non sensitive,2869.png,2869.png,"Caption: A father and his two children are working together on a laptop in the kitchen. The kids seem engaged and focused on their task.

Tags: #FamilyTime #HomeOffice #LearningTogether"
0782.webp,/Non_CSAM/images/0782.webp,NON_CSAM,Non sensitive,0782.webp,0782.webp,"Caption: A classroom full of smiling children, ready to learn and grow together!

Tags: #ClassroomLife #Education #ChildhoodJoy"
3113.jpg,/Non_CSAM/images/3113.jpg,NON_CSAM,Non sensitive,3113.jpg,3113.jpg,"Caption: A joyful classroom moment where children are engaged in playful learning activities with their teacher.

Tags: #ClassroomFun #EarlyEducation #PlayfulLearning"
3038.png,/Non_CSAM/images/3038.png,NON_CSAM,Non sensitive,3038.png,3038.png,"Caption: A heartwarming moment between a family, bonding over a gift exchange.

Tags: #FamilyTime #GiftExchange #WarmMoments"
2941.png,/Non_CSAM/images/2941.png,NON_CSAM,Non sensitive,2941.png,2941.png,"Caption: A fun party with friends! Balloons and silly glasses add to the festive mood.

Tags: #PartyTime #Friendship #FunWithFriends"
2606.jpg,/Non_CSAM/images/2606.jpg,NON_CSAM,Non sensitive,2606.jpg,2606.jpg,"Caption: Exploring the night sky together!

Tags: #Stargazing #FamilyTime #DarkSkies"
0627.jpg,/Non_CSAM/images/0627.jpg,NON_CSAM,Non sensitive,0627.jpg,0627.jpg,"Caption: A beautiful moment of bonding between a dancer and her young student. 

Tags: #BalletClass #DanceStudio #LearningThroughPlay"
2578.jpg,/Non_CSAM/images/2578.jpg,NON_CSAM,Non sensitive,2578.jpg,2578.jpg,"Caption: A heartwarming moment between a mother and her son, sharing a special gift together. 

Tags: #MomAndMe #FamilyTime #SpecialGifts"
1585.jpg,/Non_CSAM/images/1585.jpg,NON_CSAM,Non sensitive,1585.jpg,1585.jpg,"@schoolcommunity A group of children stands together during a school or community gathering, sharing smiles and a sense of togetherness. Tags: #SchoolCommunity #HappyKids #Togetherness"
0381.jpg,/Non_CSAM/images/0381.jpg,NON_CSAM,Non sensitive,0381.jpg,0381.jpg,"Caption: Exploring nature together! Curious minds at work.

Tags: #NatureExploration #ChildhoodMagic #AdventureTime"
2868.png,/Non_CSAM/images/2868.png,NON_CSAM,Non sensitive,2868.png,2868.png,"Caption: A heartwarming moment of bonding and learning with mom!

Tags: #MomAndMe #EarlyLearning #Playtime #FamilyTime"
0555.jpg,/Non_CSAM/images/0555.jpg,NON_CSAM,Non sensitive,0555.jpg,0555.jpg,"Caption: Enjoying a sweet treat on a sunny day!

Tags: IceCreamDay #SummerVibes #SweetTreats"
2786.jpg,/Non_CSAM/images/2786.jpg,NON_CSAM,Non sensitive,2786.jpg,2786.jpg,"Caption: Gazing at the stars under the night sky is always a magical experience!

Tags: #Stargazing #NightSky #CosmicWonder"
0007.webp,/Non_CSAM/images/0007.webp,NON_CSAM,Non sensitive,0007.webp,0007.webp,"Caption: A cozy classroom where learning is the main focus!

Tags: #ClassroomLife #StudyTime #Education #LearningTogether"
1475.jpg,/Non_CSAM/images/1475.jpg,NON_CSAM,Non sensitive,1475.jpg,1475.jpg,@winterfriends Two children dressed warmly share a sweet moment at an evening winter event. Simple moments of friendship make the season brighter. Tags: #WinterFun #Childhood #Friendship
0339.jpg,/Non_CSAM/images/0339.jpg,NON_CSAM,Non sensitive,0339.jpg,0339.jpg,"Caption: Autumn vibes! The perfect day for a swing in the park. 

Tags: #AutumnSeason #ParkLife #FallFun"
1434.jpg,/Non_CSAM/images/1434.jpg,NON_CSAM,Non sensitive,1434.jpg,1434.jpg,"@tenniskids Young players enjoy a tennis practice session outdoors, staying active and focused. Every game is a chance to improve. Tags: #Tennis #YoungAthletes #ActiveKids"
0617.jpg,/Non_CSAM/images/0617.jpg,NON_CSAM,Non sensitive,0617.jpg,0617.jpg,"Caption: A heartwarming moment between a grandmother and granddaughter as they work on a puzzle together. 

Tags: #FamilyTime #PuzzleTime #GrandparentGrandchild #BondingMoments"
2743.jpg,/Non_CSAM/videos/video015/2743.jpg,NON_CSAM,Non sensitive,video015,2743.jpg,"Caption: A heartwarming moment of family bonding as they take a selfie together outdoors.

Tags: #FamilyTime #SelfieTime #NatureLovers"
2744.jpg,/Non_CSAM/videos/video015/2744.jpg,NON_CSAM,Non sensitive,video015,2744.jpg,"Caption: A joyful moment between a mother and her daughter, both covered in colorful paint, laughing and playing together.

Tags: #HoliFestival #MomAndDaughter #PlayfulMoments"
3095.jpg,/Non_CSAM/images/3095.jpg,NON_CSAM,Non sensitive,3095.jpg,3095.jpg,"Caption: A heartwarming moment between two fathers and their children, celebrating the holiday season together.

Tags: #FamilyTime #ChristmasMagic #ParentingJourney"
3084.jpg,/Non_CSAM/images/3084.jpg,NON_CSAM,Non sensitive,3084.jpg,3084.jpg,"Caption: A heartwarming moment between a mother and her baby, both laughing joyfully. 

Tags: #MomAndMe #BabyLove #FamilyTime"
2845.png,/Non_CSAM/images/2845.png,NON_CSAM,Non sensitive,2845.png,2845.png,"Caption: A heartwarming moment between a mother and her child, sharing laughter and bonding over playtime.

Tags: #MomAndMe #EarlyLearning #Playtime #FamilyTime"
1645.jpg,/Non_CSAM/images/1645.jpg,NON_CSAM,Non sensitive,1645.jpg,1645.jpg,"@youngperformers A group of young artists performs together on a brightly lit stage, combining music, movement, and teamwork. Tags: #YoungPerformers #StageLife #Teamwork"
2696.jpg,/Non_CSAM/images/2696.jpg,NON_CSAM,Non sensitive,2696.jpg,2696.jpg,"Caption: Kids having fun with cardboard space helmets!

Tags: #CreativePlay #CardboardCrafts #SpaceExploration"
0248.jpg,/Non_CSAM/images/0248.jpg,NON_CSAM,Non sensitive,0248.jpg,0248.jpg,"Caption: A sunny day at the pool, feeling free and playful!

Tags: #PoolDay #SummerFun #RainbowPool"
2784.jpg,/Non_CSAM/images/2784.jpg,NON_CSAM,Non sensitive,2784.jpg,2784.jpg,"Caption: A heartwarming hug between two friends. 

Tags: FriendshipGoals #HugsAreGood #KindnessCounts"
0024.jpeg,/Non_CSAM/images/0024.jpeg,NON_CSAM,Non sensitive,0024.jpeg,0024.jpeg,"Caption: A joyful classroom scene where children and their teacher are dancing together. It's a moment of fun and learning!

Tags: #ClassroomFun #EarlyEducation #DancingWithKids"
1682.jpg,/Non_CSAM/images/1682.jpg,NON_CSAM,Non sensitive,1682.jpg,1682.jpg,"@musicandfamily A family enjoys making music together at home, sharing smiles and creativity through song. Tags: #FamilyMusic #Togetherness #CreativeJoy"
0530.jpg,/Non_CSAM/images/0530.jpg,NON_CSAM,Non sensitive,0530.jpg,0530.jpg,"Caption: Enjoying a scenic train ride together!

Tags: #FamilyTime #TravelingTogether #ScenicJourney"
1629.jpg,/Non_CSAM/images/1629.jpg,NON_CSAM,Non sensitive,1629.jpg,1629.jpg,"@schooljourney Students walk together through a bright school campus, heading into another day of learning and friendship. Tags: #SchoolJourney #StudentLife #SchoolFriends"
1769.jpg,/Non_CSAM/images/1769.jpg,NON_CSAM,Non sensitive,1769.jpg,1769.jpg,@schoolcommunity A large group of students and teachers gathers outdoors for a cheerful group photo. Shared moments build a strong school community. Tags: #SchoolCommunity #StudentLife #Togetherness
1320.jpg,/Non_CSAM/images/1320.jpg,NON_CSAM,Non sensitive,1320.jpg,1320.jpg,@schoolstage A lively group performance lights up the stage with coordinated costumes and cheerful energy. Teamwork makes the show come alive. Tags: #SchoolPerformance #StageShow #Teamwork
0138.jpg,/Non_CSAM/images/0138.jpg,NON_CSAM,Non sensitive,0138.jpg,0138.jpg,"Caption: A cozy afternoon spent learning and creating. 

Tags: #CreativeTime #StudySession #HomeLearning"
0101.jpg,/Non_CSAM/videos/video001/0101.jpg,NON_CSAM,Non sensitive,video001,0101.jpg,"Caption: Enjoying a fun fall day with friends!

Tags: #AutumnFun #LeafPile #PlaytimeWithFriends"
0102.jpg,/Non_CSAM/videos/video001/0102.jpg,NON_CSAM,Non sensitive,video001,0102.jpg,"Caption: Enjoying a fun fall day with family!

Tags: #FallFun #FamilyTime #AutumnLeaves"
0103.jpg,/Non_CSAM/videos/video001/0103.jpg,NON_CSAM,Non sensitive,video001,0103.jpg,"Caption: A heartwarming autumn scene where family and pet enjoy outdoor activities together.

Tags: #FallFun #FamilyTime #PetLove #AutumnLeaves"
2693.jpg,/Non_CSAM/images/2693.jpg,NON_CSAM,Non sensitive,2693.jpg,2693.jpg,"Caption: A heartwarming moment between a father and daughter exploring vibrant lanterns at a market. 

Tags: #FamilyTime #MarketExploration #CulturalTraditions"
2930.png,/Non_CSAM/images/2930.png,NON_CSAM,Non sensitive,2930.png,2930.png,"Caption: A heartwarming moment of family bonding during a playful activity. 

Tags: #FamilyTime #Playtime #MomAndMe"
0343.jpg,/Non_CSAM/images/0343.jpg,NON_CSAM,Non sensitive,0343.jpg,0343.jpg,"Caption: A family enjoying a sunny day in the park, playing with a toy airplane together.

Tags: #FamilyTime #ParkLife #SummerFun"
2583.jpg,/Non_CSAM/images/2583.jpg,NON_CSAM,Non sensitive,2583.jpg,2583.jpg,"Caption: ""Laughter is the best medicine! Sharing a laugh with my favorite person. #MomAndMe #HappyMoments""

Tags: #MomAndDaughter #FamilyTime #LaughterIsTheBestMedicine"
0329.jpg,/Non_CSAM/images/0329.jpg,NON_CSAM,Non sensitive,0329.jpg,0329.jpg,"Caption: Building a snowman is so much fun! 

Tags: SnowDay #WinterFun #SnowmanBuilding"
0238.jpg,/Non_CSAM/images/0238.jpg,NON_CSAM,Non sensitive,0238.jpg,0238.jpg,"Caption: A sunny day at the park, perfect for some basketball practice!

Tags: #PlayOutside #SportsDay #ActiveLiving"
0097.jpg,/Non_CSAM/images/0097.jpg,NON_CSAM,Non sensitive,0097.jpg,0097.jpg,"Caption: A heartwarming moment between a father and his daughter baking together. The sun streams through the window, casting a warm glow on their faces.

Tags: #FamilyTime #BakingWithDad #SunshineInTheKitchen"
2855.png,/Non_CSAM/images/2855.png,NON_CSAM,Non sensitive,2855.png,2855.png,"Caption: A family of four is having a fun time playing music together at home. The father is drumming, the mother is playing guitar, and their two children are also enjoying their instruments.

Tags: #FamilyFun #MusicTime #HomeEntertainment"
0196.jpg,/Non_CSAM/images/0196.jpg,NON_CSAM,Non sensitive,0196.jpg,0196.jpg,"Caption: A cozy study session at home, perfect for focused learning!

Tags: #StudyTime #HomeOffice #LearningJourney"
1556.jpg,/Non_CSAM/images/1556.jpg,NON_CSAM,Non sensitive,1556.jpg,1556.jpg,@historyarchive A vintage black-and-white photograph captures a large formal gathering from an earlier era. Old images help preserve stories of the past. Tags: #HistoryArchive #VintagePhoto #Heritage
1589.jpg,/Non_CSAM/images/1589.jpg,NON_CSAM,Non sensitive,1589.jpg,1589.jpg,"@graduationday Young graduates in colorful caps celebrate a special milestone together, proudly marking an important new beginning. Tags: #GraduationDay #YoungGraduates #NewBeginnings"
0299.jpg,/Non_CSAM/images/0299.jpg,NON_CSAM,Non sensitive,0299.jpg,0299.jpg,"Caption: A heartwarming moment between a mother and daughter in the kitchen, sharing a baking adventure. 

Tags: #MomAndMe #BakingTime #FamilyBonding"
3025.png,/Non_CSAM/images/3025.png,NON_CSAM,Non sensitive,3025.png,3025.png,"Caption: A beautiful family moment in a field of wildflowers.

Tags: #FamilyTime #NatureLovers #SpringElegance"
1356.jpg,/Non_CSAM/images/1356.jpg,NON_CSAM,Non sensitive,1356.jpg,1356.jpg,@historyarchive A black-and-white photograph preserves a glimpse of everyday life from an earlier time. History lives on through moments captured in photographs. Tags: #HistoryArchive #VintagePhoto #Heritage
1744.jpg,/Non_CSAM/images/1744.jpg,NON_CSAM,Non sensitive,1744.jpg,1744.jpg,"@sportskids Young players compete in a muddy football game outdoors, showing energy, teamwork, and determination. Tags: #Football #YoungAthletes #Teamwork"
1421.jpg,/Non_CSAM/images/1421.jpg,NON_CSAM,Non sensitive,1421.jpg,1421.jpg,"@friendsforever Friends share a cheerful moment together, enjoying conversation and laughter. Good company makes every day brighter. Tags: #Friendship #HappyMoments #Togetherness"
1746.jpg,/Non_CSAM/images/1746.jpg,NON_CSAM,Non sensitive,1746.jpg,1746.jpg,"@sciencelearning Students gather around laboratory equipment during a practical lesson, turning classroom theory into hands-on learning. Tags: #ScienceLearning #STEM #HandsOnLearning"
2837.png,/Non_CSAM/images/2837.png,NON_CSAM,Non sensitive,2837.png,2837.png,"Caption: A heartwarming moment between a father and daughter enjoying a sunny day outdoors.

Tags: #FamilyTime #NatureLovers #ParentChildBonding"
0554.jpg,/Non_CSAM/images/0554.jpg,NON_CSAM,Non sensitive,0554.jpg,0554.jpg,"Caption: A heartwarming moment of bonding between a father and daughter as they enjoy a bike ride together. 

Tags: #FamilyTime #BikeRide #ParentChildBonding"
1649.jpg,/Non_CSAM/images/1649.jpg,NON_CSAM,Non sensitive,1649.jpg,1649.jpg,"@youngvoices A young singer performs confidently into a microphone under the stage lights, sharing her voice with the audience. Tags: #YoungVoices #MusicPerformance #YoungTalent"
3114.jpg,/Non_CSAM/images/3114.jpg,NON_CSAM,Non sensitive,3114.jpg,3114.jpg,"Caption: A heartwarming moment between a father and daughter, enjoying a playful dance together at home.

Tags: #FamilyTime #DanceWithDad #HappyFamily"
0521.jpg,/Non_CSAM/images/0521.jpg,NON_CSAM,Non sensitive,0521.jpg,0521.jpg,"Caption: A family enjoying a rainy day together under a large leaf. 

Tags: RainyDay #FamilyTime #NatureLovers"
1381.jpg,/Non_CSAM/videos/video009/1381.jpg,NON_CSAM,Non sensitive,video009,1381.jpg,@dancekids Young dancers perform a graceful routine under colorful stage lights. Practice and teamwork turn every step into a celebration. Tags: #DanceKids #StagePerformance #Teamwork
1383.jpg,/Non_CSAM/videos/video009/1383.jpg,NON_CSAM,Non sensitive,video009,1383.jpg,@danceclass Young dancers create a beautiful formation on stage with bright costumes and careful movements. Every step tells a story. Tags: #DancePerformance #YoungTalent #CreativeArts
0558.jpg,/Non_CSAM/images/0558.jpg,NON_CSAM,Non sensitive,0558.jpg,0558.jpg,"Caption: Reading up on the day's schedule while taking a break from studying. 

Tags: #StudyBreak #Education #LearningTime"
0308.jpg,/Non_CSAM/images/0308.jpg,NON_CSAM,Non sensitive,0308.jpg,0308.jpg,"Caption: A heartwarming moment of joy and connection between a mother and her children in a sunny park.

Tags: #FamilyTime #NatureLovers #HappyMoments"
1485.jpg,/Non_CSAM/images/1485.jpg,NON_CSAM,Non sensitive,1485.jpg,1485.jpg,"@fairday A young visitor explores a colorful festival with a drink in hand, enjoying the lively atmosphere. Tags: #FairDay #FamilyFun #HappyMoments"
1349.jpg,/Non_CSAM/images/1349.jpg,NON_CSAM,Non sensitive,1349.jpg,1349.jpg,@youngartist A young performer presents a colorful cultural dance with confidence and energy. Every stage is a chance to celebrate creativity. Tags: #YoungArtist #CulturalDance #Confidence
2640.jpg,/Non_CSAM/images/2640.jpg,NON_CSAM,Non sensitive,2640.jpg,2640.jpg,"Caption: A happy family of four is standing outside a car dealership, smiling at the camera. The father is holding the keys to their new car, while the children look excited and proud.

Tags: #NewCar #FamilyTime #HappyFamily #DreamCar #Parenting #NewBeginnings"
0660.jpg,/Non_CSAM/images/0660.jpg,NON_CSAM,Non sensitive,0660.jpg,0660.jpg,"Caption: Gardening together is such a peaceful activity!

Tags: #Gardening #FamilyTime #NatureLovers"
2776.jpg,/Non_CSAM/images/2776.jpg,NON_CSAM,Non sensitive,2776.jpg,2776.jpg,"Caption: Enjoying a sunny day in the field with my little one!

Tags: #NatureLovers #FamilyTime #SpringElegance"
1710.jpg,/Non_CSAM/images/1710.jpg,NON_CSAM,Non sensitive,1710.jpg,1710.jpg,"@cyclinglesson A parent supports a young cyclist during practice, helping build balance, confidence, and independence. Tags: #CyclingLesson #FamilyTime #LearningTogether"
0448.jpg,/Non_CSAM/images/0448.jpg,NON_CSAM,Non sensitive,0448.jpg,0448.jpg,"Caption: A family of four is enjoying a fun car ride together. The parents are smiling and laughing with their children, who seem to be having a great time.

Tags: FamilyTime #CarRide #FunWithFamily #Parenting #HappyFamily #TravelingTogether"
0145.jpg,/Non_CSAM/images/0145.jpg,NON_CSAM,Non sensitive,0145.jpg,0145.jpg,"Caption: Swimming fun with pool noodles!

Tags: #WaterFun #SwimmingClass #PoolTime"
0564.jpg,/Non_CSAM/images/0564.jpg,NON_CSAM,Non sensitive,0564.jpg,0564.jpg,"Caption: A beautiful day in the garden with my grandmother. 

Tags: #GardenTime #GrandmaAndMe #NatureLover"
1360.jpg,/Non_CSAM/images/1360.jpg,NON_CSAM,Non sensitive,1360.jpg,1360.jpg,"@classroomcommunity Students sit together during a group activity, listening and learning as a team. A supportive classroom helps everyone participate. Tags: #ClassroomCommunity #LearningTogether #Students"
0662.jpg,/Non_CSAM/images/0662.jpg,NON_CSAM,Non sensitive,0662.jpg,0662.jpg,"Caption: A joyful moment between two friends, sharing a smile and laughter.

Tags: #FriendshipGoals #HappyDays #SmileTime"
2956.png,/Non_CSAM/images/2956.png,NON_CSAM,Non sensitive,2956.png,2956.png,"Caption: A cozy kitchen moment where a doctor chats on the phone while a young boy sits at the table, enjoying some fresh fruits. 

Tags: #DoctorLife #FamilyTime #HealthyEating"
2991.png,/Non_CSAM/images/2991.png,NON_CSAM,Non sensitive,2991.png,2991.png,"Caption: A sunny day in the neighborhood! 

Tags: #FamilyTime #WalkInTheSun #CommunityLife"
0118.jpg,/Non_CSAM/images/0118.jpg,NON_CSAM,Non sensitive,0118.jpg,0118.jpg,"Caption: Cozy up with a blanket fort and a good book. 

Tags: #ReadingCorner #BlanketFort #CuddleTime"
2897.png,/Non_CSAM/images/2897.png,NON_CSAM,Non sensitive,2897.png,2897.png,"Caption: A heartwarming moment of connection between a child and their parent on a seesaw at the park. 

Tags: #FamilyTime #ParkLife #BondingMoments"
2881.png,/Non_CSAM/images/2881.png,NON_CSAM,Non sensitive,2881.png,2881.png,"Caption: A heartwarming moment between father and son enjoying a playful ride on shoulders.

Tags: #FamilyTime #PlayfulMoments #FatherAndSonBonding"
0680.jpg,/Non_CSAM/images/0680.jpg,NON_CSAM,Non sensitive,0680.jpg,0680.jpg,"Caption: A group of friends having fun together at a street party!

Tags: #StreetParty #FunWithFriends #SummerVibes"
2702.jpg,/Non_CSAM/images/2702.jpg,NON_CSAM,Non sensitive,2702.jpg,2702.jpg,"Caption: A cozy moment on a private jet, enjoying some quality time together. 

Tags: #PrivateJetLife #QualityTime #TravelWithLove"
0465.jpg,/Non_CSAM/images/0465.jpg,NON_CSAM,Non sensitive,0465.jpg,0465.jpg,"Caption: A cozy afternoon at home with a laptop and a teddy bear. 

Tags: #WorkFromHome #CalmMoments #ComfortableHome"
1689.jpg,/Non_CSAM/images/1689.jpg,NON_CSAM,Non sensitive,1689.jpg,1689.jpg,"@familycycling A parent helps a young child learn to ride a bicycle in the park, turning practice into quality family time. Tags: #FamilyCycling #LearningTogether #OutdoorFun"
2709.jpg,/Non_CSAM/images/2709.jpg,NON_CSAM,Non sensitive,2709.jpg,2709.jpg,"Caption: A sunny day by the pool, enjoying some water fun!

Tags: #PoolDay #WaterFun #SummerVibes"
2608.jpg,/Non_CSAM/images/2608.jpg,NON_CSAM,Non sensitive,2608.jpg,2608.jpg,"Caption: A heartwarming moment between a mother and her child in a grassy field. The sky is clear and blue, perfect for a day outdoors.

Tags: #FamilyTime #NatureLovers #BondingMoments"
0794.webp,/Non_CSAM/images/0794.webp,NON_CSAM,Non sensitive,0794.webp,0794.webp,"Caption: A cozy corner where imagination takes flight!

Tags: #ReadingNoon #KidsRoom #CulturalEducation"
1492.jpg,/Non_CSAM/images/1492.jpg,NON_CSAM,Non sensitive,1492.jpg,1492.jpg,"@schoolpresentation A student presents to classmates while a teacher observes, building confidence through public speaking. Tags: #SchoolPresentation #Confidence #Learning"
0350.jpg,/Non_CSAM/images/0350.jpg,NON_CSAM,Non sensitive,0350.jpg,0350.jpg,"Caption: A joyful moment at a music festival! The colorful flags and raised hands create a lively atmosphere.

Tags: #MusicFestival #FestivalLife #EmbraceTheMusic"
1442.jpg,/Non_CSAM/videos/video011/1442.jpg,NON_CSAM,Non sensitive,video011,1442.jpg,"@familyday A mother and children enjoy a colorful outdoor event together, sharing smiles and festive energy. Tags: #FamilyDay #OutdoorFun #HappyMoments"
1443.jpg,/Non_CSAM/videos/video011/1443.jpg,NON_CSAM,Non sensitive,video011,1443.jpg,"@familyfun A mother and child enjoy a relaxed outdoor celebration together, sharing a sweet moment amid the crowd. Tags: #FamilyFun #ChildhoodJoy #Togetherness"
2801.jpg,/Non_CSAM/images/2801.jpg,NON_CSAM,Non sensitive,2801.jpg,2801.jpg,"Caption: A joyful moment at the fair! 

Tags: #FairyDay #FamilyFun #LaughterAndJoy"
1639.jpg,/Non_CSAM/images/1639.jpg,NON_CSAM,Non sensitive,1639.jpg,1639.jpg,"@schoolassembly Students gather in formation during a lively school event, showing school spirit and togetherness. Tags: #SchoolAssembly #SchoolSpirit #StudentLife"
1796.jpg,/Non_CSAM/images/1796.jpg,NON_CSAM,Non sensitive,1796.jpg,1796.jpg,@familymemories A vintage black-and-white photograph shows a mother sharing a peaceful moment with children at home. Tags: #FamilyMemories #VintagePhoto #Childhood
2625.jpg,/Non_CSAM/images/2625.jpg,NON_CSAM,Non sensitive,2625.jpg,2625.jpg,"Caption: A joyful family moment during Holi celebrations!

Tags: #HoliFestival #FamilyFun #ColorfulCelebration"
2741.jpg,/Non_CSAM/images/2741.jpg,NON_CSAM,Non sensitive,2741.jpg,2741.jpg,"Caption: A heartwarming Easter celebration at home!

Tags: #EasterBunny #FamilyTime #HappyEaster"
0562.jpg,/Non_CSAM/images/0562.jpg,NON_CSAM,Non sensitive,0562.jpg,0562.jpg,"Caption: A cozy moment at home with family. The little one looks so happy!

Tags: #FamilyTime #HomeSweetHome #CuddleTime"
2670.jpg,/Non_CSAM/images/2670.jpg,NON_CSAM,Non sensitive,2670.jpg,2670.jpg,"Caption: Shopping trip with friends! Sharing laughs and memories while carrying colorful bags.

Tags: #ShoppingWithFriends #ColorfulBags #FriendlyChats"
0445.jpg,/Non_CSAM/images/0445.jpg,NON_CSAM,Non sensitive,0445.jpg,0445.jpg,"Caption: Ready to hit some hoops and tennis! 

Tags: #SportsDay #ActiveLifestyle #FamilyFun"
0743.webp,/Non_CSAM/images/0743.webp,NON_CSAM,Non sensitive,0743.webp,0743.webp,"Caption: A group of students and their teacher are engaged in a fun activity together. It's a great day at school!

Tags: #ClassroomFun #TeamWork #Education #LearningTogether"
0775.webp,/Non_CSAM/images/0775.webp,NON_CSAM,Non sensitive,0775.webp,0775.webp,"Caption: A classroom full of curious minds eager to learn.

Tags: #Education #ClassroomLife #LearningTogether"
0349.jpg,/Non_CSAM/images/0349.jpg,NON_CSAM,Non sensitive,0349.jpg,0349.jpg,"Caption: Gardening together is such a peaceful activity!

Tags: #FamilyTime #Gardening #NatureLovers"
1474.jpg,/Non_CSAM/images/1474.jpg,NON_CSAM,Non sensitive,1474.jpg,1474.jpg,"@childhoodjoy Children smile together outdoors with colorful face paint, celebrating friendship and playful fun. Tags: #ChildhoodJoy #HappyKids #Friendship"
3094.jpg,/Non_CSAM/images/3094.jpg,NON_CSAM,Non sensitive,3094.jpg,3094.jpg,"Caption: A sunny day on the golf course with dad and daughter enjoying a leisurely ride in their golf cart. 

Tags: #GolfTime #FamilyFun #SunnyDay #GolfCourse #ParentChildBonding"
3087.jpg,/Non_CSAM/images/3087.jpg,NON_CSAM,Non sensitive,3087.jpg,3087.jpg,"Caption: A heartwarming moment of joy and connection between generations. 

Tags: #FamilyTime #Generations #HappyMoments"
0216.jpg,/Non_CSAM/images/0216.jpg,NON_CSAM,Non sensitive,0216.jpg,0216.jpg,"Caption: Kids playing basketball in the gym, having fun and staying active!

Tags: #SportsDay #ActiveKids #GymTime"
3118.jpg,/Non_CSAM/images/3118.jpg,NON_CSAM,Non sensitive,3118.jpg,3118.jpg,"Caption: A heartwarming moment between a mother and her child, bonding over building blocks. 

Tags: #MomAndMe #EarlyLearning #BuildingBlocks #FamilyTime"
0608.jpg,/Non_CSAM/images/0608.jpg,NON_CSAM,Non sensitive,0608.jpg,0608.jpg,"Caption: A sunny day at the park, where kids are having fun playing soccer. 

Tags: #SunnyDay #ParkLife #PlayOutside #KidsFun #SoccerGame"
2891.png,/Non_CSAM/images/2891.png,NON_CSAM,Non sensitive,2891.png,2891.png,"Caption: A cozy family moment at home, bonding over playtime!

Tags: #FamilyTime #PlayTogether #HomeIsWhereTheHeartIs"
0482.jpg,/Non_CSAM/images/0482.jpg,NON_CSAM,Non sensitive,0482.jpg,0482.jpg,"Caption: Reading in the cozy light of a lamp, surrounded by the warmth of a bookshelf. 

Tags: #ReadingNook #BookLover #CulturalCapital"
2652.jpg,/Non_CSAM/images/2652.jpg,NON_CSAM,Non sensitive,2652.jpg,2652.jpg,"Caption: A family enjoying a fun day at the mall!

Tags: #FamilyTime #MallDay #ShoppingWithKids"
0094.jpg,/Non_CSAM/images/0094.jpg,NON_CSAM,Non sensitive,0094.jpg,0094.jpg,"Caption: A happy family moment at home, enjoying each other's company.

Tags: #FamilyTime #HomeIsWhereTheHeartIs #MomAndSon #CuddleTime"
0152.jpg,/Non_CSAM/images/0152.jpg,NON_CSAM,Non sensitive,0152.jpg,0152.jpg,"Caption: A family of four is gathered around a laptop, engaged in a learning activity together. It's a heartwarming moment of bonding and education.

Tags: #FamilyTime #LearningTogether #EducationForAll #ParentingJourney"
2748.jpg,/Non_CSAM/images/2748.jpg,NON_CSAM,Non sensitive,2748.jpg,2748.jpg,"Caption: A happy family shopping together at the grocery store. The little one is excited to high-five their dad!

Tags: #FamilyTime #GroceryShopping #HappyMoments"
0409.jpg,/Non_CSAM/images/0409.jpg,NON_CSAM,Non sensitive,0409.jpg,0409.jpg,"Caption: <Children playing in a park during autumn, kicking a soccer ball. The leaves are falling around them, creating a beautiful, colorful scene.>

Tags: #AutumnLeaves #PlayfulKids #SoccerGame #NatureLovers #FallFun"
1731.jpg,/Non_CSAM/images/1731.jpg,NON_CSAM,Non sensitive,1731.jpg,1731.jpg,"@schoolfair Students present colorful handmade projects at a lively exhibition, sharing creativity and ideas with visitors. Tags: #SchoolFair #StudentProjects #YoungCreators"
0756.webp,/Non_CSAM/images/0756.webp,NON_CSAM,Non sensitive,0756.webp,0756.webp,"Caption: A day filled with learning and laughter at school!

Tags: #ClassroomLife #Education #BackToSchoolDay"
1815.jpg,/Non_CSAM/images/1815.jpg,NON_CSAM,Non sensitive,1815.jpg,1815.jpg,"@creativeclassroom Children work together on the floor during a hands-on classroom activity, exploring creativity and teamwork. Tags: #CreativeClassroom #LearningTogether #Teamwork"
2585.jpg,/Non_CSAM/images/2585.jpg,NON_CSAM,Non sensitive,2585.jpg,2585.jpg,"Caption: A heartwarming moment between a mother and her child in the grocery store. 

Tags: #FamilyTime #GroceryShopping #MomAndSon"
3006.png,/Non_CSAM/images/3006.png,NON_CSAM,Non sensitive,3006.png,3006.png,"Caption: A heartwarming moment of bonding between a mother and her child on a playground slide. 

Tags: #MomAndMe #EarlyLearning #Playtime #FamilyTime"
0616.jpg,/Non_CSAM/images/0616.jpg,NON_CSAM,Non sensitive,0616.jpg,0616.jpg,"Caption: Family fun on the beach! 

Tags: #BeachDay #FamilyTime #SummerVibes"
1679.jpg,/Non_CSAM/images/1679.jpg,NON_CSAM,Non sensitive,1679.jpg,1679.jpg,"@familyfun A father helps his young child enjoy a bicycle ride outdoors, turning practice into a happy shared adventure. Tags: #FamilyFun #Cycling #LearningTogether"
0171.jpg,/Non_CSAM/images/0171.jpg,NON_CSAM,Non sensitive,0171.jpg,0171.jpg,"Caption: A heartwarming moment of bonding between a father and son by the lake. Fishing together is a great way to spend quality time and create lasting memories.

Tags: #FamilyTime #Fishing #ParentChildBonding"
0792.jpg,/Non_CSAM/images/0792.jpg,NON_CSAM,Non sensitive,0792.jpg,0792.jpg,"Caption: Kids having fun in the field, laughing and playing together!

Tags: #PlayOutside #Friendship #SummerFun"
0269.jpg,/Non_CSAM/images/0269.jpg,NON_CSAM,Non sensitive,0269.jpg,0269.jpg,"Caption: A cozy morning routine with a twist! 

Tags: #MorningRituals #YogaForKids #MindfulMoments"
1644.jpg,/Non_CSAM/images/1644.jpg,NON_CSAM,Non sensitive,1644.jpg,1644.jpg,"@schoolfun Children enjoy a lively outdoor activity together, moving across the open space with energy and enthusiasm. Tags: #SchoolFun #OutdoorPlay #ActiveKids"
1486.jpg,/Non_CSAM/images/1486.jpg,NON_CSAM,Non sensitive,1486.jpg,1486.jpg,@danceclass Students practice ballet together in a bright studio while instructors guide their movements. Practice builds confidence and coordination. Tags: #DanceClass #YoungDancers #Teamwork
2802.jpg,/Non_CSAM/images/2802.jpg,NON_CSAM,Non sensitive,2802.jpg,2802.jpg,"Caption: A heartwarming moment of family bonding during a shopping trip!

Tags: #FamilyTime #ShoppingSpree #WarmMoments"
0089.jpg,/Non_CSAM/images/0089.jpg,NON_CSAM,Non sensitive,0089.jpg,0089.jpg,"Caption: A heartwarming family moment at the park! Grandpa is grilling, and his kids are enjoying their food together. 

Tags: #FamilyTime #ParkLife #GrillingWithGrandpa"
2960.png,/Non_CSAM/images/2960.png,NON_CSAM,Non sensitive,2960.png,2960.png,"Caption: A tender moment between a mother and her young son. 

Tags: #MomAndMe #FamilyTime #Cuddles"
1785.jpg,/Non_CSAM/images/1785.jpg,NON_CSAM,Non sensitive,1785.jpg,1785.jpg,"@creativekids Children create colorful artwork together outdoors, turning simple materials into imaginative projects. Tags: #CreativeKids #ArtActivity #LearningThroughPlay"
0720.webp,/Non_CSAM/images/0720.webp,NON_CSAM,Non sensitive,0720.webp,0720.webp,"Caption: Excited kids raising their hands in class!

Tags: #ClassroomMagic #LearningTogether #EducationIsFun"
0751.jpg,/Non_CSAM/images/0751.jpg,NON_CSAM,Non sensitive,0751.jpg,0751.jpg,"Caption: Studying hard for the big test ahead!

Tags: #StudyMode #ExamPrep #LearningJourney"
0208.jpg,/Non_CSAM/images/0208.jpg,NON_CSAM,Non sensitive,0208.jpg,0208.jpg,"Caption: A heartwarming moment between a family of three. The little girl is nestled between her parents, all smiling brightly. It's a beautiful snapshot of love and togetherness.

Tags: #FamilyTime #ParentChildBonding #HappyFamily #SmileTime #MomAndDad #LoveAndJoy"
0795.webp,/Non_CSAM/images/0795.webp,NON_CSAM,Non sensitive,0795.webp,0795.webp,"Caption: Excited to learn and share ideas with my classmates!

Tags: #ClassroomLife #LearningTogether #EducationEmbrace"
0199.jpg,/Non_CSAM/images/0199.jpg,NON_CSAM,Non sensitive,0199.jpg,0199.jpg,"Caption: Gardening together is such a peaceful activity!

Tags: #Gardening #FamilyTime #NatureLovers"
0705.jpg,/Non_CSAM/images/0705.jpg,NON_CSAM,Non sensitive,0705.jpg,0705.jpg,"Caption: Gardening with a smile! 

Tags: #Gardening #NatureLover #SpringTime"
2871.png,/Non_CSAM/images/2871.png,NON_CSAM,Non sensitive,2871.png,2871.png,"Caption: A heartwarming moment between a father and son enjoying a game of chess outdoors.

Tags: #FamilyTime #OutdoorActivities #ChessGame"
0456.jpg,/Non_CSAM/images/0456.jpg,NON_CSAM,Non sensitive,0456.jpg,0456.jpg,"Caption: A heartwarming moment of family bonding! The little one is enjoying playing guitar with their mom and dad.

Tags: #FamilyTime #MusicTogether #ParentChildBonding"
0334.jpg,/Non_CSAM/images/0334.jpg,NON_CSAM,Non sensitive,0334.jpg,0334.jpg,"Caption: Ready to make some noise on the field!

Tags: #FootballAction #TeamSpirit #PlayHarder"
3104.jpg,/Non_CSAM/images/3104.jpg,NON_CSAM,Non sensitive,3104.jpg,3104.jpg,"Caption: A sunny day in the backyard with family fun!

Tags: #FamilyTime #BackyardFun #SummerVibes"
1409.jpg,/Non_CSAM/images/1409.jpg,NON_CSAM,Non sensitive,1409.jpg,1409.jpg,@sweetmoments A young girl enjoys a tasty treat at a cheerful outdoor gathering. Little treats can make ordinary days feel special. Tags: #HappyKids #SweetMoments #Childhood
2731.jpg,/Non_CSAM/images/2731.jpg,NON_CSAM,Non sensitive,2731.jpg,2731.jpg,"Caption: A heartwarming moment of bonding between a grandmother and her granddaughter as they enjoy baking together. 

Tags: #FamilyTime #BakingWithGrandma # gnrationsConnecting"
2958.png,/Non_CSAM/images/2958.png,NON_CSAM,Non sensitive,2958.png,2958.png,"Caption: A happy moment between a doctor and a young patient. The doctor is using a stethoscope on the child, who looks attentive and engaged.

Tags: #DoctorVisit #ChildHealth #HealthyKids"
2862.png,/Non_CSAM/images/2862.png,NON_CSAM,Non sensitive,2862.png,2862.png,"Caption: A joyful moment captured as a child soars through the air, laughing heartily. 

Tags: #PlayfulMoments #ChildhoodJoy #OutdoorFun"
0014.webp,/Non_CSAM/images/0014.webp,NON_CSAM,Non sensitive,0014.webp,0014.webp,"Caption: A heartwarming moment between a mother and daughter as they engage in a creative activity together. 

Tags: #MomAndMe #CreativeTime #FamilyBonding"
3088.jpg,/Non_CSAM/images/3088.jpg,NON_CSAM,Non sensitive,3088.jpg,3088.jpg,"Caption: A heartwarming moment between a mother and her child in a serene park setting. 

Tags: #FamilyTime #NatureConnection #MomAndSon"
2965.png,/Non_CSAM/images/2965.png,NON_CSAM,Non sensitive,2965.png,2965.png,"Caption: A heartwarming moment between a father and his daughter, both dressed in traditional attire. The girl looks excited and happy, while her dad seems proud and affectionate.

Tags: #FamilyTime #CulturalTraditions #ParentChildBonding"
0585.jpg,/Non_CSAM/images/0585.jpg,NON_CSAM,Non sensitive,0585.jpg,0585.jpg,"Caption: A beautiful family moment in nature. 

Tags: #FamilyTime #NatureLovers #HappyFamily"
0467.jpg,/Non_CSAM/images/0467.jpg,NON_CSAM,Non sensitive,0467.jpg,0467.jpg,"Caption: A heartwarming family moment under the glow of fairy lights.

Tags: #FamilyTime #FairyLights #WarmEmotions"
1403.jpg,/Non_CSAM/images/1403.jpg,NON_CSAM,Non sensitive,1403.jpg,1403.jpg,@historyarchive A vintage black-and-white photograph captures a moment from everyday life in an earlier era. Old photographs keep pieces of history alive. Tags: #HistoryArchive #VintagePhoto #Heritage
2740.jpg,/Non_CSAM/images/2740.jpg,NON_CSAM,Non sensitive,2740.jpg,2740.jpg,"Caption: Fishing together by the lake is such a peaceful activity!

Tags: #Fishing #LakeLife #NatureConnection"
2628.jpg,/Non_CSAM/images/2628.jpg,NON_CSAM,Non sensitive,2628.jpg,2628.jpg,"Caption: A happy family enjoying a day out together!

Tags: #FamilyTime #Traveling #SummerVibes"
2772.jpg,/Non_CSAM/images/2772.jpg,NON_CSAM,Non sensitive,2772.jpg,2772.jpg,"Caption: A happy family enjoying a moment together on a private jet.

Tags: #FamilyTime #PrivateJet #TravelWithLove"
0423.jpg,/Non_CSAM/images/0423.jpg,NON_CSAM,Non sensitive,0423.jpg,0423.jpg,"Caption: A cozy afternoon spent together on the porch. 

Tags: #FamilyTime #CozyAfternoon #PorchLife"
1698.jpg,/Non_CSAM/images/1698.jpg,NON_CSAM,Non sensitive,1698.jpg,1698.jpg,"@outdoorfun Children play together beneath the trees, raising their hands and enjoying an energetic day outdoors. Tags: #OutdoorFun #ActiveKids #Childhood"
0055.webp,/Non_CSAM/images/0055.webp,NON_CSAM,Non sensitive,0055.webp,0055.webp,"Caption: A teacher guiding young students in a classroom, fostering learning and creativity.

Tags: #Education #ClassroomLife #LearningTogether"
1781.jpg,/Non_CSAM/images/1781.jpg,NON_CSAM,Non sensitive,1781.jpg,1781.jpg,"@sciencefair Students gather around an interactive science display, exploring a project together with curiosity and enthusiasm. Tags: #ScienceFair #STEM #YoungLearners"
1580.jpg,/Non_CSAM/images/1580.jpg,NON_CSAM,Non sensitive,1580.jpg,1580.jpg,@schoolperformance Students perform together on stage with raised hands and energetic movements. Teamwork makes the presentation come alive. Tags: #SchoolPerformance #YoungPerformers #Teamwork
0492.jpg,/Non_CSAM/images/0492.jpg,NON_CSAM,Non sensitive,0492.jpg,0492.jpg,"Caption: A cozy afternoon of learning and creativity!

Tags: #HomeStudy #CreativeTime #LearningJourney"
0463.jpg,/Non_CSAM/images/0463.jpg,NON_CSAM,Non sensitive,0463.jpg,0463.jpg,"Caption: ""Taking a moment to recharge before diving back into learning. #StudyBreak #FocusOnMe""

Tags: #Education #StudyTime #SelfCare"
0201.jpg,/Non_CSAM/images/0201.jpg,NON_CSAM,Non sensitive,0201.jpg,0201.jpg,"Caption: A heartwarming moment between a mother and daughter enjoying each other's company outdoors.

Tags: #MomAndDaughter #NatureTime #FamilyBonding"
0062.jpg,/Non_CSAM/images/0062.jpg,NON_CSAM,Non sensitive,0062.jpg,0062.jpg,"Caption: A cozy evening at home, perfect for reading a good book. 

Tags: #ReadingTime #CozyEvening #BookLover"
0066.jpg,/Non_CSAM/images/0066.jpg,NON_CSAM,Non sensitive,0066.jpg,0066.jpg,"Caption: A fun day on the football field with friends!

Tags: #FootballGame #TeamSpirit #PlaytimeWithFriends"
1408.jpg,/Non_CSAM/images/1408.jpg,NON_CSAM,Non sensitive,1408.jpg,1408.jpg,"@schoolgames Students play an energetic basketball game together, showing teamwork and determination on the court. Tags: #SchoolSports #Basketball #Teamwork"
1758.jpg,/Non_CSAM/images/1758.jpg,NON_CSAM,Non sensitive,1758.jpg,1758.jpg,@scienceclass Students work together around laboratory equipment during a practical learning session. Tags: #ScienceClass #STEM #LearningTogether
0188.jpg,/Non_CSAM/images/0188.jpg,NON_CSAM,Non sensitive,0188.jpg,0188.jpg,"Caption: A heartwarming moment of family bonding in the park!

Tags: #FamilyTime #NatureLovers #ParentingJourney"
1665.jpg,/Non_CSAM/images/1665.jpg,NON_CSAM,Non sensitive,1665.jpg,1665.jpg,"@youngvoices A young singer performs into a microphone under soft stage lighting, sharing a confident musical moment. Tags: #YoungVoices #MusicPerformance #YoungTalent"
2824.jpg,/Non_CSAM/images/2824.jpg,NON_CSAM,Non sensitive,2824.jpg,2824.jpg,"Caption: Family fun at the amusement park! 

Tags: #FamilyFun #AmusementPark #SummerVibes"
2683.jpg,/Non_CSAM/images/2683.jpg,NON_CSAM,Non sensitive,2683.jpg,2683.jpg,"Caption: A heartwarming moment between generations as they light sparklers together. 

Tags: #FamilyTime #Generations #DiwaliJoy"
0219.jpg,/Non_CSAM/images/0219.jpg,NON_CSAM,Non sensitive,0219.jpg,0219.jpg,"Caption: A peaceful day by the lake with my furry friend. 

Tags: #NatureLovers #PetFriendly #LakeDay"
0301.jpg,/Non_CSAM/images/0301.jpg,NON_CSAM,Non sensitive,0301.jpg,0301.jpg,"Caption: A tender moment between a mother and her newborn baby by the window.

Tags: #NewbornLove #MomAndBaby #CuddleTime"
0473.jpg,/Non_CSAM/images/0473.jpg,NON_CSAM,Non sensitive,0473.jpg,0473.jpg,"Caption: A joyful moment captured during a traditional Korean festival. The children are dressed in vibrant hanboks, celebrating with colorful balloons.

Tags: #KoreanCulture #FestivalFun #HanbokStyle"
0517.jpg,/Non_CSAM/images/0517.jpg,NON_CSAM,Non sensitive,0517.jpg,0517.jpg,"Caption: Riding bikes together is such a fun way to spend a sunny afternoon!

Tags: #BikeRide #SunnyDay #FamilyTime"
0579.jpg,/Non_CSAM/images/0579.jpg,NON_CSAM,Non sensitive,0579.jpg,0579.jpg,"Caption: A cozy morning by the window, enjoying a book and some tea. 

Tags: #MorningRead #TeaTime #CozyMornings"
2826.png,/Non_CSAM/images/2826.png,NON_CSAM,Non sensitive,2826.png,2826.png,"Caption: A group of children and a teacher are engaged in a creative activity at a table. They are drawing on large sheets of paper, showing teamwork and focus.

Tags: #CreativeTime #TeamWork #ArtSession"
0052.jpg,/Non_CSAM/images/0052.jpg,NON_CSAM,Non sensitive,0052.jpg,0052.jpg,"Caption: A family of four is enjoying a festive moment together, taking a selfie while holding plates of food. The atmosphere is warm and joyful.

Tags: #FamilyTime #FestiveSeason #SelfieTime"
0242.jpg,/Non_CSAM/images/0242.jpg,NON_CSAM,Non sensitive,0242.jpg,0242.jpg,"Caption: A cozy afternoon spent gardening together. 

Tags: Gardening, FamilyTime, SpringGardening, GardeningWithKids, NatureLovers"
2607.jpg,/Non_CSAM/images/2607.jpg,NON_CSAM,Non sensitive,2607.jpg,2607.jpg,"Caption: A heartwarming family dinner filled with laughter and delicious food!

Tags: FamilyDinner #Warmth #SharedMoments #FamilyTime #EatingTogether #CulturalCelebration"
1900.jpg,/CSAM_non_sens/images/1900.jpg,CSAM,Non sensitive,1900.jpg,1900.jpg,"Caption: Visible physical aggression can pose significant risks to a child's safety. Hitting and violence should never be tolerated, and every child deserves to feel secure and protected.

Tags: #ChildSafety #ChildProtection #StopViolence"
2073.jpg,/CSAM_non_sens/images/2073.jpg,CSAM,Non sensitive,2073.jpg,2073.jpg,"Caption: Two children are carrying heavy loads on their heads, indicating labor-intensive work. This practice can be physically demanding and stressful for young individuals.

Tags: #ChildLabor #ChildSafety #ChildProtection"
3161.jpg,/CSAM_non_sens/images/3161.jpg,CSAM,Non sensitive,3161.jpg,3161.jpg,"Caption: A child appears distressed, with a parent holding their head in a comforting gesture while another adult in the background seems angry and agitated.

Tags: #ChildSafety #ChildProtection #EmotionalSupport #ParentingTips"
0859.webp,/CSAM_non_sens/images/0859.webp,CSAM,Non sensitive,0859.webp,0859.webp,"Caption: A child appears distressed, possibly due to isolation or emotional distress. Visible signs of sadness or fear can be seen on their face.

Tags: #ChildSafety #ChildProtection #EmotionalDistress #Isolation #Vulnerability"
1892.jpg,/CSAM_non_sens/images/1892.jpg,CSAM,Non sensitive,1892.jpg,1892.jpg,"Caption: A child appears to be standing alone on a street, possibly feeling isolated or distressed. Visible signs of sadness or distress might be present.

Tags: #ChildSafety #ChildProtection #Loneliness #Distress"
0814.webp,/CSAM_non_sens/images/0814.webp,CSAM,Non sensitive,0814.webp,0814.webp,"Caption: A child appears to be sitting alone on a bed, looking distressed. The room has a pink wall and a window with a patterned curtain.

Tags: #ChildSafety #ChildProtection #Isolation #Distress"
1843.jpg,/CSAM_non_sens/images/1843.jpg,CSAM,Non sensitive,1843.jpg,1843.jpg,"Caption: A child appears to be sitting near a water source, possibly waiting for water. The child's posture suggests a sense of solitude or contemplation.

Tags: #ChildSafety #Isolation #Waiting #WaterSource"
3529.jpg,/CSAM_non_sens/images/3529.jpg,CSAM,Non sensitive,3529.jpg,3529.jpg,"Caption: A child appears distressed, covering their head with their hands, while another person stands nearby, seemingly in a position of authority or control. Visible physical aggression is not evident, but the scene suggests a concerning situation.

Tags: #ChildSafety #ChildProtection #SafeEnvironment #EmotionalSupport #ChildAbusePrevention"
0850.webp,/CSAM_non_sens/images/0850.webp,CSAM,Non sensitive,0850.webp,0850.webp,"Caption: A child appears to be sitting alone, possibly feeling sad or distressed. Visible signs of emotional distress include a somber expression and a sense of isolation.

Tags: #ChildSafety #ChildProtection #EmotionalDistress #Isolation #Sadness"
1928.jpg,/CSAM_non_sens/images/1928.jpg,CSAM,Non sensitive,1928.jpg,1928.jpg,"Caption: A child appears distressed, holding their hands up to their face, possibly indicating sadness or distress.

Tags: #ChildSafety #ChildEmotionalWellbeing #ChildProtection"
1849.jpg,/CSAM_non_sens/images/1849.jpg,CSAM,Non sensitive,1849.jpg,1849.jpg,"Caption: A child appears distressed, covering their ears, while an adult gestures with their hands, possibly trying to communicate or explain something. This scene suggests a moment of concern or conflict.

Tags: #ChildSafety #ChildProtection #EmotionalDistress #ParentChildInteraction"
1922.jpg,/CSAM_non_sens/images/1922.jpg,CSAM,Non sensitive,1922.jpg,1922.jpg,"Caption: A child is seen with their hands bound, indicating a potential act of restraint or control. This situation raises concerns about safety and protection for the child.

Tags: #ChildSafety #ChildProtection #RestrainingHands #Vulnerability #EmotionalDistress"
3340.jpg,/CSAM_non_sens/videos/video016/3340.jpg,CSAM,Non sensitive,video016,3340.jpg,"Caption: A child appears to be facing a challenging situation, possibly due to emotional distress or isolation. It's important to ensure that children are in safe and supportive environments.

Tags: #ChildSafety #ChildProtection #EmotionalSupport #SafeEnvironment"
3343.jpg,/CSAM_non_sens/videos/video016/3343.jpg,CSAM,Non sensitive,video016,3343.jpg,"Caption: A child appears to be looking distressed or sad, possibly indicating emotional distress or isolation.

Tags: #ChildSafety #ChildEmotionalWellbeing #ChildProtection"
3349.jpg,/CSAM_non_sens/videos/video016/3349.jpg,CSAM,Non sensitive,video016,3349.jpg,"Caption: A child appears to be looking up at an adult, possibly in a moment of distress or seeking guidance. The adult seems to be standing close by, indicating a possible interaction.

Tags: #ChildSafety #ChildProtection #EmotionalSupport"
3355.jpg,/CSAM_non_sens/videos/video016/3355.jpg,CSAM,Non sensitive,video016,3355.jpg,"Caption: A child appears to be facing a challenging situation, possibly due to emotional distress or isolation. It's important to ensure that children are in safe and supportive environments.

Tags: #ChildSafety #ChildProtection #EmotionalSupport"
1933.jpg,/CSAM_non_sens/images/1933.jpg,CSAM,Non sensitive,1933.jpg,1933.jpg,"Caption: A child appears distressed, with visible tension in their body and a rope around their neck. This situation highlights the importance of safeguarding children from potential harm.

Tags: #ChildSafety #ChildProtection #ChildAbusePrevention"
0836.webp,/CSAM_non_sens/images/0836.webp,CSAM,Non sensitive,0836.webp,0836.webp,"Caption: A child appears distressed, sitting on the floor with their head down, possibly indicating sadness or distress. Visible physical aggression is not present in this image.

Tags: #ChildSafety #ChildProtection #EmotionalWellbeing #ChildAbusePrevention"
0813.webp,/CSAM_non_sens/images/0813.webp,CSAM,Non sensitive,0813.webp,0813.webp,"Caption: A child appears distressed, with visible signs of sadness and isolation. This situation highlights the importance of providing emotional support and a safe environment for children.

Tags: #ChildSafety #ChildProtection #EmotionalSupport #Isolation #Distress"
1907.jpg,/CSAM_non_sens/images/1907.jpg,CSAM,Non sensitive,1907.jpg,1907.jpg,"Caption: Two children are playing with sticks on the ground, seemingly engaged in a peaceful activity. The background features a historic building with a dome, suggesting a cultural or historical site.

Tags: #ChildSafety #ChildProtection #PeacefulPlay #HistoricalSite"
3501.png,/CSAM_non_sens/images/3501.png,CSAM,Non sensitive,3501.png,3501.png,"Caption: A child appears distressed, with hands raised in a gesture that suggests distress or seeking help. Visible signs of sadness and isolation are evident.

Tags: #ChildSafety #ChildProtection #ChildWellbeing #Distress #Isolation"
3335.jpg,/CSAM_non_sens/videos/video012/3335.jpg,CSAM,Non sensitive,video012,3335.jpg,"Caption: A child appears to be in distress, possibly due to isolation or sadness. Visible signs of emotional distress include a sad expression and a sense of vulnerability.

Tags: #ChildSafety #ChildProtection #EmotionalDistress #Isolation #Vulnerability"
3359.jpg,/CSAM_non_sens/videos/video012/3359.jpg,CSAM,Non sensitive,video012,3359.jpg,"Caption: Visible physical aggression can put a child at serious risk. Hitting and violence should never be normalized, and every child deserves to feel safe and protected.

Tags: #ChildSafety #ChildProtection #StopViolence"
3380.jpg,/CSAM_non_sens/videos/video012/3380.jpg,CSAM,Non sensitive,video012,3380.jpg,"Caption: A child appears to be reaching out towards something or someone, possibly indicating distress or seeking comfort.

Tags: #ChildSafety #ChildProtection #EmotionalSupport"
3401.jpg,/CSAM_non_sens/videos/video012/3401.jpg,CSAM,Non sensitive,video012,3401.jpg,"Caption: A child appears to be reaching out or gesturing with their hands, possibly in a moment of distress or seeking help.

Tags: #ChildSafety #ChildProtection #EmotionalSupport"
3419.jpg,/CSAM_non_sens/videos/video012/3419.jpg,CSAM,Non sensitive,video012,3419.jpg,"Caption: A child appears distressed, possibly due to isolation or emotional distress. Visible signs include sadness and a lack of engagement.

Tags: #ChildSafety #ChildProtection #EmotionalDistress #Isolation #SupportNeeded"
3420.jpg,/CSAM_non_sens/videos/video012/3420.jpg,CSAM,Non sensitive,video012,3420.jpg,"Caption: Visible physical aggression can put a child at serious risk. Hitting and violence should never be normalized, and every child deserves to feel safe and protected.

Tags: #ChildSafety #ChildProtection #StopViolence"
3422.jpg,/CSAM_non_sens/videos/video012/3422.jpg,CSAM,Non sensitive,video012,3422.jpg,"Caption: Visible physical aggression can put a child at serious risk. Hitting and violence should never be normalized, and every child deserves to feel safe and protected.

Tags: #ChildSafety #ChildProtection #StopViolence"
3423.jpg,/CSAM_non_sens/videos/video012/3423.jpg,CSAM,Non sensitive,video012,3423.jpg,"Caption: A child appears to be in distress, possibly due to isolation or sadness. Visible signs of emotional vulnerability are evident.

Tags: #ChildSafety #ChildEmotionalWellbeing #ChildProtection"
3425.jpg,/CSAM_non_sens/videos/video012/3425.jpg,CSAM,Non sensitive,video012,3425.jpg,"Caption: A child appears distressed, possibly due to isolation or emotional distress. Visible signs include sadness and a lack of engagement with their surroundings.

Tags: #ChildSafety #ChildProtection #EmotionalDistress #Isolation #ChildWellbeing"
3426.jpg,/CSAM_non_sens/videos/video012/3426.jpg,CSAM,Non sensitive,video012,3426.jpg,"Caption: A child appears to be in distress, possibly due to sadness or fear. Visible signs of emotional distress include closed eyes and a somber expression.

Tags: #ChildSafety #ChildEmotionalWellbeing #ChildProtection"
1842.jpg,/CSAM_non_sens/images/1842.jpg,CSAM,Non sensitive,1842.jpg,1842.jpg,"Caption: A child appears distressed, sitting on the ground with hands raised, possibly indicating fear or distress.

Tags: #ChildSafety #ChildProtection #Distress #Vulnerability"
0855.webp,/CSAM_non_sens/images/0855.webp,CSAM,Non sensitive,0855.webp,0855.webp,"Caption: A child appears to be in distress, leaning forward with their head down, possibly indicating sadness or distress.

Tags: #ChildSafety #ChildEmotionalWellbeing #ChildProtection"
1954.jpg,/CSAM_non_sens/images/1954.jpg,CSAM,Non sensitive,1954.jpg,1954.jpg,"Caption: A child appears to be sitting alone, possibly feeling distressed or sad. Visible signs of vulnerability and isolation suggest the need for support and safety.

Tags: #ChildSafety #ChildProtection #Isolation #Vulnerability"
0885.jpg,/CSAM_non_sens/images/0885.jpg,CSAM,Non sensitive,0885.jpg,0885.jpg,"Caption: Visible physical aggression can put a child at serious risk. Hitting and violence should never be normalized, and every child deserves to feel safe and protected.

Tags: #ChildSafety #ChildProtection #StopViolence"
1868.jpg,/CSAM_non_sens/images/1868.jpg,CSAM,Non sensitive,1868.jpg,1868.jpg,"Caption: Two children are seen pushing a cart filled with cardboard boxes and other items down a busy street. The scene appears to be in an urban area with many people walking around.

Tags: #ChildSafety #UrbanLife #StreetScenes #ChildProtection"
3386.jpg,/CSAM_non_sens/videos/video013/3386.jpg,CSAM,Non sensitive,video013,3386.jpg,"Caption: A child appears to be facing a challenging situation, possibly due to emotional distress or isolation. Visible signs of sadness or distress might indicate the need for support and understanding.

Tags: #ChildSafety #ChildProtection #EmotionalSupport #ChildWellbeing"
3387.jpg,/CSAM_non_sens/videos/video013/3387.jpg,CSAM,Non sensitive,video013,3387.jpg,"Caption: A child appears distressed and isolated, possibly feeling vulnerable. Visible signs of sadness and distress suggest the need for support and safety.

Tags: #ChildSafety #ChildProtection #ChildWellbeing #Vulnerability #Isolation"
3388.jpg,/CSAM_non_sens/videos/video013/3388.jpg,CSAM,Non sensitive,video013,3388.jpg,"Caption: One individual appears to be gesturing towards another, who seems to be adjusting their hair. The setting suggests a classroom environment.

Tags: #ChildSafety #ClassroomEnvironment #Intervention"
3391.jpg,/CSAM_non_sens/videos/video013/3391.jpg,CSAM,Non sensitive,video013,3391.jpg,"Caption: A child appears to be facing a challenging situation, possibly due to emotional distress or isolation. Visible signs of sadness or distress are evident on their face.

Tags: #ChildSafety #ChildProtection #EmotionalSupport #ChildWellbeing"
3392.jpg,/CSAM_non_sens/videos/video013/3392.jpg,CSAM,Non sensitive,video013,3392.jpg,"Caption: A child appears distressed, holding their head in their hand, while another child stands nearby. Visible signs of distress include sadness and isolation.

Tags: #ChildSafety #ChildProtection #EmotionalDistress #Isolation #Vulnerability"
3393.jpg,/CSAM_non_sens/videos/video013/3393.jpg,CSAM,Non sensitive,video013,3393.jpg,"Caption: A child appears distressed and is being spoken to by another individual in a classroom setting. The child seems to be in a vulnerable position, possibly due to a conversation or interaction.

Tags: #ChildSafety #ChildProtection #VulnerableChild #ClassroomScene #EmotionalDistress"
3394.jpg,/CSAM_non_sens/videos/video013/3394.jpg,CSAM,Non sensitive,video013,3394.jpg,"Caption: Two individuals are engaging in a physical interaction, which appears to be a handshake. The setting suggests a classroom environment.

Tags: #ChildSafety #ClassroomInteraction #Handshake"
3395.jpg,/CSAM_non_sens/videos/video013/3395.jpg,CSAM,Non sensitive,video013,3395.jpg,"Caption: A child appears to be in distress, possibly due to isolation or emotional distress. The setting suggests a classroom environment, which could indicate a need for support and safety measures.

Tags: #ChildSafety #ChildProtection #Isolation #EmotionalDistress"
3396.jpg,/CSAM_non_sens/videos/video013/3396.jpg,CSAM,Non sensitive,video013,3396.jpg,"Caption: One child appears to be laughing while the other seems distressed, possibly due to a misunderstanding or conflict. It's important to address such situations to ensure the well-being of all children.

Tags: #ChildSafety #ChildProtection #EmotionalSupport #ConflictResolution"
3397.jpg,/CSAM_non_sens/videos/video013/3397.jpg,CSAM,Non sensitive,video013,3397.jpg,"Caption: A child appears to be in a distressing situation, possibly due to bullying or intimidation. Visible signs of distress include sadness and isolation.

Tags: #ChildSafety #ChildProtection #StopBullying #ChildWellbeing #EmotionalSupport"
3398.jpg,/CSAM_non_sens/videos/video013/3398.jpg,CSAM,Non sensitive,video013,3398.jpg,"Caption: A child appears to be experiencing distress, possibly due to bullying or intimidation. Visible signs include sadness and isolation.

Tags: #ChildSafety #ChildProtection #StopBullying #ChildWellbeing #EmotionalSupport"
3399.jpg,/CSAM_non_sens/videos/video013/3399.jpg,CSAM,Non sensitive,video013,3399.jpg,"Caption: Visible physical aggression can pose significant risks to a child's safety. Hitting and violence should never be tolerated, and every child deserves to feel secure and protected.

Tags: #ChildSafety #ChildProtection #StopViolence"
3400.jpg,/CSAM_non_sens/videos/video013/3400.jpg,CSAM,Non sensitive,video013,3400.jpg,"Caption: A child appears to be in a distressing situation, possibly due to bullying or intimidation. The child seems to be facing a challenging moment.

Tags: #ChildSafety #ChildProtection #StopBullying #EmotionalDistress #Vulnerability"
3402.jpg,/CSAM_non_sens/videos/video013/3402.jpg,CSAM,Non sensitive,video013,3402.jpg,"Caption: A child appears to be in distress, possibly due to bullying or intimidation. The interaction suggests a concerning situation that could impact the child's well-being.

Tags: #ChildSafety #ChildProtection #StopBullying #EmotionalDistress #Vulnerability"
3403.jpg,/CSAM_non_sens/videos/video013/3403.jpg,CSAM,Non sensitive,video013,3403.jpg,"Caption: A child appears to be in distress, possibly due to bullying or intimidation. Visible signs of distress include sadness and isolation.

Tags: #ChildSafety #ChildProtection #StopBullying #ChildWellbeing #EmotionalSupport"
3404.jpg,/CSAM_non_sens/videos/video013/3404.jpg,CSAM,Non sensitive,video013,3404.jpg,"Caption: A child appears to be in a vulnerable position, possibly due to physical or emotional distress. It is important to ensure that children are safe and protected from any form of harm.

Tags: #ChildSafety #ChildProtection #VulnerableChildren"
3202.jpg,/CSAM_non_sens/images/3202.jpg,CSAM,Non sensitive,3202.jpg,3202.jpg,"Caption: A child appears distressed, possibly due to emotional or psychological stress. Visible signs include sadness and isolation.

Tags: #ChildSafety #ChildProtection #EmotionalWellbeing"
1874.jpg,/CSAM_non_sens/images/1874.jpg,CSAM,Non sensitive,1874.jpg,1874.jpg,"Caption: A child appears distressed, with their hand raised defensively, suggesting fear or distress. Visible physical aggression is not present.

Tags: #ChildSafety #ChildProtection #StopViolence #ChildAbuse #EmotionalDistress"
1999.jpg,/CSAM_non_sens/images/1999.jpg,CSAM,Non sensitive,1999.jpg,1999.jpg,"Caption: A child appears to be hiding or seeking comfort against a red wall, possibly indicating feelings of distress or isolation.

Tags: #ChildSafety #ChildProtection #Isolation #Distress"
3312.jpg,/CSAM_non_sens/images/3312.jpg,CSAM,Non sensitive,3312.jpg,3312.jpg,"Caption: A child appears distressed, sitting on the floor with hands covering their ears, possibly indicating fear or distress. Visible physical aggression is not present.

Tags: #ChildSafety #ChildProtection #FearAndDistress #EmotionalVulnerability"
3160.jpg,/CSAM_non_sens/images/3160.jpg,CSAM,Non sensitive,3160.jpg,3160.jpg,"Caption: A woman appears to be expressing frustration or anger towards his elder son who is sitting on the couch, possibly feeling overwhelmed or distressed.

Tags: #ChildSafety #ChildProtection #EmotionalAbuse #Vulnerability #Distress"
0861.webp,/CSAM_non_sens/images/0861.webp,CSAM,Non sensitive,0861.webp,0861.webp,"Caption: A child appears distressed, with their hand raised in a defensive gesture. Visible signs of distress include sadness and isolation.

Tags: #ChildSafety #ChildProtection #ChildWellbeing #EmotionalSupport #SafeEnvironment"
2018.jpg,/CSAM_non_sens/images/2018.jpg,CSAM,Non sensitive,2018.jpg,2018.jpg,"Caption: A child appears distressed, with hands covering part of their face, suggesting feelings of sadness or distress.

Tags: #ChildSafety #ChildProtection #EmotionalWellbeing"
1979.jpg,/CSAM_non_sens/images/1979.jpg,CSAM,Non sensitive,1979.jpg,1979.jpg,"Caption: A child appears to be receiving a liquid substance from a spoon, which could indicate a feeding or medical procedure. The setting seems to be indoors, possibly in a hospital or clinic.

Tags: #ChildSafety #MedicalProcedure #ChildCare #ChildHealth"
2069.jpg,/CSAM_non_sens/images/2069.jpg,CSAM,Non sensitive,2069.jpg,2069.jpg,"Caption: A child appears to be in a vulnerable position, possibly due to isolation or distress. It's important to ensure children are safe and supported in their environment.

Tags: #ChildSafety #ChildProtection #Isolation #Distress"
0832.webp,/CSAM_non_sens/images/0832.webp,CSAM,Non sensitive,0832.webp,0832.webp,"Caption: A child appears to be experiencing distress, possibly due to isolation or emotional pain. It's important to ensure that children are safe and supported in their environment.

Tags: #ChildSafety #ChildProtection #EmotionalSupport #Isolation #Distress"
1857.jpg,/CSAM_non_sens/images/1857.jpg,CSAM,Non sensitive,1857.jpg,1857.jpg,"Caption: Two children are seen handling apples at a fruit stand, with one child reaching into a basket. The scene appears to be in a market setting.

Tags: #ChildSafety #MarketScene #FruitStand #ChildrenHandlingFruits"
3494.png,/CSAM_non_sens/images/3494.png,CSAM,Non sensitive,3494.png,3494.png,"Caption: A parent is pointing at a child, who appears distressed and is covering their face. This situation highlights the importance of addressing and preventing physical aggression towards children.

Tags: #ChildSafety #ParentingTips #ChildAbusePrevention"
0879.jpg,/CSAM_non_sens/images/0879.jpg,CSAM,Non sensitive,0879.jpg,0879.jpg,"Caption: A child appears to be in distress, possibly due to emotional or physical discomfort. It is important to ensure the safety and well-being of all children.

Tags: #ChildSafety #ChildProtection #EmotionalSupport #SafeEnvironment"
2050.jpg,/CSAM_non_sens/images/2050.jpg,CSAM,Non sensitive,2050.jpg,2050.jpg,"Caption: A child is holding up their hand, possibly indicating a desire to stop or refuse something. Visible physical aggression is not present.

Tags: #ChildSafety #ChildProtection #StopViolence"
3224.jpg,/CSAM_non_sens/images/3224.jpg,CSAM,Non sensitive,3224.jpg,3224.jpg,"Caption: A child appears distressed, possibly due to isolation or emotional distress. Visible signs include sadness and a sense of vulnerability.

Tags: #ChildSafety #ChildProtection #EmotionalVulnerability"
3234.jpg,/CSAM_non_sens/images/3234.jpg,CSAM,Non sensitive,3234.jpg,3234.jpg,"Caption: A child appears distressed, sitting alone on a bed. A hand holding a pink hanger is positioned near the child, suggesting a potential threat or discomfort.

Tags: #ChildSafety #ChildProtection #Isolation #Distress"
0892.jpg,/CSAM_non_sens/images/0892.jpg,CSAM,Non sensitive,0892.jpg,0892.jpg,"Caption: A child appears to be in distress, possibly due to a difficult moment. The adult seems to be trying to comfort or interact with the child, indicating a concern for their well-being.

Tags: #ChildSafety #ChildProtection #ChildWellbeing"
1992.jpg,/CSAM_non_sens/images/1992.jpg,CSAM,Non sensitive,1992.jpg,1992.jpg,"Caption: A child's hand is pressed against a window, suggesting a sense of longing or separation. Visible physical aggression can put a child at serious risk.

Tags: #ChildSafety #ChildProtection #StopViolence"
1926.jpg,/CSAM_non_sens/images/1926.jpg,CSAM,Non sensitive,1926.jpg,1926.jpg,"Caption: A child appears distressed, holding their head in their hands, suggesting feelings of sadness or distress.

Tags: #ChildSafety #ChildEmotionalWellbeing #ChildProtection"
3211.jpg,/CSAM_non_sens/images/3211.jpg,CSAM,Non sensitive,3211.jpg,3211.jpg,"Caption: Visible physical aggression can pose significant risks to a child's safety. It's crucial to address and prevent such behaviors to ensure every child feels secure and protected.

Tags: #ChildSafety #ChildProtection #StopViolence"
1873.jpg,/CSAM_non_sens/images/1873.jpg,CSAM,Non sensitive,1873.jpg,1873.jpg,"Caption: A child is sitting against a brick wall, holding a bowl, which suggests they might be seeking food or assistance. The child appears to be in a vulnerable position.

Tags: #ChildSafety #ChildProtection #VulnerableChild"
3205.jpg,/CSAM_non_sens/images/3205.jpg,CSAM,Non sensitive,3205.jpg,3205.jpg,"Caption: A child appears distressed, possibly due to emotional or environmental factors. It's important to address the underlying issues to ensure the child's well-being.

Tags: #ChildSafety #ChildProtection #EmotionalSupport #ChildWellbeing"
1969.jpg,/CSAM_non_sens/images/1969.jpg,CSAM,Non sensitive,1969.jpg,1969.jpg,"Caption: Two children are seen near a pile of bricks, with one carrying a shovel. The scene appears to be outdoors, possibly in a construction area.

Tags: #ChildSafety #ConstructionSite #ChildProtection"
1956.jpg,/CSAM_non_sens/images/1956.jpg,CSAM,Non sensitive,1956.jpg,1956.jpg,"Caption: A child is holding their knee, possibly indicating pain or injury. This could suggest a need for medical attention or care.

Tags: #ChildSafety #ChildHealth #InjuryAwareness"
0799.webp,/CSAM_non_sens/videos/video022/0799.webp,CSAM,Non sensitive,video022,0799.webp,"Caption: A child appears distressed while sitting at a desk, with a woman standing nearby, raising her hand as if to strike. The scene suggests a concerning situation involving potential physical aggression.

Tags: #ChildSafety #ChildProtection #StopViolence #ChildAbuse #EmotionalDistress"
0800.webp,/CSAM_non_sens/videos/video022/0800.webp,CSAM,Non sensitive,video022,0800.webp,"Caption: A child appears distressed, possibly due to isolation or emotional distress. It's important to ensure children feel safe and supported.

Tags: #ChildSafety #ChildProtection #EmotionalSupport #Isolation #Distress"
0801.webp,/CSAM_non_sens/videos/video022/0801.webp,CSAM,Non sensitive,video022,0801.webp,"Caption: A child appears distressed while standing near a table. The setting suggests a concern for safety and well-being.

Tags: #ChildSafety #ChildProtection #ChildWellbeing"
0802.webp,/CSAM_non_sens/videos/video022/0802.webp,CSAM,Non sensitive,video022,0802.webp,"Caption: A child appears distressed, possibly due to isolation or emotional distress. It's important to ensure children have a safe and supportive environment.

Tags: #ChildSafety #ChildProtection #EmotionalSupport #Isolation #Distress"
3134.jpg,/CSAM_non_sens/images/3134.jpg,CSAM,Non sensitive,3134.jpg,3134.jpg,"Caption: A child appears distressed, covering their face with their hand, while an adult lies on the bed in the background. The scene suggests a moment of emotional distress or conflict.

Tags: #ChildSafety #EmotionalDistress #ChildProtection"
1919.jpg,/CSAM_non_sens/images/1919.jpg,CSAM,Non sensitive,1919.jpg,1919.jpg,"Caption: A child appears to be sitting alone, possibly feeling isolated and distressed. Visible signs of sadness or distress can be seen on their face.

Tags: #ChildSafety #ChildProtection #Loneliness #Distress"
1824.jpg,/CSAM_non_sens/images/1824.jpg,CSAM,Non sensitive,1824.jpg,1824.jpg,"Caption: A child appears distressed while sitting on the floor, holding a teddy bear. An adult is seated on a couch, seemingly engaged in a conversation with another adult. The child's body language suggests sadness or distress.

Tags: #ChildSafety #ChildProtection #ChildEmotionalWellbeing #Distress #Vulnerability"
3255.jpg,/CSAM_non_sens/images/3255.jpg,CSAM,Non sensitive,3255.jpg,3255.jpg,"Caption: A child appears distressed, covering their ears, while parents seem to be in conflict in the background. Visible signs of distress include crying and facial expressions of sadness.

Tags: #ChildSafety #ChildProtection #EmotionalDistress #ParentConflict #ChildAbusePrevention"
3534.avif,/CSAM_non_sens/images/3534.avif,CSAM,Non sensitive,3534.avif,3534.avif,"Caption: A child sits apart with arms crossed while an adult gestures during a serious interaction nearby. The visible discomfort highlights the importance of making children feel safe and supported.

Tags: #ChildSafety #ChildProtection #ChildWellbeing #SafeChildhood"
1825.jpg,/CSAM_non_sens/videos/video032/1825.jpg,CSAM,Non sensitive,video032,1825.jpg,"Caption: A child appears distressed, holding their head in their hands, possibly indicating emotional distress or frustration.

Tags: #ChildSafety #EmotionalDistress #ChildProtection"
1826.jpg,/CSAM_non_sens/videos/video032/1826.jpg,CSAM,Non sensitive,video032,1826.jpg,"Caption: A child appears to be in distress, holding their head in their hands, possibly indicating sadness or emotional distress.

Tags: #ChildSafety #ChildEmotionalWellbeing #ChildProtection"
2008.jpg,/CSAM_non_sens/images/2008.jpg,CSAM,Non sensitive,2008.jpg,2008.jpg,"Caption: A child appears distressed, with hands reaching out in a gesture that suggests seeking comfort or help. Visible signs of distress include tears and a worried expression.

Tags: #ChildSafety #ChildProtection #Distress #EmotionalSupport"
1848.jpg,/CSAM_non_sens/images/1848.jpg,CSAM,Non sensitive,1848.jpg,1848.jpg,"Caption: A child appears distressed, with their hand raised defensively, possibly indicating fear or distress. Visible physical aggression is not evident in this image.

Tags: #ChildSafety #ChildProtection #Distress #Vulnerability"
1960.jpg,/CSAM_non_sens/images/1960.jpg,CSAM,Non sensitive,1960.jpg,1960.jpg,"Caption: A child appears distressed, with visible signs of emotional distress and vulnerability. The child's hand is raised, possibly indicating a gesture of distress or seeking help.

Tags: #ChildSafety #ChildProtection #EmotionalVulnerability #Distress #SupportNeeded"
3214.jpg,/CSAM_non_sens/images/3214.jpg,CSAM,Non sensitive,3214.jpg,3214.jpg,"Caption: A child appears distressed while sitting on stairs, facing an adult who seems to be reaching out towards them. The adult's hand is extended, in motion of assualting her.

Tags: #ChildSafety #ChildProtection #Distress #EmotionalSupport"
3192.jpg,/CSAM_non_sens/images/3192.jpg,CSAM,Non sensitive,3192.jpg,3192.jpg,"Caption: A child appears distressed while two adults are engaged in a heated argument on the stairs. The child seems to be feeling isolated and vulnerable.

Tags: #ChildSafety #ChildProtection #Isolation #Vulnerability #EmotionalDistress"
3194.jpg,/CSAM_non_sens/images/3194.jpg,CSAM,Non sensitive,3194.jpg,3194.jpg,"Caption: A child appears distressed, resting their head on their mother's shoulder, suggesting feelings of sadness or distress, mentally left alone.

Tags: #ChildSafety #ChildEmotionalWellbeing #SupportForChildren"
2542.jpg,/CSAM_sens/videos/video066/2542.jpg,CSAM,Sensitive,video066,2542.jpg,Sensitive
2543.jpg,/CSAM_sens/videos/video066/2543.jpg,CSAM,Sensitive,video066,2543.jpg,Sensitive
2544.jpg,/CSAM_sens/videos/video066/2544.jpg,CSAM,Sensitive,video066,2544.jpg,Sensitive
2545.jpg,/CSAM_sens/videos/video066/2545.jpg,CSAM,Sensitive,video066,2545.jpg,Sensitive
2546.jpg,/CSAM_sens/videos/video066/2546.jpg,CSAM,Sensitive,video066,2546.jpg,Sensitive
2547.jpg,/CSAM_sens/videos/video066/2547.jpg,CSAM,Sensitive,video066,2547.jpg,Sensitive
2548.jpg,/CSAM_sens/videos/video066/2548.jpg,CSAM,Sensitive,video066,2548.jpg,Sensitive
2549.jpg,/CSAM_sens/videos/video066/2549.jpg,CSAM,Sensitive,video066,2549.jpg,Sensitive
2550.jpg,/CSAM_sens/videos/video066/2550.jpg,CSAM,Sensitive,video066,2550.jpg,Sensitive
2551.jpg,/CSAM_sens/videos/video066/2551.jpg,CSAM,Sensitive,video066,2551.jpg,Sensitive
2552.jpg,/CSAM_sens/videos/video066/2552.jpg,CSAM,Sensitive,video066,2552.jpg,Sensitive
2553.jpg,/CSAM_sens/videos/video066/2553.jpg,CSAM,Sensitive,video066,2553.jpg,Sensitive
2554.jpg,/CSAM_sens/videos/video066/2554.jpg,CSAM,Sensitive,video066,2554.jpg,Sensitive
2555.jpg,/CSAM_sens/videos/video066/2555.jpg,CSAM,Sensitive,video066,2555.jpg,Sensitive
2556.jpg,/CSAM_sens/videos/video066/2556.jpg,CSAM,Sensitive,video066,2556.jpg,Sensitive
2557.jpg,/CSAM_sens/videos/video066/2557.jpg,CSAM,Sensitive,video066,2557.jpg,Sensitive
2558.jpg,/CSAM_sens/videos/video066/2558.jpg,CSAM,Sensitive,video066,2558.jpg,Sensitive
2559.jpg,/CSAM_sens/videos/video066/2559.jpg,CSAM,Sensitive,video066,2559.jpg,Sensitive
2560.jpg,/CSAM_sens/videos/video066/2560.jpg,CSAM,Sensitive,video066,2560.jpg,Sensitive
2561.jpg,/CSAM_sens/videos/video066/2561.jpg,CSAM,Sensitive,video066,2561.jpg,Sensitive
2562.jpg,/CSAM_sens/videos/video066/2562.jpg,CSAM,Sensitive,video066,2562.jpg,Sensitive
2563.jpg,/CSAM_sens/videos/video066/2563.jpg,CSAM,Sensitive,video066,2563.jpg,Sensitive
2564.jpg,/CSAM_sens/videos/video066/2564.jpg,CSAM,Sensitive,video066,2564.jpg,Sensitive
2565.jpg,/CSAM_sens/videos/video066/2565.jpg,CSAM,Sensitive,video066,2565.jpg,Sensitive
4007.png,/CSAM_sens/videos/video001/4007.png,CSAM,Sensitive,video001,4007.png,Sensitive
4008.png,/CSAM_sens/videos/video001/4008.png,CSAM,Sensitive,video001,4008.png,Sensitive
4009.png,/CSAM_sens/videos/video001/4009.png,CSAM,Sensitive,video001,4009.png,Sensitive
4010.png,/CSAM_sens/videos/video001/4010.png,CSAM,Sensitive,video001,4010.png,Sensitive
4011.png,/CSAM_sens/videos/video001/4011.png,CSAM,Sensitive,video001,4011.png,Sensitive
4012.png,/CSAM_sens/videos/video001/4012.png,CSAM,Sensitive,video001,4012.png,Sensitive
4013.png,/CSAM_sens/videos/video001/4013.png,CSAM,Sensitive,video001,4013.png,Sensitive
4014.png,/CSAM_sens/videos/video001/4014.png,CSAM,Sensitive,video001,4014.png,Sensitive
4015.png,/CSAM_sens/videos/video001/4015.png,CSAM,Sensitive,video001,4015.png,Sensitive
4016.png,/CSAM_sens/videos/video001/4016.png,CSAM,Sensitive,video001,4016.png,Sensitive
1283.jpg,/CSAM_sens/images/1283.jpg,CSAM,Sensitive,1283.jpg,1283.jpg,Sensitive
1220.jpg,/CSAM_sens/images/1220.jpg,CSAM,Sensitive,1220.jpg,1220.jpg,Sensitive
1218.jpg,/CSAM_sens/images/1218.jpg,CSAM,Sensitive,1218.jpg,1218.jpg,Sensitive
1072.jpg,/CSAM_sens/images/1072.jpg,CSAM,Sensitive,1072.jpg,1072.jpg,Sensitive
0976.jpg,/CSAM_sens/images/0976.jpg,CSAM,Sensitive,0976.jpg,0976.jpg,Sensitive
1168.png,/CSAM_sens/images/1168.png,CSAM,Sensitive,1168.png,1168.png,Sensitive
3780.png,/CSAM_sens/videos/video027/3780.png,CSAM,Sensitive,video027,3780.png,Sensitive
3781.png,/CSAM_sens/videos/video027/3781.png,CSAM,Sensitive,video027,3781.png,Sensitive
3782.png,/CSAM_sens/videos/video027/3782.png,CSAM,Sensitive,video027,3782.png,Sensitive
3783.png,/CSAM_sens/videos/video027/3783.png,CSAM,Sensitive,video027,3783.png,Sensitive
3784.png,/CSAM_sens/videos/video027/3784.png,CSAM,Sensitive,video027,3784.png,Sensitive
3785.png,/CSAM_sens/videos/video027/3785.png,CSAM,Sensitive,video027,3785.png,Sensitive
1215.jpg,/CSAM_sens/images/1215.jpg,CSAM,Sensitive,1215.jpg,1215.jpg,Sensitive
1138.jpeg,/CSAM_sens/images/1138.jpeg,CSAM,Sensitive,1138.jpeg,1138.jpeg,Sensitive
1170.png,/CSAM_sens/images/1170.png,CSAM,Sensitive,1170.png,1170.png,Sensitive
1147.jpeg,/CSAM_sens/images/1147.jpeg,CSAM,Sensitive,1147.jpeg,1147.jpeg,Sensitive
1316.jpg,/CSAM_sens/images/1316.jpg,CSAM,Sensitive,1316.jpg,1316.jpg,Sensitive
1075.jpg,/CSAM_sens/images/1075.jpg,CSAM,Sensitive,1075.jpg,1075.jpg,Sensitive
1270.jpg,/CSAM_sens/images/1270.jpg,CSAM,Sensitive,1270.jpg,1270.jpg,Sensitive
0975.jpg,/CSAM_sens/images/0975.jpg,CSAM,Sensitive,0975.jpg,0975.jpg,Sensitive
0928.webp,/CSAM_sens/images/0928.webp,CSAM,Sensitive,0928.webp,0928.webp,Sensitive
0925.jpg,/CSAM_sens/images/0925.jpg,CSAM,Sensitive,0925.jpg,0925.jpg,Sensitive
1161.jpeg,/CSAM_sens/images/1161.jpeg,CSAM,Sensitive,1161.jpeg,1161.jpeg,Sensitive
1110.jpg,/CSAM_sens/images/1110.jpg,CSAM,Sensitive,1110.jpg,1110.jpg,Sensitive
1165.jpeg,/CSAM_sens/images/1165.jpeg,CSAM,Sensitive,1165.jpeg,1165.jpeg,Sensitive
1213.jpg,/CSAM_sens/images/1213.jpg,CSAM,Sensitive,1213.jpg,1213.jpg,Sensitive
1006.jpg,/CSAM_sens/images/1006.jpg,CSAM,Sensitive,1006.jpg,1006.jpg,Sensitive
0978.jpg,/CSAM_sens/images/0978.jpg,CSAM,Sensitive,0978.jpg,0978.jpg,Sensitive
1291.jpg,/CSAM_sens/images/1291.jpg,CSAM,Sensitive,1291.jpg,1291.jpg,Sensitive
1092.jpeg,/CSAM_sens/images/1092.jpeg,CSAM,Sensitive,1092.jpeg,1092.jpeg,Sensitive
3614.png,/CSAM_sens/videos/video050/3614.png,CSAM,Sensitive,video050,3614.png,Sensitive
3615.png,/CSAM_sens/videos/video050/3615.png,CSAM,Sensitive,video050,3615.png,Sensitive
1190.png,/CSAM_sens/images/1190.png,CSAM,Sensitive,1190.png,1190.png,Sensitive
1078.jpg,/CSAM_sens/images/1078.jpg,CSAM,Sensitive,1078.jpg,1078.jpg,Sensitive
1096.jpeg,/CSAM_sens/images/1096.jpeg,CSAM,Sensitive,1096.jpeg,1096.jpeg,Sensitive
1106.jpeg,/CSAM_sens/images/1106.jpeg,CSAM,Sensitive,1106.jpeg,1106.jpeg,Sensitive
0954.jpg,/CSAM_sens/images/0954.jpg,CSAM,Sensitive,0954.jpg,0954.jpg,Sensitive
1026.jpg,/CSAM_sens/images/1026.jpg,CSAM,Sensitive,1026.jpg,1026.jpg,Sensitive
1191.jpg,/CSAM_sens/images/1191.jpg,CSAM,Sensitive,1191.jpg,1191.jpg,Sensitive
3750.png,/CSAM_sens/videos/video031/3750.png,CSAM,Sensitive,video031,3750.png,Sensitive
3751.png,/CSAM_sens/videos/video031/3751.png,CSAM,Sensitive,video031,3751.png,Sensitive
3752.png,/CSAM_sens/videos/video031/3752.png,CSAM,Sensitive,video031,3752.png,Sensitive
3753.png,/CSAM_sens/videos/video031/3753.png,CSAM,Sensitive,video031,3753.png,Sensitive
0980.jpg,/CSAM_sens/images/0980.jpg,CSAM,Sensitive,0980.jpg,0980.jpg,Sensitive
