image name,filepath,label,subtype,group_id,image,text
3049.png,/Non_CSAM/images/3049.png,NON_CSAM,Non sensitive,3049.png,3049.png,"Caption: A heartwarming Christmas mealtime with family. 

Tags: #ChristmasEve #FamilyTime #HolidayTraditions"
0255.jpg,/Non_CSAM/images/0255.jpg,NON_CSAM,Non sensitive,0255.jpg,0255.jpg,"Caption: Cozy up by the fire and share stories under the stars!

Tags: #CampfireNight #Friendship #NatureConnection"
2947.png,/Non_CSAM/images/2947.png,NON_CSAM,Non sensitive,2947.png,2947.png,"Caption: Cozy up with a good book and a warm blanket. 

Tags: #ReadAloud #CuddleTime #ComfortReading"
1795.jpg,/Non_CSAM/images/1795.jpg,NON_CSAM,Non sensitive,1795.jpg,1795.jpg,@traditionalarts Young performers in bright traditional clothing share a cheerful cultural moment together. Tags: #TraditionalArts #YoungPerformers #CulturalHeritage
3024.png,/Non_CSAM/images/3024.png,NON_CSAM,Non sensitive,3024.png,3024.png,"Caption: A heartwarming moment between a mother and daughter on the beach. The little one is having so much fun playing in the sand!

Tags: #MomAndMe #BeachDay #FamilyTime"
1618.jpg,/Non_CSAM/images/1618.jpg,NON_CSAM,Non sensitive,1618.jpg,1618.jpg,"@youngathletes Young cricket players practice together on an open field, building focus, coordination, and confidence with every session. Tags: #Cricket #YoungAthletes #SportsLife"
3055.png,/Non_CSAM/images/3055.png,NON_CSAM,Non sensitive,3055.png,3055.png,"Caption: Enjoying a peaceful picnic in the park with my daughter. 

Tags: #PicnicTime #FamilyTime #NatureLovers"
1563.jpg,/Non_CSAM/images/1563.jpg,NON_CSAM,Non sensitive,1563.jpg,1563.jpg,"@outdoorplay Children enjoy bubbles together outdoors, laughing and exploring during a carefree playtime. Tags: #OutdoorPlay #ChildhoodJoy #HappyKids"
0069.jpg,/Non_CSAM/images/0069.jpg,NON_CSAM,Non sensitive,0069.jpg,0069.jpg,"Caption: Dive into summer fun at the pool!

Tags: #SummerVibes #PoolTime #WaterFun"
2782.jpg,/Non_CSAM/videos/video016/2782.jpg,NON_CSAM,Non sensitive,video016,2782.jpg,"Caption: Exploring the night sky together! 

Tags: #Stargazing #FamilyFun #DarkSkies"
2783.jpg,/Non_CSAM/videos/video016/2783.jpg,NON_CSAM,Non sensitive,video016,2783.jpg,"Caption: Exploring the stars together! 

Tags: #Stargazing #FamilyTime #CosmicAdventure"
1332.jpg,/Non_CSAM/images/1332.jpg,NON_CSAM,Non sensitive,1332.jpg,1332.jpg,"@musicandjoy Young performers sing together on stage, creating a warm and joyful musical moment. Music brings people together. Tags: #SchoolMusic #YoungVoices #MusicJoy"
0786.webp,/Non_CSAM/images/0786.webp,NON_CSAM,Non sensitive,0786.webp,0786.webp,"Caption: A joyful moment in the classroom! 

Tags: #ClassroomMagic #LearningTogether #HappyKids"
1331.jpg,/Non_CSAM/images/1331.jpg,NON_CSAM,Non sensitive,1331.jpg,1331.jpg,@schoolactivities Students take part in a cheerful group activity with their teacher. Learning together makes the classroom more engaging. Tags: #SchoolActivities #LearningTogether #HappyKids
0589.jpg,/Non_CSAM/images/0589.jpg,NON_CSAM,Non sensitive,0589.jpg,0589.jpg,"Caption: Kids playing basketball on a sunny day!

Tags: #BasketballFun #OutdoorPlay #ActiveKids"
1359.jpg,/Non_CSAM/images/1359.jpg,NON_CSAM,Non sensitive,1359.jpg,1359.jpg,"@schoolouting Students enjoy a lively outing together, exploring and sharing a memorable day. Learning can happen beyond the classroom too. Tags: #SchoolOuting #StudentLife #LearningBeyondClass"
2790.jpg,/Non_CSAM/images/2790.jpg,NON_CSAM,Non sensitive,2790.jpg,2790.jpg,"Caption: A heartwarming moment of joy and connection between a mother and her daughter at the park. 

Tags: #FamilyTime #ParkLife #MomAndDaughter"
0358.jpg,/Non_CSAM/images/0358.jpg,NON_CSAM,Non sensitive,0358.jpg,0358.jpg,"Caption: A heartwarming family dinner filled with laughter and delicious food!

Tags: #FamilyDinner #Thanksgiving #WarmthAndJoy"
2785.jpg,/Non_CSAM/images/2785.jpg,NON_CSAM,Non sensitive,2785.jpg,2785.jpg,"Caption: A happy family enjoying a day out shopping together!

Tags: #FamilyTime #ShoppingDay #HappyFamily"
1574.jpg,/Non_CSAM/images/1574.jpg,NON_CSAM,Non sensitive,1574.jpg,1574.jpg,@learningthroughplay A child carefully builds a wooden block structure with guidance nearby. Hands-on play turns imagination into something real. Tags: #LearningThroughPlay #CreativeKids #STEM
1768.jpg,/Non_CSAM/images/1768.jpg,NON_CSAM,Non sensitive,1768.jpg,1768.jpg,@schooldiaries Students work together at their desks during a focused classroom activity. Learning grows through curiosity and participation. Tags: #SchoolLife #ClassroomLearning #StudentLife
2940.png,/Non_CSAM/images/2940.png,NON_CSAM,Non sensitive,2940.png,2940.png,"Caption: A heartwarming family mealtime together!

Tags: FamilyTime #DinnerTogether #HealthyEating"
2705.jpg,/Non_CSAM/images/2705.jpg,NON_CSAM,Non sensitive,2705.jpg,2705.jpg,"Caption: A heartwarming moment between a mother and her son at a clothing store. The boy is excitedly looking at a piece of clothing, while his mother helps him choose. #FamilyTime #ShoppingWithMom #CuteKids

Tags: #MomAndMe #EarlyLearning #ClothingStore #FamilyBonding"
1429.jpg,/Non_CSAM/images/1429.jpg,NON_CSAM,Non sensitive,1429.jpg,1429.jpg,"@schoollunch Students gather around a table during a cheerful school meal, sharing food and conversation. Mealtimes are better with friends. Tags: #SchoolLunch #StudentLife #Friendship"
3001.png,/Non_CSAM/images/3001.png,NON_CSAM,Non sensitive,3001.png,3001.png,"Caption: Cozy up with a movie night and some popcorn!

Tags: #MovieNight #PopcornTime #FamilyTime"
0099.jpg,/Non_CSAM/images/0099.jpg,NON_CSAM,Non sensitive,0099.jpg,0099.jpg,"Caption: Snowy day fun! Playing outside in the cold air.

Tags: #SnowDay #WinterFun #PlayOutside"
1805.jpg,/Non_CSAM/images/1805.jpg,NON_CSAM,Non sensitive,1805.jpg,1805.jpg,"@creativelearning A parent and child work side by side on a hands-on building activity, turning play into learning. Tags: #CreativeLearning #FamilyTime #LearningThroughPlay"
1800.jpg,/Non_CSAM/images/1800.jpg,NON_CSAM,Non sensitive,1800.jpg,1800.jpg,"@childhoodfriends A group of children smiles together outdoors, sharing friendship and a carefree moment. Tags: #ChildhoodFriends #HappyKids #Togetherness"
2666.jpg,/Non_CSAM/images/2666.jpg,NON_CSAM,Non sensitive,2666.jpg,2666.jpg,"Caption: A heartwarming moment of bonding between a father and son as they soar together in the sky with a paper airplane. 

Tags: #FamilyTime #PaperAirplane #SkyHigh #ParentChildBonding"
1334.jpg,/Non_CSAM/images/1334.jpg,NON_CSAM,Non sensitive,1334.jpg,1334.jpg,@natureclass A group of children explores the outdoors together on a bright day. Nature offers plenty of room for curiosity and discovery. Tags: #OutdoorLearning #NatureKids #ExploreTogether
2738.jpg,/Non_CSAM/videos/video014/2738.jpg,NON_CSAM,Non sensitive,video014,2738.jpg,"Caption: A cozy camping trip with the family! 

Tags: CampingLife #FamilyTime #OutdoorAdventures"
2739.jpg,/Non_CSAM/videos/video014/2739.jpg,NON_CSAM,Non sensitive,video014,2739.jpg,"Caption: A cozy night under the stars with family. 

Tags: #FamilyTime #CampingLife #NightOutdoors"
1627.jpg,/Non_CSAM/images/1627.jpg,NON_CSAM,Non sensitive,1627.jpg,1627.jpg,"@schoolassembly Students gather outdoors in colorful uniforms during a lively school activity, sharing energy and school spirit. Tags: #SchoolAssembly #StudentLife #Togetherness"
1621.jpg,/Non_CSAM/images/1621.jpg,NON_CSAM,Non sensitive,1621.jpg,1621.jpg,"@schoolfriends Children pose together outdoors after a shared activity, celebrating friendship and the fun of being together. Tags: #SchoolFriends #Friendship #HappyKids"
1445.jpg,/Non_CSAM/images/1445.jpg,NON_CSAM,Non sensitive,1445.jpg,1445.jpg,"@schoolday Students sit together in a classroom, following a lesson and learning as a group. Every day brings another opportunity to grow. Tags: #SchoolDay #Education #Students"
2592.jpg,/Non_CSAM/images/2592.jpg,NON_CSAM,Non sensitive,2592.jpg,2592.jpg,"Caption: Fun in the sun! Playing with water toys at the pool.

Tags: #PoolTime #SummerFun #WaterPlay"
0252.jpg,/Non_CSAM/images/0252.jpg,NON_CSAM,Non sensitive,0252.jpg,0252.jpg,"Caption: A heartwarming moment between a family enjoying a sunny day outdoors.

Tags: #FamilyTime #NatureLovers #SummerVibes"
2692.jpg,/Non_CSAM/images/2692.jpg,NON_CSAM,Non sensitive,2692.jpg,2692.jpg,"Caption: A heartwarming moment between grandparents and their granddaughter at the grocery store. 

Tags: #FamilyTime #GrandparentsDay #GroceryShopping"
2864.png,/Non_CSAM/images/2864.png,NON_CSAM,Non sensitive,2864.png,2864.png,"Caption: Family bonding over a fun game night!

Tags: #FamilyFun #GameNight #TeamSpirit"
0267.jpg,/Non_CSAM/images/0267.jpg,NON_CSAM,Non sensitive,0267.jpg,0267.jpg,"Caption: A cozy moment between two friends, enjoying each other's company and music together.

Tags: #MusicTime #Friendship #CalmMoments"
1413.jpg,/Non_CSAM/images/1413.jpg,NON_CSAM,Non sensitive,1413.jpg,1413.jpg,"@familydinner A family gathers around the table for a relaxed meal, sharing food and conversation. Time together makes every meal more meaningful. Tags: #FamilyDinner #Togetherness #FamilyTime"
2936.png,/Non_CSAM/images/2936.png,NON_CSAM,Non sensitive,2936.png,2936.png,"Caption: A fun classroom game is in full swing! Kids are enjoying themselves while learning together.

Tags: #ClassroomFun #LearningThroughPlay #KidsPlayingTogether"
3026.png,/Non_CSAM/images/3026.png,NON_CSAM,Non sensitive,3026.png,3026.png,"Caption: A family of four is exploring their new home together. The bright, spacious living room is filled with natural light from large windows, making it feel welcoming and open.

Tags: #NewHome #FamilyTime #HomeTour #BrightLivingRoom #NaturalLight #FamilyBonding"
0584.jpg,/Non_CSAM/images/0584.jpg,NON_CSAM,Non sensitive,0584.jpg,0584.jpg,"Caption: Kids playing soccer on a sunny field, enjoying their game together!

Tags: #SoccerTime #PlayOutside #TeamSpirit"
0400.jpg,/Non_CSAM/images/0400.jpg,NON_CSAM,Non sensitive,0400.jpg,0400.jpg,"Caption: A perfect autumn day for a game of football!

Tags: #AutumnFun #FootballGame #PlayOutside"
0217.jpg,/Non_CSAM/images/0217.jpg,NON_CSAM,Non sensitive,0217.jpg,0217.jpg,"Caption: A heartwarming moment between a mother and her child, snuggling on a cozy bed.

Tags: #MomAndMe #CuddleTime #FamilyBonding"
1779.jpg,/Non_CSAM/images/1779.jpg,NON_CSAM,Non sensitive,1779.jpg,1779.jpg,"@studentexhibition Students explore a display of creative projects during a school exhibition, exchanging ideas and learning from one another. Tags: #StudentExhibition #LearningTogether #Innovation"
1696.jpg,/Non_CSAM/images/1696.jpg,NON_CSAM,Non sensitive,1696.jpg,1696.jpg,"@holifun Children enjoy a colorful festival moment together, sharing powder, smiles, and playful excitement. Tags: #HoliFun #FestivalColors #HappyKids"
1794.jpg,/Non_CSAM/images/1794.jpg,NON_CSAM,Non sensitive,1794.jpg,1794.jpg,@schoolcelebration Children in colorful traditional costumes pose together during a festive cultural program. Tags: #SchoolCelebration #CulturalArts #Togetherness
1523.jpg,/Non_CSAM/images/1523.jpg,NON_CSAM,Non sensitive,1523.jpg,1523.jpg,"@fairfriends Children enjoy a colorful amusement ride together, raising their hands and laughing through the excitement. Tags: #FairFun #ChildhoodJoy #HappyKids"
1752.jpg,/Non_CSAM/images/1752.jpg,NON_CSAM,Non sensitive,1752.jpg,1752.jpg,"@studentlife Students study together at a table, sharing notes and helping one another understand their work. Tags: #StudentLife #StudyTogether #Learning"
0749.webp,/Non_CSAM/images/0749.webp,NON_CSAM,Non sensitive,0749.webp,0749.webp,"Caption: Kids are having a blast coding and building robots together!

Tags: #CodingClub #RoboticsFun #InnovationKids"
0415.jpg,/Non_CSAM/images/0415.jpg,NON_CSAM,Non sensitive,0415.jpg,0415.jpg,"Caption: Playtime with furry friends! 

Tags: #FunWithPets #OutdoorFun #HappyDays"
1466.jpg,/Non_CSAM/images/1466.jpg,NON_CSAM,Non sensitive,1466.jpg,1466.jpg,"@learningonline A student works on a laptop during a study session, using technology to explore and learn. Tags: #LearningOnline #StudentLife #DigitalLearning"
2791.jpg,/Non_CSAM/images/2791.jpg,NON_CSAM,Non sensitive,2791.jpg,2791.jpg,"Caption: A happy family enjoying a day out shopping together!

Tags: #FamilyTime #ShoppingDay #HappyMoments"
1494.jpg,/Non_CSAM/images/1494.jpg,NON_CSAM,Non sensitive,1494.jpg,1494.jpg,"@fieldday Students enjoy a playful outdoor game together, running across the field with energy and smiles. Tags: #FieldDay #OutdoorFun #ActiveKids"
0725.webp,/Non_CSAM/images/0725.webp,NON_CSAM,Non sensitive,0725.webp,0725.webp,"Caption: Kids enjoying a fun playtime together at the table!

Tags: #Playtime #Childhood #CreativePlay"
0425.jpg,/Non_CSAM/images/0425.jpg,NON_CSAM,Non sensitive,0425.jpg,0425.jpg,"Caption: Rainy days mean soccer games! 

Tags: #SoccerSeason #RainyDayFun #PlayOutside"
0043.webp,/Non_CSAM/images/0043.webp,NON_CSAM,Non sensitive,0043.webp,0043.webp,"Caption: A young girl is sitting at her desk, ready to write in her notebook. She looks focused and determined.

Tags: #BackToSchool #FreshStart #LearningTime #Education #Childhood #StudySession"
2948.png,/Non_CSAM/images/2948.png,NON_CSAM,Non sensitive,2948.png,2948.png,"Caption: A heartwarming moment of family bonding in nature!

Tags: #FamilyTime #NatureLovers #OutdoorFun"
0092.jpg,/Non_CSAM/images/0092.jpg,NON_CSAM,Non sensitive,0092.jpg,0092.jpg,"Caption: A happy family enjoying a sunny day together!

Tags: #FamilyTime #Sunshine #HappyFamily"
2568.jpg,/Non_CSAM/images/2568.jpg,NON_CSAM,Non sensitive,2568.jpg,2568.jpg,"Caption: ""Rolling with the punches! Having the time of our lives on this thrilling ride. #FunOnTheRide #AdventureAwaits""

Tags: #ThrillRide #FamilyFun #AdventureTime"
1537.jpg,/Non_CSAM/images/1537.jpg,NON_CSAM,Non sensitive,1537.jpg,1537.jpg,"@schoolspirit Students celebrate enthusiastically during a colorful school event, raising their hands and sharing the excitement. Tags: #SchoolSpirit #HappyStudents #Celebration"
3083.jpg,/Non_CSAM/images/3083.jpg,NON_CSAM,Non sensitive,3083.jpg,3083.jpg,"Caption: A heartwarming moment between a mother and her baby. The baby is learning to walk with support from their mother.

Tags: #BabySteps #MomAndMe #EarlyLearning #ParentingJourney"
0501.jpg,/Non_CSAM/images/0501.jpg,NON_CSAM,Non sensitive,0501.jpg,0501.jpg,"Caption: <Three children enjoying a bike ride together at sunset.>

Tags: #FamilyTime #SunsetRide #BikingWithKids"
0443.jpg,/Non_CSAM/images/0443.jpg,NON_CSAM,Non sensitive,0443.jpg,0443.jpg,"Caption: Reading in a cozy library with headphones on is the perfect way to relax and learn.

Tags: #LibraryTime #StudySession #HeadphonesForReading"
0337.jpg,/Non_CSAM/images/0337.jpg,NON_CSAM,Non sensitive,0337.jpg,0337.jpg,"Caption: A heartwarming moment between a mother and her child by a window.

Tags: #MomAndMe #FamilyTime #CuddleUp"
0750.jpg,/Non_CSAM/images/0750.jpg,NON_CSAM,Non sensitive,0750.jpg,0750.jpg,"Caption: ""Exploring new skills together! Learning about computers with my friend. #TechTutor #Collaboration""

Tags: #ComputerScience #LearningTogether #FriendshipGoals"
1620.jpg,/Non_CSAM/images/1620.jpg,NON_CSAM,Non sensitive,1620.jpg,1620.jpg,"@happykids A cheerful group of children gathers close together, sharing bright smiles and a joyful moment. Tags: #HappyKids #Childhood #Togetherness"
2847.png,/Non_CSAM/images/2847.png,NON_CSAM,Non sensitive,2847.png,2847.png,"Caption: A heartwarming moment of bonding between a father and his children as they build with colorful blocks together. 

Tags: #FamilyTime #BuildingBlocks #ParentChildBonding"
0604.jpg,/Non_CSAM/images/0604.jpg,NON_CSAM,Non sensitive,0604.jpg,0604.jpg,"Caption: A heartwarming moment between a child and their instructor in the pool. 

Tags: #SwimmingLessons #FamilyTime #WaterFun"
0459.jpg,/Non_CSAM/images/0459.jpg,NON_CSAM,Non sensitive,0459.jpg,0459.jpg,"Caption: Curious little explorer! 

Tags: #TelescopeTime #Imagination #ExploringTheUniverse"
0135.jpg,/Non_CSAM/videos/video003/0135.jpg,NON_CSAM,Non sensitive,video003,0135.jpg,"Caption: A heartwarming family moment in the fall. Grandparents, parents, and their baby enjoying a beautiful day outdoors.

Tags: #FamilyTime #FallSeason #NatureLovers"
0136.jpg,/Non_CSAM/videos/video003/0136.jpg,NON_CSAM,Non sensitive,video003,0136.jpg,"Caption: A beautiful family enjoying a sunny day in the park. The leaves are turning golden, and everyone looks happy together.

Tags: #FamilyTime #AutumnLeaves #ParkDay"
0591.jpg,/Non_CSAM/images/0591.jpg,NON_CSAM,Non sensitive,0591.jpg,0591.jpg,"Caption: A colorful ice cream sundae with a rainbow swirl and sprinkles. 

Tags: #IceCreamLover #ColorfulSundae #SummerFun"
2981.png,/Non_CSAM/images/2981.png,NON_CSAM,Non sensitive,2981.png,2981.png,"Caption: Santa's magic is spreading joy this Christmas season!

Tags: #ChristmasMagic #SantaClaus #JoyOfGiving"
0209.jpg,/Non_CSAM/images/0209.jpg,NON_CSAM,Non sensitive,0209.jpg,0209.jpg,"Caption: A sunny day in the field, enjoying a piggyback ride with my little one. 

Tags: #FamilyTime #FieldDay #SummerVibes"
0755.jpg,/Non_CSAM/images/0755.jpg,NON_CSAM,Non sensitive,0755.jpg,0755.jpg,"Caption: Enjoying a sweet treat on a sunny day!

Tags: IceCreamDay #SummerVibes #SweetTreats"
0304.jpg,/Non_CSAM/images/0304.jpg,NON_CSAM,Non sensitive,0304.jpg,0304.jpg,"Caption: A cozy afternoon at home, perfect for reading and relaxation. 

Tags: #HomeTime #ReadingNoon #CozyCorner"
2674.jpg,/Non_CSAM/images/2674.jpg,NON_CSAM,Non sensitive,2674.jpg,2674.jpg,"Caption: Traveling with love! 

Tags: #FamilyTravel #VacationTime #TravelWithKids"
2911.png,/Non_CSAM/images/2911.png,NON_CSAM,Non sensitive,2911.png,2911.png,"Caption: A heartwarming moment between a mother and her child in the kitchen. They're surrounded by fresh fruits, ready to enjoy a healthy snack together.

Tags: #FamilyTime #HealthyEating #KitchenMagic"
2591.jpg,/Non_CSAM/images/2591.jpg,NON_CSAM,Non sensitive,2591.jpg,2591.jpg,"Caption: A heartwarming family moment during a festive celebration!

Tags: #FamilyTime #FestiveSeason #CulturalCelebration"
0147.jpg,/Non_CSAM/images/0147.jpg,NON_CSAM,Non sensitive,0147.jpg,0147.jpg,"Caption: A heartwarming moment between a father and daughter enjoying a sunny day outdoors.

Tags: #FamilyTime #NatureLovers #SummerVibes"
2954.png,/Non_CSAM/images/2954.png,NON_CSAM,Non sensitive,2954.png,2954.png,"Caption: A sunny day spent outdoors with loved ones. 

Tags: #FamilyTime #NatureLovers #HappyFamily"
0141.jpg,/Non_CSAM/images/0141.jpg,NON_CSAM,Non sensitive,0141.jpg,0141.jpg,"Caption: A cozy evening at home with family. Sharing laughter and quiet moments together is what makes life special.

Tags: #FamilyTime #CozyEvening #HomeIsWhereTheHeartIs"
0025.jpeg,/Non_CSAM/images/0025.jpeg,NON_CSAM,Non sensitive,0025.jpeg,0025.jpeg,"Caption: Reading time with the class! 

Tags: #PreschoolLife #Storytime #KidsReading"
3019.png,/Non_CSAM/images/3019.png,NON_CSAM,Non sensitive,3019.png,3019.png,"Caption: A heartwarming moment of family bonding as they prepare for a move. 

Tags: MovingDay #FamilyTime #NewAdventure"
1622.jpg,/Non_CSAM/images/1622.jpg,NON_CSAM,Non sensitive,1622.jpg,1622.jpg,"@learningoutdoors Students sit together outside with their books, turning a peaceful open space into a place for learning. Tags: #OutdoorLearning #StudentLife #Education"
0130.jpg,/Non_CSAM/images/0130.jpg,NON_CSAM,Non sensitive,0130.jpg,0130.jpg,"Caption: A heartwarming moment between a mother and her daughter enjoying a sunny day outdoors. 

Tags: #FamilyTime #NatureLovers #MomAndDaughter #OutdoorFun #SpringEra"
0431.jpg,/Non_CSAM/images/0431.jpg,NON_CSAM,Non sensitive,0431.jpg,0431.jpg,"Caption: Cooking up some fun with mommy!

Tags: #FamilyTime #CookingWithMom #FunInTheKitchen"
2925.png,/Non_CSAM/images/2925.png,NON_CSAM,Non sensitive,2925.png,2925.png,"Caption: A family of four is having fun together, with the boy in the center giving a thumbs-up. Everyone looks happy and engaged.

Tags: #FamilyFun #HappyFamily #TogetherTime"
1711.jpg,/Non_CSAM/images/1711.jpg,NON_CSAM,Non sensitive,1711.jpg,1711.jpg,"@youngcyclist A young rider cycles confidently along a waterfront path, enjoying an active day in the open air. Tags: #YoungCyclist #Cycling #OutdoorAdventure"
0140.jpg,/Non_CSAM/images/0140.jpg,NON_CSAM,Non sensitive,0140.jpg,0140.jpg,"Caption: A heartwarming moment of bonding between a father and son on the basketball court. 

Tags: #FamilyTime #Basketball #DadAndSon"
2983.png,/Non_CSAM/images/2983.png,NON_CSAM,Non sensitive,2983.png,2983.png,"Caption: A heartwarming moment of bonding between a family. The little girl is engrossed in something small, while her parents watch attentively. It's a beautiful snapshot of everyday life filled with love and connection.

Tags: #FamilyTime #Parenting #CuddleUp"
0166.jpg,/Non_CSAM/images/0166.jpg,NON_CSAM,Non sensitive,0166.jpg,0166.jpg,"Caption: Cooking up some fun with mommy!

Tags: #FamilyTime #KitchenMagic #HealthyEating"
2679.jpg,/Non_CSAM/images/2679.jpg,NON_CSAM,Non sensitive,2679.jpg,2679.jpg,"Caption: Enjoying a fun day at the beach with my sister!

Tags: #BeachDay #SummerFun #OceanTime"
0247.jpg,/Non_CSAM/images/0247.jpg,NON_CSAM,Non sensitive,0247.jpg,0247.jpg,"Caption: A happy family moment at home!

Tags: #FamilyTime #HomeIsWhereTheHeartIs #MomAndDad #CuddleTime #WarmAndHugy"
1602.jpg,/Non_CSAM/images/1602.jpg,NON_CSAM,Non sensitive,1602.jpg,1602.jpg,"@youngleaders A group of young girls in uniform participate in a community activity, learning cooperation and leadership together. Tags: #YoungLeaders #Teamwork #Community"
0225.jpg,/Non_CSAM/images/0225.jpg,NON_CSAM,Non sensitive,0225.jpg,0225.jpg,"Caption: A heartwarming moment by the lake with my family. 

Tags: #FamilyTime #NatureLovers #LakeLife"
3030.png,/Non_CSAM/images/3030.png,NON_CSAM,Non sensitive,3030.png,3030.png,"Caption: Enjoying a sunny day outdoors with family!

Tags: #FamilyTime #NatureLovers #PicnicDay"
1612.jpg,/Non_CSAM/images/1612.jpg,NON_CSAM,Non sensitive,1612.jpg,1612.jpg,"@creativelearning A young child focuses on drawing at a table, turning imagination into colorful artwork. Tags: #CreativeLearning #KidsArt #Childhood"
2735.jpg,/Non_CSAM/images/2735.jpg,NON_CSAM,Non sensitive,2735.jpg,2735.jpg,"Caption: A family enjoying a fun day out at the mall!

Tags: #FamilyTime #MallDay #ShoppingWithKids"
0197.jpg,/Non_CSAM/images/0197.jpg,NON_CSAM,Non sensitive,0197.jpg,0197.jpg,"Caption: A happy family moment at the doctor's office. The little girl is getting her check-up while her parents watch attentively.

Tags: #DoctorVisit #FamilyTime #HealthCheckup"
1703.jpg,/Non_CSAM/images/1703.jpg,NON_CSAM,Non sensitive,1703.jpg,1703.jpg,"@youngcyclist A young rider practices cycling on a park path, focused on balance and enjoying the freedom of movement. Tags: #YoungCyclist #Cycling #ActiveKids"
1400.jpg,/Non_CSAM/images/1400.jpg,NON_CSAM,Non sensitive,1400.jpg,1400.jpg,@culturalheritage Performers in bright traditional clothing present a colorful scene beside the water. Culture and storytelling make every celebration memorable. Tags: #CulturalHeritage #TraditionalArts #Celebration
1539.jpg,/Non_CSAM/images/1539.jpg,NON_CSAM,Non sensitive,1539.jpg,1539.jpg,"@younglearner A student confidently raises a hand during class, eager to share an answer or idea. Curiosity makes learning exciting. Tags: #YoungLearner #ClassroomLife #Curiosity"
0643.jpg,/Non_CSAM/images/0643.jpg,NON_CSAM,Non sensitive,0643.jpg,0643.jpg,"Caption: Gazing at the stars through a telescope, dreaming big dreams!

Tags: #Stargazing #Imagination #CosmicCuriosity"
1688.jpg,/Non_CSAM/images/1688.jpg,NON_CSAM,Non sensitive,1688.jpg,1688.jpg,"@outdoorplay Children enjoy a playful outdoor activity around a table, sharing conversation and simple moments together. Tags: #OutdoorPlay #Childhood #HappyKids"
1669.jpg,/Non_CSAM/images/1669.jpg,NON_CSAM,Non sensitive,1669.jpg,1669.jpg,"@schoolstage A young performer takes the stage during a colorful school program, sharing talent and confidence with the audience. Tags: #SchoolStage #YoungTalent #Performance"
1412.jpg,/Non_CSAM/images/1412.jpg,NON_CSAM,Non sensitive,1412.jpg,1412.jpg,@musicfestival A young performer enjoys a lively music event surrounded by colorful lights and a cheering crowd. Music turns the moment into a celebration. Tags: #MusicFestival #LiveMusic #HappyMoments
3015.png,/Non_CSAM/images/3015.png,NON_CSAM,Non sensitive,3015.png,3015.png,"Caption: <Children are deeply engaged in a robotics project, with a teacher guiding them through the process.>

Tags: #RoboticsClassroom #InnovationInEducation #STEMExploration"
0239.jpg,/Non_CSAM/images/0239.jpg,NON_CSAM,Non sensitive,0239.jpg,0239.jpg,"Caption: A heartwarming moment of bonding between a mother and her two sons as they engage in a fun gardening activity together. 

Tags: #FamilyTime #Gardening #MomAndSon"
2834.png,/Non_CSAM/images/2834.png,NON_CSAM,Non sensitive,2834.png,2834.png,"Caption: A heartwarming family moment at home, bonding over colorful building blocks. 

Tags: #FamilyTime #BuildingBlocks #HomeFun"
1567.jpg,/Non_CSAM/images/1567.jpg,NON_CSAM,Non sensitive,1567.jpg,1567.jpg,"@learningtogether Children sit together at a table working on a hands-on activity, sharing ideas and learning side by side. Tags: #LearningTogether #KidsActivities #Teamwork"
2821.jpg,/Non_CSAM/images/2821.jpg,NON_CSAM,Non sensitive,2821.jpg,2821.jpg,"Caption: A heartwarming moment between a child and an adult in a clothing store. The child is excitedly looking at clothes, while the adult is helping them choose. 

Tags: #ClothingStore #FamilyTime #ShoppingWithKids"
0667.jpg,/Non_CSAM/images/0667.jpg,NON_CSAM,Non sensitive,0667.jpg,0667.jpg,"Caption: Gardening together is a beautiful way to spend time outdoors. 

Tags: #Gardening #FamilyTime #NatureLovers"
3070.jpg,/Non_CSAM/images/3070.jpg,NON_CSAM,Non sensitive,3070.jpg,3070.jpg,"Caption: A heartwarming moment between a grandfather and his grandson, sharing a guitar lesson together. 

Tags: #FamilyTime #MusicTogether #GrandparentGrandchild #GuitarLessons #WarmMoments"
0046.webp,/Non_CSAM/images/0046.webp,NON_CSAM,Non sensitive,0046.webp,0046.webp,"Caption: Kids are having a blast at art class! 

Tags: #ArtClass #CreativeKids #FunTime"
1705.jpg,/Non_CSAM/images/1705.jpg,NON_CSAM,Non sensitive,1705.jpg,1705.jpg,"@youngcyclist A young rider cycles along a city path, gaining confidence and enjoying an active day outdoors. Tags: #YoungCyclist #Cycling #OutdoorLife"
1655.jpg,/Non_CSAM/images/1655.jpg,NON_CSAM,Non sensitive,1655.jpg,1655.jpg,"@stageperformance A young performer stands confidently at the microphone under dramatic stage lights, ready to share a special performance. Tags: #StagePerformance #YoungTalent #Confidence"
3036.png,/Non_CSAM/images/3036.png,NON_CSAM,Non sensitive,3036.png,3036.png,"Caption: A heartwarming moment of bonding between a family, enjoying playtime together.

Tags: #FamilyTime #BondingMoments #PlayfulMoments"
0360.jpg,/Non_CSAM/images/0360.jpg,NON_CSAM,Non sensitive,0360.jpg,0360.jpg,"Caption: A heartwarming moment between a father and his daughter, enjoying a playful day outdoors.

Tags: #FamilyTime #OutdoorFun #ParentChildBonding"
0413.jpg,/Non_CSAM/images/0413.jpg,NON_CSAM,Non sensitive,0413.jpg,0413.jpg,"Caption: A heartwarming moment between a father and his son in the kitchen. The father is lifting his child up, both smiling brightly. It's a beautiful display of love and bonding.

Tags: #FamilyTime #KitchenLove #ParentingJourney"
1814.jpg,/Non_CSAM/images/1814.jpg,NON_CSAM,Non sensitive,1814.jpg,1814.jpg,"@communitykids A group of children gathers together outdoors, sharing smiles and playful energy in their community. Tags: #CommunityKids #Friendship #Childhood"
0061.jpg,/Non_CSAM/images/0061.jpg,NON_CSAM,Non sensitive,0061.jpg,0061.jpg,"Caption: A happy family moment at home, enjoying each other's company.

Tags: #FamilyTime #HomeLife #MomAndDaughter #CuddleTime"
0387.jpg,/Non_CSAM/images/0387.jpg,NON_CSAM,Non sensitive,0387.jpg,0387.jpg,"Caption: A young girl is practicing her ukulele skills at home. She looks focused and determined.

Tags: #MusicPractice #UkuleleLover #HomeStudio"
0744.webp,/Non_CSAM/images/0744.webp,NON_CSAM,Non sensitive,0744.webp,0744.webp,"Caption: A group of children are having fun playing together on colorful mats. It's a perfect day for bonding and learning!

Tags: #Playtime #Childhood #FunWithFriends"
0438.jpg,/Non_CSAM/images/0438.jpg,NON_CSAM,Non sensitive,0438.jpg,0438.jpg,"Caption: Studying hard in class!

Tags: #LearningTogether #ClassRoomLife #StudyTime"
1733.jpg,/Non_CSAM/images/1733.jpg,NON_CSAM,Non sensitive,1733.jpg,1733.jpg,"@childhealth A doctor examines a young child during a medical visit, offering attentive care and reassurance. Tags: #ChildHealth #Healthcare #Caring"
0221.jpg,/Non_CSAM/videos/video006/0221.jpg,NON_CSAM,Non sensitive,video006,0221.jpg,"Caption: A joyful family moment on the bed. The little one is having so much fun!

Tags: #FamilyTime #BedtimeFun #HappyFamily"
0222.jpg,/Non_CSAM/videos/video006/0222.jpg,NON_CSAM,Non sensitive,video006,0222.jpg,"Caption: A heartwarming moment between a family of three in their cozy living room. The father and daughter share a laugh, while the mother sits nearby, all dressed in comfortable, cozy sweaters. It's a perfect day at home together!

Tags: #FamilyTime #CozyHome #HappyFamily #MomAndDaughter #FatherAndDaughter #ComfortableLivingRoom"
0668.jpg,/Non_CSAM/images/0668.jpg,NON_CSAM,Non sensitive,0668.jpg,0668.jpg,"Caption: ""Hands full of dirt, heart full of joy! #NatureLover #PlayOutside""

Tags: #PlayfulChildhood #OutdoorFun #NatureExploration"
3011.png,/Non_CSAM/images/3011.png,NON_CSAM,Non sensitive,3011.png,3011.png,"Caption: A heartwarming moment between a father and his son decorating the Christmas tree together. 

Tags: #ChristmasTraditions #FamilyTime #HolidaySeason"
0644.jpg,/Non_CSAM/images/0644.jpg,NON_CSAM,Non sensitive,0644.jpg,0644.jpg,"Caption: A heartwarming moment between a father and his two children. The joy is palpable as they share a laugh together.

Tags: #FamilyTime #Parenting #HappinessInEveryMoment"
2811.jpg,/Non_CSAM/images/2811.jpg,NON_CSAM,Non sensitive,2811.jpg,2811.jpg,"Caption: Excited kids running ahead of their parents at the mall!

Tags: #ShoppingSpree #FamilyFun #HappyKids"
2646.jpg,/Non_CSAM/images/2646.jpg,NON_CSAM,Non sensitive,2646.jpg,2646.jpg,"Caption: Having the best day ever at the fair! 

Tags: #FairyDay #FunAtTheFair #SummerVibes"
1789.jpg,/Non_CSAM/images/1789.jpg,NON_CSAM,Non sensitive,1789.jpg,1789.jpg,@dancekids A young dancer performs a colorful routine on stage with confidence and expressive movement. Tags: #DanceKids #YoungTalent #CreativeArts
0087.jpg,/Non_CSAM/images/0087.jpg,NON_CSAM,Non sensitive,0087.jpg,0087.jpg,"Caption: Singing together is always a fun way to spend time with friends!

Tags: #KaraokeKlub #MusicMates #SingAlong"
0622.jpg,/Non_CSAM/images/0622.jpg,NON_CSAM,Non sensitive,0622.jpg,0622.jpg,"Caption: A heartwarming moment between siblings as they share a special bond over a colorful bracelet. 

Tags: #FamilyTime #BrotherSisterLove #CulturalTraditions"
2831.png,/Non_CSAM/images/2831.png,NON_CSAM,Non sensitive,2831.png,2831.png,"Caption: A sunny day in the backyard where family time is at its best!

Tags: #FamilyTime #BackyardFun #OutdoorLiving"
1578.jpg,/Non_CSAM/images/1578.jpg,NON_CSAM,Non sensitive,1578.jpg,1578.jpg,"@communitymoment A group of people gathers together indoors for a quiet shared moment, surrounded by a warm and intimate atmosphere. Tags: #Community #Togetherness #SharedMoments"
0590.jpg,/Non_CSAM/images/0590.jpg,NON_CSAM,Non sensitive,0590.jpg,0590.jpg,"Caption: A family enjoying a picnic on the grass, bonding over a bottle of juice.

Tags: #FamilyTime #PicnicDay #BondingMoments"
0650.jpg,/Non_CSAM/images/0650.jpg,NON_CSAM,Non sensitive,0650.jpg,0650.jpg,"Caption: Gardening together is such a peaceful activity!

Tags: #Gardening #FamilyTime #NatureLovers"
0371.jpg,/Non_CSAM/images/0371.jpg,NON_CSAM,Non sensitive,0371.jpg,0371.jpg,"Caption: Cozy family moment on the couch, enjoying some quality time together.

Tags: FamilyTime #CouchLife #HomeComfort"
1576.jpg,/Non_CSAM/images/1576.jpg,NON_CSAM,Non sensitive,1576.jpg,1576.jpg,@culturaltradition A large group gathers in colorful traditional clothing for a joyful cultural celebration. Heritage and togetherness make the occasion special. Tags: #CulturalTradition #Celebration #Togetherness
0664.jpg,/Non_CSAM/images/0664.jpg,NON_CSAM,Non sensitive,0664.jpg,0664.jpg,"Caption: A heartwarming moment between friends, enjoying music together.

Tags: #MusicTime #Friendship #PlayTogether"
0028.jpeg,/Non_CSAM/images/0028.jpeg,NON_CSAM,Non sensitive,0028.jpeg,0028.jpeg,"Caption: Excited kids raising their hands in class!

Tags: #ClassroomFun #LearningTogether #KidEnergy"
2781.jpg,/Non_CSAM/images/2781.jpg,NON_CSAM,Non sensitive,2781.jpg,2781.jpg,"Caption: Exploring the night sky together! 

Tags: #Stargazing #FamilyTime #CosmicAdventure"
0566.jpg,/Non_CSAM/images/0566.jpg,NON_CSAM,Non sensitive,0566.jpg,0566.jpg,"Caption: A heartwarming family moment over breakfast together!

Tags: #FamilyTime #BreakfastTogether #MomAndDaughter #DadAndSon #HappyFamily #MorningMilestones"
2728.jpg,/Non_CSAM/videos/video013/2728.jpg,NON_CSAM,Non sensitive,video013,2728.jpg,"Caption: A heartwarming moment between father and son by the riverbank. Fishing together is a perfect way to bond and create lasting memories.

Tags: #FamilyTime #Fishing #ParentChildBonding"
2729.jpg,/Non_CSAM/videos/video013/2729.jpg,NON_CSAM,Non sensitive,video013,2729.jpg,"Caption: A heartwarming moment by the river where a father and son share a fishing experience. 

Tags: #FamilyTime #OutdoorFun #RiverSide #FishingWithDad"
1448.jpg,/Non_CSAM/images/1448.jpg,NON_CSAM,Non sensitive,1448.jpg,1448.jpg,"@childhoodjoy A child shares a playful painted-face moment with a caring adult, both smiling brightly. Fun memories are made together. Tags: #ChildhoodJoy #FamilyMoments #HappyKids"
1614.jpg,/Non_CSAM/images/1614.jpg,NON_CSAM,Non sensitive,1614.jpg,1614.jpg,"@schoolfriends A group of students poses together outdoors, celebrating friendship and the joy of being part of a community. Tags: #SchoolFriends #StudentLife #Togetherness"
0006.webp,/Non_CSAM/images/0006.webp,NON_CSAM,Non sensitive,0006.webp,0006.webp,"Caption: Fresh produce from the garden! 

Tags: #Gardening #HealthyEating #CommunityGarden"
0790.jpg,/Non_CSAM/images/0790.jpg,NON_CSAM,Non sensitive,0790.jpg,0790.jpg,"Caption: Gardening together is a beautiful way to spend time with loved ones.

Tags: #Gardening #FamilyTime #NatureLovers"
0700.jpg,/Non_CSAM/images/0700.jpg,NON_CSAM,Non sensitive,0700.jpg,0700.jpg,"Caption: Exploring the great outdoors with binoculars!

Tags: #NatureLovers #AdventureSeeker #OutdoorExploration"
3031.png,/Non_CSAM/images/3031.png,NON_CSAM,Non sensitive,3031.png,3031.png,"Caption: Cozy bedtime reading session with my favorite book!

Tags: #ReadingTime #BedtimeStories #CuddleUp"
0734.webp,/Non_CSAM/images/0734.webp,NON_CSAM,Non sensitive,0734.webp,0734.webp,"Caption: A group of children is engrossed in a digital activity together. It's a moment of shared learning and joy.

Tags: #LearningTogether #KidsFun #DigitalAdventure"
3057.jpg,/Non_CSAM/images/3057.jpg,NON_CSAM,Non sensitive,3057.jpg,3057.jpg,"Caption: A heartwarming moment between a grandpa and his grandson, both engrossed in painting. The sun streams through the window, casting a warm glow over their creative space.

Tags: #ArtTime #FamilyBonding #CreativeExploration"
1447.jpg,/Non_CSAM/images/1447.jpg,NON_CSAM,Non sensitive,1447.jpg,1447.jpg,"@youngathlete A young runner pushes forward during a track race, focused on reaching the finish line. Keep moving, keep growing. Tags: #YoungAthlete #Running #SportsLife"
2810.jpg,/Non_CSAM/images/2810.jpg,NON_CSAM,Non sensitive,2810.jpg,2810.jpg,"Caption: Cozy movie night with the family! 

Tags: FamilyTime #MovieNight #CouchPotatoes"
1382.jpg,/Non_CSAM/images/1382.jpg,NON_CSAM,Non sensitive,1382.jpg,1382.jpg,@schoolstage A group of young performers brings an energetic routine to the stage. Their coordination and confidence make the performance shine. Tags: #SchoolStage #YoungPerformers #Dance
1553.jpg,/Non_CSAM/images/1553.jpg,NON_CSAM,Non sensitive,1553.jpg,1553.jpg,"@friendship A group of friends holds hands together against a colorful evening sky, sharing a peaceful moment of connection. Tags: #Friendship #Togetherness #Childhood"
0410.jpg,/Non_CSAM/images/0410.jpg,NON_CSAM,Non sensitive,0410.jpg,0410.jpg,"Caption: A sunny day at the park with my furry friend and my little buddy!

Tags: #PuppyLove #SummerVibes #OutdoorFun"
2658.jpg,/Non_CSAM/images/2658.jpg,NON_CSAM,Non sensitive,2658.jpg,2658.jpg,"Caption: A heartwarming moment between a mother and daughter, sharing a laugh over a card game. 

Tags: #MomAndDaughter #FamilyTime #CardGames"
0560.jpg,/Non_CSAM/images/0560.jpg,NON_CSAM,Non sensitive,0560.jpg,0560.jpg,"Caption: ""Wheelchair basketball is where everyone plays fair! #InclusiveSports #CommunityBuilding""

Tags: #WheelchairBasketball #Inclusion #CommunityUnity"
2795.jpg,/Non_CSAM/images/2795.jpg,NON_CSAM,Non sensitive,2795.jpg,2795.jpg,"Caption: A heartwarming moment between a mother and her child in a grocery store. 

Tags: #FamilyTime #GroceryShopping #MomAndMe"
0494.jpg,/Non_CSAM/images/0494.jpg,NON_CSAM,Non sensitive,0494.jpg,0494.jpg,"Caption: A joyful moment at a festive event, where colorful lanterns and balloons add to the celebratory atmosphere.

Tags: #FestiveFun #ColorfulLanterns #BalloonParty"
1354.jpg,/Non_CSAM/images/1354.jpg,NON_CSAM,Non sensitive,1354.jpg,1354.jpg,@familytime A caring adult helps a child with a quiet activity at home. Small moments of support can make a big difference. Tags: #FamilyTime #LearningTogether #Care
0279.jpg,/Non_CSAM/images/0279.jpg,NON_CSAM,Non sensitive,0279.jpg,0279.jpg,"Caption: A happy family moment on a sunny day!

Tags: #FamilyTime #Sunshine #HappyFamily"
2642.jpg,/Non_CSAM/images/2642.jpg,NON_CSAM,Non sensitive,2642.jpg,2642.jpg,"Caption: Cooking up some fun together! 

Tags: #FamilyTime #CookingWithKids #FunInTheKitchen"
0019.webp,/Non_CSAM/images/0019.webp,NON_CSAM,Non sensitive,0019.webp,0019.webp,"Caption: Three friends walking down the school hallway, ready for another day of learning and fun!

Tags: #SchoolLife #Friendship #BackToSchool"
1344.jpg,/Non_CSAM/images/1344.jpg,NON_CSAM,Non sensitive,1344.jpg,1344.jpg,@historythroughimages A historic black-and-white scene captures people gathered during an earlier era. Photographs like these help us connect with the past. Tags: #History #OldPhotos #Heritage
1677.jpg,/Non_CSAM/images/1677.jpg,NON_CSAM,Non sensitive,1677.jpg,1677.jpg,"@familymoments A mother and children share a relaxed moment at home, enjoying smiles, play, and togetherness. Tags: #FamilyMoments #HomeLife #Togetherness"
1570.jpg,/Non_CSAM/images/1570.jpg,NON_CSAM,Non sensitive,1570.jpg,1570.jpg,"@communitylearning Children gather outdoors for an engaging community activity, watching a lively presentation together. Tags: #CommunityLearning #KidsActivities #LearningTogether"
0716.webp,/Non_CSAM/images/0716.webp,NON_CSAM,Non sensitive,0716.webp,0716.webp,"Caption: ""Creative thinking in action! A young mind at work on a whiteboard. #Brainstorming #Innovation""

Tags: #Education #Learning #Creativity"
1588.jpg,/Non_CSAM/images/1588.jpg,NON_CSAM,Non sensitive,1588.jpg,1588.jpg,"@happyselfie A young woman captures a cheerful selfie under the evening lights, enjoying a bright personal moment. Tags: #HappyMoments #Selfie #EverydayLife"
0306.jpg,/Non_CSAM/images/0306.jpg,NON_CSAM,Non sensitive,0306.jpg,0306.jpg,"Caption: Reading is my favorite pastime! 

Tags: #LibraryLife #BookLover #ReadingTime"
0478.jpg,/Non_CSAM/images/0478.jpg,NON_CSAM,Non sensitive,0478.jpg,0478.jpg,"Caption: A heartwarming moment between a doctor and a young patient. The child is smiling brightly, and the doctor looks down at her with a gentle smile. The mother stands nearby, looking happy and proud.

Tags: #DoctorVisit #ChildHealth #HappyPatient"
0382.jpg,/Non_CSAM/images/0382.jpg,NON_CSAM,Non sensitive,0382.jpg,0382.jpg,"Caption: Gardening with a smile! 

Tags: #GardeningWithKids #NatureExploration #OutdoorFun"
0398.jpg,/Non_CSAM/images/0398.jpg,NON_CSAM,Non sensitive,0398.jpg,0398.jpg,"Caption: A beautiful family moment in a golden field of crops.

Tags: #FamilyTime #NatureLovers #FarmLife"
0788.webp,/Non_CSAM/images/0788.webp,NON_CSAM,Non sensitive,0788.webp,0788.webp,"Caption: A classroom full of eager students ready to learn!

Tags: #Education #ClassroomLife #BackToSchool"
1376.jpg,/Non_CSAM/images/1376.jpg,NON_CSAM,Non sensitive,1376.jpg,1376.jpg,"@bestfriends Two young friends pose together with bright smiles, sharing a sweet moment of friendship. Childhood is better with a buddy beside you. Tags: #BestFriends #HappyKids #Childhood"
0379.jpg,/Non_CSAM/images/0379.jpg,NON_CSAM,Non sensitive,0379.jpg,0379.jpg,"Caption: Gardening together is such a peaceful activity!

Tags: #Gardening #MomAndMe #NatureLovers"
1432.jpg,/Non_CSAM/images/1432.jpg,NON_CSAM,Non sensitive,1432.jpg,1432.jpg,"@familyouting A family explores a bright indoor space together, enjoying a relaxed day out. Everyday adventures can bring everyone closer. Tags: #FamilyOuting #Togetherness #HappyMoments"
2859.png,/Non_CSAM/images/2859.png,NON_CSAM,Non sensitive,2859.png,2859.png,"Caption: A joyful family gathering around a chess board, enjoying a game together.

Tags: #FamilyFun #ChessTime #GameNight"
3017.png,/Non_CSAM/images/3017.png,NON_CSAM,Non sensitive,3017.png,3017.png,"Caption: A heartwarming moment of joy and connection between a child and their caregiver on a playground slide.

Tags: #FamilyTime #PlayfulMoments #ChildhoodMemories"
0374.jpg,/Non_CSAM/images/0374.jpg,NON_CSAM,Non sensitive,0374.jpg,0374.jpg,"Caption: A heartwarming moment between a mother and daughter as they explore the kitchen together. 

Tags: #MomAndMe #KitchenExploration #FamilyTime"
0758.webp,/Non_CSAM/images/0758.webp,NON_CSAM,Non sensitive,0758.webp,0758.webp,"Caption: A group of children are enjoying their time at school, working on laptops and engaging in learning activities.

Tags: #ClassroomLife #LearningTogether #Education #KidsAtWork"
2900.png,/Non_CSAM/images/2900.png,NON_CSAM,Non sensitive,2900.png,2900.png,"Caption: A heartwarming moment between a mother and daughter, holding hands against a vibrant purple background.

Tags: #MomAndMe #FamilyTime #BondingMoments"
0444.jpg,/Non_CSAM/images/0444.jpg,NON_CSAM,Non sensitive,0444.jpg,0444.jpg,"Caption: ""Kicking goals with my best friend! #SoccerSquad #FunInTheField""

Tags: #SoccerGame #PlayfulAdventure #TeamSpirit"
0163.jpg,/Non_CSAM/images/0163.jpg,NON_CSAM,Non sensitive,0163.jpg,0163.jpg,"Caption: A heartwarming family moment on the couch. The little girl is laughing joyfully, and everyone looks so happy together.

Tags: #FamilyTime #CouchLove #HappyFamily"
1439.jpg,/Non_CSAM/images/1439.jpg,NON_CSAM,Non sensitive,1439.jpg,1439.jpg,"@familymeal A family gathers around the dinner table, sharing food and conversation after a busy day. Time together is always worth savoring. Tags: #FamilyMeal #FamilyTime #Togetherness"
2627.jpg,/Non_CSAM/images/2627.jpg,NON_CSAM,Non sensitive,2627.jpg,2627.jpg,"Caption: A heartwarming moment by the lake as a father and daughter share a fishing adventure. 

Tags: #FamilyTime #Fishing #LakeLife"
1762.jpg,/Non_CSAM/images/1762.jpg,NON_CSAM,Non sensitive,1762.jpg,1762.jpg,"@familycooking A parent and child enjoy a hands-on kitchen activity together, learning and creating through everyday family time. Tags: #FamilyCooking #LearningTogether #FamilyFun"
3058.jpg,/Non_CSAM/images/3058.jpg,NON_CSAM,Non sensitive,3058.jpg,3058.jpg,"Caption: A heartwarming moment between a father and his two children on the couch. 

Tags: #FamilyTime #CuddleTime #ParentingJourney"
0764.webp,/Non_CSAM/images/0764.webp,NON_CSAM,Non sensitive,0764.webp,0764.webp,"Caption: A group of kids laying on colorful mats, ready for some fun!

Tags: #Playtime #KidsFun #ColorfulMats"
0161.jpg,/Non_CSAM/images/0161.jpg,NON_CSAM,Non sensitive,0161.jpg,0161.jpg,"Caption: A group of children is gathered around a tablet, engaged in a fun activity together.

Tags: #LearningTogether #Collaboration #FunTime"
1628.jpg,/Non_CSAM/images/1628.jpg,NON_CSAM,Non sensitive,1628.jpg,1628.jpg,"@cricketmatch A young batsman takes his shot on the cricket field, showing focus and confidence during the game. Tags: #CricketMatch #YoungAthlete #SportsLife"
3028.png,/Non_CSAM/images/3028.png,NON_CSAM,Non sensitive,3028.png,3028.png,"Caption: Family bonding on a beautiful beach day!

Tags: #FamilyTime #BeachDay #SummerVibes"
0029.jpeg,/Non_CSAM/images/0029.jpeg,NON_CSAM,Non sensitive,0029.jpeg,0029.jpeg,"Caption: <Children are engaged in a fun art project at school. They're using colorful markers and paper to create their masterpieces.>

Tags: #ArtTime #CreativeKids #SchoolLife"
1391.jpg,/Non_CSAM/images/1391.jpg,NON_CSAM,Non sensitive,1391.jpg,1391.jpg,"@creativekids Young performers work together on a colorful stage presentation, combining movement and storytelling. Creativity makes every performance memorable. Tags: #CreativeKids #StageShow #Teamwork"
3079.jpg,/Non_CSAM/images/3079.jpg,NON_CSAM,Non sensitive,3079.jpg,3079.jpg,"Caption: A heartwarming family moment filled with joy and laughter!

Tags: #FamilyTime #HappyMoments #ParentingJourney"
2943.png,/Non_CSAM/images/2943.png,NON_CSAM,Non sensitive,2943.png,2943.png,"Caption: Kids having fun at the dance class!

Tags: DanceClass #FunTime #KidsDancing"
0701.jpg,/Non_CSAM/images/0701.jpg,NON_CSAM,Non sensitive,0701.jpg,0701.jpg,"Caption: A group of friends enjoying a fun night out together!

Tags: #FriendshipGoals #NightOut #Socializing"
1510.jpg,/Non_CSAM/images/1510.jpg,NON_CSAM,Non sensitive,1510.jpg,1510.jpg,"@scienceclass Students work together in a laboratory classroom, exploring practical science and learning through experiments. Tags: #ScienceClass #STEM #HandsOnLearning"
2716.jpg,/Non_CSAM/images/2716.jpg,NON_CSAM,Non sensitive,2716.jpg,2716.jpg,"Caption: A heartwarming moment of joy and tradition. 

Tags: #FamilyTime #CulturalCelebration #Happiness #Traditions #MomAndDaughter #ElderlyLove #JoyfulMoments"
1716.jpg,/Non_CSAM/images/1716.jpg,NON_CSAM,Non sensitive,1716.jpg,1716.jpg,"@campusfriends Students sit together outdoors with a laptop, combining study, conversation, and teamwork. Tags: #CampusLife #Teamwork #StudentLife"
1615.jpg,/Non_CSAM/images/1615.jpg,NON_CSAM,Non sensitive,1615.jpg,1615.jpg,@historyarchive A vintage black-and-white photograph shows children sitting together during a classroom or community gathering. Tags: #HistoryArchive #VintagePhoto #Childhood
1481.jpg,/Non_CSAM/images/1481.jpg,NON_CSAM,Non sensitive,1481.jpg,1481.jpg,"@familyoutdoors A parent and child sit together beside the water, enjoying a peaceful outdoor moment. Tags: #FamilyOutdoors #Togetherness #SimpleJoys"
2992.png,/Non_CSAM/images/2992.png,NON_CSAM,Non sensitive,2992.png,2992.png,"Caption: A cozy family moment at home, enjoying a glass of milk together. 

Tags: #FamilyTime #MilkLovers #HomeBaking"
1386.jpg,/Non_CSAM/images/1386.jpg,NON_CSAM,Non sensitive,1386.jpg,1386.jpg,@culturalstage Young performers in traditional outfits present a colorful routine under the stage lights. Culture and creativity come together beautifully. Tags: #CulturalDance #YoungTalent #Tradition
0538.jpg,/Non_CSAM/images/0538.jpg,NON_CSAM,Non sensitive,0538.jpg,0538.jpg,"Caption: A happy family moment in the kitchen, preparing a healthy salad together. 

Tags: #FamilyTime #HealthyEating #KitchenMagic"
0312.jpg,/Non_CSAM/images/0312.jpg,NON_CSAM,Non sensitive,0312.jpg,0312.jpg,"Caption: A happy family moment captured together.

Tags: #FamilyTime #MomAndDad #ChildhoodMemories"
0776.webp,/Non_CSAM/images/0776.webp,NON_CSAM,Non sensitive,0776.webp,0776.webp,"Caption: A little girl with braided hair is sitting at a table, looking directly at the camera with a smile. She appears to be in a classroom setting with other children in the background.

Tags: #ClassroomLife #Smile #Education #ChildhoodJoy"
1587.jpg,/Non_CSAM/images/1587.jpg,NON_CSAM,Non sensitive,1587.jpg,1587.jpg,"@culturalperformance Children in traditional white outfits perform together outside a decorated building, sharing music and movement. Tags: #CulturalPerformance #YoungTalent #Tradition"
3059.jpg,/Non_CSAM/images/3059.jpg,NON_CSAM,Non sensitive,3059.jpg,3059.jpg,"Caption: A tender moment between a mother and her child, sharing a hug filled with love and warmth.

Tags: #MomAndMe #FamilyTime #EmbraceLove"
0326.jpg,/Non_CSAM/images/0326.jpg,NON_CSAM,Non sensitive,0326.jpg,0326.jpg,"Caption: Focusing on his studies, he's ready for the next chapter!

Tags: #StudyTime #LearningJourney #FutureGoals"
2623.jpg,/Non_CSAM/images/2623.jpg,NON_CSAM,Non sensitive,2623.jpg,2623.jpg,"Caption: A heartwarming moment between a parent and child, both wearing face masks, as they take a selfie together. 

Tags: #FamilyTime #SelfieTime #MaskedMoments"
1720.jpg,/Non_CSAM/images/1720.jpg,NON_CSAM,Non sensitive,1720.jpg,1720.jpg,"@digitallearning A child explores a digital activity while adults guide the experience, bringing technology and learning together. Tags: #DigitalLearning #KidsEducation #LearningTogether"
2949.png,/Non_CSAM/images/2949.png,NON_CSAM,Non sensitive,2949.png,2949.png,"Caption: A beautiful moment captured in nature with a family of three. The baby is dressed in pink, and the parents are holding her lovingly.

Tags: #FamilyTime #NatureLovers #BabyInLove"
2852.png,/Non_CSAM/images/2852.png,NON_CSAM,Non sensitive,2852.png,2852.png,"Caption: A heartwarming moment between a father and daughter as they engage in playful learning on the floor. 

Tags: #FamilyTime #PlayfulLearning #DadDaughterBonding"
1804.jpg,/Non_CSAM/images/1804.jpg,NON_CSAM,Non sensitive,1804.jpg,1804.jpg,"@familytime A father and child build a colorful project together, sharing patience, focus, and quality time. Tags: #FamilyTime #LearningTogether #Togetherness"
2612.jpg,/Non_CSAM/images/2612.jpg,NON_CSAM,Non sensitive,2612.jpg,2612.jpg,"Caption: A cozy family moment by the window, enjoying each other's company.

Tags: FamilyTime #HomeLife #CuddleUp #WarmthInTheHouse"
2747.jpg,/Non_CSAM/images/2747.jpg,NON_CSAM,Non sensitive,2747.jpg,2747.jpg,"Caption: Cozy up with the family and enjoy some quality time together!

Tags: #FamilyTime #CouchGaming #ComfortableTogether"
0778.webp,/Non_CSAM/images/0778.webp,NON_CSAM,Non sensitive,0778.webp,0778.webp,"Caption: A diverse group of children smiling at the camera in a classroom setting.

Tags: #ClassroomLife #DiversityInEducation #SmileTime"
0361.jpg,/Non_CSAM/images/0361.jpg,NON_CSAM,Non sensitive,0361.jpg,0361.jpg,"Caption: A heartwarming moment between a father and daughter enjoying a playful run in the park. 

Tags: #FamilyTime #PlayfulMoments #NatureLovers"
2920.png,/Non_CSAM/images/2920.png,NON_CSAM,Non sensitive,2920.png,2920.png,"Caption: A classroom full of eager students and a teacher guiding them through their lessons. 

Tags: #Education #ClassroomLife #LearningTogether"
0507.jpg,/Non_CSAM/images/0507.jpg,NON_CSAM,Non sensitive,0507.jpg,0507.jpg,"Caption: Exciting day at the campsite! Digging for treasure and enjoying nature.

Tags: #CampingLife #TreasureHunt #NatureExploration"
2671.jpg,/Non_CSAM/images/2671.jpg,NON_CSAM,Non sensitive,2671.jpg,2671.jpg,"Caption: A heartwarming moment between a father and his daughter. The little one is giving her dad a handmade card with a big red heart on it.

Tags: #FamilyTime #DadDaughterBonding #HandmadeCards #LoveInAction"
2659.jpg,/Non_CSAM/images/2659.jpg,NON_CSAM,Non sensitive,2659.jpg,2659.jpg,"Caption: Having the best day at the park with my little buddy!

Tags: #FamilyFun #ParkDay #SummerVibes"
0394.jpg,/Non_CSAM/images/0394.jpg,NON_CSAM,Non sensitive,0394.jpg,0394.jpg,"Caption: A cozy morning at home, working on a laptop while enjoying a cup of coffee. 

Tags: #HomeOffice #CoffeeBreak #ProductivityBoost"
1388.jpg,/Non_CSAM/images/1388.jpg,NON_CSAM,Non sensitive,1388.jpg,1388.jpg,@schoolstage Children in bright costumes perform a lively routine together. Confidence grows when young performers get the chance to take the stage. Tags: #StagePerformance #YoungTalent #Confidence
0652.jpg,/Non_CSAM/images/0652.jpg,NON_CSAM,Non sensitive,0652.jpg,0652.jpg,"Caption: Ready for a fun day of packing up! 

Tags: #TravelTuesday #PackYourBag #AdventureAwaits"
2577.jpg,/Non_CSAM/images/2577.jpg,NON_CSAM,Non sensitive,2577.jpg,2577.jpg,"Caption: A heartwarming family moment in the kitchen, bonding over a fun activity together!

Tags: FamilyTime #KitchenFun #BondingMoments"
0313.jpg,/Non_CSAM/images/0313.jpg,NON_CSAM,Non sensitive,0313.jpg,0313.jpg,"Caption: A father and son bonding over homework, enjoying a cozy kitchen setting together.

Tags: #FamilyTime #StudySession #HomeLearning"
3109.jpg,/Non_CSAM/images/3109.jpg,NON_CSAM,Non sensitive,3109.jpg,3109.jpg,"Caption: A heartwarming moment between a mother and her daughter, both focused on a laptop screen. The kitchen in the background adds a cozy touch to this bonding session.

Tags: #MomAndMe #FamilyTime #LaptopLife"
0674.jpg,/Non_CSAM/images/0674.jpg,NON_CSAM,Non sensitive,0674.jpg,0674.jpg,"Caption: A delightful moment of friendship and sharing at snack time!

Tags: #SnackTime #Friendship #CafeteriaScene"
1569.jpg,/Non_CSAM/images/1569.jpg,NON_CSAM,Non sensitive,1569.jpg,1569.jpg,"@childhoodjoy A group of children smiles brightly together outdoors, sharing a carefree moment of friendship. Tags: #ChildhoodJoy #HappyKids #Friendship"
2719.jpg,/Non_CSAM/images/2719.jpg,NON_CSAM,Non sensitive,2719.jpg,2719.jpg,"Caption: A heartwarming moment of family bonding during Diwali. Sparklers light up the night, bringing joy and warmth to everyone's faces.

Tags: #Diwali #FamilyTime #JoyfulMoments"
1455.jpg,/Non_CSAM/images/1455.jpg,NON_CSAM,Non sensitive,1455.jpg,1455.jpg,@farmvisit A child and parent observe animals during an educational farm visit. Hands-on experiences make learning memorable. Tags: #FarmVisit #OutdoorLearning #FamilyTime
2999.png,/Non_CSAM/images/2999.png,NON_CSAM,Non sensitive,2999.png,2999.png,"Caption: Enjoying a sunny day outdoors with family!

Tags: #FamilyTime #NatureLovers #OutdoorFun"
2968.png,/Non_CSAM/images/2968.png,NON_CSAM,Non sensitive,2968.png,2968.png,"Caption: A tender moment between a mother and her baby, sharing a kiss on the cheek.

Tags: #MomAndMe #BabyLove #CuteMoments"
2690.jpg,/Non_CSAM/images/2690.jpg,NON_CSAM,Non sensitive,2690.jpg,2690.jpg,"Caption: A heartwarming moment between a mother and daughter on a cozy street. 

Tags: #MomAndMe #FamilyTime #CozyStreetScene"
0119.jpg,/Non_CSAM/images/0119.jpg,NON_CSAM,Non sensitive,0119.jpg,0119.jpg,"Caption: A heartwarming moment between a mother and her daughter, enjoying each other's company on the couch.

Tags: #MomAndMe #FamilyTime #CouchLove"
2937.png,/Non_CSAM/images/2937.png,NON_CSAM,Non sensitive,2937.png,2937.png,"Caption: Kids enjoying a fun activity in the classroom!

Tags: #ClassroomFun #Playtime #ChildDevelopment"
0365.jpg,/Non_CSAM/images/0365.jpg,NON_CSAM,Non sensitive,0365.jpg,0365.jpg,"Caption: Kids having fun at the amusement park!

Tags: #FunAtThePark #SummerVibes #FamilyTime"
1812.jpg,/Non_CSAM/images/1812.jpg,NON_CSAM,Non sensitive,1812.jpg,1812.jpg,"@childhoodfriends A group of children gathers indoors, sharing smiles and a playful moment together. Tags: #ChildhoodFriends #HappyKids #Friendship"
2818.jpg,/Non_CSAM/images/2818.jpg,NON_CSAM,Non sensitive,2818.jpg,2818.jpg,"Caption: A peaceful moment by the lake. Father and son bonding over fishing.

Tags: #FamilyTime #Fishing #NatureConnection"
3020.png,/Non_CSAM/images/3020.png,NON_CSAM,Non sensitive,3020.png,3020.png,"Caption: A heartwarming moment of bonding between siblings as they work together on a car tire. 

Tags: #FamilyTime #BrotherSisterBonding #CarMaintenance"
1572.jpg,/Non_CSAM/images/1572.jpg,NON_CSAM,Non sensitive,1572.jpg,1572.jpg,@schoolmoments A vintage black-and-white photograph captures children sharing an emotional moment during a school gathering. Tags: #SchoolMemories #VintagePhoto #Childhood
2618.jpg,/Non_CSAM/images/2618.jpg,NON_CSAM,Non sensitive,2618.jpg,2618.jpg,"Caption: A happy couple unloading groceries from their car. 

Tags: #CoupleTime #GroceryRun #HappyDays"
0273.jpg,/Non_CSAM/images/0273.jpg,NON_CSAM,Non sensitive,0273.jpg,0273.jpg,"Caption: A heartwarming moment of family bonding in the park. 

Tags: #FamilyTime #ParkLife #NatureConnection"
1533.jpg,/Non_CSAM/images/1533.jpg,NON_CSAM,Non sensitive,1533.jpg,1533.jpg,@schoolfun A child enjoys a playful outdoor activity surrounded by colorful decorations and a cheerful atmosphere. Tags: #SchoolFun #ChildhoodJoy #HappyKids
0190.jpg,/Non_CSAM/images/0190.jpg,NON_CSAM,Non sensitive,0190.jpg,0190.jpg,"Caption: A family of four enjoying a sunny day together in a field.

Tags: #FamilyTime #NatureLovers #SummerVibes"
0323.jpg,/Non_CSAM/images/0323.jpg,NON_CSAM,Non sensitive,0323.jpg,0323.jpg,"Caption: A heartwarming moment between father and son enjoying a sunny day outdoors.

Tags: #FamilyTime #NatureLovers #PiggybackRide"
2860.png,/Non_CSAM/images/2860.png,NON_CSAM,Non sensitive,2860.png,2860.png,"Caption: Reading together is the perfect way to bond and learn!

Tags: #MomAndMe #EarlyLearning #ReadingTime #FamilyTime"
2945.png,/Non_CSAM/images/2945.png,NON_CSAM,Non sensitive,2945.png,2945.png,"Caption: A heartwarming moment between a mother and her son, enjoying the golden hour light together.

Tags: #FamilyTime #Sunset #MomAndSon"
2883.png,/Non_CSAM/images/2883.png,NON_CSAM,Non sensitive,2883.png,2883.png,"Caption: A cozy afternoon spent snuggling on the couch with loved ones. 

Tags: #CouchTime #FamilyBonding #CozyHour"
2639.jpg,/Non_CSAM/images/2639.jpg,NON_CSAM,Non sensitive,2639.jpg,2639.jpg,"Caption: A heartwarming moment of family bonding during Easter. 

Tags: #EasterBunny #FamilyTime #HappyEaster"
2909.png,/Non_CSAM/images/2909.png,NON_CSAM,Non sensitive,2909.png,2909.png,"Caption: A family enjoying a fun day outdoors playing hopscotch together!

Tags: #FamilyFun #OutdoorActivities #HopscotchTime"
2962.png,/Non_CSAM/images/2962.png,NON_CSAM,Non sensitive,2962.png,2962.png,"Caption: A heartwarming moment between a mother and daughter enjoying a snack together. 

Tags: #MomAndMe #FamilyTime #SnackTime"
2820.jpg,/Non_CSAM/images/2820.jpg,NON_CSAM,Non sensitive,2820.jpg,2820.jpg,"Caption: A beautiful day at the flower garden with my family!

Tags: #FamilyTime #FlowerGarden #SpringEra"
0490.jpg,/Non_CSAM/images/0490.jpg,NON_CSAM,Non sensitive,0490.jpg,0490.jpg,"Caption: Gardening together is such a beautiful way to spend time outdoors!

Tags: #SpringGardening #FamilyTime #NatureLovers"
2807.jpg,/Non_CSAM/images/2807.jpg,NON_CSAM,Non sensitive,2807.jpg,2807.jpg,"Caption: A joyful moment at the playground! 

Tags: #Playtime #ChildhoodMemories #FunAtThePark"
2794.jpg,/Non_CSAM/images/2794.jpg,NON_CSAM,Non sensitive,2794.jpg,2794.jpg,"Caption: Exploring nature together on a serene lake day!

Tags: #NatureLovers #FamilyTime #OutdoorAdventure"
1691.jpg,/Non_CSAM/images/1691.jpg,NON_CSAM,Non sensitive,1691.jpg,1691.jpg,"@familycare A healthcare professional carefully examines a young child with a family member nearby, creating a supportive care moment. Tags: #ChildHealth #FamilyCare #Healthcare"
0200.jpg,/Non_CSAM/images/0200.jpg,NON_CSAM,Non sensitive,0200.jpg,0200.jpg,"Caption: Enjoying a cozy picnic together!

Tags: #PicnicTime #RomanticOutdoors #DateNight"
1529.jpg,/Non_CSAM/images/1529.jpg,NON_CSAM,Non sensitive,1529.jpg,1529.jpg,"@schoollunch Students enjoy a bright school cafeteria meal together, sharing food and conversation around the table. Tags: #SchoolLunch #StudentLife #Togetherness"
2919.png,/Non_CSAM/images/2919.png,NON_CSAM,Non sensitive,2919.png,2919.png,"Caption: A heartwarming moment in the classroom! 

Tags: #ClassroomMagic #TeacherLove #LearningTogether"
2907.png,/Non_CSAM/images/2907.png,NON_CSAM,Non sensitive,2907.png,2907.png,"Caption: A heartwarming moment of family bonding! 
Tags: #FamilyTime #ParentChildBonding #BedtimeFun"
0711.webp,/Non_CSAM/images/0711.webp,NON_CSAM,Non sensitive,0711.webp,0711.webp,"Caption: A joyful moment at school! 

Tags: #Childhood #Learning #ArtTime"
0602.jpg,/Non_CSAM/images/0602.jpg,NON_CSAM,Non sensitive,0602.jpg,0602.jpg,"Caption: Cozy evening at home with the family. Sharing a laugh over a laptop.

Tags: #FamilyTime #LaptopLife #ComfortableEvening"
2593.jpg,/Non_CSAM/images/2593.jpg,NON_CSAM,Non sensitive,2593.jpg,2593.jpg,"Caption: A heartwarming moment of family bonding during Chinese New Year celebrations!

Tags: #FamilyTime #ChineseNewYear #CulturalCelebration"
1782.jpg,/Non_CSAM/images/1782.jpg,NON_CSAM,Non sensitive,1782.jpg,1782.jpg,@schoolfair Students present colorful food and creative displays during a lively school exhibition. Learning can be both practical and fun. Tags: #SchoolFair #StudentProjects #Learning
2972.png,/Non_CSAM/images/2972.png,NON_CSAM,Non sensitive,2972.png,2972.png,"Caption: Exploring nature together! 

Tags: #NatureExploration #FamilyTime #OutdoorFun"
1532.jpg,/Non_CSAM/images/1532.jpg,NON_CSAM,Non sensitive,1532.jpg,1532.jpg,"@youngvoices A young student speaks into a microphone during a school event, sharing her voice with confidence. Tags: #YoungVoices #SchoolEvent #Confidence"
1341.jpg,/Non_CSAM/images/1341.jpg,NON_CSAM,Non sensitive,1341.jpg,1341.jpg,@schoolday Students take part in an outdoor school activity beneath a bright blue sky. Learning and play can go hand in hand. Tags: #SchoolDay #OutdoorActivities #HappyKids
2721.jpg,/Non_CSAM/images/2721.jpg,NON_CSAM,Non sensitive,2721.jpg,2721.jpg,"Caption: A heartwarming moment between two friends on a city street.

Tags: #BestFriends #CityLife #FriendlyEncounters"
2718.jpg,/Non_CSAM/images/2718.jpg,NON_CSAM,Non sensitive,2718.jpg,2718.jpg,"Caption: A happy family gathering, celebrating together with joy and love.

Tags: #FamilyTime #HappyFamily #CelebrationTime"
0370.jpg,/Non_CSAM/images/0370.jpg,NON_CSAM,Non sensitive,0370.jpg,0370.jpg,"Caption: Reading is my favorite pastime. 

Tags: #BookLover #ReadingTime # cozy"
1786.jpg,/Non_CSAM/images/1786.jpg,NON_CSAM,Non sensitive,1786.jpg,1786.jpg,@culturalperformance A young performer appears in colorful traditional attire during a cultural presentation. Creativity and heritage come together on stage. Tags: #CulturalPerformance #TraditionalArts #YoungTalent
0223.jpg,/Non_CSAM/images/0223.jpg,NON_CSAM,Non sensitive,0223.jpg,0223.jpg,"Caption: ""Learning to code with my favorite tech gadgets! #TechTalent #CodingJourney""

Tags: #Coding #TechGadgets #LearningNewSkills"
0747.webp,/Non_CSAM/images/0747.webp,NON_CSAM,Non sensitive,0747.webp,0747.webp,"Caption: Playtime fun at the park! 

Tags: #PlaygroundFun #OutdoorActivities #ChildhoodMemories"
0698.jpg,/Non_CSAM/images/0698.jpg,NON_CSAM,Non sensitive,0698.jpg,0698.jpg,"Caption: A joyful day at the park! 

Tags: #PlayOutside #AutumnFun #WheelchairAdventure"
0392.jpg,/Non_CSAM/images/0392.jpg,NON_CSAM,Non sensitive,0392.jpg,0392.jpg,"Caption: A peaceful day by the lake with my dad. Fishing is our favorite bonding activity!

Tags: #FamilyTime #LakeLife #FishingWithDad"
2715.jpg,/Non_CSAM/images/2715.jpg,NON_CSAM,Non sensitive,2715.jpg,2715.jpg,"Caption: A group of kids laughing together outside. It's a beautiful day!

Tags: #Friendship #Playtime #OutdoorFun"
3048.png,/Non_CSAM/images/3048.png,NON_CSAM,Non sensitive,3048.png,3048.png,"Caption: A heartwarming moment between a mother and her daughter enjoying breakfast together. 

Tags: #FamilyTime #MomAndDaughter #BreakfastTogether"
1483.jpg,/Non_CSAM/images/1483.jpg,NON_CSAM,Non sensitive,1483.jpg,1483.jpg,"@studentlife Two students relax together outdoors between activities, sharing conversation and friendship. Tags: #StudentLife #Friendship #CampusMoments"
0417.jpg,/Non_CSAM/images/0417.jpg,NON_CSAM,Non sensitive,0417.jpg,0417.jpg,"Caption: A beautiful family moment on a sunny hillside. The parents are enjoying a peaceful picnic with their baby, surrounded by nature's beauty.

Tags: #FamilyTime #NatureLovers #PicnicDay"
2780.jpg,/Non_CSAM/images/2780.jpg,NON_CSAM,Non sensitive,2780.jpg,2780.jpg,"Caption: A heartwarming moment between a mother and her children at the breakfast table. The little one is holding a small flower arrangement, while the other child looks on with curiosity.

Tags: #FamilyTime #MomAndKids #BreakfastTogether"
0233.jpg,/Non_CSAM/images/0233.jpg,NON_CSAM,Non sensitive,0233.jpg,0233.jpg,"Caption: Resting up after a long day of adventures!

Tags: #SleepyTime #AdventureAwaits #RestfulNight"
1374.jpg,/Non_CSAM/images/1374.jpg,NON_CSAM,Non sensitive,1374.jpg,1374.jpg,@healthykids A young boy stays calm during a routine vaccination while a healthcare worker helps him through it. Brave moments can be quiet ones too. Tags: #Vaccination #BraveKids #ChildHealth
0789.webp,/Non_CSAM/images/0789.webp,NON_CSAM,Non sensitive,0789.webp,0789.webp,"Caption: A group of children sitting attentively in a classroom, ready to learn.

Tags: #ClassroomLife #Education #LearningTogether"
0474.jpg,/Non_CSAM/images/0474.jpg,NON_CSAM,Non sensitive,0474.jpg,0474.jpg,"Caption: Autumn fun at the park! 

Tags: #FallLeaves #ParkTime #OutdoorFun"
2717.jpg,/Non_CSAM/images/2717.jpg,NON_CSAM,Non sensitive,2717.jpg,2717.jpg,"Caption: A heartwarming moment between generations. Sharing a plate of snacks is always a joy!

Tags: #FamilyTime #Generations #SnackTime"
0671.jpg,/Non_CSAM/images/0671.jpg,NON_CSAM,Non sensitive,0671.jpg,0671.jpg,"Caption: Snowy day fun! Playing in the snow is always a blast.

Tags: #SnowDay #WinterFun #PlayOutside"
3045.png,/Non_CSAM/images/3045.png,NON_CSAM,Non sensitive,3045.png,3045.png,"Caption: A beautiful family moment captured in a golden field. The love and connection between them is palpable.

Tags: #FamilyTime #NatureLovers #MomAndDad #BabyLove #FieldOfDreams"
0729.webp,/Non_CSAM/images/0729.webp,NON_CSAM,Non sensitive,0729.webp,0729.webp,"Caption: A little artist at work, focusing on her drawing. 

Tags: #ArtTime #CreativeKids #DrawingSession"
0176.jpg,/Non_CSAM/images/0176.jpg,NON_CSAM,Non sensitive,0176.jpg,0176.jpg,"Caption: Rainy days are perfect for colorful adventures!

Tags: #RainyDayRide #ColorfulUmbrella #NatureLover"
1507.jpg,/Non_CSAM/images/1507.jpg,NON_CSAM,Non sensitive,1507.jpg,1507.jpg,@healthykids A healthcare professional shares a gentle moment with a young child during a routine checkup. Caring support helps children feel comfortable. Tags: #ChildHealth #Healthcare #Caring
0335.jpg,/Non_CSAM/images/0335.jpg,NON_CSAM,Non sensitive,0335.jpg,0335.jpg,"Caption: A heartwarming moment between a mother and her baby by the window.

Tags: #MomAndMe #BabyLove #FamilyTime"
1663.jpg,/Non_CSAM/images/1663.jpg,NON_CSAM,Non sensitive,1663.jpg,1663.jpg,"@historyarchive A vintage black-and-white photograph captures a large group gathered closely together, preserving a glimpse of childhood history. Tags: #HistoryArchive #VintagePhoto #Heritage"
0596.jpg,/Non_CSAM/images/0596.jpg,NON_CSAM,Non sensitive,0596.jpg,0596.jpg,"Caption: A heartwarming moment between a mother and her child in their cozy kitchen. 

Tags: #FamilyTime #MomAndSon #KitchenLove"
1418.jpg,/Non_CSAM/images/1418.jpg,NON_CSAM,Non sensitive,1418.jpg,1418.jpg,"@gymkids A young athlete practices basketball indoors, staying focused on every move. Training turns effort into confidence. Tags: #YoungAthlete #Basketball #SportsLife"
2682.jpg,/Non_CSAM/images/2682.jpg,NON_CSAM,Non sensitive,2682.jpg,2682.jpg,"Caption: A happy family moment at the airport. Mom and daughter are checking in, while a friendly staff member assists them. #FamilyTravel #AirportLife

Tags: #AirportCheckIn #FamilyTime #TravelWithKids"
2827.png,/Non_CSAM/images/2827.png,NON_CSAM,Non sensitive,2827.png,2827.png,"Caption: A heartwarming moment of family bonding at home!

Tags: #FamilyTime #HomeIsWhereTheHeartIs #MomAndMe #CuddleUp #WarmthInEveryStep"
1324.jpg,/Non_CSAM/images/1324.jpg,NON_CSAM,Non sensitive,1324.jpg,1324.jpg,"@playandlearn Young children explore an outdoor activity together, turning playtime into a fun learning experience. Every discovery starts with curiosity. Tags: #OutdoorLearning #CuriousKids #Playtime"
1346.jpg,/Non_CSAM/images/1346.jpg,NON_CSAM,Non sensitive,1346.jpg,1346.jpg,"@schoolperformance Students perform a lively coordinated routine outside their school. Practice, teamwork, and confidence make every performance shine. Tags: #SchoolPerformance #Teamwork #YoungTalent"
0687.jpg,/Non_CSAM/images/0687.jpg,NON_CSAM,Non sensitive,0687.jpg,0687.jpg,"Caption: A cozy moment at home, where creativity meets comfort. 

Tags: #HomeTime #CalmMoments #CreativeSpots"
1449.jpg,/Non_CSAM/images/1449.jpg,NON_CSAM,Non sensitive,1449.jpg,1449.jpg,"@summerfriends A group of children relaxes together outdoors on a sunny day, enjoying friendship and conversation. Tags: #SummerFun #Friendship #Childhood"
0380.jpg,/Non_CSAM/images/0380.jpg,NON_CSAM,Non sensitive,0380.jpg,0380.jpg,"Caption: Wishing you a great day ahead! 

Tags: #GoodVibes #DayBreak #StayPositive"
0265.jpg,/Non_CSAM/images/0265.jpg,NON_CSAM,Non sensitive,0265.jpg,0265.jpg,"Caption: A happy family of four is sitting together on a cozy couch, enjoying each other's company. The atmosphere is warm and inviting.

Tags: #FamilyTime #CouchLove #HappyFamily"
1353.jpg,/Non_CSAM/images/1353.jpg,NON_CSAM,Non sensitive,1353.jpg,1353.jpg,@quietmoments A child enjoys a peaceful outdoor moment in the soft morning light. Sometimes the simplest moments are the most memorable. Tags: #ChildhoodMoments #OutdoorLife #SimpleJoys
2873.png,/Non_CSAM/images/2873.png,NON_CSAM,Non sensitive,2873.png,2873.png,"Caption: A heartwarming moment between father and son as they share a guitar lesson together. 

Tags: #FamilyTime #MusicLovers #GuitarLessons"
1761.jpg,/Non_CSAM/images/1761.jpg,NON_CSAM,Non sensitive,1761.jpg,1761.jpg,@medicalcamp Healthcare workers support children and families at a community medical camp focused on accessible care. Tags: #MedicalCamp #CommunityHealth #Wellbeing
3090.jpg,/Non_CSAM/images/3090.jpg,NON_CSAM,Non sensitive,3090.jpg,3090.jpg,"Caption: A teacher is presenting a wind turbine model to her students in a classroom. The children are attentively listening and observing.

Tags: #ScienceInClassroom #WindEnergy #EducationForAll"
1525.jpg,/Non_CSAM/images/1525.jpg,NON_CSAM,Non sensitive,1525.jpg,1525.jpg,"@sweetmoments Children enjoy colorful cotton candy at a lively fair, sharing treats and smiles with friends. Tags: #SweetMoments #FairDay #HappyKids"
1742.jpg,/Non_CSAM/images/1742.jpg,NON_CSAM,Non sensitive,1742.jpg,1742.jpg,"@familylearning A mother and child work together on a creative activity at home, turning study time into a warm shared moment. Tags: #FamilyLearning #CreativeKids #Togetherness"
0677.jpg,/Non_CSAM/images/0677.jpg,NON_CSAM,Non sensitive,0677.jpg,0677.jpg,"Caption: Exciting archaeological dig! Uncovering history one find at a time.

Tags: #HistoryLovers #Archaeology #DiscoveryTime"
1326.jpg,/Non_CSAM/images/1326.jpg,NON_CSAM,Non sensitive,1326.jpg,1326.jpg,@culturekids Children in colorful traditional outfits take part in a cultural program. Their smiles show the joy of learning and celebrating together. Tags: #CulturalProgram #KidsActivities #Tradition
2609.jpg,/Non_CSAM/images/2609.jpg,NON_CSAM,Non sensitive,2609.jpg,2609.jpg,"Caption: A heartwarming family moment where the parents and grandparents share a special gift with their young son. It's a beautiful display of love and tradition.

Tags: #FamilyTime #GenerationalLove #SpecialGifts"
2695.jpg,/Non_CSAM/images/2695.jpg,NON_CSAM,Non sensitive,2695.jpg,2695.jpg,"Caption: A heartwarming moment between a mother and daughter as they paint Easter eggs together. 

Tags: #EasterCrafts #MomAndDaughter #FamilyTime #EasterEggs #CraftingWithLove"
0280.jpg,/Non_CSAM/images/0280.jpg,NON_CSAM,Non sensitive,0280.jpg,0280.jpg,"Caption: A sunny day in the park with my best friend. 

Tags: #ParkLife #BestFriendship #NatureTime"
2851.png,/Non_CSAM/images/2851.png,NON_CSAM,Non sensitive,2851.png,2851.png,"Caption: A heartwarming moment between a father and daughter as they share a book together. 

Tags: #FamilyTime #ReadingTogether #ParentChildBonding"
0563.jpg,/Non_CSAM/images/0563.jpg,NON_CSAM,Non sensitive,0563.jpg,0563.jpg,"Caption: A heartwarming moment between a mother and daughter enjoying ice cream together.

Tags: #MomAndMe #IceCreamTime #FamilyBonding"
3082.jpg,/Non_CSAM/images/3082.jpg,NON_CSAM,Non sensitive,3082.jpg,3082.jpg,"Caption: A heartwarming moment between a father and his daughter, enjoying playful time together at home.

Tags: #FamilyTime #Parenting #PlayfulMoments"
2626.jpg,/Non_CSAM/images/2626.jpg,NON_CSAM,Non sensitive,2626.jpg,2626.jpg,"Caption: A heartwarming family moment during Chinese New Year celebrations!

Tags: #ChineseNewYear #FamilyTime #CulturalCelebration"
0779.webp,/Non_CSAM/images/0779.webp,NON_CSAM,Non sensitive,0779.webp,0779.webp,"Caption: A group of children and a teacher are gathered around a table, engaged in a science experiment. They are all smiling and looking at a light bulb, which is being held by one of the children. The atmosphere is one of curiosity and learning.

Tags: #ScienceExploration #LearningTogether #InnovationForKids"
2905.png,/Non_CSAM/images/2905.png,NON_CSAM,Non sensitive,2905.png,2905.png,"Caption: A beautiful family moment in a field at sunset. The parents are holding their baby, enjoying the warmth of the sun.

Tags: #FamilyTime #Sunset #FieldOfDreams"
2885.png,/Non_CSAM/images/2885.png,NON_CSAM,Non sensitive,2885.png,2885.png,"Caption: A heartwarming moment on the beach! 

Tags: #FamilyTime #BeachDay #ParentChildBonding"
2657.jpg,/Non_CSAM/images/2657.jpg,NON_CSAM,Non sensitive,2657.jpg,2657.jpg,"Caption: Enjoying a fun movie night together!

Tags: MovieNight #FamilyTime #CinemaExperience"
0257.jpg,/Non_CSAM/images/0257.jpg,NON_CSAM,Non sensitive,0257.jpg,0257.jpg,"Caption: A cozy moment at home, where creativity meets comfort. 

Tags: #HomeOffice #CraftTime #CreativeMoments"
0033.jpg,/Non_CSAM/images/0033.jpg,NON_CSAM,Non sensitive,0033.jpg,0033.jpg,"Caption: A tender moment between a grandmother and her granddaughter as they tend to their plants together. 

Tags: #GrandmaAndGranddaughter #PlantLovers #NatureConnection"
2603.jpg,/Non_CSAM/images/2603.jpg,NON_CSAM,Non sensitive,2603.jpg,2603.jpg,"Caption: A heartwarming moment of family bonding during Diwali celebrations!

Tags: #Diwali #FamilyTime #CulturalCelebration"
0283.jpg,/Non_CSAM/images/0283.jpg,NON_CSAM,Non sensitive,0283.jpg,0283.jpg,"Caption: Watering a tree on a sunny day!

Tags: #NatureLovers #PlantingTrees #SunnyDay #GreenThumb"
0395.jpg,/Non_CSAM/images/0395.jpg,NON_CSAM,Non sensitive,0395.jpg,0395.jpg,"Caption: A joyful moment at a children's party!

Tags: #PartyTime #FunWithFriends #ChildhoodMemories"
2788.jpg,/Non_CSAM/images/2788.jpg,NON_CSAM,Non sensitive,2788.jpg,2788.jpg,"Caption: A joyful family moment filled with colorful fun!

Tags: HoliCelebration #FamilyFun #ColorfulEmbrace"
1765.jpg,/Non_CSAM/images/1765.jpg,NON_CSAM,Non sensitive,1765.jpg,1765.jpg,"@studentteam Students collaborate around a laptop, combining technology, discussion, and teamwork during a learning activity. Tags: #StudentTeam #DigitalLearning #Teamwork"
2932.png,/Non_CSAM/images/2932.png,NON_CSAM,Non sensitive,2932.png,2932.png,"Caption: Cooking up some fun in the kitchen!

Tags: #FamilyTime #KitchenMagic #HealthyEating"
1722.jpg,/Non_CSAM/images/1722.jpg,NON_CSAM,Non sensitive,1722.jpg,1722.jpg,"@familyfun An adult and child enjoy a playful outdoor moment together, sharing smiles during a carefree day. Tags: #FamilyFun #ChildhoodJoy #Togetherness"
1565.jpg,/Non_CSAM/images/1565.jpg,NON_CSAM,Non sensitive,1565.jpg,1565.jpg,"@quietmoments A child sits peacefully outdoors, enjoying a quiet break surrounded by greenery. Sometimes a calm moment is all you need. Tags: #QuietMoments #OutdoorLife #SimpleJoys"
1798.jpg,/Non_CSAM/images/1798.jpg,NON_CSAM,Non sensitive,1798.jpg,1798.jpg,"@familyadventure A family enjoys a peaceful outdoor moment in a wide open landscape, sharing time together away from the busy day. Tags: #FamilyAdventure #OutdoorLife #Togetherness"
2664.jpg,/Non_CSAM/images/2664.jpg,NON_CSAM,Non sensitive,2664.jpg,2664.jpg,"Caption: A heartwarming moment between a mother and her child at the grocery store. The child is learning about healthy eating by touching a cauliflower.

Tags: #FamilyTime #HealthyEating #GroceryShopping"
1725.jpg,/Non_CSAM/images/1725.jpg,NON_CSAM,Non sensitive,1725.jpg,1725.jpg,"@childhoodfriends Two children smile together outdoors, enjoying a simple moment of friendship and playful energy. Tags: #ChildhoodFriends #HappyKids #Togetherness"
2857.png,/Non_CSAM/images/2857.png,NON_CSAM,Non sensitive,2857.png,2857.png,"Caption: A sunny day in the park with family and a furry friend!

Tags: #FamilyTime #ParkLife #PuppyLove"
0068.webp,/Non_CSAM/images/0068.webp,NON_CSAM,Non sensitive,0068.webp,0068.webp,"Caption: A classroom full of eager students ready to learn!

Tags: #ClassroomLife #Education #LearningTogether"
3101.jpg,/Non_CSAM/images/3101.jpg,NON_CSAM,Non sensitive,3101.jpg,3101.jpg,"Caption: A heartwarming moment between a mother and her son, sharing laughter and joy over a laptop.

Tags: #MomAndMe #FamilyTime #HappyMoments"
1611.jpg,/Non_CSAM/images/1611.jpg,NON_CSAM,Non sensitive,1611.jpg,1611.jpg,"@childhoodfriends A cheerful group of boys poses together outdoors, sharing smiles and playful energy. Tags: #ChildhoodFriends #HappyKids #Togetherness"
3051.png,/Non_CSAM/images/3051.png,NON_CSAM,Non sensitive,3051.png,3051.png,"Caption: A beautiful day spent outdoors with my little one. 

Tags: #FamilyTime #NatureLovers #SpringDay"
0090.jpg,/Non_CSAM/images/0090.jpg,NON_CSAM,Non sensitive,0090.jpg,0090.jpg,"Caption: Fishing together by the lake is a peaceful way to spend a day.

Tags: #FamilyTime #NatureLovers #FishingDay"
1646.jpg,/Non_CSAM/images/1646.jpg,NON_CSAM,Non sensitive,1646.jpg,1646.jpg,"@festivalcrowd A large crowd gathers for a vibrant cultural celebration, sharing the excitement of music, tradition, and community. Tags: #FestivalCrowd #CulturalCelebration #Community"
0133.jpg,/Non_CSAM/images/0133.jpg,NON_CSAM,Non sensitive,0133.jpg,0133.jpg,"Caption: A cozy kitchen moment with a grown-up and a child enjoying a cup of coffee together. 

Tags: #CoffeeTime #KitchenLife #FamilyTime"
1624.jpg,/Non_CSAM/images/1624.jpg,NON_CSAM,Non sensitive,1624.jpg,1624.jpg,"@outdoorplay A child practices a field sport outdoors, staying active and focused during a fun training session. Tags: #OutdoorPlay #ActiveKids #SportsLife"
1751.jpg,/Non_CSAM/images/1751.jpg,NON_CSAM,Non sensitive,1751.jpg,1751.jpg,"@younginnovators Students explore technology projects at an exhibition, discovering how creative ideas can become practical solutions. Tags: #YoungInnovators #Technology #STEM"
0479.jpg,/Non_CSAM/images/0479.jpg,NON_CSAM,Non sensitive,0479.jpg,0479.jpg,"Caption: A heartwarming moment in the kitchen where love and bonding shine brightly. 

Tags: #FamilyTime #KitchenLove #MomAndSon"
0784.webp,/Non_CSAM/images/0784.webp,NON_CSAM,Non sensitive,0784.webp,0784.webp,"Caption: A joyful day at the playground! 

Tags: #PlaygroundFun #ChildhoodMemories #SummerVibes"
1460.jpg,/Non_CSAM/images/1460.jpg,NON_CSAM,Non sensitive,1460.jpg,1460.jpg,@farmfriends A child gently interacts with a young goat during a farm visit. Meeting animals up close makes learning feel special. Tags: #FarmVisit #AnimalFriends #OutdoorLearning
2574.jpg,/Non_CSAM/images/2574.jpg,NON_CSAM,Non sensitive,2574.jpg,2574.jpg,"Caption: A snowy day filled with joy and laughter!

Tags: #SnowDay #FamilyTime #WinterWonderland"
0614.jpg,/Non_CSAM/images/0614.jpg,NON_CSAM,Non sensitive,0614.jpg,0614.jpg,"Caption: A cozy morning breakfast shared with loved ones. 

Tags: #FamilyTime #BreakfastTogether #MorningMystique"
1599.jpg,/Non_CSAM/images/1599.jpg,NON_CSAM,Non sensitive,1599.jpg,1599.jpg,@youngperformer A young singer performs on stage with confidence while musicians and instruments surround the presentation. Tags: #YoungTalent #MusicPerformance #StageLife
0533.jpg,/Non_CSAM/images/0533.jpg,NON_CSAM,Non sensitive,0533.jpg,0533.jpg,"Caption: A happy family on a road trip, enjoying their time together in the car. 

Tags: #FamilyTime #RoadTrip #TravelWithPet"
0543.jpg,/Non_CSAM/images/0543.jpg,NON_CSAM,Non sensitive,0543.jpg,0543.jpg,"Caption: Enjoying a fun day at the pool with my little buddy!

Tags: #PoolTime #SummerFun #WaterFun"
0709.jpg,/Non_CSAM/images/0709.jpg,NON_CSAM,Non sensitive,0709.jpg,0709.jpg,"Caption: Enjoying a refreshing water spray in the garden!

Tags: #GardenFun #WaterPlay #SummerVibes"
2808.jpg,/Non_CSAM/images/2808.jpg,NON_CSAM,Non sensitive,2808.jpg,2808.jpg,"Caption: A family of three is standing in front of a car, ready to embark on a new adventure together. 

Tags: #FamilyTime #NewBeginnings #CarRide"
1526.jpg,/Non_CSAM/images/1526.jpg,NON_CSAM,Non sensitive,1526.jpg,1526.jpg,"@familyouting A family enjoys a sunny day at an outdoor sports venue, watching the action together from the stands. Tags: #FamilyOuting #SportsDay #HappyMoments"
0728.webp,/Non_CSAM/images/0728.webp,NON_CSAM,Non sensitive,0728.webp,0728.webp,"Caption: A joyful learning moment at the classroom!

Tags: #EarlyLearning #Playtime #ClassroomFun"
2589.jpg,/Non_CSAM/images/2589.jpg,NON_CSAM,Non sensitive,2589.jpg,2589.jpg,"Caption: A heartwarming moment of joy and connection between friends. 

Tags: FriendshipGoals #HappyTogether #BuddyTime"
1496.jpg,/Non_CSAM/images/1496.jpg,NON_CSAM,Non sensitive,1496.jpg,1496.jpg,@rowingteam A rowing team moves together across the water in a coordinated practice session. Rhythm and teamwork drive every stroke. Tags: #Rowing #Teamwork #YoungAthletes
3052.png,/Non_CSAM/images/3052.png,NON_CSAM,Non sensitive,3052.png,3052.png,"Caption: A heartwarming moment of bonding between a mother and daughter as they engage in a fun workout session at home. 

Tags: #MomAndMe #FamilyTime #HomeWorkout #FitnessWithKids"
1377.jpg,/Non_CSAM/images/1377.jpg,NON_CSAM,Non sensitive,1377.jpg,1377.jpg,"@dressupday Children in colorful costumes gather for a joyful celebration, bringing imagination and festive energy together. Tags: #DressUpDay #KidsCelebration #ChildhoodJoy"
2635.jpg,/Non_CSAM/images/2635.jpg,NON_CSAM,Non sensitive,2635.jpg,2635.jpg,"Caption: A beautiful sunset over the lake, perfect for a peaceful fishing session. 

Tags: #FishingTime #Sunset #FamilyTime #NatureLover"
0418.jpg,/Non_CSAM/images/0418.jpg,NON_CSAM,Non sensitive,0418.jpg,0418.jpg,"Caption: A group of children singing together in harmony.

Tags: #ChildrenSinging #TeamSpirit #MusicEducation"
0011.webp,/Non_CSAM/images/0011.webp,NON_CSAM,Non sensitive,0011.webp,0011.webp,"Caption: Three friends laughing together in the hallway, ready for another day of learning!

Tags: #SchoolLife #Friendship #BackToSchool"
2978.png,/Non_CSAM/images/2978.png,NON_CSAM,Non sensitive,2978.png,2978.png,"Caption: Measuring heights? It's always fun to see how tall we've grown!

Tags: #HeightCheck #GrowthSpurt #FamilyFun"
0112.jpg,/Non_CSAM/images/0112.jpg,NON_CSAM,Non sensitive,0112.jpg,0112.jpg,"Caption: A young girl is happily working on her laptop, surrounded by books and pencils. She looks focused yet content.

Tags: #StudyTime #LearningJourney #EducationGoals"
0531.jpg,/Non_CSAM/images/0531.jpg,NON_CSAM,Non sensitive,0531.jpg,0531.jpg,"Caption: A joyful moment of learning and bonding with friends!

Tags: #ReadingTime #Friendship #Education"
3050.png,/Non_CSAM/images/3050.png,NON_CSAM,Non sensitive,3050.png,3050.png,"Caption: A beautiful family moment on a mountain top. The sky is clear and the grass is lush.

Tags: #FamilyTime #NatureLovers #OutdoorFun"
0610.jpg,/Non_CSAM/images/0610.jpg,NON_CSAM,Non sensitive,0610.jpg,0610.jpg,"Caption: Reading is my favorite pastime! 

Tags: #BookLover #ReadingTime #EducationGoals"
0063.webp,/Non_CSAM/images/0063.webp,NON_CSAM,Non sensitive,0063.webp,0063.webp,"Caption: ""Raising my hand to answer a question in class! 

Tags: #ClassroomLife #AskQuestions #Education"""
0098.jpg,/Non_CSAM/images/0098.jpg,NON_CSAM,Non sensitive,0098.jpg,0098.jpg,"Caption: A cozy study session at home, perfect for focused learning!

Tags: #StudyTime #HomeLearning #FocusOnLearning"
2742.jpg,/Non_CSAM/images/2742.jpg,NON_CSAM,Non sensitive,2742.jpg,2742.jpg,"Caption: Enjoying the magic of the Northern Lights together!

Tags: #AuroraBorealis #WinterWonderland #SnowyAdventure"
1347.jpg,/Non_CSAM/images/1347.jpg,NON_CSAM,Non sensitive,1347.jpg,1347.jpg,"@happychildhood Two young children share a playful moment full of laughter and excitement. Childhood is made of simple, joyful memories. Tags: #HappyChildhood #SiblingMoments #Joy"
0032.webp,/Non_CSAM/images/0032.webp,NON_CSAM,Non sensitive,0032.webp,0032.webp,"Caption: A delightful moment of learning and bonding between young friends!

Tags: #ChildhoodMagic #Playtime #LearningTogether"
1513.jpg,/Non_CSAM/images/1513.jpg,NON_CSAM,Non sensitive,1513.jpg,1513.jpg,@outdooradventure Children enjoy an exciting outdoor activity surrounded by bright colors and playful attractions. Tags: #OutdoorAdventure #KidsFun #ChildhoodJoy
2828.png,/Non_CSAM/images/2828.png,NON_CSAM,Non sensitive,2828.png,2828.png,"Caption: A tender moment between a mother and her child on the couch. The child is holding a soft toy, and the mother is gently resting her head on the child's shoulder.

Tags: #MomAndMe #CuddleTime #FamilyBonding"
1423.jpg,/Non_CSAM/images/1423.jpg,NON_CSAM,Non sensitive,1423.jpg,1423.jpg,"@familyday A father and child enjoy a colorful fair together, sharing smiles and a special day out. Tags: #FamilyDay #HappyKids #Togetherness"
1803.jpg,/Non_CSAM/images/1803.jpg,NON_CSAM,Non sensitive,1803.jpg,1803.jpg,@familylearning A parent and child work together on a colorful building activity at home. Learning is even better when shared. Tags: #FamilyLearning #LearningTogether #CreativePlay
1607.jpg,/Non_CSAM/images/1607.jpg,NON_CSAM,Non sensitive,1607.jpg,1607.jpg,@learningtogether Children practice writing on small boards during a hands-on classroom activity. Learning by doing makes lessons memorable. Tags: #LearningTogether #Education #HandsOnLearning
0367.jpg,/Non_CSAM/images/0367.jpg,NON_CSAM,Non sensitive,0367.jpg,0367.jpg,"Caption: Exploring the underwater world together!

Tags: #FamilyTime #AquariumAdventure #OceanExploration"
1643.jpg,/Non_CSAM/images/1643.jpg,NON_CSAM,Non sensitive,1643.jpg,1643.jpg,"@schoolfriends A cheerful group of girls celebrates together, sharing laughter and excitement during a colorful school event. Tags: #SchoolFriends #HappyKids #Celebration"
2586.jpg,/Non_CSAM/images/2586.jpg,NON_CSAM,Non sensitive,2586.jpg,2586.jpg,"Caption: A heartwarming moment between two men and their baby. 

Tags: #FamilyTime #NewBabysFirstWalk #ParenthoodJourney"
2944.png,/Non_CSAM/images/2944.png,NON_CSAM,Non sensitive,2944.png,2944.png,"Caption: A heartwarming moment of family bonding in their cozy living room. The kids are having fun while the parents enjoy spending quality time together.

Tags: #FamilyTime #Parenting #CuddleUp #HomeIsWhereTheHeartIs"
0493.jpg,/Non_CSAM/images/0493.jpg,NON_CSAM,Non sensitive,0493.jpg,0493.jpg,"Caption: A sunny day at the park with friends playing soccer. 

Tags: #PlayOutside #Friendship #SunnyDay"
0115.jpg,/Non_CSAM/images/0115.jpg,NON_CSAM,Non sensitive,0115.jpg,0115.jpg,"Caption: Family bonding in the driveway! Playing basketball together is always fun.

Tags: #FamilyTime #BasketballGame #PlayOutside"
1456.jpg,/Non_CSAM/images/1456.jpg,NON_CSAM,Non sensitive,1456.jpg,1456.jpg,"@studyfriends Two students work together on their studies outdoors, sharing ideas and helping each other learn. Tags: #StudyFriends #LearningTogether #StudentLife"
0612.jpg,/Non_CSAM/images/0612.jpg,NON_CSAM,Non sensitive,0612.jpg,0612.jpg,"Caption: A heartwarming moment at the beach as a father lifts his son into the air, enjoying the sunset together. 

Tags: #FamilyTime #BeachLife #SunsetVibes"
3041.png,/Non_CSAM/images/3041.png,NON_CSAM,Non sensitive,3041.png,3041.png,"Caption: A heartwarming moment between a father and his son, bonding over a shared activity. 

Tags: #FamilyTime #DadAndSon #BondingMoments"
2704.jpg,/Non_CSAM/images/2704.jpg,NON_CSAM,Non sensitive,2704.jpg,2704.jpg,"Caption: A heartwarming moment between a mother and her children. The little ones are holding a bouquet of flowers, and they all look so happy together.

Tags: #FamilyTime #MomAndKids #FlowerPower"
0672.jpg,/Non_CSAM/images/0672.jpg,NON_CSAM,Non sensitive,0672.jpg,0672.jpg,"Caption: A heartwarming moment of family bonding in the living room. The laughter and smiles are contagious!

Tags: #FamilyTime #MomAndMe #HomeIsWhereTheHeartIs"
0331.jpg,/Non_CSAM/images/0331.jpg,NON_CSAM,Non sensitive,0331.jpg,0331.jpg,"Caption: Dancers in red flowing dresses perform gracefully under a misty backdrop.

Tags: #DanceArt #RedFlows #MistyDance"
1462.jpg,/Non_CSAM/images/1462.jpg,NON_CSAM,Non sensitive,1462.jpg,1462.jpg,@gamefriends Friends and family cheer together during an exciting football game at home. Shared moments make every big play more fun. Tags: #GameDay #FamilyTime #FriendsTogether
0539.jpg,/Non_CSAM/images/0539.jpg,NON_CSAM,Non sensitive,0539.jpg,0539.jpg,"Caption: Reading time with the kids! 

Tags: #Storytime #KidsReading #FamilyTime"
1495.jpg,/Non_CSAM/images/1495.jpg,NON_CSAM,Non sensitive,1495.jpg,1495.jpg,"@studentfriends Friends gather together during a relaxed social moment, sharing conversation and laughter. Tags: #StudentLife #Friendship #HappyMoments"
2771.jpg,/Non_CSAM/images/2771.jpg,NON_CSAM,Non sensitive,2771.jpg,2771.jpg,"Caption: A heartwarming moment between a mother and her child, enjoying a sunny day outdoors.

Tags: #MomAndMe #FamilyTime #NatureLovers"
2620.jpg,/Non_CSAM/images/2620.jpg,NON_CSAM,Non sensitive,2620.jpg,2620.jpg,"Caption: Watching a movie together is always a treat! 

Tags: MovieNight #FamilyTime #CouchPotatoes"
2765.jpg,/Non_CSAM/images/2765.jpg,NON_CSAM,Non sensitive,2765.jpg,2765.jpg,"Caption: A heartwarming moment between a mother and daughter at a festive Christmas market. 

Tags: #ChristmasMarket #FamilyTime #HolidayTraditions"
3027.png,/Non_CSAM/images/3027.png,NON_CSAM,Non sensitive,3027.png,3027.png,"Caption: Family bonding over a fun activity together!

Tags: #FamilyTime #BondingMoments #LaptopFun"
0642.jpg,/Non_CSAM/images/0642.jpg,NON_CSAM,Non sensitive,0642.jpg,0642.jpg,"Caption: Gazing at the stars under the night sky. 

Tags: #Stargazing #NightSky #CosmicExploration"
0226.jpg,/Non_CSAM/images/0226.jpg,NON_CSAM,Non sensitive,0226.jpg,0226.jpg,"Caption: A tender moment between a mother and her daughter by the kitchen counter. 

Tags: #MomAndMe #FamilyTime #KissAndCuddle"
0292.jpg,/Non_CSAM/images/0292.jpg,NON_CSAM,Non sensitive,0292.jpg,0292.jpg,"Caption: A heartwarming moment between a grandmother and her grandson. The boy whispers something sweet into his grandmother's ear, both smiling brightly.

Tags: #GrandparentLove #FamilyTime #SmileOfTheDay"
3108.jpg,/Non_CSAM/images/3108.jpg,NON_CSAM,Non sensitive,3108.jpg,3108.jpg,"Caption: A heartwarming moment between a mother and daughter at an art gallery. The little girl is pointing at something, showing her curiosity and excitement.

Tags: #ArtGallery #FamilyTime #CuriosityExploration"
1330.jpg,/Non_CSAM/images/1330.jpg,NON_CSAM,Non sensitive,1330.jpg,1330.jpg,@schooltalent A student confidently performs on stage while the audience looks on. Every performance is a chance to learn and grow. Tags: #SchoolTalent #Confidence #StagePerformance
0544.jpg,/Non_CSAM/images/0544.jpg,NON_CSAM,Non sensitive,0544.jpg,0544.jpg,"Caption: A peaceful day by the lake with my dad. Fishing together is always a great bonding experience!

Tags: #FamilyTime #LakeLife #FishingDay"
2836.png,/Non_CSAM/images/2836.png,NON_CSAM,Non sensitive,2836.png,2836.png,"Caption: A heartwarming moment between a father and daughter against a clear blue sky.

Tags: #FamilyTime #PiggybackRide #SkyHigh #ParentChildBonding"
1517.jpg,/Non_CSAM/images/1517.jpg,NON_CSAM,Non sensitive,1517.jpg,1517.jpg,@healthyfood A young boy enjoys a fresh snack outdoors with a big smile. Healthy choices can be both colorful and delicious. Tags: #HealthyFood #HappyKids #ChildhoodJoy
0070.jpg,/Non_CSAM/images/0070.jpg,NON_CSAM,Non sensitive,0070.jpg,0070.jpg,"Caption: A cozy moment of focus and learning. 

Tags: #StudyTime #LearningJourney #FocusOnTasks"
2651.jpg,/Non_CSAM/images/2651.jpg,NON_CSAM,Non sensitive,2651.jpg,2651.jpg,"Caption: A happy family moment in a hotel lobby. The father and mother are holding hands with their young child, all smiling and walking together.

Tags: #FamilyTime #HotelStay #TravelWithKids"
1458.jpg,/Non_CSAM/images/1458.jpg,NON_CSAM,Non sensitive,1458.jpg,1458.jpg,"@schoolfootball Students take part in an energetic football practice on an indoor field. Teamwork, movement, and determination build strong players. Tags: #SchoolSports #Football #Teamwork"
0745.jpg,/Non_CSAM/images/0745.jpg,NON_CSAM,Non sensitive,0745.jpg,0745.jpg,"Caption: Gardening together is such a fun activity! 

Tags: #FamilyTime #Gardening #MomAndSon"
0050.jpg,/Non_CSAM/images/0050.jpg,NON_CSAM,Non sensitive,0050.jpg,0050.jpg,"Caption: A heartwarming family moment at home.

Tags: #FamilyTime #HomeLife #CuddleTime"
1784.jpg,/Non_CSAM/images/1784.jpg,NON_CSAM,Non sensitive,1784.jpg,1784.jpg,@schoolfriends A large group of students poses together outdoors after a shared school activity. Friendship makes school memories last. Tags: #SchoolFriends #StudentLife #Togetherness
2754.jpg,/Non_CSAM/images/2754.jpg,NON_CSAM,Non sensitive,2754.jpg,2754.jpg,"Caption: A happy family outing! The little one is holding a balloon, and everyone looks so content.

Tags: #FamilyTime #BalloonFun #OutdoorFun"
1713.jpg,/Non_CSAM/images/1713.jpg,NON_CSAM,Non sensitive,1713.jpg,1713.jpg,"@youngcyclist A child rides a bicycle along a bright waterfront path, gaining confidence with every turn of the pedals. Tags: #YoungCyclist #Cycling #ActiveKids"
0039.webp,/Non_CSAM/images/0039.webp,NON_CSAM,Non sensitive,0039.webp,0039.webp,"Caption: Studying hard in class!

Tags: #Learning #Classroom #StudyTime"
1506.jpg,/Non_CSAM/images/1506.jpg,NON_CSAM,Non sensitive,1506.jpg,1506.jpg,@volleyball A school team competes at the net during an exciting volleyball match. Communication and teamwork make every play count. Tags: #Volleyball #SchoolSports #Teamwork
2778.jpg,/Non_CSAM/images/2778.jpg,NON_CSAM,Non sensitive,2778.jpg,2778.jpg,"Caption: A heartwarming moment between a mother and her son at a beautiful outdoor dinner. 

Tags: #FamilyTime #OutdoorDining #MomAndSon"
1329.jpg,/Non_CSAM/images/1329.jpg,NON_CSAM,Non sensitive,1329.jpg,1329.jpg,@youngperformers Two young performers take the stage and enjoy a lively moment under the spotlight. Confidence and creativity belong on every stage. Tags: #YoungPerformers #StageLife #Creativity
0607.jpg,/Non_CSAM/images/0607.jpg,NON_CSAM,Non sensitive,0607.jpg,0607.jpg,"Caption: Enjoying a sunny day at the park with family and friends!

Tags: #FamilyPicnic #ParkLife #OutdoorFun"
0491.jpg,/Non_CSAM/images/0491.jpg,NON_CSAM,Non sensitive,0491.jpg,0491.jpg,"Caption: A young girl is running with a football while another player tries to tackle her. It's a fun game of flag football!

Tags: #FlagFootball #SportsDay #ActiveLifestyle"
2863.png,/Non_CSAM/images/2863.png,NON_CSAM,Non sensitive,2863.png,2863.png,"Caption: A joyful moment in a colorful classroom where children are engaged in playful activities with their teacher.

Tags: #Playtime #ClassroomFun #EarlyEducation"
1564.jpg,/Non_CSAM/images/1564.jpg,NON_CSAM,Non sensitive,1564.jpg,1564.jpg,@parkday Children enjoy a relaxed day in the park while an adult watches nearby. Outdoor time gives everyone room to play and explore. Tags: #ParkDay #OutdoorFun #FamilyTime
1748.jpg,/Non_CSAM/images/1748.jpg,NON_CSAM,Non sensitive,1748.jpg,1748.jpg,"@communityhealth Children and adults gather around a community health activity, sharing information and support in a welcoming setting. Tags: #CommunityHealth #Wellbeing #Community"
2753.jpg,/Non_CSAM/images/2753.jpg,NON_CSAM,Non sensitive,2753.jpg,2753.jpg,"Caption: A peaceful day by the lake with my dad. 

Tags: #FamilyTime #Fishing #NatureConnection"
0498.jpg,/Non_CSAM/images/0498.jpg,NON_CSAM,Non sensitive,0498.jpg,0498.jpg,"Caption: A heartwarming moment of connection between generations. The young boy is playing guitar while the older man claps along, creating a beautiful bond.

Tags: #GenerationsConnecting #FamilyTime #MusicHeals"
0697.jpg,/Non_CSAM/images/0697.jpg,NON_CSAM,Non sensitive,0697.jpg,0697.jpg,"Caption: A heartwarming moment between siblings during Diwali celebrations!

Tags: #Diwali #FamilyTime #CulturalCelebration"
2835.png,/Non_CSAM/images/2835.png,NON_CSAM,Non sensitive,2835.png,2835.png,"Caption: A joyful moment of learning and bonding! Sharing music and laughter with friends is always a win.

Tags: #MusicTime #Friendship #ChildhoodJoy"
2667.jpg,/Non_CSAM/images/2667.jpg,NON_CSAM,Non sensitive,2667.jpg,2667.jpg,"Caption: Enjoying a movie night together!

Tags: #FamilyTime #MovieNight #CinemaExperience"
3097.jpg,/Non_CSAM/images/3097.jpg,NON_CSAM,Non sensitive,3097.jpg,3097.jpg,"Caption: A heartwarming moment between a mother and daughter enjoying a day at the park. 

Tags: #FamilyTime #ParkLife #MomAndDaughter"
3074.jpg,/Non_CSAM/images/3074.jpg,NON_CSAM,Non sensitive,3074.jpg,3074.jpg,"Caption: A heartwarming moment between a mother and her child in the kitchen. The child is learning to balance on their own feet while the mother guides them gently.

Tags: #MomAndMe #EarlyLearning #KitchenMagic #FamilyTime"
2819.jpg,/Non_CSAM/images/2819.jpg,NON_CSAM,Non sensitive,2819.jpg,2819.jpg,"Caption: Exploring nature together is the best way to learn and grow!

Tags: #NatureExploration #FamilyTime #OutdoorActivities"
0752.webp,/Non_CSAM/images/0752.webp,NON_CSAM,Non sensitive,0752.webp,0752.webp,"Caption: A group of children are enjoying a fun learning activity together!

Tags: #LearningTogether #ChildhoodJoy #CreativePlay"
0420.jpg,/Non_CSAM/images/0420.jpg,NON_CSAM,Non sensitive,0420.jpg,0420.jpg,"Caption: Cozy evening at home with the family and our furry friends. 

Tags: #FamilyTime #CouchPotatoes #GoldenDogs"
0577.jpg,/Non_CSAM/images/0577.jpg,NON_CSAM,Non sensitive,0577.jpg,0577.jpg,"Caption: A family of four enjoying a sunny day in a field, playing together. 

Tags: #FamilyTime #OutdoorFun #SummerVibes"
1457.jpg,/Non_CSAM/images/1457.jpg,NON_CSAM,Non sensitive,1457.jpg,1457.jpg,"@museumvisit Visitors explore artwork together in a quiet gallery, discovering new ideas through creativity and culture. Tags: #MuseumVisit #ArtAndCulture #Learning"
3068.jpg,/Non_CSAM/images/3068.jpg,NON_CSAM,Non sensitive,3068.jpg,3068.jpg,"Caption: Enjoying a fun fall day with the family!

Tags: #FallFun #FamilyTime #LeafRaking"
1399.jpg,/Non_CSAM/images/1399.jpg,NON_CSAM,Non sensitive,1399.jpg,1399.jpg,@familymusic A parent and children enjoy making music together outdoors. Shared creativity turns an ordinary afternoon into a special memory. Tags: #FamilyTime #MusicTogether #HappyMoments
1724.jpg,/Non_CSAM/images/1724.jpg,NON_CSAM,Non sensitive,1724.jpg,1724.jpg,"@cyclinglesson A parent helps a child practice riding a bicycle outdoors, building balance and confidence one step at a time. Tags: #CyclingLesson #LearningTogether #FamilyFun"
0576.jpg,/Non_CSAM/images/0576.jpg,NON_CSAM,Non sensitive,0576.jpg,0576.jpg,"Caption: A heartwarming family breakfast together!

Tags: #FamilyTime #BreakfastTogether #MomAndSon #DadAndDaughter #MorningMunchies"
2916.png,/Non_CSAM/images/2916.png,NON_CSAM,Non sensitive,2916.png,2916.png,"Caption: A heartwarming moment between a teacher and student. The teacher is using a tablet while helping the student with their work. 

Tags: #Education #TeacherLove #StudentSupport"
0277.jpg,/Non_CSAM/images/0277.jpg,NON_CSAM,Non sensitive,0277.jpg,0277.jpg,"Caption: Family bike ride in the park! 

Tags: #FamilyTime #BikeRide #ParkLife"
0178.jpg,/Non_CSAM/images/0178.jpg,NON_CSAM,Non sensitive,0178.jpg,0178.jpg,"Caption: A heartwarming moment between a mother and her child, sharing laughter and love on a cozy bed.

Tags: #MomAndMe #FamilyTime #CuddleTime"
1415.jpg,/Non_CSAM/images/1415.jpg,NON_CSAM,Non sensitive,1415.jpg,1415.jpg,@sportsday Children and adults enjoy a lively outdoor sports activity on a sunny field. Teamwork and movement make the day exciting. Tags: #SportsDay #OutdoorFun #Teamwork
1461.jpg,/Non_CSAM/images/1461.jpg,NON_CSAM,Non sensitive,1461.jpg,1461.jpg,"@familydinner A family gathers around a table for a warm meal, sharing food and conversation together. Tags: #FamilyDinner #FamilyTime #Togetherness"
0390.jpg,/Non_CSAM/images/0390.jpg,NON_CSAM,Non sensitive,0390.jpg,0390.jpg,"Caption: A heartwarming moment of family bonding in their cozy living room. 

Tags: #FamilyTime #HomeIsWhereTheHeartIs #MomAndMe #CuddleTime"
1368.jpg,/Non_CSAM/images/1368.jpg,NON_CSAM,Non sensitive,1368.jpg,1368.jpg,@healthy_kids A little one gets caring attention during a routine medical visit. Gentle support helps make every checkup a little easier. Tags: #HealthyKids #ChildHealth #Caring
3012.png,/Non_CSAM/images/3012.png,NON_CSAM,Non sensitive,3012.png,3012.png,"Caption: A father and son bonding over building blocks, enjoying a creative and educational moment together.

Tags: #FamilyTime #BuildingBlocks #CreativePlay"
1818.jpg,/Non_CSAM/images/1818.jpg,NON_CSAM,Non sensitive,1818.jpg,1818.jpg,"Caption: A group of young women wearing matching dark blue t-shirts, patterned skirts, and beaded necklaces stand in a line on a stage, holding hands during what appears to be a cultural performance or dance rehearsal.

Tags: #CulturalPerformance #TraditionalDress #Teamwork #DancePerformance #YouthCulture"
0737.jpg,/Non_CSAM/images/0737.jpg,NON_CSAM,Non sensitive,0737.jpg,0737.jpg,"Caption: Studying in style! 

Tags: #StudyTime #LearningJourney #FocusOnGoals"
3032.png,/Non_CSAM/images/3032.png,NON_CSAM,Non sensitive,3032.png,3032.png,"Caption: A heartwarming moment of learning and bonding between a mother and daughter. 

Tags: #MomAndMe #EarlyLearning #FamilyTime #Education #ParentingTips"
1379.jpg,/Non_CSAM/images/1379.jpg,NON_CSAM,Non sensitive,1379.jpg,1379.jpg,@familymoments A parent shares a peaceful moment with a sleeping child at home. Quiet moments of care often become treasured memories. Tags: #FamilyMoments #Parenting #Childhood
1617.jpg,/Non_CSAM/images/1617.jpg,NON_CSAM,Non sensitive,1617.jpg,1617.jpg,"@backtoschool Two students hold cheerful Back to School signs, welcoming a new school chapter with confidence and excitement. Tags: #BackToSchool #StudentLife #NewBeginnings"
1489.jpg,/Non_CSAM/images/1489.jpg,NON_CSAM,Non sensitive,1489.jpg,1489.jpg,"@volleyball A school volleyball team plays an energetic match, reaching high and working together for every point. Tags: #Volleyball #SchoolSports #Teamwork"
2634.jpg,/Non_CSAM/images/2634.jpg,NON_CSAM,Non sensitive,2634.jpg,2634.jpg,"Caption: Sparkling fun with friends! 

Tags: #Friendship #Sparklers #FunTimes"
1813.jpg,/Non_CSAM/images/1813.jpg,NON_CSAM,Non sensitive,1813.jpg,1813.jpg,"@childhoodjoy Children laugh and smile together outdoors, sharing a carefree moment filled with friendship. Tags: #ChildhoodJoy #HappyKids #Togetherness"
0100.jpg,/Non_CSAM/images/0100.jpg,NON_CSAM,Non sensitive,0100.jpg,0100.jpg,"Caption: A family enjoying a sunny day in the park, blowing bubbles together. 

Tags: #FamilyTime #BlowingBubbles #ParkLife"
1654.jpg,/Non_CSAM/images/1654.jpg,NON_CSAM,Non sensitive,1654.jpg,1654.jpg,"@playtime A child enjoys a swing outdoors, looking upward with excitement during a carefree afternoon. Tags: #Playtime #OutdoorFun #Childhood"
0204.jpg,/Non_CSAM/images/0204.jpg,NON_CSAM,Non sensitive,0204.jpg,0204.jpg,"Caption: A heartwarming moment of family bonding as they water the garden together. 

Tags: #FamilyTime #GardenLove #NatureConnection"
2980.png,/Non_CSAM/images/2980.png,NON_CSAM,Non sensitive,2980.png,2980.png,"Caption: A tender moment between a mother and her baby, surrounded by soft lights and cozy decor.

Tags: #MomAndMe #BabyLove #CozyMoments"
1548.jpg,/Non_CSAM/images/1548.jpg,NON_CSAM,Non sensitive,1548.jpg,1548.jpg,"@youngperformer A young girl performs confidently on a decorated stage, sharing her talent with the audience. Tags: #YoungTalent #StagePerformance #Confidence"
0249.jpg,/Non_CSAM/images/0249.jpg,NON_CSAM,Non sensitive,0249.jpg,0249.jpg,"Caption: Three children are having a blast under a shower of colorful confetti!

Tags: #ConfettiFun #Playtime #HappyKids"
0309.jpg,/Non_CSAM/images/0309.jpg,NON_CSAM,Non sensitive,0309.jpg,0309.jpg,"Caption: A heartwarming moment between a father and his child in the car. The father is helping his son put on his coat, showing love and care.

Tags: #FamilyTime #DadAndSon #CaringHands"
3040.png,/Non_CSAM/images/3040.png,NON_CSAM,Non sensitive,3040.png,3040.png,"Caption: A heartwarming moment between a mother and daughter as they walk together on the steps of a historic building. The girl is holding her mother's hand, and both are dressed in cozy, warm clothing.

Tags: #FamilyTime #MomAndDaughter #CozyOutfits #HistoricBuilding #WarmWeather #FamilyBonding"
1776.jpg,/Non_CSAM/images/1776.jpg,NON_CSAM,Non sensitive,1776.jpg,1776.jpg,"@sciencekids A young student explores a science activity using laboratory equipment, turning curiosity into hands-on learning. Tags: #ScienceKids #STEM #LearningByDoing"
0297.jpg,/Non_CSAM/images/0297.jpg,NON_CSAM,Non sensitive,0297.jpg,0297.jpg,"Caption: Reading is my favorite pastime! 

Tags: #BookLover #ReadingTime #LibraryLife"
0421.jpg,/Non_CSAM/images/0421.jpg,NON_CSAM,Non sensitive,0421.jpg,0421.jpg,"Caption: Excited to learn and grow today!

Tags: #Education #ChildDevelopment #LearningJourney"
0023.jpeg,/Non_CSAM/images/0023.jpeg,NON_CSAM,Non sensitive,0023.jpeg,0023.jpeg,"Caption: Kids are having a blast creating art together!

Tags: #ArtTime #ChildhoodMagic #CreativeKids"
2707.jpg,/Non_CSAM/images/2707.jpg,NON_CSAM,Non sensitive,2707.jpg,2707.jpg,"Caption: A heartwarming moment between a mother and her daughter during a festive celebration. The colorful decorations and traditional attire add to the joyous atmosphere.

Tags: #FamilyTime #FestiveCelebration #MomAndDaughter #Traditions #HappyFamily #CulturalCelebrations"
3003.png,/Non_CSAM/images/3003.png,NON_CSAM,Non sensitive,3003.png,3003.png,"Caption: A cozy moment between a mother and daughter on the couch. The daughter is wearing a white shirt and blue jeans, while the mother is dressed in a white t-shirt and blue jeans. They seem to be enjoying each other's company.

Tags: #FamilyTime #MomAndDaughter #CouchLove"
1499.jpg,/Non_CSAM/images/1499.jpg,NON_CSAM,Non sensitive,1499.jpg,1499.jpg,@schoolspirit Students cheer enthusiastically together during an exciting school event. Shared spirit makes every celebration more memorable. Tags: #SchoolSpirit #StudentLife #Celebration
0256.jpg,/Non_CSAM/images/0256.jpg,NON_CSAM,Non sensitive,0256.jpg,0256.jpg,"Caption: A cozy morning with my little one and our furry friend. 

Tags: #MorningMOMents #FamilyTime #CuddleTime"
0113.jpg,/Non_CSAM/images/0113.jpg,NON_CSAM,Non sensitive,0113.jpg,0113.jpg,"Caption: Enjoying a sweet treat together on a sunny day!

Tags: IceCreamTime #FamilyFun #SummerVibes"
1700.jpg,/Non_CSAM/images/1700.jpg,NON_CSAM,Non sensitive,1700.jpg,1700.jpg,"@cyclingadventure A parent and child practice cycling together outdoors, sharing a beautiful active moment against the evening sky. Tags: #CyclingAdventure #FamilyTime #ActiveKids"
3065.jpg,/Non_CSAM/images/3065.jpg,NON_CSAM,Non sensitive,3065.jpg,3065.jpg,"Caption: A cozy morning at home, enjoying a cup of coffee together. 

Tags: #MorningMeditation #CoffeeTime #FamilyBonding"
1512.jpg,/Non_CSAM/images/1512.jpg,NON_CSAM,Non sensitive,1512.jpg,1512.jpg,"@communitykids A large group of children gathers outdoors for a cheerful community activity, sharing smiles and friendship. Tags: #CommunityKids #Togetherness #HappyMoments"
0678.jpg,/Non_CSAM/images/0678.jpg,NON_CSAM,Non sensitive,0678.jpg,0678.jpg,"Caption: Cozy reading corner! Perfect spot to lose yourself in a good book.

Tags: #ReadingNook #BookLover #CalmMoments"
1358.jpg,/Non_CSAM/images/1358.jpg,NON_CSAM,Non sensitive,1358.jpg,1358.jpg,@youngathlete A young football player focuses on the ball during an energetic game. Practice and passion grow one step at a time. Tags: #YoungAthlete #Football #SportsLife
2750.jpg,/Non_CSAM/images/2750.jpg,NON_CSAM,Non sensitive,2750.jpg,2750.jpg,"Caption: A heartwarming moment between a mother and her children in a parking lot. The little one is holding a small plant, and the other is being held by their mom.

Tags: #FamilyTime #MomAndChild #NatureExploration"
2645.jpg,/Non_CSAM/images/2645.jpg,NON_CSAM,Non sensitive,2645.jpg,2645.jpg,"Caption: A heartwarming moment between a mother and her baby at a clothing store. The baby is holding up a pair of jeans, while the mother looks on with a smile.

Tags: #FamilyTime #BabyFashion #ShoppingWithMom"
2877.png,/Non_CSAM/images/2877.png,NON_CSAM,Non sensitive,2877.png,2877.png,"Caption: A family of four is enjoying a fun indoor activity together. They're all sitting on the floor with their arms raised, possibly doing a playful exercise or game. The living room has a cozy feel with a couch, plants, and a clock on the wall.

Tags: #FamilyFun #IndoorActivities #ActiveFamilyTime"
2701.jpg,/Non_CSAM/images/2701.jpg,NON_CSAM,Non sensitive,2701.jpg,2701.jpg,"Caption: ""Riding high on the roller coaster! 

Tags: #RollerCoasterRide #FamilyFun #AdventureTime"""
2914.png,/Non_CSAM/images/2914.png,NON_CSAM,Non sensitive,2914.png,2914.png,"Caption: A moment of connection and learning between a teacher and a student. 

Tags: #Education #InnovativeTeaching #StudentTeacherBond"
3056.png,/Non_CSAM/images/3056.png,NON_CSAM,Non sensitive,3056.png,3056.png,"Caption: A heartwarming moment between a mother and daughter, sharing laughter and joy on a cozy couch.

Tags: #MomAndMe #FamilyTime #CuddleUp"
0010.webp,/Non_CSAM/images/0010.webp,NON_CSAM,Non sensitive,0010.webp,0010.webp,"Caption: Kids enjoying a fun coding session together!

Tags: #CodingClub #LearningTogether #TechTots"
0486.jpg,/Non_CSAM/images/0486.jpg,NON_CSAM,Non sensitive,0486.jpg,0486.jpg,"Caption: A cozy family moment at home, snuggling on the couch. 

Tags: FamilyTime #HomeLife #CouchLove"
1810.jpg,/Non_CSAM/images/1810.jpg,NON_CSAM,Non sensitive,1810.jpg,1810.jpg,"@beachfriends Two children share a warm hug on the beach, enjoying a beautiful moment beside the sea. Tags: #BeachDay #Friendship #HappyMoments"
0746.jpg,/Non_CSAM/images/0746.jpg,NON_CSAM,Non sensitive,0746.jpg,0746.jpg,"Caption: A heartwarming moment of bonding as a family prepares a meal together. 

Tags: #FamilyTime #CookingWithKids #HealthyEating"
1743.jpg,/Non_CSAM/images/1743.jpg,NON_CSAM,Non sensitive,1743.jpg,1743.jpg,@studentlife Students in school uniforms walk together while reading and discussing their books. Tags: #StudentLife #SchoolFriends #LearningTogether
3039.png,/Non_CSAM/images/3039.png,NON_CSAM,Non sensitive,3039.png,3039.png,"Caption: A happy moment at the dentist! The little one is all smiles while the dental assistant helps with their check-up.

Tags: #DentalVisit #SmileTime #HealthyTeeth"
0613.jpg,/Non_CSAM/images/0613.jpg,NON_CSAM,Non sensitive,0613.jpg,0613.jpg,"Caption: A happy family of three stands together in their new home, surrounded by moving boxes. The father, mother, and daughter share a moment of joy and togetherness.

Tags: #NewHome #FamilyTime #MovingDay"
2825.png,/Non_CSAM/images/2825.png,NON_CSAM,Non sensitive,2825.png,2825.png,"Caption: A heartwarming moment of family bonding. Grandparents and grandchildren share a special connection.

Tags: #FamilyTime #GrandparentGrandchild #WarmMoments"
1343.jpg,/Non_CSAM/images/1343.jpg,NON_CSAM,Non sensitive,1343.jpg,1343.jpg,@outdoorfun Children enjoy a colorful outdoor activity together under a sunny sky. Teamwork turns a simple game into a great memory. Tags: #OutdoorFun #Teamwork #Childhood
2630.jpg,/Non_CSAM/images/2630.jpg,NON_CSAM,Non sensitive,2630.jpg,2630.jpg,"Caption: A heartwarming family gathering filled with joy and laughter!

Tags: #FamilyTime #CulturalCelebration #WarmthInEveryMoment"
1554.jpg,/Non_CSAM/images/1554.jpg,NON_CSAM,Non sensitive,1554.jpg,1554.jpg,"@danceperformance Young dancers perform a graceful routine against a bright blue backdrop, moving together with confidence and rhythm. Tags: #DancePerformance #YoungDancers #Teamwork"
0264.jpg,/Non_CSAM/images/0264.jpg,NON_CSAM,Non sensitive,0264.jpg,0264.jpg,"Caption: A cozy afternoon of learning and creativity!

Tags: #HomeStudy #CreativeTime #EducationAtHome"
0399.jpg,/Non_CSAM/images/0399.jpg,NON_CSAM,Non sensitive,0399.jpg,0399.jpg,"Caption: Riding into the sun with friends! 

Tags: #BikingWithFriends #FamilyFun #OutdoorAdventure"
2886.png,/Non_CSAM/images/2886.png,NON_CSAM,Non sensitive,2886.png,2886.png,"Caption: A joyful moment in a colorful classroom filled with toys and books!

Tags: #Playtime #EarlyEducation #LearningThroughPlay"
0316.jpg,/Non_CSAM/images/0316.jpg,NON_CSAM,Non sensitive,0316.jpg,0316.jpg,"Caption: A vibrant festival atmosphere with colorful flags and a lively crowd. 

Tags: #FestivalFun #ColorfulFlags #CrowdCelebration"
2632.jpg,/Non_CSAM/images/2632.jpg,NON_CSAM,Non sensitive,2632.jpg,2632.jpg,"Caption: A family of four enjoying a sunny day in a field of daffodils. The kids are having fun running around, while the adults are helping collect flowers in baskets.

Tags: #FamilyFun #SpringEaster #NatureExploration #HappyFamily #EasterEggHunt"
0048.webp,/Non_CSAM/images/0048.webp,NON_CSAM,Non sensitive,0048.webp,0048.webp,"Caption: ""Excited to learn and grow with my classmates today! #ClassroomLife #Education""

Tags: #BackToSchool #NewBeginnings #LearningTogether"
0760.webp,/Non_CSAM/images/0760.webp,NON_CSAM,Non sensitive,0760.webp,0760.webp,"Caption: ""Excited kids raising their hands in class! #ClassroomMagic #LearningTogether""

Tags: #Education #ClassroomLife #KidsLovingSchool"
0322.jpg,/Non_CSAM/images/0322.jpg,NON_CSAM,Non sensitive,0322.jpg,0322.jpg,"Caption: Cooking up some fun together! 

Tags: #FamilyTime #CookingWithKids #FunInTheKitchen"
0180.jpg,/Non_CSAM/images/0180.jpg,NON_CSAM,Non sensitive,0180.jpg,0180.jpg,"Caption: A heartwarming moment between a mother and her newborn baby. The baby is sleeping peacefully while being held close by its mother.

Tags: #NewbornLove #ParentingJourney #BabySleeping"
0470.jpg,/Non_CSAM/images/0470.jpg,NON_CSAM,Non sensitive,0470.jpg,0470.jpg,"Caption: A happy family enjoying a sunny day outside their home.

Tags: #FamilyTime #Sunshine #HomeSweetHome"
3023.png,/Non_CSAM/images/3023.png,NON_CSAM,Non sensitive,3023.png,3023.png,"Caption: A heartwarming moment between a mother and daughter, sharing a tender moment over laundry. 

Tags: #MomAndMe #FamilyTime #LaundryDay"
0104.jpg,/Non_CSAM/images/0104.jpg,NON_CSAM,Non sensitive,0104.jpg,0104.jpg,"Caption: Snowy fun with friends! 

Tags: #SnowDay #WinterFun #SnowballFights"
0460.jpg,/Non_CSAM/images/0460.jpg,NON_CSAM,Non sensitive,0460.jpg,0460.jpg,"Caption: A heartwarming moment of family bonding as they enjoy a bike ride together. 

Tags: #FamilyTime #BikeRide #ParentChildBonding"
1641.jpg,/Non_CSAM/images/1641.jpg,NON_CSAM,Non sensitive,1641.jpg,1641.jpg,"@stageperformance Young performers present a colorful routine on stage, bringing music, movement, and confidence together. Tags: #StagePerformance #YoungTalent #PerformingArts"
0765.webp,/Non_CSAM/images/0765.webp,NON_CSAM,Non sensitive,0765.webp,0765.webp,"Caption: Excited kids raising their hands in a classroom!

Tags: #ClassroomFun #LearningTogether #ChildhoodJoy"
0071.jpg,/Non_CSAM/images/0071.jpg,NON_CSAM,Non sensitive,0071.jpg,0071.jpg,"Caption: A group of friends enjoying music together!

Tags: #MusicTime #Friendship #PlayTogether"
0037.webp,/Non_CSAM/images/0037.webp,NON_CSAM,Non sensitive,0037.webp,0037.webp,"Caption: A teacher is taking notes while smiling at her students who are engaged in various activities.

Tags: #ClassroomLife #Education #LearningTogether"
0570.jpg,/Non_CSAM/images/0570.jpg,NON_CSAM,Non sensitive,0570.jpg,0570.jpg,"Caption: ""Sunny day at the park! Playing soccer is such a fun way to stay active and have a blast with friends. #ActiveLifestyle #PlayOutside""

Tags: #ActiveLifestyle #PlayOutside #SunnyDay #SoccerGame #FunWithFriends"
3069.jpg,/Non_CSAM/images/3069.jpg,NON_CSAM,Non sensitive,3069.jpg,3069.jpg,"Caption: A happy family enjoying a playful moment in the park. 

Tags: #FamilyTime #ParkLife #PlayfulMoments"
0657.jpg,/Non_CSAM/images/0657.jpg,NON_CSAM,Non sensitive,0657.jpg,0657.jpg,"Caption: A heartwarming moment between a mother and her daughter as they share a kiss before she heads off to school. 

Tags: #MomAndMe #FirstDayOfSchool #BackToSchool #Parenting #MomLife"
0340.jpg,/Non_CSAM/images/0340.jpg,NON_CSAM,Non sensitive,0340.jpg,0340.jpg,"Caption: A beautiful moment captured in nature, where love and connection shine brightly. 

Tags: #NatureLovers #FamilyTime #MomAndChild #BondingMoments"
1454.jpg,/Non_CSAM/images/1454.jpg,NON_CSAM,Non sensitive,1454.jpg,1454.jpg,"@youngscientists Students proudly present a creative project together, celebrating teamwork and the joy of learning. Tags: #YoungScientists #STEM #Teamwork"
3009.png,/Non_CSAM/images/3009.png,NON_CSAM,Non sensitive,3009.png,3009.png,"Caption: A heartwarming moment between a father and his daughter, surrounded by festive lights and presents. 

Tags: #FamilyTime #FestiveSeason #GiftsForTheSeason"
0352.jpg,/Non_CSAM/images/0352.jpg,NON_CSAM,Non sensitive,0352.jpg,0352.jpg,"Caption: A joyful moment captured as this little one enjoys a day outdoors with colorful balloons floating around.

Tags: #HappyDay #ColorfulBalloons #OutdoorFun"
2757.jpg,/Non_CSAM/images/2757.jpg,NON_CSAM,Non sensitive,2757.jpg,2757.jpg,"Caption: Relaxing by the pool with friends on a sunny day!

Tags: #PoolSideFun #SummerVibes #Sunbathing"
1778.jpg,/Non_CSAM/images/1778.jpg,NON_CSAM,Non sensitive,1778.jpg,1778.jpg,"@schoolproject Students present a creative project at a school exhibition, sharing their ideas with visitors. Tags: #SchoolProject #YoungInnovators #Learning"
2700.jpg,/Non_CSAM/images/2700.jpg,NON_CSAM,Non sensitive,2700.jpg,2700.jpg,"Caption: A fun day at the park! Riding the roller coaster with my mom is so much fun!

Tags: #RollerCoasterRide #FamilyFun #SummerVacation"
0362.jpg,/Non_CSAM/images/0362.jpg,NON_CSAM,Non sensitive,0362.jpg,0362.jpg,"Caption: A fun road trip with friends! 

Tags: #RoadTrip #TravelWithFriends #VacationVibes"
2892.png,/Non_CSAM/images/2892.png,NON_CSAM,Non sensitive,2892.png,2892.png,"Caption: A heartwarming moment between a baby and their mother, both smiling brightly. 

Tags: #MomAndMe #BabySmiles #CuddleTime"
2928.png,/Non_CSAM/images/2928.png,NON_CSAM,Non sensitive,2928.png,2928.png,"Caption: A heartwarming moment of family bonding during the holiday season!

Tags: #ChristmasMagic #FamilyTime #JoyOfGiving"
2572.jpg,/Non_CSAM/images/2572.jpg,NON_CSAM,Non sensitive,2572.jpg,2572.jpg,"Caption: Having the best time at the water park! 

Tags: #WaterParkFun #SummerVibes #AdventureTime"
2582.jpg,/Non_CSAM/images/2582.jpg,NON_CSAM,Non sensitive,2582.jpg,2582.jpg,"Caption: Enjoying a movie night together!

Tags: #FamilyTime #MovieNight # popcorntime"
0435.jpg,/Non_CSAM/images/0435.jpg,NON_CSAM,Non sensitive,0435.jpg,0435.jpg,"Caption: A happy family moment with their beloved dog. 

Tags: #FamilyTime #PuppyLove #PetParenting"
0016.webp,/Non_CSAM/images/0016.webp,NON_CSAM,Non sensitive,0016.webp,0016.webp,"Caption: A cozy moment in the kitchen, where learning meets comfort. 

Tags: #HomeLearning #ComfortZone #StudyTime"
0733.webp,/Non_CSAM/images/0733.webp,NON_CSAM,Non sensitive,0733.webp,0733.webp,"Caption: A creative learning session in progress!

Tags: #ArtClass #KidsCreativity #LearningThroughPlay"
0682.jpg,/Non_CSAM/images/0682.jpg,NON_CSAM,Non sensitive,0682.jpg,0682.jpg,"Caption: Enjoying a fall day with the family! 

Tags: #FallFun #FamilyTime #AutumnLeaves"
0466.jpg,/Non_CSAM/images/0466.jpg,NON_CSAM,Non sensitive,0466.jpg,0466.jpg,"Caption: A heartwarming moment of family bonding during Diwali. The balcony is beautifully decorated with lights and marigolds, creating a festive atmosphere.

Tags: #Diwali #FamilyTime #FestiveDecorations"
0355.jpg,/Non_CSAM/images/0355.jpg,NON_CSAM,Non sensitive,0355.jpg,0355.jpg,"Caption: A heartwarming moment of family bonding on a cozy bed. 

Tags: FamilyTime #CozyBed #MomAndChild #HappyFamily #MomAndSon #BondingMoments"
0620.jpg,/Non_CSAM/images/0620.jpg,NON_CSAM,Non sensitive,0620.jpg,0620.jpg,"Caption: A heartwarming moment between a father and son enjoying a fun video game session together.

Tags: #FamilyFun #VideoGames #FatherSonBonding"
2675.jpg,/Non_CSAM/images/2675.jpg,NON_CSAM,Non sensitive,2675.jpg,2675.jpg,"Caption: A cozy afternoon at home with family. Mom and kids enjoying some bonding time together.

Tags: #FamilyTime #CozyHome #MomAndKids"
1501.jpg,/Non_CSAM/images/1501.jpg,NON_CSAM,Non sensitive,1501.jpg,1501.jpg,"@schoollunch Children enjoy a colorful meal together at school, sharing food and cheerful conversation. Tags: #SchoolLunch #HealthyKids #HappyMoments"
1591.jpg,/Non_CSAM/images/1591.jpg,NON_CSAM,Non sensitive,1591.jpg,1591.jpg,"@outdoorplay Children practice riding scooters at an outdoor skate area, building balance, confidence, and coordination. Tags: #OutdoorPlay #ActiveKids #LearningThroughPlay"
1662.jpg,/Non_CSAM/images/1662.jpg,NON_CSAM,Non sensitive,1662.jpg,1662.jpg,"@childhoodfriends Two children share a playful moment indoors, smiling and reacting to each other with carefree energy. Tags: #ChildhoodFriends #HappyKids #Friendship"
1472.jpg,/Non_CSAM/images/1472.jpg,NON_CSAM,Non sensitive,1472.jpg,1472.jpg,@classroomfun Students work together around a table during a cheerful group activity. Collaboration turns learning into a shared experience. Tags: #ClassroomFun #Teamwork #Learning
1340.jpg,/Non_CSAM/images/1340.jpg,NON_CSAM,Non sensitive,1340.jpg,1340.jpg,"@littleexplorer A young child sits with colorful learning materials, discovering something new. Curiosity is the beginning of every adventure. Tags: #LittleExplorer #LearningThroughPlay #Curiosity"
2955.png,/Non_CSAM/images/2955.png,NON_CSAM,Non sensitive,2955.png,2955.png,"Caption: A heartwarming hug between a mother and her daughter,

Tags: #MomAndMe #FamilyTime #LoveAndHugs"
0406.jpg,/Non_CSAM/images/0406.jpg,NON_CSAM,Non sensitive,0406.jpg,0406.jpg,"Caption: Enjoying the vibrant atmosphere at the festival!

Tags: #MusicFest #ConfettiFling #SummerFun"
2984.png,/Non_CSAM/images/2984.png,NON_CSAM,Non sensitive,2984.png,2984.png,"Caption: A heartwarming moment between a father and his daughter by the Christmas tree. 

Tags: #ChristmasMagic #FamilyTime #HolidaySeason"
1740.jpg,/Non_CSAM/images/1740.jpg,NON_CSAM,Non sensitive,1740.jpg,1740.jpg,"@familycycling A parent and child ride bicycles together along a sunny path, sharing an active outdoor adventure. Tags: #FamilyCycling #OutdoorFun #FamilyTime"
0045.webp,/Non_CSAM/images/0045.webp,NON_CSAM,Non sensitive,0045.webp,0045.webp,"Caption: Two young friends enjoying a fun learning moment together!

Tags: #ClassroomFun #LearningTogether #PlayfulEducation"
3096.jpg,/Non_CSAM/images/3096.jpg,NON_CSAM,Non sensitive,3096.jpg,3096.jpg,"Caption: Having fun with hula hoops in the park!

Tags: #OutdoorFun #HulaHooping #FamilyTime"
2993.png,/Non_CSAM/images/2993.png,NON_CSAM,Non sensitive,2993.png,2993.png,"Caption: A heartwarming moment of bonding between a mother and her child practicing yoga together at home.

Tags: #MomAndMe #YogaTime #FamilyBonding"
1728.jpg,/Non_CSAM/images/1728.jpg,NON_CSAM,Non sensitive,1728.jpg,1728.jpg,"@familycycling A parent patiently helps a child learn to ride a bicycle outdoors, turning practice into quality family time. Tags: #FamilyCycling #LearningTogether #OutdoorFun"
0258.jpg,/Non_CSAM/images/0258.jpg,NON_CSAM,Non sensitive,0258.jpg,0258.jpg,"Caption: A joyful family moment on the bed, with kids jumping and laughing. It's a heartwarming scene filled with love and happiness.

Tags: #FamilyTime #HappyMoments #BedtimeFun"
2844.png,/Non_CSAM/images/2844.png,NON_CSAM,Non sensitive,2844.png,2844.png,"Caption: A heartwarming moment between a father and son, soaring high together with a toy airplane. 

Tags: #FamilyTime #FlyingHigh #PlayfulMoments"
0345.jpg,/Non_CSAM/images/0345.jpg,NON_CSAM,Non sensitive,0345.jpg,0345.jpg,"Caption: A cozy study session at home, perfect for focused work or learning.

Tags: #StudyTime #HomeOffice #FocusMode"
2613.jpg,/Non_CSAM/images/2613.jpg,NON_CSAM,Non sensitive,2613.jpg,2613.jpg,"Caption: Family fun at the playground! 

Tags: #FamilyFun #PlaygroundTime #SummerVibes"
0402.jpg,/Non_CSAM/images/0402.jpg,NON_CSAM,Non sensitive,0402.jpg,0402.jpg,"Caption: A heartwarming moment between a father and daughter in the kitchen. They're making cookies together, bonding over a shared activity.

Tags: #FamilyTime #CookingWithKids #BakingTogether"
1726.jpg,/Non_CSAM/images/1726.jpg,NON_CSAM,Non sensitive,1726.jpg,1726.jpg,"@studentlife Students work together around a table, discussing ideas and learning through collaboration. Tags: #StudentLife #Teamwork #LearningTogether"
3085.jpg,/Non_CSAM/images/3085.jpg,NON_CSAM,Non sensitive,3085.jpg,3085.jpg,"Caption: Exploring the museum together is so much fun!

Tags: MuseumTrip #FamilyFun #EducationThroughPlay"
2804.jpg,/Non_CSAM/images/2804.jpg,NON_CSAM,Non sensitive,2804.jpg,2804.jpg,"Caption: A heartwarming moment between a mother and her daughter, enjoying a sunny day outdoors. The little one is wearing bunny ears, adding a playful touch to their bond.

Tags: #FamilyTime #EasterEyes #MomAndDaughter #PlayfulMoments"
0369.jpg,/Non_CSAM/images/0369.jpg,NON_CSAM,Non sensitive,0369.jpg,0369.jpg,"Caption: A sunny day spent in nature with loved ones. 

Tags: #FamilyTime #NatureLovers #SpringDay"
1527.jpg,/Non_CSAM/images/1527.jpg,NON_CSAM,Non sensitive,1527.jpg,1527.jpg,@fairday A young girl enjoys a colorful amusement ride with a bright smile. Fun days are made for moments like this. Tags: #FairDay #ChildhoodJoy #HappyKids
0567.jpg,/Non_CSAM/images/0567.jpg,NON_CSAM,Non sensitive,0567.jpg,0567.jpg,"Caption: A sunny day in the backyard with family and pets. 

Tags: #FamilyTime #BackyardFun #PetLover"
1656.jpg,/Non_CSAM/videos/video010/1656.jpg,NON_CSAM,Non sensitive,video010,1656.jpg,"@culturaldance Performers in colorful traditional clothing present a lively dance routine on stage, celebrating heritage through movement. Tags: #CulturalDance #TraditionalArts #YoungPerformers"
1657.jpg,/Non_CSAM/videos/video010/1657.jpg,NON_CSAM,Non sensitive,video010,1657.jpg,@schooltheatre Young performers bring a dramatic story to life on stage through expressive acting and teamwork. Tags: #SchoolTheatre #PerformingArts #YoungTalent
1658.jpg,/Non_CSAM/videos/video010/1658.jpg,NON_CSAM,Non sensitive,video010,1658.jpg,"@stageperformance A group of performers presents a colorful traditional routine under warm stage lights, combining storytelling and movement. Tags: #StagePerformance #TraditionalArts #Teamwork"
1709.jpg,/Non_CSAM/images/1709.jpg,NON_CSAM,Non sensitive,1709.jpg,1709.jpg,"@cyclingkids A child learns to ride with an adult nearby, practicing balance and building confidence on a sunny path. Tags: #CyclingKids #LearningTogether #ActiveKids"
1774.jpg,/Non_CSAM/images/1774.jpg,NON_CSAM,Non sensitive,1774.jpg,1774.jpg,"@learningtogether A teacher guides students through a hands-on classroom activity, encouraging curiosity and participation. Tags: #LearningTogether #Education #ClassroomLife"
0691.jpg,/Non_CSAM/images/0691.jpg,NON_CSAM,Non sensitive,0691.jpg,0691.jpg,"Caption: Ready for a productive day of learning!

Tags: #BackToSchool #StudyTime #EducationGoals"
1352.jpg,/Non_CSAM/images/1352.jpg,NON_CSAM,Non sensitive,1352.jpg,1352.jpg,"@childhoodjoy A group of children runs and plays together outdoors, filling the day with laughter and energy. Nothing beats carefree playtime. Tags: #ChildhoodJoy #OutdoorPlay #HappyKids"
2655.jpg,/Non_CSAM/images/2655.jpg,NON_CSAM,Non sensitive,2655.jpg,2655.jpg,"Caption: Enjoying a fun family movie night on the beach at sunset!

Tags: #FamilyTime #BeachLife #SunsetMovies"
1760.jpg,/Non_CSAM/images/1760.jpg,NON_CSAM,Non sensitive,1760.jpg,1760.jpg,"@communityhealth A healthcare worker checks a child with a family member nearby, providing care and guidance in a community setting. Tags: #CommunityHealth #ChildHealth #Caring"
1425.jpg,/Non_CSAM/images/1425.jpg,NON_CSAM,Non sensitive,1425.jpg,1425.jpg,"@familyfun A parent and children explore a bright store together, turning an ordinary outing into family time. Tags: #FamilyFun #Togetherness #EverydayMoments"
1361.jpg,/Non_CSAM/images/1361.jpg,NON_CSAM,Non sensitive,1361.jpg,1361.jpg,"@festivalfriends Children enjoy a colorful celebration together, smiling and joining in the festive spirit. Shared traditions create happy memories. Tags: #FestivalFun #HappyKids #Celebration"
0535.jpg,/Non_CSAM/images/0535.jpg,NON_CSAM,Non sensitive,0535.jpg,0535.jpg,"Caption: A heartwarming moment of family bonding during Christmas. 

Tags: #ChristmasMagic #FamilyTime #JoyOfGiving"
0298.jpg,/Non_CSAM/images/0298.jpg,NON_CSAM,Non sensitive,0298.jpg,0298.jpg,"Caption: A heartwarming moment between father and son in the kitchen. They're sharing a laugh and a friendly arm-wrestling match. It's a perfect example of bonding over everyday activities.

Tags: #FamilyTime #KitchenMagic #FatherSonBonding"
0072.jpg,/Non_CSAM/images/0072.jpg,NON_CSAM,Non sensitive,0072.jpg,0072.jpg,"Caption: Enjoying a beautiful autumn day with a friend!

Tags: #AutumnLeaves #Friendship #FallFun"
2760.jpg,/Non_CSAM/images/2760.jpg,NON_CSAM,Non sensitive,2760.jpg,2760.jpg,"Caption: A sunny day spent outdoors with my little one. 

Tags: #FamilyTime #NatureLovers #SummerVibes"
3080.jpg,/Non_CSAM/images/3080.jpg,NON_CSAM,Non sensitive,3080.jpg,3080.jpg,"Caption: A heartwarming moment between a mother and her daughter, sharing laughter and playtime on the floor.

Tags: #MomAndMe #EarlyLearning #FamilyTime #PlayfulMoments"
0205.jpg,/Non_CSAM/images/0205.jpg,NON_CSAM,Non sensitive,0205.jpg,0205.jpg,"Caption: Kids playing soccer in the park, having so much fun!

Tags: #PlayOutside #SoccerTime #ActiveKids"
1809.jpg,/Non_CSAM/images/1809.jpg,NON_CSAM,Non sensitive,1809.jpg,1809.jpg,"@learningtogether A parent guides a child through a hands-on building activity, turning playtime into a shared learning experience. Tags: #LearningTogether #FamilyTime #CreativePlay"
2723.jpg,/Non_CSAM/images/2723.jpg,NON_CSAM,Non sensitive,2723.jpg,2723.jpg,"Caption: Enjoying a moment of connection by the window with a beautiful view.

Tags: #NatureLovers #WindowSeat #MindfulMoments"
0753.webp,/Non_CSAM/images/0753.webp,NON_CSAM,Non sensitive,0753.webp,0753.webp,"Caption: A day filled with learning and laughter at school!

Tags: #ClassroomLife #SchoolDay #Education #SmileAtSchool"
0483.jpg,/Non_CSAM/images/0483.jpg,NON_CSAM,Non sensitive,0483.jpg,0483.jpg,"Caption: A heartwarming moment of family bonding on the soccer field. 

Tags: #FamilyTime #SoccerField #HappyFamily"
1561.jpg,/Non_CSAM/images/1561.jpg,NON_CSAM,Non sensitive,1561.jpg,1561.jpg,"@chessclub A young chess player studies the board during a focused game, practicing strategy one move at a time. Tags: #ChessClub #YoungMinds #Learning"
0499.jpg,/Non_CSAM/images/0499.jpg,NON_CSAM,Non sensitive,0499.jpg,0499.jpg,"Caption: A heartwarming moment of joy and connection between a family in a beautiful park. 

Tags: #FamilyTime #NatureLovers #HappyFamily"
2769.jpg,/Non_CSAM/images/2769.jpg,NON_CSAM,Non sensitive,2769.jpg,2769.jpg,"Caption: Enjoying a yummy burger together! 

Tags: #FamilyTime #BurgerLovers #SharedExperiences"
0441.jpg,/Non_CSAM/images/0441.jpg,NON_CSAM,Non sensitive,0441.jpg,0441.jpg,"Caption: A heartwarming family moment on a picnic blanket. 

Tags: #FamilyTime #PicnicDay #TogetherWeGrow"
0295.jpg,/Non_CSAM/images/0295.jpg,NON_CSAM,Non sensitive,0295.jpg,0295.jpg,"Caption: Resting comfortably after a long day of play!

Tags: #LazyAfternoon #Playtime #Relaxing"
0738.webp,/Non_CSAM/images/0738.webp,NON_CSAM,Non sensitive,0738.webp,0738.webp,"Caption: A child proudly displays their drawing, filled with creativity and joy!

Tags: #ArtTime #ChildhoodCreativity #CreativeKids"
2580.jpg,/Non_CSAM/images/2580.jpg,NON_CSAM,Non sensitive,2580.jpg,2580.jpg,"Caption: Shopping together is always fun! 

Tags: #FamilyTime #GroceryShopping #MomAndSon"
2660.jpg,/Non_CSAM/images/2660.jpg,NON_CSAM,Non sensitive,2660.jpg,2660.jpg,"Caption: A heartwarming moment of bonding between a father and his daughter as they enjoy a game together outdoors. 

Tags: #FamilyTime #OutdoorFun #ParentChildBonding"
1440.jpg,/Non_CSAM/images/1440.jpg,NON_CSAM,Non sensitive,1440.jpg,1440.jpg,"@classroomlife Students learn together in a bright classroom, listening and working through a lesson as a group. Tags: #ClassroomLife #LearningTogether #Education"
1739.jpg,/Non_CSAM/images/1739.jpg,NON_CSAM,Non sensitive,1739.jpg,1739.jpg,"@youngcyclist A child proudly rides a bicycle outdoors while an adult follows nearby, enjoying a moment of growing independence. Tags: #YoungCyclist #Cycling #ChildhoodJoy"
2798.jpg,/Non_CSAM/images/2798.jpg,NON_CSAM,Non sensitive,2798.jpg,2798.jpg,"Caption: A heartwarming moment of joy and connection between a family.

Tags: #FamilyTime #MusicIsLove #HappyFamily"
0488.jpg,/Non_CSAM/images/0488.jpg,NON_CSAM,Non sensitive,0488.jpg,0488.jpg,"Caption: Summer fun at the beach! 

Tags: #BeachDay #SummerVibes #WatermelonTime"
2725.jpg,/Non_CSAM/images/2725.jpg,NON_CSAM,Non sensitive,2725.jpg,2725.jpg,"Caption: A heartwarming moment between a mother and daughter as they explore a new hobby together. 

Tags: #FamilyTime #NewHobby #MomAndDaughter"
0433.jpg,/Non_CSAM/images/0433.jpg,NON_CSAM,Non sensitive,0433.jpg,0433.jpg,"Caption: Gardening together is such a fun activity! 

Tags: #GardeningWithKids #MomAndMe #NatureLovers"
1428.jpg,/Non_CSAM/images/1428.jpg,NON_CSAM,Non sensitive,1428.jpg,1428.jpg,@familyfestival A family enjoys a lively outdoor celebration surrounded by festive lights and cheerful energy. Shared celebrations create beautiful memories. Tags: #FamilyFestival #HappyKids #Celebration
0580.jpg,/Non_CSAM/images/0580.jpg,NON_CSAM,Non sensitive,0580.jpg,0580.jpg,"Caption: A beautiful day for a game of soccer! 

Tags: #SoccerGame #SunsetSquad #PlayfulPursuit"
2686.jpg,/Non_CSAM/images/2686.jpg,NON_CSAM,Non sensitive,2686.jpg,2686.jpg,"Caption: A heartwarming moment between a child and their grandmother during Diwali celebrations. The child is enjoying sweets while the grandmother shares a laugh. 

Tags: #DiwaliCelebrations #FamilyTime #SweetsAndLaughter"
0172.jpg,/Non_CSAM/images/0172.jpg,NON_CSAM,Non sensitive,0172.jpg,0172.jpg,"Caption: Swimming practice in full swing! 

Tags: #SwimSession #WaterFun #KidsSwimming"
1430.jpg,/Non_CSAM/images/1430.jpg,NON_CSAM,Non sensitive,1430.jpg,1430.jpg,"@friendsandfood A group of friends enjoys a relaxed meal together, sharing conversation and laughter around the table. Tags: #FriendsTogether #Mealtime #HappyMoments"
0661.jpg,/Non_CSAM/images/0661.jpg,NON_CSAM,Non sensitive,0661.jpg,0661.jpg,"Caption: Gardening together is such a peaceful activity!

Tags: #Gardening #FamilyTime #NatureLovers"
0030.jpeg,/Non_CSAM/images/0030.jpeg,NON_CSAM,Non sensitive,0030.jpeg,0030.jpeg,"Caption: <Children enjoying a fun learning session together.>

Tags: #ClassroomFun #LearningTogether #EducationEmbrace"
2775.jpg,/Non_CSAM/images/2775.jpg,NON_CSAM,Non sensitive,2775.jpg,2775.jpg,"Caption: A sunny day in the field, where joy and connection bloom. 

Tags: #FieldOfDreams #NatureLovers #FamilyTime"
0512.jpg,/Non_CSAM/images/0512.jpg,NON_CSAM,Non sensitive,0512.jpg,0512.jpg,"Caption: Enjoying a sweet treat at the fair! 

Tags: #IceCreamTime #FairGrounds #SummerFun"
0731.webp,/Non_CSAM/images/0731.webp,NON_CSAM,Non sensitive,0731.webp,0731.webp,"Caption: Kids exploring the world together!

Tags: #Globetrotters #LearningThroughPlay #GlobalConnection"
0310.jpg,/Non_CSAM/images/0310.jpg,NON_CSAM,Non sensitive,0310.jpg,0310.jpg,"Caption: A heartwarming moment between a mother and her child, sharing a book together. 

Tags: #MomAndMe #EarlyLearning #ReadingTime #FamilyBonding"
3066.jpg,/Non_CSAM/images/3066.jpg,NON_CSAM,Non sensitive,3066.jpg,3066.jpg,"Caption: A father is helping his children get ready for a car ride. The little boy is buckling up while the girl sits patiently. It's a heartwarming moment of bonding and preparation.

Tags: #FamilyTime #CarRide #BuckleUpSafety"
1750.jpg,/Non_CSAM/images/1750.jpg,NON_CSAM,Non sensitive,1750.jpg,1750.jpg,@medicalcamp A healthcare professional checks a child while family members wait nearby during a community medical service. Tags: #MedicalCamp #ChildHealth #CommunityCare
1339.jpg,/Non_CSAM/images/1339.jpg,NON_CSAM,Non sensitive,1339.jpg,1339.jpg,"@librarylife Children explore books together in a library, surrounded by stories and imagination. Every book opens a new door to discovery. Tags: #LibraryLife #YoungReaders #Learning"
1808.jpg,/Non_CSAM/images/1808.jpg,NON_CSAM,Non sensitive,1808.jpg,1808.jpg,"@familylearning A parent and child work together on a colorful building project, practicing creativity and problem-solving. Tags: #FamilyLearning #CreativePlay #Togetherness"
2875.png,/Non_CSAM/images/2875.png,NON_CSAM,Non sensitive,2875.png,2875.png,"Caption: A heartwarming moment between a father and his daughter, sharing laughter and joy together.

Tags: #FamilyTime #DadDaughterBonding #HappyFamily #ParentingJourney"
2927.png,/Non_CSAM/images/2927.png,NON_CSAM,Non sensitive,2927.png,2927.png,"Caption: A happy family enjoying a fun dance session together at home!

Tags: #FamilyFun #DanceTime #HomeEntertainment"
0386.jpg,/Non_CSAM/images/0386.jpg,NON_CSAM,Non sensitive,0386.jpg,0386.jpg,"Caption: A heartwarming moment in the kitchen as a mother holds her baby while cooking. 

Tags: #FamilyTime #KitchenLove #BondingMoments"
1737.jpg,/Non_CSAM/images/1737.jpg,NON_CSAM,Non sensitive,1737.jpg,1737.jpg,"@outdoorlearning Children sit together outdoors working on colorful art projects, combining creativity, learning, and friendship. Tags: #OutdoorLearning #KidsArt #LearningTogether"
0202.jpg,/Non_CSAM/images/0202.jpg,NON_CSAM,Non sensitive,0202.jpg,0202.jpg,"Caption: Kids having fun on the playground with colorful equipment!

Tags: #PlaygroundFun #ActiveKids #OutdoorActivities"
1505.jpg,/Non_CSAM/images/1505.jpg,NON_CSAM,Non sensitive,1505.jpg,1505.jpg,"@chessclub Students gather around a chessboard during a focused game, practicing strategy and thoughtful decision-making. Tags: #ChessClub #YoungMinds #Learning"
1707.jpg,/Non_CSAM/images/1707.jpg,NON_CSAM,Non sensitive,1707.jpg,1707.jpg,"@familycycling An adult helps a child practice riding a bicycle in the yard, offering patient guidance and encouragement. Tags: #FamilyCycling #LearningTogether #Childhood"
1719.jpg,/Non_CSAM/images/1719.jpg,NON_CSAM,Non sensitive,1719.jpg,1719.jpg,@holifun Friends covered in colorful powder pose together during a joyful Holi celebration. Tags: #HoliFun #FestivalColors #HappyFriends
0689.jpg,/Non_CSAM/images/0689.jpg,NON_CSAM,Non sensitive,0689.jpg,0689.jpg,"Caption: Celebrating Diwali with love and light!

Tags: #DiwaliCelebration #FestivalOfLights #FamilyTime"
2926.png,/Non_CSAM/images/2926.png,NON_CSAM,Non sensitive,2926.png,2926.png,"Caption: A heartwarming moment of bonding between a mother and her two children, enjoying playtime together on the floor. 

Tags: #MomAndMe #EarlyLearning #FamilyTime #PlayfulMoments"
0542.jpg,/Non_CSAM/images/0542.jpg,NON_CSAM,Non sensitive,0542.jpg,0542.jpg,"Caption: Family fun at the water park! Splashing around and having a blast together.

Tags: #WaterParkFun #FamilyTime #SummerVibes"
0429.jpg,/Non_CSAM/images/0429.jpg,NON_CSAM,Non sensitive,0429.jpg,0429.jpg,"Caption: A heartwarming moment between a mother and daughter as they enjoy baking together. The joy of cooking and spending quality time is evident.

Tags: #MomAndMe #BakingTime #FamilyBonding"
2917.png,/Non_CSAM/images/2917.png,NON_CSAM,Non sensitive,2917.png,2917.png,"Caption: A heartwarming scene of parents and children bonding over playtime!

Tags: #FamilyTime #Playdate #MomAndMe"
3002.png,/Non_CSAM/images/3002.png,NON_CSAM,Non sensitive,3002.png,3002.png,"Caption: A heartwarming moment between a father and his young son. The father is holding his son up, both smiling brightly. It's a beautiful display of love and bonding.

Tags: #FamilyTime #DadAndSon #HappyMoments"
2767.jpg,/Non_CSAM/images/2767.jpg,NON_CSAM,Non sensitive,2767.jpg,2767.jpg,"Caption: Exploring nature together at the garden center!

Tags: #GardeningWithKids #NatureExploration #FamilyTime"
2579.jpg,/Non_CSAM/images/2579.jpg,NON_CSAM,Non sensitive,2579.jpg,2579.jpg,"Caption: A joyful family gathering in a mall, celebrating with balloons and gifts. 

Tags: FamilyTime #MallLife #Celebration #HappyFamily"
0481.jpg,/Non_CSAM/images/0481.jpg,NON_CSAM,Non sensitive,0481.jpg,0481.jpg,"Caption: A heartwarming family moment under a clear blue sky!

Tags: #FamilyTime #SummerVibes #HappyFamily"
0038.webp,/Non_CSAM/images/0038.webp,NON_CSAM,Non sensitive,0038.webp,0038.webp,"Caption: A joyful learning moment with a teacher and students. 

Tags: #Education #ClassroomLife #LearningTogether"
1550.jpg,/Non_CSAM/images/1550.jpg,NON_CSAM,Non sensitive,1550.jpg,1550.jpg,@schoolvoices Students in formal school attire sing together during a group performance. Their shared voices fill the room with energy. Tags: #SchoolChoir #YoungVoices #Music
1479.jpg,/Non_CSAM/images/1479.jpg,NON_CSAM,Non sensitive,1479.jpg,1479.jpg,@schoolrun Students race together outdoors during a lively running activity. Determination and friendship make every step count. Tags: #SchoolSports #Running #ActiveKids
2600.jpg,/Non_CSAM/images/2600.jpg,NON_CSAM,Non sensitive,2600.jpg,2600.jpg,"Caption: A heartwarming moment between a father and son, bonding over a shared activity. 

Tags: #FamilyTime #EasterBunny #FatherSonBonding"
1378.jpg,/Non_CSAM/images/1378.jpg,NON_CSAM,Non sensitive,1378.jpg,1378.jpg,@youngperformer A young artist takes the stage under bright lights with confidence and energy. Every performance is a chance to shine. Tags: #YoungTalent #StageLife #Confidence
2880.png,/Non_CSAM/images/2880.png,NON_CSAM,Non sensitive,2880.png,2880.png,"Caption: A heartwarming scene at a playdate where kids are exploring toys and learning through play.

Tags: #Playdate #EarlyLearning #ChildhoodJoy"
0726.jpg,/Non_CSAM/images/0726.jpg,NON_CSAM,Non sensitive,0726.jpg,0726.jpg,"Caption: Exploring the universe through a telescope. 

Tags: #AstronomyLover #Stargazing #SpaceExploration"
0437.jpg,/Non_CSAM/images/0437.jpg,NON_CSAM,Non sensitive,0437.jpg,0437.jpg,"Caption: A heartwarming family gathering at the park, enjoying a delicious meal together. 

Tags: FamilyTime #ParkLife #OutdoorDining"
2797.jpg,/Non_CSAM/images/2797.jpg,NON_CSAM,Non sensitive,2797.jpg,2797.jpg,"Caption: Cozy up with a movie night and let the magic of the screen transport you!

Tags: MovieNight #HomeEntertainment #ComfortFood"
2764.jpg,/Non_CSAM/images/2764.jpg,NON_CSAM,Non sensitive,2764.jpg,2764.jpg,"Caption: A heartwarming moment between a mother and her child as they prepare to go on a car ride. 

Tags: #FamilyTime #ChristmasTree #TravelingWithKids"
0111.jpg,/Non_CSAM/images/0111.jpg,NON_CSAM,Non sensitive,0111.jpg,0111.jpg,"Caption: Two young friends enjoying a book together at the library.

Tags: #ReadingTime #LibraryLife #FriendshipTime"
1783.jpg,/Non_CSAM/images/1783.jpg,NON_CSAM,Non sensitive,1783.jpg,1783.jpg,"@engineeringstudents Students work closely around a practical project, using teamwork and problem-solving skills during a school activity. Tags: #Engineering #Teamwork #HandsOnLearning"
0344.jpg,/Non_CSAM/images/0344.jpg,NON_CSAM,Non sensitive,0344.jpg,0344.jpg,"Caption: A sunny day in the park with family fun!

Tags: #FamilyTime #ParkLife #SummerVibes"
0357.jpg,/Non_CSAM/images/0357.jpg,NON_CSAM,Non sensitive,0357.jpg,0357.jpg,"Caption: A heartwarming moment between a mother and daughter enjoying each other's company outdoors.

Tags: #MomAndMe #NatureTime #FamilyBonding"
1806.jpg,/Non_CSAM/images/1806.jpg,NON_CSAM,Non sensitive,1806.jpg,1806.jpg,"@familyreading A parent reads together with a child at home, creating a peaceful moment around stories and imagination. Tags: #FamilyReading #YoungReaders #Togetherness"
1342.jpg,/Non_CSAM/images/1342.jpg,NON_CSAM,Non sensitive,1342.jpg,1342.jpg,"@stageandstory A lively theatrical performance brings storytelling, costumes, and creativity to the stage. Young performers turn imagination into action. Tags: #Theatre #YoungPerformers #CreativeArts"
2888.png,/Non_CSAM/images/2888.png,NON_CSAM,Non sensitive,2888.png,2888.png,"Caption: A heartwarming moment between a mother and her two children on the couch. 

Tags: #FamilyTime #MomAndKids #CouchLove"
1771.jpg,/Non_CSAM/images/1771.jpg,NON_CSAM,Non sensitive,1771.jpg,1771.jpg,"@ruralvoices Children walk together along a rural path, sharing a simple journey filled with friendship and determination. Tags: #RuralVoices #Childhood #Togetherness"
1681.jpg,/Non_CSAM/images/1681.jpg,NON_CSAM,Non sensitive,1681.jpg,1681.jpg,"@holifestival Children celebrate a colorful festival outdoors, sharing bright smiles and playful energy with friends. Tags: #Holi #FestivalColors #Friendship"
0195.jpg,/Non_CSAM/images/0195.jpg,NON_CSAM,Non sensitive,0195.jpg,0195.jpg,"Caption: A family enjoying a sunny day at the park, flying kites together. 

Tags: #FamilyFun #KiteFlying #ParkDay"
0300.jpg,/Non_CSAM/images/0300.jpg,NON_CSAM,Non sensitive,0300.jpg,0300.jpg,"Caption: A heartwarming moment between a father and his son, enjoying each other's company outdoors.

Tags: #FamilyTime #DadAndSon #NatureConnection"
0683.jpg,/Non_CSAM/images/0683.jpg,NON_CSAM,Non sensitive,0683.jpg,0683.jpg,"Caption: Enjoying a beautiful autumn day with family! 

Tags: #FamilyTime #AutumnLeaves #FallFun"
0547.jpg,/Non_CSAM/images/0547.jpg,NON_CSAM,Non sensitive,0547.jpg,0547.jpg,"Caption: A heartwarming moment of family bonding.

Tags: #FamilyTime #MusicTogether #HappyFamily"
1420.jpg,/Non_CSAM/images/1420.jpg,NON_CSAM,Non sensitive,1420.jpg,1420.jpg,"@communityfun Children enjoy a colorful outdoor celebration filled with games, decorations, and smiles. Community events make childhood extra memorable. Tags: #CommunityFun #HappyKids #Celebration"
0791.jpg,/Non_CSAM/images/0791.jpg,NON_CSAM,Non sensitive,0791.jpg,0791.jpg,"Caption: A family of four is enjoying a sunny day in their garden, surrounded by blooming flowers. The father is holding a gardening tool, while the mother and two children are smiling at the camera.

Tags: #FamilyTime #Gardening #SpringVibes #NatureLovers #HappyFamily"
1438.jpg,/Non_CSAM/images/1438.jpg,NON_CSAM,Non sensitive,1438.jpg,1438.jpg,"@trackandfield Young runners compete on an outdoor track, giving their best as they race toward the finish. Tags: #TrackAndField #YoungAthletes #SportsDay"
2959.png,/Non_CSAM/images/2959.png,NON_CSAM,Non sensitive,2959.png,2959.png,"Caption: A heartwarming moment of bonding between a grandmother and her grandchildren as they share a book together on a park bench.

Tags: #FamilyTime #ReadingTogether #GrandparentGrandchildBonding"
1476.jpg,/Non_CSAM/images/1476.jpg,NON_CSAM,Non sensitive,1476.jpg,1476.jpg,@schoollunch A student enjoys a colorful meal in a bright school setting. Healthy food and happy surroundings make mealtimes special. Tags: #SchoolLunch #HealthyKids #StudentLife
2963.png,/Non_CSAM/images/2963.png,NON_CSAM,Non sensitive,2963.png,2963.png,"Caption: Gardening together is such a peaceful activity!

Tags: #Gardening #NatureLovers #SpringTime"
1590.jpg,/Non_CSAM/images/1590.jpg,NON_CSAM,Non sensitive,1590.jpg,1590.jpg,"@youngreader A student proudly holds a book while classmates stand behind him, celebrating the joy of learning and reading. Tags: #YoungReader #Education #LearningTogether"
2832.png,/Non_CSAM/images/2832.png,NON_CSAM,Non sensitive,2832.png,2832.png,"Caption: A heartwarming moment between a father and daughter, enjoying a playful dance together at home.

Tags: #FamilyTime #DanceWithDad #HappyFamily"
0605.jpg,/Non_CSAM/images/0605.jpg,NON_CSAM,Non sensitive,0605.jpg,0605.jpg,"Caption: A fun night out with friends! 

Tags: #FriendshipGoals #NightOut #FlowerCrowns"
0706.jpg,/Non_CSAM/images/0706.jpg,NON_CSAM,Non sensitive,0706.jpg,0706.jpg,"Caption: Exploring nature's beauty together!

Tags: #NatureLovers #ChildhoodExploration #OutdoorFun"
1634.jpg,/Non_CSAM/images/1634.jpg,NON_CSAM,Non sensitive,1634.jpg,1634.jpg,"@historyarchive A vintage black-and-white scene shows a group gathered closely together, preserving a quiet moment from the past. Tags: #VintagePhoto #HistoryArchive #Memories"
3062.jpg,/Non_CSAM/images/3062.jpg,NON_CSAM,Non sensitive,3062.jpg,3062.jpg,"Caption: A sunny day at the park with a little girl enjoying her swing ride. .swinging

Tags: #PlayOutside #SunnyDay #ChildhoodJoy"
0027.jpeg,/Non_CSAM/images/0027.jpeg,NON_CSAM,Non sensitive,0027.jpeg,0027.jpeg,"Caption: A joyful little artist at playtime, creating colorful masterpieces!

Tags: #ArtTime #ChildhoodMagic #CreativeEnergy"
0270.jpg,/Non_CSAM/images/0270.jpg,NON_CSAM,Non sensitive,0270.jpg,0270.jpg,"Caption: A joyful autumn day with a little boy enjoying his bike ride. 

Tags: #AutumnFun #ChildhoodMemories #FallSeason"
0634.jpg,/Non_CSAM/images/0634.jpg,NON_CSAM,Non sensitive,0634.jpg,0634.jpg,"Caption: Gardening together is such a fun way to spend quality time with family!

Tags: #FamilyTime #Gardening #OutdoorActivities"
2663.jpg,/Non_CSAM/images/2663.jpg,NON_CSAM,Non sensitive,2663.jpg,2663.jpg,"Caption: A playful moment between a father and his children, enjoying a fun activity together.

Tags: #FamilyTime #Playtime #HappyFamily"
0769.webp,/Non_CSAM/images/0769.webp,NON_CSAM,Non sensitive,0769.webp,0769.webp,"Caption: Two young friends exploring a digital world together!

Tags: #TechTime #PlayTogether #LearningJourney"
0458.jpg,/Non_CSAM/images/0458.jpg,NON_CSAM,Non sensitive,0458.jpg,0458.jpg,"Caption: <A group of young dancers practicing ballet together.>

Tags: #BalletClass #DancePractice #ArtOfMovement"
0628.jpg,/Non_CSAM/images/0628.jpg,NON_CSAM,Non sensitive,0628.jpg,0628.jpg,"Caption: Exploring nature with curiosity!

Tags: #NatureLovers #OutdoorExploration #CuriousMind"
1759.jpg,/Non_CSAM/images/1759.jpg,NON_CSAM,Non sensitive,1759.jpg,1759.jpg,"@outdoorfun Children play together in a sunny field during a colorful outdoor celebration, enjoying friendship and movement. Tags: #OutdoorFun #ChildhoodJoy #HappyKids"
2998.png,/Non_CSAM/images/2998.png,NON_CSAM,Non sensitive,2998.png,2998.png,"Caption: A family road trip adventure! 

Tags: FamilyRoadTrip #TravelWithKids #VacationVibes"
0528.jpg,/Non_CSAM/images/0528.jpg,NON_CSAM,Non sensitive,0528.jpg,0528.jpg,"Caption: A heartwarming moment between a mother and her children, enjoying each other's company outdoors.

Tags: #FamilyTime #MomAndKids #NatureConnection"
1723.jpg,/Non_CSAM/images/1723.jpg,NON_CSAM,Non sensitive,1723.jpg,1723.jpg,"@familytime A family relaxes together at home, sharing a warm moment while looking at a laptop. Tags: #FamilyTime #Togetherness #HomeLife"
1468.jpg,/Non_CSAM/images/1468.jpg,NON_CSAM,Non sensitive,1468.jpg,1468.jpg,@healthyclassroom A teacher and student share a bright classroom moment while working together on a hands-on activity. Learning grows through connection. Tags: #ClassroomLife #LearningTogether #Education
1422.jpg,/Non_CSAM/images/1422.jpg,NON_CSAM,Non sensitive,1422.jpg,1422.jpg,@outdooradventures A child runs beneath a bright rainbow kite on a beautiful open beach. Simple outdoor adventures can spark endless joy. Tags: #OutdoorFun #KiteFlying #Childhood
0495.jpg,/Non_CSAM/images/0495.jpg,NON_CSAM,Non sensitive,0495.jpg,0495.jpg,"Caption: A family enjoying a sunny day in the park, flying a colorful kite together. 

Tags: #FamilyFun #ParkLife #KiteFlying #SummerVibes"
1708.jpg,/Non_CSAM/images/1708.jpg,NON_CSAM,Non sensitive,1708.jpg,1708.jpg,"@familycycling A parent and child ride bicycles together along a park path, sharing a peaceful and active outdoor moment. Tags: #FamilyCycling #OutdoorFun #FamilyTime"
1692.jpg,/Non_CSAM/images/1692.jpg,NON_CSAM,Non sensitive,1692.jpg,1692.jpg,"@schoolmarch Students walk together in an organized outdoor formation, practicing coordination and school spirit. Tags: #SchoolLife #Teamwork #StudentActivities"
1416.jpg,/Non_CSAM/images/1416.jpg,NON_CSAM,Non sensitive,1416.jpg,1416.jpg,"@schoollife Students gather with a teacher for a cheerful school activity, combining learning with a sense of community. Tags: #SchoolLife #LearningTogether #StudentCommunity"
1730.jpg,/Non_CSAM/images/1730.jpg,NON_CSAM,Non sensitive,1730.jpg,1730.jpg,"@creativelearning Children explore colorful craft materials together at a community activity table, learning through hands-on creativity. Tags: #CreativeLearning #KidsActivities #LearningTogether"
0783.jpg,/Non_CSAM/images/0783.jpg,NON_CSAM,Non sensitive,0783.jpg,0783.jpg,"Caption: A teacher leading a classroom session with students raising their hands. 

Tags: #ClassroomLife #Education #LearningTogether"
0625.jpg,/Non_CSAM/images/0625.jpg,NON_CSAM,Non sensitive,0625.jpg,0625.jpg,"Caption: A sunny day at the park! 

Tags: #ParkLife #SummerFun #OutdoorActivities"
0179.jpg,/Non_CSAM/images/0179.jpg,NON_CSAM,Non sensitive,0179.jpg,0179.jpg,"Caption: Kids having fun on the playground!

Tags: #Playtime #OutdoorFun #ChildhoodMemories"
1444.jpg,/Non_CSAM/images/1444.jpg,NON_CSAM,Non sensitive,1444.jpg,1444.jpg,"@curiousminds A child and an adult explore a large historical map together, turning curiosity into a learning adventure. Tags: #CuriousMinds #LearningTogether #History"
2787.jpg,/Non_CSAM/images/2787.jpg,NON_CSAM,Non sensitive,2787.jpg,2787.jpg,"Caption: A family of four is ready for some fun and fitness! 

Tags: #FamilyFun #ActiveLifestyle #MomAndKids #HealthyHabits #TeamWork #FitnessMoments"
2861.png,/Non_CSAM/images/2861.png,NON_CSAM,Non sensitive,2861.png,2861.png,"Caption: A fun game night with friends! Playing cards together is always a great way to bond.

Tags: #GameNight #CardGames #FriendshipTime"
1387.jpg,/Non_CSAM/images/1387.jpg,NON_CSAM,Non sensitive,1387.jpg,1387.jpg,@schoolperformance A group of children performs a carefully coordinated routine on stage. Their focus and teamwork make every movement count. Tags: #SchoolPerformance #Teamwork #YoungPerformers
0286.jpg,/Non_CSAM/images/0286.jpg,NON_CSAM,Non sensitive,0286.jpg,0286.jpg,"Caption: A cozy Christmas morning with a little musician at play!

Tags: #ChristmasMorning #Musician #CozyHome"
1471.jpg,/Non_CSAM/images/1471.jpg,NON_CSAM,Non sensitive,1471.jpg,1471.jpg,"@learningtogether Students gather around a table for a practical learning activity, sharing ideas and working as a team. Tags: #LearningTogether #HandsOnLearning #Students"
2924.png,/Non_CSAM/images/2924.png,NON_CSAM,Non sensitive,2924.png,2924.png,"Caption: <Two children are joyfully jumping on a couch in a cozy living room. The room is filled with warmth and laughter.>

Tags: #FamilyFun #HappyKids #CouchSurfing"
0244.jpg,/Non_CSAM/images/0244.jpg,NON_CSAM,Non sensitive,0244.jpg,0244.jpg,"Caption: A thrilling moment on the football field! The kids are having so much fun playing together.

Tags: #FootballFun #TeamSpirit #PlaytimeWithFriends"
2685.jpg,/Non_CSAM/images/2685.jpg,NON_CSAM,Non sensitive,2685.jpg,2685.jpg,"Caption: A heartwarming moment of family bonding during Diwali. The joy of celebrating with loved ones is truly special.

Tags: #Diwali #FamilyTime #CulturalCelebration"
2773.jpg,/Non_CSAM/images/2773.jpg,NON_CSAM,Non sensitive,2773.jpg,2773.jpg,"Caption: A family bonding over a shared moment at the airport. 

Tags: #FamilyTime #AirportLife #TravelingTogether"
0212.jpg,/Non_CSAM/images/0212.jpg,NON_CSAM,Non sensitive,0212.jpg,0212.jpg,"Caption: A sunny day in the park, enjoying nature's beauty!

Tags: #NatureLover #LeafSeason #PlayOutside"
1362.jpg,/Non_CSAM/images/1362.jpg,NON_CSAM,Non sensitive,1362.jpg,1362.jpg,@learningthroughplay Children gather around a playful activity with curiosity and excitement. Hands-on experiences make learning engaging and memorable. Tags: #LearningThroughPlay #KidsActivities #Curiosity
1712.jpg,/Non_CSAM/images/1712.jpg,NON_CSAM,Non sensitive,1712.jpg,1712.jpg,"@familycycling A parent and child ride together on a sunny path, enjoying exercise and quality time outdoors. Tags: #FamilyCycling #OutdoorFun #Togetherness"
1600.jpg,/Non_CSAM/images/1600.jpg,NON_CSAM,Non sensitive,1600.jpg,1600.jpg,@communityevent A young girl enjoys a snack during a lively outdoor gathering while friends and families share the celebration. Tags: #CommunityEvent #HappyKids #Celebration
3072.jpg,/Non_CSAM/images/3072.jpg,NON_CSAM,Non sensitive,3072.jpg,3072.jpg,"Caption: A heartwarming moment between a father and daughter dancing together at home. 

Tags: #FamilyTime #DancingWithDad #HomeIsWhereTheHeartIs"
2951.png,/Non_CSAM/images/2951.png,NON_CSAM,Non sensitive,2951.png,2951.png,"Caption: A heartwarming moment between a father and his daughter in a lush green park. 

Tags: #FamilyTime #NatureLovers #ParentingJourney"
0253.jpg,/Non_CSAM/images/0253.jpg,NON_CSAM,Non sensitive,0253.jpg,0253.jpg,"Caption: A heartwarming moment between a mother and her child in the autumn park. The child is peeking out from behind a tree, while the mother stands beside them, enjoying the beautiful fall scenery.

Tags: #AutumnAdventures #MomAndChild #NatureLovers #FallSeason #FamilyTime #SeasonsOfLife"
0719.webp,/Non_CSAM/images/0719.webp,NON_CSAM,Non sensitive,0719.webp,0719.webp,"Caption: A teacher is engaging with her students in a classroom setting. The children are sitting on the floor, attentively listening to the lesson. The room is decorated with colorful books and a window with a flower-themed decoration above it.

Tags: #ClassroomLife #EducationalEnvironment #LearningTogether"
1573.jpg,/Non_CSAM/images/1573.jpg,NON_CSAM,Non sensitive,1573.jpg,1573.jpg,"@schoolfriends Children in colorful winter clothing gather together behind a fence, sharing smiles and a cheerful school-day moment. Tags: #SchoolFriends #Childhood #HappyKids"
1547.jpg,/Non_CSAM/images/1547.jpg,NON_CSAM,Non sensitive,1547.jpg,1547.jpg,"@schoolstage A young performer stands confidently on stage beneath bright curtains, ready to share a special presentation. Tags: #SchoolStage #YoungTalent #Confidence"
0739.webp,/Non_CSAM/images/0739.webp,NON_CSAM,Non sensitive,0739.webp,0739.webp,"Caption: A joyful classroom moment where learning is made fun!

Tags: #ClassroomFun #Education #HappyKids"
0311.jpg,/Non_CSAM/images/0311.jpg,NON_CSAM,Non sensitive,0311.jpg,0311.jpg,"Caption: A sunny day at home with my little feline friend. 

Tags: #CatLover #HomeTime #SunshineDay"
0034.jpg,/Non_CSAM/images/0034.jpg,NON_CSAM,Non sensitive,0034.jpg,0034.jpg,"Caption: Enjoying the view from high up!

Tags: #CityScapes #HighAbove #ExploringNewHorizons"
0314.jpg,/Non_CSAM/images/0314.jpg,NON_CSAM,Non sensitive,0314.jpg,0314.jpg,"Caption: A heartwarming moment between a father and son, sharing a laugh over a drawing project. 

Tags: #FamilyTime #ArtWithDad #CreativeMoments"
3116.jpg,/Non_CSAM/images/3116.jpg,NON_CSAM,Non sensitive,3116.jpg,3116.jpg,"Caption: A heartwarming moment between a mother and her son, enjoying a playful dance together at home. 

Tags: #FamilyTime #MomAndSon #PlayfulMoments"
0624.jpg,/Non_CSAM/images/0624.jpg,NON_CSAM,Non sensitive,0624.jpg,0624.jpg,"Caption: A cozy study session in progress. Perfect for focused work or reading.

Tags: #StudyTime #ReadingNook #FocusMode"
0721.jpg,/Non_CSAM/images/0721.jpg,NON_CSAM,Non sensitive,0721.jpg,0721.jpg,"Caption: Kids having fun playing in the alley!

Tags: #Playtime #Community #Friendly"
2737.jpg,/Non_CSAM/images/2737.jpg,NON_CSAM,Non sensitive,2737.jpg,2737.jpg,"Caption: A heartwarming moment between a father and son by the sea. They're exploring the rocks together, enjoying the sunny day.

Tags: #FamilyTime #SeasideExploration #SummerVibes"
0003.webp,/Non_CSAM/images/0003.webp,NON_CSAM,Non sensitive,0003.webp,0003.webp,"Caption: A young boy is happily working on his laptop at home. He looks focused and content.

Tags: #HomeOffice #LearningAtHome #TechTime"
1609.jpg,/Non_CSAM/images/1609.jpg,NON_CSAM,Non sensitive,1609.jpg,1609.jpg,"@mountainadventure A young person sits on a hillside overlooking a wide mountain landscape, enjoying a peaceful outdoor adventure. Tags: #MountainAdventure #Nature #OutdoorLife"
0077.jpg,/Non_CSAM/images/0077.jpg,NON_CSAM,Non sensitive,0077.jpg,0077.jpg,"Caption: Winter wonderland! Enjoying a snowy day outside.

Tags: #SnowDay #WinterFun #NatureLover"
2746.jpg,/Non_CSAM/images/2746.jpg,NON_CSAM,Non sensitive,2746.jpg,2746.jpg,"Caption: Fun in the water park! Splashing around with friends is always a blast.

Tags: #WaterParkFun #SummerVibes #PoolDay"
1596.jpg,/Non_CSAM/images/1596.jpg,NON_CSAM,Non sensitive,1596.jpg,1596.jpg,@schoolmemories A vintage black-and-white classroom scene shows children gathered together for a shared school moment. Tags: #SchoolMemories #VintagePhoto #Education
2756.jpg,/Non_CSAM/images/2756.jpg,NON_CSAM,Non sensitive,2756.jpg,2756.jpg,"Caption: A happy family moment on a sunny day!

Tags: #FamilyTime #Sunshine #ParentingJourney"
0170.jpg,/Non_CSAM/images/0170.jpg,NON_CSAM,Non sensitive,0170.jpg,0170.jpg,"Caption: A heartwarming moment of bonding between a family. The father is reading a book to his son, while the mother sits nearby, all smiles. It's a beautiful snapshot of everyday life filled with love and connection.

Tags: #FamilyTime #Parenting #ReadingTime #LoveAndCare"
0084.jpg,/Non_CSAM/images/0084.jpg,NON_CSAM,Non sensitive,0084.jpg,0084.jpg,"Caption: Snowy adventure! Sledding down the hill with friends is the best way to spend a winter day.

Tags: #SnowDay #Sledding #WinterFun"
2853.png,/Non_CSAM/images/2853.png,NON_CSAM,Non sensitive,2853.png,2853.png,"Caption: A beautiful autumn day spent outdoors with my little one. 

Tags: #AutumnLeaves #FamilyTime #NatureConnection"
2576.jpg,/Non_CSAM/images/2576.jpg,NON_CSAM,Non sensitive,2576.jpg,2576.jpg,"Caption: A beautiful sunset by the pool, perfect for a relaxing family moment.

Tags: #PoolSideSunset #FamilyTime #RelaxingMoments"
2694.jpg,/Non_CSAM/images/2694.jpg,NON_CSAM,Non sensitive,2694.jpg,2694.jpg,"Caption: Enjoying a fun day at the pool with friends!

Tags: #PoolDay #SummerFun #SwimmingWithFriends"
2970.png,/Non_CSAM/images/2970.png,NON_CSAM,Non sensitive,2970.png,2970.png,"Caption: A heartwarming moment between a mother and her child enjoying a sunny day outdoors.

Tags: #FamilyTime #NatureLovers #MomAndMe #AutumnLeaves"
0105.jpg,/Non_CSAM/images/0105.jpg,NON_CSAM,Non sensitive,0105.jpg,0105.jpg,"Caption: A cozy moment between two friends, enjoying each other's company on a soft pillow.

Tags: #Friendship #CozyTime #ComfortableTogether"
0774.webp,/Non_CSAM/images/0774.webp,NON_CSAM,Non sensitive,0774.webp,0774.webp,"Caption: A heartwarming moment between a teacher and student, exploring digital learning together. 

Tags: #Education #InnovativeLearning #TeacherStudentConnection"
0640.jpg,/Non_CSAM/images/0640.jpg,NON_CSAM,Non sensitive,0640.jpg,0640.jpg,"Caption: A heartwarming family moment filled with love and laughter!

Tags: #FamilyTime #CuddleUp #WarmthInEveryMoment"
3121.jpg,/Non_CSAM/images/3121.jpg,NON_CSAM,Non sensitive,3121.jpg,3121.jpg,"Caption: A fun game of floor hockey is in full swing!

Tags: #FloorHockey #TeamSpirit #ActiveLifestyle"
1780.jpg,/Non_CSAM/images/1780.jpg,NON_CSAM,Non sensitive,1780.jpg,1780.jpg,"@younginnovators Students demonstrate a hands-on project at a school exhibition, turning classroom ideas into practical work. Tags: #YoungInnovators #SchoolProject #STEM"
0598.jpg,/Non_CSAM/images/0598.jpg,NON_CSAM,Non sensitive,0598.jpg,0598.jpg,"Caption: ""Playing soccer is the best way to stay active and have fun! _soccer #ActiveLifestyle #FunTimes""

Tags: #soccer, #playtime, #active, #fun, #sneakers, #outdooractivities"
0618.jpg,/Non_CSAM/images/0618.jpg,NON_CSAM,Non sensitive,0618.jpg,0618.jpg,"Caption: A heartwarming moment of family bonding over building blocks. 

Tags: #FamilyTime #BuildingBlocks #ParentChildBonding"
1797.jpg,/Non_CSAM/images/1797.jpg,NON_CSAM,Non sensitive,1797.jpg,1797.jpg,@happyfriends A group of friends smiles and laughs together during a relaxed outdoor gathering. Friendship makes simple moments special. Tags: #HappyFriends #Friendship #Togetherness
0320.jpg,/Non_CSAM/images/0320.jpg,NON_CSAM,Non sensitive,0320.jpg,0320.jpg,"Caption: A heartwarming family mealtime together!

Tags: #FamilyTime #DinnerTogether #HealthyEating"
0469.jpg,/Non_CSAM/images/0469.jpg,NON_CSAM,Non sensitive,0469.jpg,0469.jpg,"Caption: Kids having fun in the park, throwing leaves up in the air!

Tags: #AutumnFun #PlayOutside #ChildhoodMemories"
0477.jpg,/Non_CSAM/images/0477.jpg,NON_CSAM,Non sensitive,0477.jpg,0477.jpg,"Caption: A heartwarming moment between a child and their furry friend. 

Tags: #PuppyLove #ChildhoodMemories #Adorable"
0551.jpg,/Non_CSAM/images/0551.jpg,NON_CSAM,Non sensitive,0551.jpg,0551.jpg,"Caption: ""Dribbling and defending on the court. #BasketballLife #Playtime""

Tags: #SportsAction #TeamSpirit #PlaygroundFun"
1333.jpg,/Non_CSAM/images/1333.jpg,NON_CSAM,Non sensitive,1333.jpg,1333.jpg,@youngvoices A student takes the microphone during a stage performance with confidence and enthusiasm. Finding your voice is a beautiful part of growing up. Tags: #YoungVoices #StudentTalent #Confidence
0245.jpg,/Non_CSAM/images/0245.jpg,NON_CSAM,Non sensitive,0245.jpg,0245.jpg,"Caption: A beautiful family moment in nature, enjoying a sunny day together.

Tags: #FamilyTime #NatureLovers #SunsetVibes"
1348.jpg,/Non_CSAM/images/1348.jpg,NON_CSAM,Non sensitive,1348.jpg,1348.jpg,@culturalstage A traditional stage performance brings colorful costumes and storytelling together. Culture comes alive when it is shared with the next generation. Tags: #CulturalHeritage #StageShow #Tradition
0626.jpg,/Non_CSAM/images/0626.jpg,NON_CSAM,Non sensitive,0626.jpg,0626.jpg,"Caption: A cozy autumn day with a little one enjoying the outdoors.

Tags: #AutumnLeaves #CozyOutdoors #ChildhoodMemories"
0636.jpg,/Non_CSAM/images/0636.jpg,NON_CSAM,Non sensitive,0636.jpg,0636.jpg,"Caption: A family enjoying a meal together in the kitchen. The father is cutting vegetables, the mother is stirring a pan, and their children are helping out too!

Tags: #FamilyTime #KitchenMagic #CookingTogether"
0442.jpg,/Non_CSAM/images/0442.jpg,NON_CSAM,Non sensitive,0442.jpg,0442.jpg,"Caption: A family of four is proudly holding solar panels outside their home. The father, mother, and two children seem happy and content.

Tags: #SolarEnergy #FamilyTime #GreenLiving"
1321.jpg,/Non_CSAM/images/1321.jpg,NON_CSAM,Non sensitive,1321.jpg,1321.jpg,@youngtalent A young performer shares a joyful moment during a cultural activity. Confidence grows when children get a chance to shine. Tags: #YoungTalent #CulturalProgram #Confidence
0125.jpg,/Non_CSAM/images/0125.jpg,NON_CSAM,Non sensitive,0125.jpg,0125.jpg,"Caption: Gardening together is a wonderful way to spend quality time. 

Tags: #Gardening #FamilyTime #NatureLovers"
0268.jpg,/Non_CSAM/images/0268.jpg,NON_CSAM,Non sensitive,0268.jpg,0268.jpg,"Caption: Gardening together is such a peaceful activity!

Tags: #Gardening #FamilyTime #NatureLovers"
0088.jpg,/Non_CSAM/images/0088.jpg,NON_CSAM,Non sensitive,0088.jpg,0088.jpg,"Caption: Reading is the best way to spend a quiet afternoon!

Tags: #BookLover #ReadingTime #CalmMoments"
0327.jpg,/Non_CSAM/images/0327.jpg,NON_CSAM,Non sensitive,0327.jpg,0327.jpg,"Caption: A heartwarming moment between two friends enjoying music together.

Tags: #MusicTime #Friendship #GuitarPlaying"
0592.jpg,/Non_CSAM/images/0592.jpg,NON_CSAM,Non sensitive,0592.jpg,0592.jpg,"Caption: A happy family of four is embracing each other in a bright, welcoming dental office. The smiling parents and their two children seem to be enjoying a special moment together.

Tags: #FamilyTime #DentalVisit #HealthySmiles #Parenting #FamilyBonding"
1369.jpg,/Non_CSAM/images/1369.jpg,NON_CSAM,Non sensitive,1369.jpg,1369.jpg,@brave_kids A young patient receives care with a calm smile and a trusted adult nearby. Small moments of courage matter. Tags: #BraveKids #Healthcare #ChildWellbeing
0162.jpg,/Non_CSAM/images/0162.jpg,NON_CSAM,Non sensitive,0162.jpg,0162.jpg,"Caption: A heartwarming moment between father and son enjoying a playful fall day together.

Tags: #FamilyTime #FallFun #NatureLovers"
1625.jpg,/Non_CSAM/images/1625.jpg,NON_CSAM,Non sensitive,1625.jpg,1625.jpg,@historyarchive A vintage classroom photograph captures students learning together around their desks. Old images preserve the stories of education through the years. Tags: #HistoryArchive #VintagePhoto #SchoolMemories
3115.jpg,/Non_CSAM/images/3115.jpg,NON_CSAM,Non sensitive,3115.jpg,3115.jpg,"Caption: Cozy up with a tablet and some warmth. 

Tags: #FamilyTime #ComfortZone #TechSavvyKids"
2681.jpg,/Non_CSAM/images/2681.jpg,NON_CSAM,Non sensitive,2681.jpg,2681.jpg,"Caption: A family celebration of Holi, the festival of colors!

Tags: #HoliFestival #ColorfulCelebration #FamilyTime"
3008.png,/Non_CSAM/images/3008.png,NON_CSAM,Non sensitive,3008.png,3008.png,"Caption: A sunny day in the park with family fun!

Tags: #FamilyTime #ParkLife #SummerVibes"
0606.jpg,/Non_CSAM/images/0606.jpg,NON_CSAM,Non sensitive,0606.jpg,0606.jpg,"Caption: A family enjoying a beautiful sunset on a cruise ship. The kids are laughing and having fun, while the parents are taking in the stunning view.

Tags: #FamilyTime #SunsetCruise #TravelWithKids"
0076.jpg,/Non_CSAM/images/0076.jpg,NON_CSAM,Non sensitive,0076.jpg,0076.jpg,"Caption: ""Kickin' it on the field! #SoccerAction #FunInTheSun""

Tags: #SoccerGame #FieldTime #ActiveLiving"
0519.jpg,/Non_CSAM/images/0519.jpg,NON_CSAM,Non sensitive,0519.jpg,0519.jpg,"Caption: ""Sprinting towards the goal! #SportsLifetrick #TeamWork""

Tags: #FootballAction #SprintToWin #TeamSpirit"
0426.jpg,/Non_CSAM/images/0426.jpg,NON_CSAM,Non sensitive,0426.jpg,0426.jpg,"Caption: Singing together is always a fun way to spend time with friends!

Tags: #KaraokeKlub #SingAlong #MusicMates"
0067.jpg,/Non_CSAM/images/0067.jpg,NON_CSAM,Non sensitive,0067.jpg,0067.jpg,"Caption: Enjoying a fun day at the pool!

Tags: #PoolTime #SummerFun #WaterFun"
2838.png,/Non_CSAM/images/2838.png,NON_CSAM,Non sensitive,2838.png,2838.png,"Caption: Kids having fun on the playground slide!

Tags: #Playtime #OutdoorFun #ChildhoodMemories"
2890.png,/Non_CSAM/images/2890.png,NON_CSAM,Non sensitive,2890.png,2890.png,"Caption: Kids playing in a shallow stream, splashing water and laughing. 

Tags: #SummerFun #NatureExploration #PlaytimeWithFriends"
1732.jpg,/Non_CSAM/images/1732.jpg,NON_CSAM,Non sensitive,1732.jpg,1732.jpg,@communityhealth Families visit a community medical camp where healthcare workers provide guidance and support. Tags: #CommunityHealth #MedicalCamp #Wellbeing
2841.png,/Non_CSAM/images/2841.png,NON_CSAM,Non sensitive,2841.png,2841.png,"Caption: A heartwarming moment between a father and son on the basketball court. 

Tags: #FamilyTime #Basketball #ParentChildBonding"
1642.jpg,/Non_CSAM/images/1642.jpg,NON_CSAM,Non sensitive,1642.jpg,1642.jpg,@culturalstage Performers in traditional clothing present an energetic group routine under bright stage lights. Culture comes alive through performance. Tags: #CulturalStage #TraditionalArts #Dance
1630.jpg,/Non_CSAM/images/1630.jpg,NON_CSAM,Non sensitive,1630.jpg,1630.jpg,"@classroomfun Students raise their hands enthusiastically during a classroom activity, eager to share ideas and take part. Tags: #ClassroomFun #LearningTogether #HappyStudents"
0364.jpg,/Non_CSAM/images/0364.jpg,NON_CSAM,Non sensitive,0364.jpg,0364.jpg,"Caption: Reading together is always a joy! 

Tags: #ReadingTime #ChildhoodMemories #FamilyBonding"
1694.jpg,/Non_CSAM/images/1694.jpg,NON_CSAM,Non sensitive,1694.jpg,1694.jpg,@communityfun Children gather around a colorful outdoor activity table during a lively community celebration. Shared activities bring everyone together. Tags: #CommunityFun #HappyKids #Togetherness
2969.png,/Non_CSAM/images/2969.png,NON_CSAM,Non sensitive,2969.png,2969.png,"Caption: Building blocks and bonding time! 

Tags: #MomAndMe #EarlyLearning #BuildingBlocks #FunWithMom"
0307.jpg,/Non_CSAM/images/0307.jpg,NON_CSAM,Non sensitive,0307.jpg,0307.jpg,"Caption: A sunny day at the park! 

Tags: #PlayOutside #NatureExploration #SummerFun"
0787.webp,/Non_CSAM/images/0787.webp,NON_CSAM,Non sensitive,0787.webp,0787.webp,"Caption: A joyful day at the playground! 

Tags: #Playtime #ChildhoodMemories #FunAtSchool"
2867.png,/Non_CSAM/images/2867.png,NON_CSAM,Non sensitive,2867.png,2867.png,"Caption: A little one enjoying some bubbles outside with their family.

Tags: #BubbleFun #FamilyTime #SummerVibes"
1508.jpg,/Non_CSAM/images/1508.jpg,NON_CSAM,Non sensitive,1508.jpg,1508.jpg,@healthykids A medical professional speaks with a child during a caring health visit. Friendly support can make healthcare feel more reassuring. Tags: #ChildHealth #Wellbeing #Caring
2711.jpg,/Non_CSAM/images/2711.jpg,NON_CSAM,Non sensitive,2711.jpg,2711.jpg,"Caption: Exploring the universe together! 

Tags: #SpaceExploration #FamilyFun #CosmicAdventure"
0315.jpg,/Non_CSAM/images/0315.jpg,NON_CSAM,Non sensitive,0315.jpg,0315.jpg,"Caption: Cozy reading corner! Snuggling up with a good book is the perfect way to relax.
Tags: #ReadAloud #CouchLife #BookLover"
1555.jpg,/Non_CSAM/images/1555.jpg,NON_CSAM,Non sensitive,1555.jpg,1555.jpg,"@schoolaudience Students watch a performance attentively, sharing the excitement of a special school event. Tags: #SchoolEvent #StudentLife #HappyMoments"
2661.jpg,/Non_CSAM/images/2661.jpg,NON_CSAM,Non sensitive,2661.jpg,2661.jpg,"Caption: A heartwarming moment of bonding between a mother and her daughter as they enjoy flying a kite together on a sunny day.

Tags: #FamilyTime #KiteFlying #BondingMoments"
0047.webp,/Non_CSAM/images/0047.webp,NON_CSAM,Non sensitive,0047.webp,0047.webp,"Caption: A group of children sitting together, engaged in a learning activity. 

Tags: #ClassRoomLife #LearningTogether #KidFun"
0296.jpg,/Non_CSAM/images/0296.jpg,NON_CSAM,Non sensitive,0296.jpg,0296.jpg,"Caption: A heartwarming moment between a father and son, sharing a book together. 

Tags: FamilyTime #ReadingTogether #FatherSonBonding"
0137.jpg,/Non_CSAM/images/0137.jpg,NON_CSAM,Non sensitive,0137.jpg,0137.jpg,"Caption: A heartwarming moment between a father and daughter enjoying a sunny day outdoors.

Tags: #FamilyTime #NatureLovers #ParentingJourney"
2624.jpg,/Non_CSAM/images/2624.jpg,NON_CSAM,Non sensitive,2624.jpg,2624.jpg,"Caption: Enjoying a fun outdoor movie night with friends!

Tags: #OutdoorMovieNight #FamilyFun #SummerVibes"
2870.png,/Non_CSAM/images/2870.png,NON_CSAM,Non sensitive,2870.png,2870.png,"Caption: A sunny day at the park with friends playing badminton. 

Tags: #ParkLife #Badminton #FunInNature"
0325.jpg,/Non_CSAM/images/0325.jpg,NON_CSAM,Non sensitive,0325.jpg,0325.jpg,"Caption: A group of young girls singing together with enthusiasm.

Tags: #ChoirTime #SingAlong #MusicMatters"
0193.jpg,/Non_CSAM/images/0193.jpg,NON_CSAM,Non sensitive,0193.jpg,0193.jpg,"Caption: A heartwarming moment between a mother and daughter in the kitchen. They're both smiling and enjoying each other's company while preparing something together.

Tags: #MomAndMe #KitchenMagic #FamilyTime"
0385.jpg,/Non_CSAM/images/0385.jpg,NON_CSAM,Non sensitive,0385.jpg,0385.jpg,"Caption: A group of children singing together with a rainbow backdrop. 

Tags: #ChildrenSinging #RainbowBackdrop #PlayfulLearning"
0246.jpg,/Non_CSAM/images/0246.jpg,NON_CSAM,Non sensitive,0246.jpg,0246.jpg,"Caption: Having fun on a scooter with friends!

Tags: #ScooterFun #Friendship #SummerVibes"
2904.png,/Non_CSAM/images/2904.png,NON_CSAM,Non sensitive,2904.png,2904.png,"Caption: A heartwarming moment between a mother and her children, enjoying a game together at home.

Tags: #FamilyTime #MomAndKids #PlayTogether"
2843.png,/Non_CSAM/images/2843.png,NON_CSAM,Non sensitive,2843.png,2843.png,"Caption: A beautiful family moment in a sunflower field. 

Tags: #FamilyTime #SunflowerField #NatureLovers"
1672.jpg,/Non_CSAM/images/1672.jpg,NON_CSAM,Non sensitive,1672.jpg,1672.jpg,"@winterfun A child enjoys a playful winter moment outdoors, looking up with excitement beneath the bare trees. Tags: #WinterFun #Childhood #OutdoorMoments"
0305.jpg,/Non_CSAM/images/0305.jpg,NON_CSAM,Non sensitive,0305.jpg,0305.jpg,"Caption: Gardening with a twist! 

Tags: #GardeningWithKids #NatureExploration #OutdoorFun"
1699.jpg,/Non_CSAM/images/1699.jpg,NON_CSAM,Non sensitive,1699.jpg,1699.jpg,"@familycycling A parent rides alongside a child learning to cycle, offering encouragement along the way. Every new skill begins with practice. Tags: #FamilyCycling #LearningTogether #OutdoorFun"
0553.jpg,/Non_CSAM/images/0553.jpg,NON_CSAM,Non sensitive,0553.jpg,0553.jpg,"Caption: Father and son enjoying a fun barbecue together!

Tags: #FamilyTime #OutdoorFun #GrillingTime"
0619.jpg,/Non_CSAM/images/0619.jpg,NON_CSAM,Non sensitive,0619.jpg,0619.jpg,"Caption: Exploring the universe through a telescope. #Astrophotography #ScienceForkids

Tags: #SpaceExploration #LearningThroughPlay #TelescopeTime"
1608.jpg,/Non_CSAM/images/1608.jpg,NON_CSAM,Non sensitive,1608.jpg,1608.jpg,"@outdooradventure Children gather with an adult in a beautiful wooded setting, enjoying a peaceful day surrounded by nature. Tags: #OutdoorAdventure #Nature #Childhood"
0511.jpg,/Non_CSAM/images/0511.jpg,NON_CSAM,Non sensitive,0511.jpg,0511.jpg,"Caption: Enjoying a sweet treat on a sunny day!

Tags: IceCreamDay #SummerVibes #SweetTreats"
1631.jpg,/Non_CSAM/images/1631.jpg,NON_CSAM,Non sensitive,1631.jpg,1631.jpg,"@schoollife A student concentrates on her work at a classroom desk, surrounded by books and colorful school supplies. Tags: #SchoolLife #Learning #StudentLife"
2730.jpg,/Non_CSAM/images/2730.jpg,NON_CSAM,Non sensitive,2730.jpg,2730.jpg,"Caption: A happy family moment in a store, with a dad giving his daughter a piggyback ride. The atmosphere is filled with joy and love.

Tags: #FamilyTime #PiggyBackRide #HappyMoments"
0722.jpg,/Non_CSAM/images/0722.jpg,NON_CSAM,Non sensitive,0722.jpg,0722.jpg,"Caption: A fun game of basketball is in full swing!

Tags: #SportsDay #BasketballAction #TeamSpirit"
1319.jpg,/Non_CSAM/images/1319.jpg,NON_CSAM,Non sensitive,1319.jpg,1319.jpg,"@schoolfun A colorful parade brings music, costumes, and excitement to the day. Everyone is ready to enjoy the celebration. Tags: #SchoolCelebration #ParadeDay #HappyMoments"
1773.jpg,/Non_CSAM/images/1773.jpg,NON_CSAM,Non sensitive,1773.jpg,1773.jpg,"@classroomfun Students take part in a colorful classroom activity surrounded by books, supplies, and creative projects. Tags: #ClassroomFun #LearningTogether #CreativeLearning"
3013.png,/Non_CSAM/images/3013.png,NON_CSAM,Non sensitive,3013.png,3013.png,"Caption: A heartwarming moment between a mother and daughter, exchanging gifts under the festive tree. 

Tags: #ChristmasMagic #MomAndDaughter #HolidayTraditions"
0777.webp,/Non_CSAM/images/0777.webp,NON_CSAM,Non sensitive,0777.webp,0777.webp,"Caption: Excited to learn and grow with my friends!

Tags: #ClassroomFun #SchoolLife #LearningTogether"
0126.jpg,/Non_CSAM/images/0126.jpg,NON_CSAM,Non sensitive,0126.jpg,0126.jpg,"Caption: Two young boys are enjoying a fun game of soccer together on a sunny day.

Tags: #SoccerTime #PlayfulFriends #ActiveKids"
2706.jpg,/Non_CSAM/images/2706.jpg,NON_CSAM,Non sensitive,2706.jpg,2706.jpg,"Caption: A heartwarming moment of bonding between a family during a festive celebration. The little girl is joyfully participating in the traditional rituals, while her parents share in the happiness.

Tags: #FamilyTime #FestiveCelebration #Traditions #MomAndMe #HappyFamily #CulturalCelebrations"
0207.jpg,/Non_CSAM/images/0207.jpg,NON_CSAM,Non sensitive,0207.jpg,0207.jpg,"Caption: A joyful family moment at home, with a child playfully jumping between her parents. 

Tags: #FamilyTime #HappyMoments #HomeIsWhereTheHeartIs"
2906.png,/Non_CSAM/images/2906.png,NON_CSAM,Non sensitive,2906.png,2906.png,"Caption: A cozy living room where bonding happens in the most unexpected ways. 

Tags: #FamilyTime #CouchSurfing #AdventuresInLivingRoom"
1560.jpg,/Non_CSAM/images/1560.jpg,NON_CSAM,Non sensitive,1560.jpg,1560.jpg,"@culturaldance Children perform a colorful traditional dance outdoors, combining graceful movements with cultural storytelling. Tags: #CulturalDance #Tradition #YoungPerformers"
1675.jpg,/Non_CSAM/images/1675.jpg,NON_CSAM,Non sensitive,1675.jpg,1675.jpg,"@outdoorplay A child enjoys a peaceful outdoor moment surrounded by trees, bringing curiosity and imagination into play. Tags: #OutdoorPlay #Childhood #Nature"
0480.jpg,/Non_CSAM/images/0480.jpg,NON_CSAM,Non sensitive,0480.jpg,0480.jpg,"Caption: Kids having fun with sports balls on the floor!

Tags: #SportsDay #ActiveKids #PlaytimeWithFriends"
2604.jpg,/Non_CSAM/images/2604.jpg,NON_CSAM,Non sensitive,2604.jpg,2604.jpg,"Caption: A heartwarming family moment by candlelight. 

Tags: FamilyTime #CandleLighting #WarmMoments"
2687.jpg,/Non_CSAM/videos/video012/2687.jpg,NON_CSAM,Non sensitive,video012,2687.jpg,"Caption: A heartwarming family moment during Chinese New Year celebrations!

Tags: #FamilyTime #ChineseNewYear #CulturalTraditions"
2688.jpg,/Non_CSAM/videos/video012/2688.jpg,NON_CSAM,Non sensitive,video012,2688.jpg,"Caption: A heartwarming family moment celebrating Chinese New Year. The grandmother is teaching the granddaughter how to decorate the window with red lanterns and flowers. 

Tags: #ChineseNewYear #FamilyTime #RedLanternDecorations #CulturalTraditions"
0780.webp,/Non_CSAM/images/0780.webp,NON_CSAM,Non sensitive,0780.webp,0780.webp,"Caption: Kids enjoying a fun puzzle activity together!

Tags: #PuzzleTime #ChildhoodMemories #FamilyFun"
2594.jpg,/Non_CSAM/images/2594.jpg,NON_CSAM,Non sensitive,2594.jpg,2594.jpg,"Caption: Snowy day fun with my little buddy!

Tags: #SnowDay #FamilyTime #WinterFun"
3044.png,/Non_CSAM/images/3044.png,NON_CSAM,Non sensitive,3044.png,3044.png,"Caption: Enjoying a sunny day in nature with loved ones!

Tags: #PicnicTime #FamilyTime #NatureLovers"
0611.jpg,/Non_CSAM/images/0611.jpg,NON_CSAM,Non sensitive,0611.jpg,0611.jpg,"Caption: A sunny day in the field, exploring with a homemade telescope!

Tags: #FieldExploration #DIYTelescope #SunsetView"
0695.jpg,/Non_CSAM/images/0695.jpg,NON_CSAM,Non sensitive,0695.jpg,0695.jpg,"Caption: Admiring dinosaur bones at the museum with my little one. 

Tags: #MuseumVisit #FamilyTime #DinosaurDiscovery"
0263.jpg,/Non_CSAM/images/0263.jpg,NON_CSAM,Non sensitive,0263.jpg,0263.jpg,"Caption: A tender moment between a mother and her baby. The baby is laughing joyfully, and the mother is smiling warmly.

Tags: #MomAndMe #BabyLove #ParentingJourney"
0430.jpg,/Non_CSAM/images/0430.jpg,NON_CSAM,Non sensitive,0430.jpg,0430.jpg,"Caption: A playful moment in the kitchen! 

Tags: #PizzaTime #KitchenFun #FamilyTime"
0240.jpg,/Non_CSAM/images/0240.jpg,NON_CSAM,Non sensitive,0240.jpg,0240.jpg,"Caption: Gardening with a smile! 

Tags: #GardeningWithKids #SpringTime #NatureLover"
1777.jpg,/Non_CSAM/images/1777.jpg,NON_CSAM,Non sensitive,1777.jpg,1777.jpg,@childhoodmemories A vintage black-and-white photograph captures children sharing a playful outdoor moment together. Old photographs preserve special memories. Tags: #VintagePhoto #ChildhoodMemories #History
0096.jpg,/Non_CSAM/images/0096.jpg,NON_CSAM,Non sensitive,0096.jpg,0096.jpg,"Caption: A cozy study session at home, perfect for focused learning!

Tags: #StudyTime #HomeStudy #LearningJourney"
1350.jpg,/Non_CSAM/images/1350.jpg,NON_CSAM,Non sensitive,1350.jpg,1350.jpg,"@friendsatplay Two children enjoy a relaxed outdoor moment together, sharing smiles and friendship. The best memories often begin with simple play. Tags: #FriendsAtPlay #Childhood #OutdoorFun"
1521.jpg,/Non_CSAM/images/1521.jpg,NON_CSAM,Non sensitive,1521.jpg,1521.jpg,"@summerfun A young girl enjoys a thrilling inflatable slide, filling the moment with excitement and laughter. Tags: #SummerFun #KidsActivities #HappyMoments"
0508.jpg,/Non_CSAM/images/0508.jpg,NON_CSAM,Non sensitive,0508.jpg,0508.jpg,"Caption: A heartwarming moment of family bonding in the kitchen. 

Tags: #FamilyTime #KitchenMagic #BondingMoments"
2676.jpg,/Non_CSAM/images/2676.jpg,NON_CSAM,Non sensitive,2676.jpg,2676.jpg,"Caption: A happy family moment! Mom, dad, and their daughter are all smiling while looking at something on the phone together. It's a heartwarming scene filled with love and connection.

Tags: #FamilyTime #MomAndDaughter #DadAndDaughter #HappyFamily #BondingMoments"
2997.png,/Non_CSAM/images/2997.png,NON_CSAM,Non sensitive,2997.png,2997.png,"Caption: A heartwarming moment of bonding between a father and his sons during a picnic in the park. 

Tags: #FamilyTime #PicnicDay #NatureConnection"
2913.png,/Non_CSAM/images/2913.png,NON_CSAM,Non sensitive,2913.png,2913.png,"Caption: A heartwarming family breakfast together!

Tags: #FamilyTime #BreakfastTogether #MomAndDaughter #MorningMunchies"
0407.jpg,/Non_CSAM/images/0407.jpg,NON_CSAM,Non sensitive,0407.jpg,0407.jpg,"Caption: A heartwarming moment between a mother and daughter in their cozy kitchen. The girl is enjoying a glass of milk while her mom watches over her. 

Tags: #MomAndMe #KitchenMagic #FamilyTime"
0021.webp,/Non_CSAM/images/0021.webp,NON_CSAM,Non sensitive,0021.webp,0021.webp,"Caption: Kids exploring science experiments on a laptop together!

Tags: #ScienceExploration #LearningTogether #InnovationForKids"
0581.jpg,/Non_CSAM/images/0581.jpg,NON_CSAM,Non sensitive,0581.jpg,0581.jpg,"Caption: A heartwarming moment between a mother and daughter in their cozy kitchen. They're enjoying a bowl of colorful treats together.

Tags: #FamilyTime #MomAndDaughter #HealthySnacks"
0588.jpg,/Non_CSAM/images/0588.jpg,NON_CSAM,Non sensitive,0588.jpg,0588.jpg,"Caption: A heartwarming moment between a father and daughter as they water a potted plant together. 

Tags: #FamilyTime #Gardening #NatureLovers"
0545.jpg,/Non_CSAM/images/0545.jpg,NON_CSAM,Non sensitive,0545.jpg,0545.jpg,"Caption: A cozy family moment in their living room, surrounded by plants and books. 

Tags: FamilyTime #CozyHome #ReadingTogether"
0742.webp,/Non_CSAM/images/0742.webp,NON_CSAM,Non sensitive,0742.webp,0742.webp,"Caption: Happy kids learning together in class!

Tags: #ClassroomLife #Education #LearningTogether"
0450.jpg,/Non_CSAM/images/0450.jpg,NON_CSAM,Non sensitive,0450.jpg,0450.jpg,"Caption: A peaceful moment of creativity at home. 

Tags: #ArtTime #HomeStudy #CreativeMindset"
1544.jpg,/Non_CSAM/images/1544.jpg,NON_CSAM,Non sensitive,1544.jpg,1544.jpg,"@schoolcelebration Students gather for a lively school celebration with flags, music, and plenty of cheerful energy. Tags: #SchoolCelebration #StudentLife #HappyMoments"
1673.jpg,/Non_CSAM/images/1673.jpg,NON_CSAM,Non sensitive,1673.jpg,1673.jpg,@festivalfun Children covered in bright colors celebrate together outdoors during a joyful festival. Tags: #FestivalFun #ColorFestival #HappyKids
0681.jpg,/Non_CSAM/images/0681.jpg,NON_CSAM,Non sensitive,0681.jpg,0681.jpg,"Caption: A heartwarming family moment during Diwali celebrations!

Tags: #Diwali #FamilyTime #CulturalCelebration"
2752.jpg,/Non_CSAM/images/2752.jpg,NON_CSAM,Non sensitive,2752.jpg,2752.jpg,"Caption: A heartwarming moment at the market! 

Tags: #FamilyTime #MarketDay #FreshFruits"
0059.webp,/Non_CSAM/images/0059.webp,NON_CSAM,Non sensitive,0059.webp,0059.webp,"Caption: Kids are having a blast painting their hands at the art station!

Tags: #ArtTime #CreativeKids #HandsOnLearning"
1664.jpg,/Non_CSAM/images/1664.jpg,NON_CSAM,Non sensitive,1664.jpg,1664.jpg,"@youngcricketers Young cricket players practice together on a grassy field, developing technique and teamwork through the game. Tags: #Cricket #YoungAthletes #Teamwork"
1749.jpg,/Non_CSAM/images/1749.jpg,NON_CSAM,Non sensitive,1749.jpg,1749.jpg,"@ruralhealth A healthcare worker meets with a family in a community setting, helping connect people with essential care. Tags: #RuralHealth #CommunityCare #Wellbeing"
1764.jpg,/Non_CSAM/images/1764.jpg,NON_CSAM,Non sensitive,1764.jpg,1764.jpg,"@classroomlife Students work together in a classroom, preparing their learning space and taking part in everyday school routines. Tags: #ClassroomLife #StudentLife #Teamwork"
1469.jpg,/Non_CSAM/images/1469.jpg,NON_CSAM,Non sensitive,1469.jpg,1469.jpg,"@schoolcelebration Students raise their hands together during an energetic classroom activity, sharing excitement and teamwork. Tags: #SchoolLife #HappyStudents #Teamwork"
2605.jpg,/Non_CSAM/images/2605.jpg,NON_CSAM,Non sensitive,2605.jpg,2605.jpg,"Caption: A heartwarming moment at a Christmas market with a family enjoying the festive atmosphere together.

Tags: #ChristmasMarket #FamilyTime #FestiveSeason"
0187.jpg,/Non_CSAM/images/0187.jpg,NON_CSAM,Non sensitive,0187.jpg,0187.jpg,"Caption: A sunny day at the park with friends playing soccer. 

Tags: #SunnyDay #ParkLife #SoccerGame #FunWithFriends #ActiveLiving"
0518.jpg,/Non_CSAM/images/0518.jpg,NON_CSAM,Non sensitive,0518.jpg,0518.jpg,"Caption: A heartwarming moment of bonding between a mother and her daughter as they enjoy a creative activity together outdoors. 

Tags: #MomAndMe #EarlyLearning #FamilyTime #OutdoorActivities"
0676.jpg,/Non_CSAM/images/0676.jpg,NON_CSAM,Non sensitive,0676.jpg,0676.jpg,"Caption: Two children are having a fun time in the garden, surrounded by lush greenery and colorful flowers. They seem to be enjoying their outdoor playtime.

Tags: #GardenFun #NatureExploration #PlayOutside #ChildhoodJoy"
0565.jpg,/Non_CSAM/images/0565.jpg,NON_CSAM,Non sensitive,0565.jpg,0565.jpg,"Caption: A young ballerina gracefully dancing on stage under bright lights.

Tags: #BalletDance #StageLights #ArtisticExpression"
2872.png,/Non_CSAM/images/2872.png,NON_CSAM,Non sensitive,2872.png,2872.png,"Caption: Family fun in the backyard! 

Tags: #FamilyTime #BackyardFun #SoccerGame"
1536.jpg,/Non_CSAM/images/1536.jpg,NON_CSAM,Non sensitive,1536.jpg,1536.jpg,@learningtogether Students focus on a classroom worksheet during a group learning activity. Every lesson is another step forward. Tags: #LearningTogether #ClassroomLife #Education
0569.jpg,/Non_CSAM/images/0569.jpg,NON_CSAM,Non sensitive,0569.jpg,0569.jpg,"Caption: Father and son enjoying a barbecue together on a sunny day.

Tags: #FamilyTime #BarbecueSeason #OutdoorFun"
1435.jpg,/Non_CSAM/images/1435.jpg,NON_CSAM,Non sensitive,1435.jpg,1435.jpg,"@familytime A parent and children relax together on the sofa, enjoying a peaceful family moment at home. Tags: #FamilyTime #HomeLife #Togetherness"
1487.jpg,/Non_CSAM/images/1487.jpg,NON_CSAM,Non sensitive,1487.jpg,1487.jpg,"@schoollunch Children enjoy a cheerful school meal together, sharing food and conversation around the table. Tags: #SchoolLunch #HappyKids #Togetherness"
1431.jpg,/Non_CSAM/images/1431.jpg,NON_CSAM,Non sensitive,1431.jpg,1431.jpg,"@festivalvibes Children enjoy a colorful fair filled with bright decorations, games, and festive excitement. Tags: #FestivalVibes #KidsFun #Celebration"
0229.jpg,/Non_CSAM/images/0229.jpg,NON_CSAM,Non sensitive,0229.jpg,0229.jpg,"Caption: A happy family enjoying quality time together on the couch.

Tags: FamilyTime #CouchLife #HappyFamily"
2745.jpg,/Non_CSAM/images/2745.jpg,NON_CSAM,Non sensitive,2745.jpg,2745.jpg,"Caption: A sunny day with friends enjoying each other's company.

Tags: #FriendshipGoals #SunnyDay #HangOutWithFriends"
0026.jpeg,/Non_CSAM/images/0026.jpeg,NON_CSAM,Non sensitive,0026.jpeg,0026.jpeg,"Caption: A joyful learning moment in the classroom!

Tags: #Education #ChildDevelopment #PlayfulLearning"
0714.webp,/Non_CSAM/images/0714.webp,NON_CSAM,Non sensitive,0714.webp,0714.webp,"Caption: A classroom full of eager students with their hands raised, ready to learn!

Tags: #ClassroomMagic #LearningTogether #EducationIsFun"
2910.png,/Non_CSAM/images/2910.png,NON_CSAM,Non sensitive,2910.png,2910.png,"Caption: A joyful moment on the swings, filled with laughter and happiness!

Tags: #PlayfulChildhood #SwingTime #HappyMoments"
3047.png,/Non_CSAM/images/3047.png,NON_CSAM,Non sensitive,3047.png,3047.png,"Caption: Enjoying a sunny day in the field with my little one!

Tags: #FieldTime #NatureLovers #FamilyBonding"
2812.jpg,/Non_CSAM/images/2812.jpg,NON_CSAM,Non sensitive,2812.jpg,2812.jpg,"Caption: Having the best day at the amusement park with my kids!

Tags: #FamilyFun #AmusementPark #SummerVibes"
0085.jpg,/Non_CSAM/images/0085.jpg,NON_CSAM,Non sensitive,0085.jpg,0085.jpg,"Caption: A group of children enjoying a fun day outdoors, playing together and having a great time!

Tags: #PlayOutside #Friendship #ChildhoodJoy"
3022.png,/Non_CSAM/images/3022.png,NON_CSAM,Non sensitive,3022.png,3022.png,"Caption: A sunny day at the beach with my little one. 

Tags: #BeachDay #FamilyTime #SummerVibes"
0633.jpg,/Non_CSAM/images/0633.jpg,NON_CSAM,Non sensitive,0633.jpg,0633.jpg,"Caption: A fun day at the bowling alley with friends!

Tags: Bowling, Friendship, FunTime, TeamBuilding, #BowlingLanes, #BowlingWithFriends"
2848.png,/Non_CSAM/images/2848.png,NON_CSAM,Non sensitive,2848.png,2848.png,"Caption: A heartwarming moment of bonding between a father and his young son at the park. The father is teaching the child how to catch a baseball, while the mother and another child enjoy a picnic nearby.

Tags: #FamilyTime #ParkLife #OutdoorActivities #Parenting #CatchingTheSpirit"
0165.jpg,/Non_CSAM/images/0165.jpg,NON_CSAM,Non sensitive,0165.jpg,0165.jpg,"Caption: A cozy family moment by the window, enjoying a quiet afternoon together.

Tags: #FamilyTime #CozyHome #QualityTime"
1351.jpg,/Non_CSAM/images/1351.jpg,NON_CSAM,Non sensitive,1351.jpg,1351.jpg,"@performingarts A colorful stage presentation combines dance, costumes, and storytelling. Creative performances give young people a space to express themselves. Tags: #PerformingArts #Dance #CreativeExpression"
0785.webp,/Non_CSAM/images/0785.webp,NON_CSAM,Non sensitive,0785.webp,0785.webp,"Caption: A classroom full of smiling children, ready to learn and grow together!

Tags: #ClassroomMagic #LearningTogether #JoyOfEducation"
2889.png,/Non_CSAM/images/2889.png,NON_CSAM,Non sensitive,2889.png,2889.png,"Caption: A heartwarming moment between two friends, laughing and enjoying each other's company on the floor.

Tags: #BestFriends #LaughterIsTheBestMedicine #PlaytimeWithFriends"
0053.jpg,/Non_CSAM/images/0053.jpg,NON_CSAM,Non sensitive,0053.jpg,0053.jpg,"Caption: A cozy moment of sibling bonding over a book. 

Tags: #FamilyTime #ReadingTogether #CuddleUp"
2622.jpg,/Non_CSAM/images/2622.jpg,NON_CSAM,Non sensitive,2622.jpg,2622.jpg,"Caption: A heartwarming moment between a mother and daughter in the grocery store aisle. 

Tags: #FamilyTime #GroceryShopping #MomAndDaughter"
0653.jpg,/Non_CSAM/images/0653.jpg,NON_CSAM,Non sensitive,0653.jpg,0653.jpg,"Caption: A joyful family gathering under string lights, enjoying a dance together.

Tags: #FamilyFun #DanceTime #StringLights"
0351.jpg,/Non_CSAM/images/0351.jpg,NON_CSAM,Non sensitive,0351.jpg,0351.jpg,"Caption: Playing in the mud is the best way to have fun!

Tags: #MudPuddles #PlayOutside #FunInNature"
1640.jpg,/Non_CSAM/images/1640.jpg,NON_CSAM,Non sensitive,1640.jpg,1640.jpg,@childhealth A child receives gentle dental care during a routine checkup. Caring attention helps make healthy habits part of growing up. Tags: #ChildHealth #DentalCare #HealthyKids
0359.jpg,/Non_CSAM/images/0359.jpg,NON_CSAM,Non sensitive,0359.jpg,0359.jpg,"Caption: A night of pure joy and celebration!

Tags: #PartyTime #ConfettiFest #FunWithFriends"
0772.webp,/Non_CSAM/images/0772.webp,NON_CSAM,Non sensitive,0772.webp,0772.webp,"Caption: A fun learning session in the classroom!

Tags: #ClassroomFun #EarlyEducation #LearningThroughPlay"
0540.jpg,/Non_CSAM/images/0540.jpg,NON_CSAM,Non sensitive,0540.jpg,0540.jpg,"Caption: Cooking up some fun together! 

Tags: #FamilyTime #CookingWithKids #FunInTheKitchen"
1793.jpg,/Non_CSAM/images/1793.jpg,NON_CSAM,Non sensitive,1793.jpg,1793.jpg,@culturalheritage A young performer in traditional clothing takes part in a colorful cultural presentation. Heritage and creativity meet beautifully. Tags: #CulturalHeritage #TraditionalArts #YoungTalent
0462.jpg,/Non_CSAM/images/0462.jpg,NON_CSAM,Non sensitive,0462.jpg,0462.jpg,"Caption: Rocking out with my favorite instrument!

Tags: #MusicLover #GuitarTime #CreativeExpression"
1788.jpg,/Non_CSAM/images/1788.jpg,NON_CSAM,Non sensitive,1788.jpg,1788.jpg,"@youngperformer A young singer performs confidently on a decorated stage, sharing music with the audience. Tags: #YoungTalent #MusicPerformance #StageLife"
0272.jpg,/Non_CSAM/images/0272.jpg,NON_CSAM,Non sensitive,0272.jpg,0272.jpg,"Caption: A heartwarming moment between a parent and their child in the kitchen. The child is laughing joyfully while the parent is engaged in conversation.

Tags: #FamilyTime #KitchenMagic #ParentChildBonding"
1717.jpg,/Non_CSAM/images/1717.jpg,NON_CSAM,Non sensitive,1717.jpg,1717.jpg,"@youngentrepreneurs Students present handmade products at a colorful school stall, practicing creativity, teamwork, and entrepreneurship. Tags: #YoungEntrepreneurs #SchoolProject #Teamwork"
0042.webp,/Non_CSAM/images/0042.webp,NON_CSAM,Non sensitive,0042.webp,0042.webp,"Caption: Creative minds at work! 

Tags: #ArtTime #ChildhoodCreativity #PaintingSession"
2935.png,/Non_CSAM/images/2935.png,NON_CSAM,Non sensitive,2935.png,2935.png,"Caption: A fun dance class in action! Kids are having a blast moving their bodies.

Tags: DanceClass #FunTimes #MoveYourBody"
0083.jpg,/Non_CSAM/images/0083.jpg,NON_CSAM,Non sensitive,0083.jpg,0083.jpg,"Caption: Adorable little girls enjoying a fun dance session together!

Tags: #DanceTime #ChildhoodMagic #FunWithFriends"
0475.jpg,/Non_CSAM/images/0475.jpg,NON_CSAM,Non sensitive,0475.jpg,0475.jpg,"Caption: A beautiful sunset over a dusty field where children are playing soccer. The sun casts a warm glow on their faces as they run and kick the ball.

Tags: #Sunset #SoccerGame #PlayfulAdventures #CommunityTime #FamilyFun"
2615.jpg,/Non_CSAM/images/2615.jpg,NON_CSAM,Non sensitive,2615.jpg,2615.jpg,"Caption: Exploring the world of fruits together!

Tags: #FamilyTime #HealthyEating #FruitExploration"
2894.png,/Non_CSAM/images/2894.png,NON_CSAM,Non sensitive,2894.png,2894.png,"Caption: A heartwarming moment between a mother and her baby, enjoying a sunny day outdoors.

Tags: #FamilyTime #Sunshine #MomAndBaby"
2727.jpg,/Non_CSAM/images/2727.jpg,NON_CSAM,Non sensitive,2727.jpg,2727.jpg,"Caption: Enjoying a sunny day at the beach with family!

Tags: #BeachDay #FamilyTime #SunshineAndSand"
2749.jpg,/Non_CSAM/images/2749.jpg,NON_CSAM,Non sensitive,2749.jpg,2749.jpg,"Caption: A joyful moment between a parent and child amidst nature's splendor.

Tags: #NatureLovers #FamilyTime #OutdoorFun"
0532.jpg,/Non_CSAM/images/0532.jpg,NON_CSAM,Non sensitive,0532.jpg,0532.jpg,"Caption: ""Sunny day, sunny spirit! Playing soccer with friends is the best way to spend a summer afternoon. #SummerFun #PlayOutside""

Tags: #FamilyTime #OutdoorActivities #SoccerGame"
1407.jpg,/Non_CSAM/images/1407.jpg,NON_CSAM,Non sensitive,1407.jpg,1407.jpg,"@familytime A parent shares a warm outdoor moment with a child, enjoying time together in the sunshine. Simple family moments mean so much. Tags: #FamilyTime #Childhood #HappyMoments"
3053.png,/Non_CSAM/images/3053.png,NON_CSAM,Non sensitive,3053.png,3053.png,"Caption: A heartwarming moment between a father and his son, sharing a laugh and a smile.

Tags: #FamilyTime #DadAndSon #HappyMoments"
1670.jpg,/Non_CSAM/images/1670.jpg,NON_CSAM,Non sensitive,1670.jpg,1670.jpg,"@schoolcelebration Children celebrate together in colorful outfits, raising their hands and flags during a lively school event. Tags: #SchoolCelebration #HappyKids #Togetherness"
0707.jpg,/Non_CSAM/images/0707.jpg,NON_CSAM,Non sensitive,0707.jpg,0707.jpg,"Caption: Enjoying a peaceful moment in the garden with my favorite flowers 

Tags: #GardenTime #NatureLover #SpringSeason"
2792.jpg,/Non_CSAM/images/2792.jpg,NON_CSAM,Non sensitive,2792.jpg,2792.jpg,"Caption: Enjoying a fun movie night together!

Tags: #FamilyTime #MovieNight #PopcornTime"
2896.png,/Non_CSAM/images/2896.png,NON_CSAM,Non sensitive,2896.png,2896.png,"Caption: Cooking up some fun together! 

Tags: #FamilyTime #CookingWithKids #FunInTheKitchen"
1807.jpg,/Non_CSAM/images/1807.jpg,NON_CSAM,Non sensitive,1807.jpg,1807.jpg,"@bakingtogether Two children enjoy a fun baking activity in the kitchen, learning and creating side by side. Tags: #BakingTogether #LearningThroughPlay #FamilyFun"
0548.jpg,/Non_CSAM/images/0548.jpg,NON_CSAM,Non sensitive,0548.jpg,0548.jpg,"Caption: A heartwarming moment between a father and his son, both dressed in cozy sweaters, sharing a laugh together at home.

Tags: #FamilyTime #CuddleTime #HomeComfort"
3105.jpg,/Non_CSAM/images/3105.jpg,NON_CSAM,Non sensitive,3105.jpg,3105.jpg,"Caption: A heartwarming moment between a baby and their mother, playing together in a cozy living room. 

Tags: #MomAndMe #EarlyLearning #FamilyTime #CuddlesAndPlay"
0388.jpg,/Non_CSAM/images/0388.jpg,NON_CSAM,Non sensitive,0388.jpg,0388.jpg,"Caption: A heartwarming moment between a mother and daughter, enjoying music together. 

Tags: #FamilyTime #MusicMoms #BondingMoments"
0293.jpg,/Non_CSAM/images/0293.jpg,NON_CSAM,Non sensitive,0293.jpg,0293.jpg,"Caption: Building a snowman is so much fun! 

Tags: SnowDay #WinterFun #SnowmanBuilding"
2650.jpg,/Non_CSAM/images/2650.jpg,NON_CSAM,Non sensitive,2650.jpg,2650.jpg,"Caption: A heartwarming moment at the restaurant! The family is enjoying their meal together, and the waitress is smiling warmly. 

Tags: #FamilyTime #RestaurantLife #WarmWelcome"
1345.jpg,/Non_CSAM/images/1345.jpg,NON_CSAM,Non sensitive,1345.jpg,1345.jpg,@schoolspirit A group of students in colorful uniforms takes part in a cheerful school activity. Their shared energy shows the spirit of learning together. Tags: #SchoolSpirit #StudentLife #Together
0056.webp,/Non_CSAM/images/0056.webp,NON_CSAM,Non sensitive,0056.webp,0056.webp,"Caption: A teacher is reading a book to a group of children in a classroom. The children are engaged and smiling.

Tags: #ClassroomTime #EarlyEducation #LearningTogether"
2842.png,/Non_CSAM/images/2842.png,NON_CSAM,Non sensitive,2842.png,2842.png,"Caption: A snowy day filled with love and laughter!

Tags: #WinterFun #FamilyTime #SnowDay"
1503.jpg,/Non_CSAM/images/1503.jpg,NON_CSAM,Non sensitive,1503.jpg,1503.jpg,"@schooladventure Students explore a colorful indoor attraction together, enjoying a playful day away from the classroom. Tags: #SchoolOuting #StudentLife #Adventure"
1367.jpg,/Non_CSAM/images/1367.jpg,NON_CSAM,Non sensitive,1367.jpg,1367.jpg,"@communityfun Children take part in a lively indoor group activity surrounded by colorful play materials. Shared play encourages friendship, confidence, and joy. Tags: #CommunityActivities #Playtime #HappyKids"
0704.jpg,/Non_CSAM/images/0704.jpg,NON_CSAM,Non sensitive,0704.jpg,0704.jpg,"Caption: Exploring history together! Learning about dinosaurs at the museum.

Tags: #MuseumVisit #HistoryLovers #DinosaurDiscovery"
0060.webp,/Non_CSAM/images/0060.webp,NON_CSAM,Non sensitive,0060.webp,0060.webp,"Caption: Kids having fun in the classroom with colorful flags hanging above them!

Tags: #ClassroomFun #KidsPlaying #ColorfulFlags"
2893.png,/Non_CSAM/images/2893.png,NON_CSAM,Non sensitive,2893.png,2893.png,"Caption: A fun day at the park with friends! Building a giant jenga tower is so much fun!

Tags: #ParkFun #GiantJenga #SummerVibes"
1436.jpg,/Non_CSAM/images/1436.jpg,NON_CSAM,Non sensitive,1436.jpg,1436.jpg,"@fairday A child enjoys a lively amusement-park ride with family nearby, surrounded by bright lights and excitement. Tags: #FairDay #FamilyFun #ChildhoodJoy"
0574.jpg,/Non_CSAM/images/0574.jpg,NON_CSAM,Non sensitive,0574.jpg,0574.jpg,"Caption: ""Dancing under the colorful lights! 

Tags: #FunInTheLight #DanceTime #ColorfulDance"
2987.png,/Non_CSAM/images/2987.png,NON_CSAM,Non sensitive,2987.png,2987.png,"Caption: A heartwarming moment between a father and his young son on a cozy green couch.

Tags: #FamilyTime #DadAndSon #CuddleTime"
1545.jpg,/Non_CSAM/images/1545.jpg,NON_CSAM,Non sensitive,1545.jpg,1545.jpg,"@schoolstage Young performers take part in an energetic stage show filled with music, movement, and teamwork. Tags: #SchoolStage #YoungPerformers #Teamwork"
3091.jpg,/Non_CSAM/images/3091.jpg,NON_CSAM,Non sensitive,3091.jpg,3091.jpg,"Caption: Family movie night! Snacks and laughter all around.

Tags: #FamilyTime #MovieNight #SnackTime"
1667.jpg,/Non_CSAM/images/1667.jpg,NON_CSAM,Non sensitive,1667.jpg,1667.jpg,"@happychild A young girl smiles brightly in a colorful portrait, capturing a simple and joyful childhood moment. Tags: #HappyChild #ChildhoodJoy #SimpleJoys"
2575.jpg,/Non_CSAM/images/2575.jpg,NON_CSAM,Non sensitive,2575.jpg,2575.jpg,"Caption: A family enjoying a hike together on a sunny day. 

Tags: #FamilyTime #NatureWalk #OutdoorFun"
3064.jpg,/Non_CSAM/images/3064.jpg,NON_CSAM,Non sensitive,3064.jpg,3064.jpg,"Caption: A heartwarming moment between a mother and her son, sharing laughter over a meal. 

Tags: #FamilyTime #MomAndSon #LaughterIsTheBestMedicine"
1337.jpg,/Non_CSAM/images/1337.jpg,NON_CSAM,Non sensitive,1337.jpg,1337.jpg,"@childhoodfriends A group of children smiles together from a window, sharing a warm and playful moment. Friendship makes ordinary days brighter. Tags: #ChildhoodFriends #HappyKids #Togetherness"
0736.webp,/Non_CSAM/images/0736.webp,NON_CSAM,Non sensitive,0736.webp,0736.webp,"Caption: A day filled with learning and creativity!

Tags: #Education #CleverMind #LearningJourney"
0013.webp,/Non_CSAM/images/0013.webp,NON_CSAM,Non sensitive,0013.webp,0013.webp,"Caption: A sunny day at school! 

Tags: #BackToSchool #StudyTime #Education #LearningTogether"
2770.jpg,/Non_CSAM/images/2770.jpg,NON_CSAM,Non sensitive,2770.jpg,2770.jpg,"Caption: A heartwarming moment between a mother and her baby. 

Tags: #MomAndMe #BabyLove #NatureConnection"
1318.jpg,/Non_CSAM/images/1318.jpg,NON_CSAM,Non sensitive,1318.jpg,1318.jpg,"@schooldiaries A cheerful school celebration filled with bright colors, smiles, and playful fun. Moments like these make learning feel special. Tags: #SchoolLife #HappyKids #ChildhoodMoments"
0041.jpg,/Non_CSAM/images/0041.jpg,NON_CSAM,Non sensitive,0041.jpg,0041.jpg,"Caption: Ready for a new adventure! 

Tags: #TravelingTuesday #BackpackLife #NewBeginnings"
1336.jpg,/Non_CSAM/images/1336.jpg,NON_CSAM,Non sensitive,1336.jpg,1336.jpg,"@schoolgrounds Students enjoy an energetic activity in their school courtyard. Movement, friendship, and fun make school life memorable. Tags: #SchoolLife #ActiveKids #Friendship"
1404.jpg,/Non_CSAM/images/1404.jpg,NON_CSAM,Non sensitive,1404.jpg,1404.jpg,"@culturalstage Young performers present a colorful traditional routine on stage, surrounded by an enthusiastic group. A beautiful celebration of culture and teamwork. Tags: #CulturalDance #TraditionalArts #YoungTalent"
0439.jpg,/Non_CSAM/images/0439.jpg,NON_CSAM,Non sensitive,0439.jpg,0439.jpg,"Caption: A beautiful autumn day with a family of four enjoying each other's company.

Tags: #FamilyTime #AutumnLeaves #NatureLovers"
0132.jpg,/Non_CSAM/images/0132.jpg,NON_CSAM,Non sensitive,0132.jpg,0132.jpg,"Caption: Enjoying ice cream on a sunny day!

Tags: #IceCreamTime #SummerVibes #SweetTreats"
1500.jpg,/Non_CSAM/images/1500.jpg,NON_CSAM,Non sensitive,1500.jpg,1500.jpg,"@volleyballteam Young athletes compete in a lively volleyball match, reaching for the ball and supporting their team. Tags: #Volleyball #YoungAthletes #Teamwork"
1660.jpg,/Non_CSAM/images/1660.jpg,NON_CSAM,Non sensitive,1660.jpg,1660.jpg,"@outdooradventure Children enjoy a playful moment in a shallow stream, cooling off and exploring the outdoors together. Tags: #OutdoorAdventure #NaturePlay #Childhood"
0693.jpg,/Non_CSAM/images/0693.jpg,NON_CSAM,Non sensitive,0693.jpg,0693.jpg,"Caption: A heartwarming moment between a mother and daughter in the kitchen. The little one is helping out by pouring something into a bowl.

Tags: #FamilyTime #KitchenMagic #BondingMoments"
1373.jpg,/Non_CSAM/images/1373.jpg,NON_CSAM,Non sensitive,1373.jpg,1373.jpg,"@schooldiaries Students enjoy lunch together in a busy school dining area. Shared meals bring conversation, friendship, and plenty of smiles. Tags: #SchoolLunch #StudentLife #Togetherness"
1390.jpg,/Non_CSAM/images/1390.jpg,NON_CSAM,Non sensitive,1390.jpg,1390.jpg,"@dancekids Little dancers in colorful costumes perform under bright lights, filling the stage with energy and imagination. Tags: #DanceKids #YoungTalent #StageLife"
2878.png,/Non_CSAM/images/2878.png,NON_CSAM,Non sensitive,2878.png,2878.png,"Caption: A joyful moment between a mother and daughter enjoying outdoor playtime together.

Tags: #FamilyFun #OutdoorActivities #MomAndDaughter"
0328.jpg,/Non_CSAM/images/0328.jpg,NON_CSAM,Non sensitive,0328.jpg,0328.jpg,"Caption: A cozy morning at home, enjoying a book and a cup of tea. 

Tags: #MorningMeditation #ReadAloud #HomeTime"
1323.jpg,/Non_CSAM/images/1323.jpg,NON_CSAM,Non sensitive,1323.jpg,1323.jpg,"@festivalvibes Children celebrate together in bright traditional clothes, sharing smiles and festive joy. A colorful day full of friendship and fun. Tags: #FestivalVibes #ChildhoodJoy #Togetherness"
0489.jpg,/Non_CSAM/images/0489.jpg,NON_CSAM,Non sensitive,0489.jpg,0489.jpg,"Caption: Gazing at nature's beauty, my little green friend.

Tags: #PlantLover #NatureInspiration #GreenThumb"
0324.jpg,/Non_CSAM/images/0324.jpg,NON_CSAM,Non sensitive,0324.jpg,0324.jpg,"Caption: A joyful baking session with a little helper!

Tags: #BakingTime #FamilyFun #CookingWithKids"
0175.jpg,/Non_CSAM/images/0175.jpg,NON_CSAM,Non sensitive,0175.jpg,0175.jpg,"Caption: A beautiful family moment in nature, enjoying a picnic together.

Tags: #FamilyTime #NatureLovers #PicnicDay"
1652.jpg,/Non_CSAM/images/1652.jpg,NON_CSAM,Non sensitive,1652.jpg,1652.jpg,"@youngperformer A young child sings into a microphone during a performance, building confidence one note at a time. Tags: #YoungPerformer #Music #Confidence"
0670.jpg,/Non_CSAM/images/0670.jpg,NON_CSAM,Non sensitive,0670.jpg,0670.jpg,"Caption: A fun day at the gym! Playing basketball with friends is so much fun!

Tags: #GymTime #BasketballFun #SportsDay"
0703.jpg,/Non_CSAM/images/0703.jpg,NON_CSAM,Non sensitive,0703.jpg,0703.jpg,"Caption: A joyful little girl in a colorful traditional outfit smiles brightly at the camera. The background is adorned with vibrant decorations, suggesting a festive occasion.

Tags: #FestivalSeason #ColorfulTraditions #HappyChildhood"
0572.jpg,/Non_CSAM/images/0572.jpg,NON_CSAM,Non sensitive,0572.jpg,0572.jpg,"Caption: Cozy cuddles on the couch. Snuggling up with mommy is the best feeling ever!

Tags: #CuddleTime #MomAndMe #ComfortableMoments"
0496.jpg,/Non_CSAM/images/0496.jpg,NON_CSAM,Non sensitive,0496.jpg,0496.jpg,"Caption: A heartwarming moment between a grandfather and his grandson as they plant a seed together. 

Tags: #FamilyTime #PlantingSeeds #GenerationsConnecting"
0601.jpg,/Non_CSAM/images/0601.jpg,NON_CSAM,Non sensitive,0601.jpg,0601.jpg,"Caption: A happy family of five is moving into their new home, surrounded by cardboard boxes. The atmosphere is warm and filled with excitement.

Tags: #NewHome #MovingDay #FamilyTime #HomeIsWhereTheHeartIs"
0168.jpg,/Non_CSAM/images/0168.jpg,NON_CSAM,Non sensitive,0168.jpg,0168.jpg,"Caption: A peaceful moment by the lake, enjoying a day of fishing together. 

Tags: #FishingTime #FamilyBonding #NatureConnection"
1446.jpg,/Non_CSAM/images/1446.jpg,NON_CSAM,Non sensitive,1446.jpg,1446.jpg,@familyouting A parent and child enjoy a relaxed moment together while exploring a lively public space. Shared outings make simple days special. Tags: #FamilyOuting #Togetherness #HappyMoments
0578.jpg,/Non_CSAM/images/0578.jpg,NON_CSAM,Non sensitive,0578.jpg,0578.jpg,"Caption: A family of four stands together in front of their modern home, enjoying the sunset. The father wears a blue shirt, the mother a pink top, and the children are dressed casually. The house features large windows and a balcony, with trees visible in the background.

Tags: #FamilyTime #Sunset #ModernHome #Together #Parenting #FamilyBonding"
0505.jpg,/Non_CSAM/images/0505.jpg,NON_CSAM,Non sensitive,0505.jpg,0505.jpg,"Caption: A fun day out with friends! Laughing and playing together is the best way to spend a sunny afternoon.

Tags: #FunWithFriends #SunnyDay #LaughterAndJoy"
1538.jpg,/Non_CSAM/images/1538.jpg,NON_CSAM,Non sensitive,1538.jpg,1538.jpg,"@classroomfun Students pose together in a cheerful classroom moment, showing the energy and friendship of school life. Tags: #ClassroomFun #SchoolFriends #HappyKids"
0583.jpg,/Non_CSAM/images/0583.jpg,NON_CSAM,Non sensitive,0583.jpg,0583.jpg,"Caption: Two young boys are having fun playing soccer on a dirt street. The colorful houses in the background add a vibrant touch to their playful moment.

Tags: #SoccerTime #PlayfulKids #ColorfulNeighborhood"
0522.jpg,/Non_CSAM/images/0522.jpg,NON_CSAM,Non sensitive,0522.jpg,0522.jpg,"Caption: Family gathering in the backyard, enjoying a barbecue while kids play soccer. 

Tags: #BackyardBarbecue #FamilyFun #SoccerGame #OutdoorLiving"
0546.jpg,/Non_CSAM/images/0546.jpg,NON_CSAM,Non sensitive,0546.jpg,0546.jpg,"Caption: A heartwarming moment between father and son enjoying a delicious waffle together.

Tags: #FamilyTime #WaffleWeek #DadAndSon"
1467.jpg,/Non_CSAM/images/1467.jpg,NON_CSAM,Non sensitive,1467.jpg,1467.jpg,"@familyday A parent and child enjoy a colorful outing together, sharing a relaxed moment during a fun day out. Tags: #FamilyDay #HappyKids #Togetherness"
1518.jpg,/Non_CSAM/images/1518.jpg,NON_CSAM,Non sensitive,1518.jpg,1518.jpg,"@familyfun A father carries his smiling child through a lively fair, sharing a bright day of laughter and adventure. Tags: #FamilyFun #HappyKids #FairDay"
0341.jpg,/Non_CSAM/images/0341.jpg,NON_CSAM,Non sensitive,0341.jpg,0341.jpg,"Caption: Two little girls enjoying a sunny day outdoors, playing together on the grass.

Tags: #PlayOutside #Friendship #SummerFun"
1459.jpg,/Non_CSAM/images/1459.jpg,NON_CSAM,Non sensitive,1459.jpg,1459.jpg,"@creativeplay Children enjoy an imaginative indoor activity with colorful equipment, turning playtime into a fun adventure. Tags: #CreativePlay #KidsActivities #ChildhoodJoy"
1452.jpg,/Non_CSAM/images/1452.jpg,NON_CSAM,Non sensitive,1452.jpg,1452.jpg,@familyfestival A child and parent share a joyful moment at a colorful festival surrounded by balloons and cheerful decorations. Tags: #FamilyFestival #HappyKids #Celebration
0665.jpg,/Non_CSAM/images/0665.jpg,NON_CSAM,Non sensitive,0665.jpg,0665.jpg,"Caption: A heartwarming moment on the beach where a grandpa, dad, and their young grandson are enjoying a kite-flying session together. The ocean waves gently roll in as they share laughter and joy.

Tags: #FamilyTime #BeachLife #KiteFlying #SummerFun #GenerationsTogether"
1693.jpg,/Non_CSAM/images/1693.jpg,NON_CSAM,Non sensitive,1693.jpg,1693.jpg,"@holicelebration Friends covered in bright festival colors celebrate together outdoors, sharing smiles and joyful energy. Tags: #HoliCelebration #FestivalColors #Friendship"
2768.jpg,/Non_CSAM/images/2768.jpg,NON_CSAM,Non sensitive,2768.jpg,2768.jpg,"Caption: A heartwarming moment between a parent and child in a toy store. The child is laughing joyfully while holding a stuffed animal.

Tags: #ToyStoreAdventure #ParentChildBonding #HappyMoments"
1756.jpg,/Non_CSAM/images/1756.jpg,NON_CSAM,Non sensitive,1756.jpg,1756.jpg,"@holicelebration A group of friends gathers in the street covered in colorful Holi powder, enjoying the festive atmosphere together. Tags: #HoliCelebration #FestivalColors #Friendship"
0289.jpg,/Non_CSAM/images/0289.jpg,NON_CSAM,Non sensitive,0289.jpg,0289.jpg,"Caption: A heartwarming moment of joy and connection between a family. 

Tags: #FamilyTime #HappyMoments #ParentingJourney"
1480.jpg,/Non_CSAM/images/1480.jpg,NON_CSAM,Non sensitive,1480.jpg,1480.jpg,"@familyfun A parent and children enjoy a colorful fair together, sharing smiles while exploring the attractions. Tags: #FamilyFun #FairDay #HappyMoments"
0262.jpg,/Non_CSAM/images/0262.jpg,NON_CSAM,Non sensitive,0262.jpg,0262.jpg,"Caption: A heartwarming moment of connection between a grandparent and their grandchild as they enjoy a playful kick around the park. 

Tags: #FamilyTime #ParkLife #PlayfulMoments"
0526.jpg,/Non_CSAM/images/0526.jpg,NON_CSAM,Non sensitive,0526.jpg,0526.jpg,"Caption: Backpacks ready for adventure! 

Tags: #Backpacks #ReadyForAdventure #SchoolSeason"
1690.jpg,/Non_CSAM/images/1690.jpg,NON_CSAM,Non sensitive,1690.jpg,1690.jpg,"@schoolproject Students work together at a colorful educational display, learning through a hands-on school activity. Tags: #SchoolProject #LearningTogether #Education"
1497.jpg,/Non_CSAM/images/1497.jpg,NON_CSAM,Non sensitive,1497.jpg,1497.jpg,"@friendsandfood Friends enjoy a relaxed meal together, sharing food and conversation in a cheerful setting. Tags: #FriendsAndFood #Mealtime #Togetherness"
1606.jpg,/Non_CSAM/images/1606.jpg,NON_CSAM,Non sensitive,1606.jpg,1606.jpg,"@schoolfriends Students in blue uniforms gather together outdoors, sharing a cheerful school-day moment. Tags: #SchoolFriends #StudentLife #Togetherness"
0376.jpg,/Non_CSAM/images/0376.jpg,NON_CSAM,Non sensitive,0376.jpg,0376.jpg,"Caption: Gardening together is such a peaceful activity!

Tags: #Gardening #FamilyTime #NatureLovers"
0464.jpg,/Non_CSAM/images/0464.jpg,NON_CSAM,Non sensitive,0464.jpg,0464.jpg,"Caption: A heartwarming moment between a father and his daughters in their kitchen. They're sharing a laugh and a hug, creating beautiful memories together.

Tags: #FamilyTime #KitchenLove #ParentingJourney"
1414.jpg,/Non_CSAM/images/1414.jpg,NON_CSAM,Non sensitive,1414.jpg,1414.jpg,"@pizzaandfriends Friends enjoy pizza together during a cheerful gathering, sharing food, laughter, and good company. Tags: #FriendsTogether #PizzaTime #HappyMoments"
0231.jpg,/Non_CSAM/images/0231.jpg,NON_CSAM,Non sensitive,0231.jpg,0231.jpg,"Caption: Baking together is always a fun way to spend time with family!

Tags: #FamilyTime #Baking #CookingWithKids"
0012.webp,/Non_CSAM/images/0012.webp,NON_CSAM,Non sensitive,0012.webp,0012.webp,"Caption: A fun learning session with friends!

Tags: #CreativeKids #ArtTime #PlayfulLearning"
0515.jpg,/Non_CSAM/images/0515.jpg,NON_CSAM,Non sensitive,0515.jpg,0515.jpg,"Caption: Exploring nature's wonders together!

Tags: #ForestExploration #OutdoorFun #NatureLovers"
2698.jpg,/Non_CSAM/images/2698.jpg,NON_CSAM,Non sensitive,2698.jpg,2698.jpg,"Caption: A happy family moment at home, surrounded by moving boxes and plants. 

Tags: #NewHome #FamilyTime #MovingDay"
1558.jpg,/Non_CSAM/images/1558.jpg,NON_CSAM,Non sensitive,1558.jpg,1558.jpg,"@schoolfun Two students enjoy a playful classroom moment, bringing movement and laughter into the school day. Tags: #SchoolFun #HappyStudents #ChildhoodJoy"
1325.jpg,/Non_CSAM/images/1325.jpg,NON_CSAM,Non sensitive,1325.jpg,1325.jpg,@childhoodstories Children enjoy a quiet moment together in a cozy outdoor setting. Simple moments can become the sweetest memories. Tags: #ChildhoodMemories #OutdoorFun #Friendship
0414.jpg,/Non_CSAM/images/0414.jpg,NON_CSAM,Non sensitive,0414.jpg,0414.jpg,"Caption: Reading is magic! 

Tags: #BookLover #ReadingTime #EducationIsFun"
1727.jpg,/Non_CSAM/images/1727.jpg,NON_CSAM,Non sensitive,1727.jpg,1727.jpg,"@holicelebration Young friends covered in colorful powder celebrate Holi together, bringing energy and joy to the festival. Tags: #HoliCelebration #FestivalColors #HappyKids"
1389.jpg,/Non_CSAM/images/1389.jpg,NON_CSAM,Non sensitive,1389.jpg,1389.jpg,@schoolshow Students and performers bring a fun group routine to the stage with coordinated movements and cheerful energy. Tags: #SchoolShow #GroupPerformance #Teamwork
1478.jpg,/Non_CSAM/images/1478.jpg,NON_CSAM,Non sensitive,1478.jpg,1478.jpg,"@schoolfootball Students play an energetic football game outdoors, showing teamwork and enthusiasm on the field. Tags: #SchoolFootball #YoungAthletes #Teamwork"
0159.jpg,/Non_CSAM/images/0159.jpg,NON_CSAM,Non sensitive,0159.jpg,0159.jpg,"Caption: A family of four enjoying a beautiful sunset in a golden field. The sky is painted with hues of orange and pink, creating a serene backdrop for their joyful moment together.

Tags: #FamilyTime #Sunset #NatureLovers #HappyFamily #FieldOfDreams"
2903.png,/Non_CSAM/images/2903.png,NON_CSAM,Non sensitive,2903.png,2903.png,"Caption: A joyful playtime at the kids' corner!

Tags: #PlayfulKids #ChildhoodMagic #FunTimeWithFriends"
3033.png,/Non_CSAM/images/3033.png,NON_CSAM,Non sensitive,3033.png,3033.png,"Caption: A cozy Christmas scene with a beautifully decorated tree and wrapped presents. 

Tags: #ChristmasMagic #HolidayVibes #CozyHome"
0095.jpg,/Non_CSAM/images/0095.jpg,NON_CSAM,Non sensitive,0095.jpg,0095.jpg,"Caption: A joyful moment captured on stage, where two individuals are singing into microphones. The vibrant background adds a lively atmosphere to their performance.

Tags: #MusicPerformance #StageShow #VibrantBackground"
2629.jpg,/Non_CSAM/images/2629.jpg,NON_CSAM,Non sensitive,2629.jpg,2629.jpg,"Caption: A happy family enjoying a day out shopping together!

Tags: #FamilyTime #ShoppingDay #HappyFamily"
0317.jpg,/Non_CSAM/images/0317.jpg,NON_CSAM,Non sensitive,0317.jpg,0317.jpg,"Caption: Enjoying a sunny day at the park with friends!

Tags: #ParkLife #Friendship #SunnyDay"
2934.png,/Non_CSAM/images/2934.png,NON_CSAM,Non sensitive,2934.png,2934.png,"Caption: A joyful moment of bonding and learning at the ballet studio!

Tags: #BalletClass #MomAndDaughter #ArtOfDance"
2879.png,/Non_CSAM/images/2879.png,NON_CSAM,Non sensitive,2879.png,2879.png,"Caption: A heartwarming moment of family bonding on a sunny day!

Tags: #FamilyTime #OutdoorFun #ParentChildBonding"
2758.jpg,/Non_CSAM/images/2758.jpg,NON_CSAM,Non sensitive,2758.jpg,2758.jpg,"Caption: A fun family moment in the kitchen! The kids are having a blast with their goggles and toy sword. 

Tags: #FamilyFun #KitchenTime #PlaytimeWithFamily"
0702.jpg,/Non_CSAM/images/0702.jpg,NON_CSAM,Non sensitive,0702.jpg,0702.jpg,"Caption: A lively dance party is in full swing!

Tags: #DanceParty #FunTimes #PartyMode"
1601.jpg,/Non_CSAM/images/1601.jpg,NON_CSAM,Non sensitive,1601.jpg,1601.jpg,@christmaschoir Children dressed as Santa perform together in a cheerful holiday celebration. Their bright smiles bring the festive spirit to life. Tags: #ChristmasChoir #HolidayFun #YoungVoices
0597.jpg,/Non_CSAM/images/0597.jpg,NON_CSAM,Non sensitive,0597.jpg,0597.jpg,"Caption: A heartwarming moment of bonding between a parent and child enjoying a bike ride together. 

Tags: #FamilyTime #BikeRide #ParentChildBonding"
0183.jpg,/Non_CSAM/images/0183.jpg,NON_CSAM,Non sensitive,0183.jpg,0183.jpg,"Caption: A heartwarming moment between a family of three. The father is holding his son up, while the mother smiles warmly at the camera. 

Tags: #FamilyTime #Parenting #MomAndDad #CuteMoments #FamilyLove"
0363.jpg,/Non_CSAM/images/0363.jpg,NON_CSAM,Non sensitive,0363.jpg,0363.jpg,"Caption: Kids playing soccer in a sunny field, enjoying a fun day outdoors!

Tags: #SoccerGame #PlayOutside #SummerFun"
1515.jpg,/Non_CSAM/images/1515.jpg,NON_CSAM,Non sensitive,1515.jpg,1515.jpg,"@familyfun A family shares a joyful indoor meal together, smiling over a table filled with tasty food. Tags: #FamilyFun #Mealtime #Togetherness"
2800.jpg,/Non_CSAM/images/2800.jpg,NON_CSAM,Non sensitive,2800.jpg,2800.jpg,"Caption: A heartwarming moment between two friends, sharing a cozy hug by the window. 

Tags: FriendshipGoals #CuddleTime #WarmthInWinter"
2662.jpg,/Non_CSAM/images/2662.jpg,NON_CSAM,Non sensitive,2662.jpg,2662.jpg,"Caption: Snowy adventure ahead! Ready to hit the slopes with my buddy.

Tags: #WinterFun #SnowDay #SkiingWithKids"
1498.jpg,/Non_CSAM/images/1498.jpg,NON_CSAM,Non sensitive,1498.jpg,1498.jpg,"@studentadventure A group of friends explores a colorful indoor attraction together, laughing and enjoying the adventure. Tags: #StudentLife #FriendsTogether #AdventureDay"
0675.jpg,/Non_CSAM/images/0675.jpg,NON_CSAM,Non sensitive,0675.jpg,0675.jpg,"Caption: Cherry picking fun! 

Tags: #CherryPicking #SummerFun #PickYourOwnCherries"
1736.jpg,/Non_CSAM/images/1736.jpg,NON_CSAM,Non sensitive,1736.jpg,1736.jpg,@holifun A child enjoys a playful burst of colorful powder during a joyful Holi celebration. Tags: #HoliFun #FestivalColors #ChildhoodJoy
2641.jpg,/Non_CSAM/images/2641.jpg,NON_CSAM,Non sensitive,2641.jpg,2641.jpg,"Caption: Enjoying a peaceful day by the river with family!

Tags: #FamilyTime #NatureLovers #RiverSide"
0603.jpg,/Non_CSAM/images/0603.jpg,NON_CSAM,Non sensitive,0603.jpg,0603.jpg,"Caption: A cozy moment of creativity! Writing in her notebook is always a peaceful activity. 

Tags: #CreativeSpots #WritingTime #CozyMoments"
0638.jpg,/Non_CSAM/images/0638.jpg,NON_CSAM,Non sensitive,0638.jpg,0638.jpg,"Caption: A heartwarming moment of family bonding during Diwali celebrations!

Tags: #Diwali #FamilyTime #CulturalCelebration"
0001.webp,/Non_CSAM/images/0001.webp,NON_CSAM,Non sensitive,0001.webp,0001.webp,"Caption: <Children in a classroom, wearing colorful traditional clothing and red hats, engaged in learning activities.>

Tags: #Education #CulturalHeritage #ClassroomLife"
1671.jpg,/Non_CSAM/images/1671.jpg,NON_CSAM,Non sensitive,1671.jpg,1671.jpg,"@schoolspirit Students join a cheerful school celebration, waving flags and sharing the excitement of a special day. Tags: #SchoolSpirit #StudentLife #Celebration"
1370.jpg,/Non_CSAM/images/1370.jpg,NON_CSAM,Non sensitive,1370.jpg,1370.jpg,"@schoollunch Children share a cheerful mealtime at school, enjoying food and friendship around the table. Good meals make happy school days. Tags: #SchoolLunch #HappyKids #Friendship"
0632.jpg,/Non_CSAM/images/0632.jpg,NON_CSAM,Non sensitive,0632.jpg,0632.jpg,"Caption: A little adventurer exploring nature's muddy trails!

Tags: #NatureExploration #MuddyAdventure #PlayOutside"
1714.jpg,/Non_CSAM/images/1714.jpg,NON_CSAM,Non sensitive,1714.jpg,1714.jpg,"@outdooradventure Children splash and play together in shallow water, turning a warm day into a fun outdoor adventure. Tags: #OutdoorAdventure #WaterPlay #ChildhoodJoy"
2796.jpg,/Non_CSAM/images/2796.jpg,NON_CSAM,Non sensitive,2796.jpg,2796.jpg,"Caption: A happy family enjoying a colorful day together!

Tags: #FamilyTime #ColorfulDays #HappyFamily"
1405.jpg,/Non_CSAM/images/1405.jpg,NON_CSAM,Non sensitive,1405.jpg,1405.jpg,"@schoolactivities Students take part in an energetic group activity outdoors, learning and having fun together. Teamwork makes the experience even better. Tags: #SchoolActivities #Teamwork #HappyKids"
0227.jpg,/Non_CSAM/videos/video005/0227.jpg,NON_CSAM,Non sensitive,video005,0227.jpg,"Caption: Enjoying a beautiful sunset at the beach with family!

Tags: #FamilyTime #BeachLife #SunsetVibes"
0234.jpg,/Non_CSAM/videos/video005/0234.jpg,NON_CSAM,Non sensitive,video005,0234.jpg,"Caption: A beautiful sunset at the beach with a family enjoying their time together. The sun is setting, casting a warm glow over the ocean and the sand.

Tags: #FamilyTime #BeachLife #SunsetVibes"
0274.jpg,/Non_CSAM/images/0274.jpg,NON_CSAM,Non sensitive,0274.jpg,0274.jpg,"Caption: A heartwarming moment between a mother and daughter enjoying a playful piggyback ride in the park. 

Tags: #FamilyTime #NatureLovers #PlayfulMoments"
2697.jpg,/Non_CSAM/images/2697.jpg,NON_CSAM,Non sensitive,2697.jpg,2697.jpg,"Caption: A heartwarming moment at the grocery store! 

Tags: #FamilyTime #GroceryShopping #HealthyEating"
0649.jpg,/Non_CSAM/images/0649.jpg,NON_CSAM,Non sensitive,0649.jpg,0649.jpg,"Caption: Two friends enjoying a bike ride together on a sunny day.

Tags: #BikeRide #Friendship #SunnyDay #ActiveLifestyle"
3075.jpg,/Non_CSAM/images/3075.jpg,NON_CSAM,Non sensitive,3075.jpg,3075.jpg,"Caption: A heartwarming moment between a mother and daughter, enjoying a creative activity together. 

Tags: #MomAndMe #CreativeTime #FamilyBonding"
2588.jpg,/Non_CSAM/images/2588.jpg,NON_CSAM,Non sensitive,2588.jpg,2588.jpg,"Caption: Enjoying a sunny day by the pool with family!

Tags: #PoolTime #FamilyFun #SummerVibes"
0153.jpg,/Non_CSAM/images/0153.jpg,NON_CSAM,Non sensitive,0153.jpg,0153.jpg,"Caption: A heartwarming moment between father and son by the lake. Fishing together is such a special bonding experience!

Tags: #FamilyTime #FatherAndSon #LakeLife"
1427.jpg,/Non_CSAM/images/1427.jpg,NON_CSAM,Non sensitive,1427.jpg,1427.jpg,"@teamwork Friends and family join hands in a circle, celebrating cooperation and connection. Together, small efforts can make a big difference. Tags: #Teamwork #Togetherness #Community"
0761.webp,/Non_CSAM/images/0761.webp,NON_CSAM,Non sensitive,0761.webp,0761.webp,"Caption: A day filled with creativity and learning!

Tags: #PlayfulLearning #CreativePlay #ChildDevelopment"
0419.jpg,/Non_CSAM/images/0419.jpg,NON_CSAM,Non sensitive,0419.jpg,0419.jpg,"Caption: Cooking up some fun in the kitchen!

Tags: #FamilyTime #KitchenMagic #CookingWithKids"
1648.jpg,/Non_CSAM/images/1648.jpg,NON_CSAM,Non sensitive,1648.jpg,1648.jpg,"@familymoments A parent and child relax together during a cozy moment at home, sharing comfort and quiet companionship. Tags: #FamilyMoments #Togetherness #Childhood"
1610.jpg,/Non_CSAM/images/1610.jpg,NON_CSAM,Non sensitive,1610.jpg,1610.jpg,"@studentfriends Two students chat together indoors, sharing ideas and enjoying a relaxed moment between activities. Tags: #StudentFriends #Friendship #LearningTogether"
0004.webp,/Non_CSAM/images/0004.webp,NON_CSAM,Non sensitive,0004.webp,0004.webp,"Caption: A joyful moment at school! 

Tags: #ClassroomLife #LearningFun #SmileOfTheDay"
2587.jpg,/Non_CSAM/images/2587.jpg,NON_CSAM,Non sensitive,2587.jpg,2587.jpg,"Caption: A heartwarming moment between a mother and her two children. The little one is holding a toy, and they're all smiling together.

Tags: #FamilyTime #MomAndKids #HappyMoments"
0537.jpg,/Non_CSAM/images/0537.jpg,NON_CSAM,Non sensitive,0537.jpg,0537.jpg,"Caption: A sunny day in the park, perfect for a bike ride!

Tags: #NatureLovers #BikeRide #ActiveLiving"
1941.jpg,/CSAM_non_sens/images/1941.jpg,CSAM,Non sensitive,1941.jpg,1941.jpg,"Caption: A child appears distressed, possibly due to isolation or emotional distress. Visible signs include sadness and a lack of engagement.

Tags: #ChildSafety #ChildProtection #EmotionalDistress #Isolation #ChildWellbeing"
2024.jpg,/CSAM_non_sens/images/2024.jpg,CSAM,Non sensitive,2024.jpg,2024.jpg,"Caption: A child appears distressed, with a furrowed brow and a slightly sad expression. Visible signs of distress include a furrowed brow and a slightly sad expression.

Tags: #ChildSafety #ChildProtection #Distress #EmotionalVulnerability"
3215.jpg,/CSAM_non_sens/images/3215.jpg,CSAM,Non sensitive,3215.jpg,3215.jpg,"Caption: A child appears distressed, resting their head on their hand, suggesting feelings of sadness or distress. This situation highlights the importance of providing emotional support and safety for children.

Tags: #ChildSafety #EmotionalSupport #ChildProtection"
0829.webp,/CSAM_non_sens/images/0829.webp,CSAM,Non sensitive,0829.webp,0829.webp,"Caption: Visible physical aggression can put a child at serious risk. Hitting and violence should never be normalized, and every child deserves to feel safe and protected.

Tags: #ChildSafety #ChildProtection #StopViolence"
3390.jpg,/CSAM_non_sens/images/3390.jpg,CSAM,Non sensitive,3390.jpg,3390.jpg,"Caption: A child appears distressed, leaning against a wall with a hand on their head, possibly indicating sadness or distress.

Tags: #ChildSafety #ChildProtection #EmotionalSupport"
1837.jpg,/CSAM_non_sens/images/1837.jpg,CSAM,Non sensitive,1837.jpg,1837.jpg,"Caption: A child appears to be being restrained by two other children, suggesting a concerning situation of physical aggression or bullying.

Tags: #ChildSafety #ChildProtection #StopBullying"
1952.jpg,/CSAM_non_sens/images/1952.jpg,CSAM,Non sensitive,1952.jpg,1952.jpg,"Caption: A child appears to be sitting alone by a window, facing a brick wall. The child seems to be looking outwards, possibly feeling isolated or distressed.

Tags: #ChildSafety #ChildIsolation #ChildDistress"
3129.jpg,/CSAM_non_sens/images/3129.jpg,CSAM,Non sensitive,3129.jpg,3129.jpg,"Caption: A child appears distressed, with hands on their head, suggesting feelings of fear or distress. Visible physical aggression is not present.

Tags: #ChildSafety #ChildProtection #EmotionalDistress #SafeEnvironment"
3180.jpg,/CSAM_non_sens/images/3180.jpg,CSAM,Non sensitive,3180.jpg,3180.jpg,"Caption: A child appears distressed, covering their ears, while another person stands nearby with hands raised near their head, possibly indicating frustration or concern.

Tags: #ChildSafety #ChildProtection #EmotionalDistress #SafeEnvironment"
1966.jpg,/CSAM_non_sens/images/1966.jpg,CSAM,Non sensitive,1966.jpg,1966.jpg,"Caption: A child appears to be restrained and in distress, suggesting potential neglect or abuse. It is crucial to ensure the safety and well-being of all children.

Tags: #ChildSafety #ChildProtection #ChildAbuse #VulnerableChildren"
3379.png,/CSAM_non_sens/videos/video010/3379.png,CSAM,Non sensitive,video010,3379.png,"Caption: A child appears distressed while another child looks on. Visible signs of distress include sadness and isolation.

Tags: #ChildSafety #ChildProtection #ChildWellbeing #EmotionalSupport #SafeEnvironment"
3439.jpg,/CSAM_non_sens/videos/video010/3439.jpg,CSAM,Non sensitive,video010,3439.jpg,"Caption: A child appears to be distressed and is being pushed by another child. This behavior can be harmful and should be addressed immediately.

Tags: #ChildSafety #ChildProtection #StopBullying #ChildAbuse #SafeEnvironment"
3440.jpg,/CSAM_non_sens/videos/video010/3440.jpg,CSAM,Non sensitive,video010,3440.jpg,"Caption: A child is being held by an adult while another child stands nearby. The child appears distressed and is being restrained.

Tags: #ChildSafety #ChildProtection #ChildAbuse #Intimidation #Distress"
3441.jpg,/CSAM_non_sens/videos/video010/3441.jpg,CSAM,Non sensitive,video010,3441.jpg,"Caption: A child is being pushed by another child, indicating a concerning situation.

Tags: #ChildSafety #ChildProtection #StopBullying"
3442.jpg,/CSAM_non_sens/videos/video010/3442.jpg,CSAM,Non sensitive,video010,3442.jpg,"Caption: A child is running away while two adults are trying to stop them. One adult appears to be pushing the child.

Tags: #ChildSafety #ChildProtection #StopBullying"
3444.jpg,/CSAM_non_sens/videos/video010/3444.jpg,CSAM,Non sensitive,video010,3444.jpg,"Caption: A child is being restrained by an adult in a bedroom setting, suggesting a potential safety concern.

Tags: #ChildSafety #ChildProtection #SafeEnvironment"
3445.jpg,/CSAM_non_sens/videos/video010/3445.jpg,CSAM,Non sensitive,video010,3445.jpg,"Caption: A child appears to be being pushed by another individual, indicating potential physical aggression.

Tags: #ChildSafety #ChildProtection #StopViolence"
3446.jpg,/CSAM_non_sens/videos/video010/3446.jpg,CSAM,Non sensitive,video010,3446.jpg,"Caption: A child appears to be in distress, possibly due to a verbal confrontation or physical interaction. The scene suggests a need for intervention to ensure the child's safety and well-being.

Tags: #ChildSafety #ChildProtection #InterventionNeeded"
3447.jpg,/CSAM_non_sens/videos/video010/3447.jpg,CSAM,Non sensitive,video010,3447.jpg,"Caption: A child appears to be being pushed by another child, indicating potential physical aggression.

Tags: #ChildSafety #ChildProtection #StopViolence"
3448.jpg,/CSAM_non_sens/videos/video010/3448.jpg,CSAM,Non sensitive,video010,3448.jpg,"Caption: A child appears to be in distress, possibly due to a recent interaction with another child. The scene suggests a need for adult intervention to ensure the child's safety and well-being.

Tags: #ChildSafety #ChildProtection #ChildWellbeing #SafeEnvironment #EmotionalSupport"
3449.jpg,/CSAM_non_sens/videos/video010/3449.jpg,CSAM,Non sensitive,video010,3449.jpg,"Caption: A child appears to be being pushed by another child, indicating potential physical aggression.

Tags: #ChildSafety #ChildProtection #StopBullying"
3450.jpg,/CSAM_non_sens/videos/video010/3450.jpg,CSAM,Non sensitive,video010,3450.jpg,"Caption: A child appears distressed and is being comforted by an adult. The adult seems to be trying to calm the child down.

Tags: #ChildSafety #ChildProtection #EmotionalSupport"
3451.jpg,/CSAM_non_sens/videos/video010/3451.jpg,CSAM,Non sensitive,video010,3451.jpg,"Caption: A child appears to be being physically restrained by an adult, suggesting a concerning situation.

Tags: #ChildSafety #ChildProtection #PhysicalAggression"
3452.jpg,/CSAM_non_sens/videos/video010/3452.jpg,CSAM,Non sensitive,video010,3452.jpg,"Caption: A child appears distressed while another child seems to be comforting them. The scene suggests a moment of emotional support or concern.

Tags: #ChildSafety #ChildEmotionalSupport #ChildProtection"
3453.jpg,/CSAM_non_sens/videos/video010/3453.jpg,CSAM,Non sensitive,video010,3453.jpg,"Caption: A child appears to be being pushed by another child, indicating potential physical aggression.

Tags: #ChildSafety #ChildProtection #StopViolence"
3455.jpg,/CSAM_non_sens/videos/video010/3455.jpg,CSAM,Non sensitive,video010,3455.jpg,"Caption: A child appears to be engaging in physical aggression towards another child, which can pose significant risks to their safety and well-being.

Tags: #ChildSafety #ChildProtection #StopViolence"
3456.jpg,/CSAM_non_sens/videos/video010/3456.jpg,CSAM,Non sensitive,video010,3456.jpg,"Caption: A child appears to be being pushed by another child, indicating potential physical aggression.

Tags: #ChildSafety #ChildProtection #StopViolence"
3457.jpg,/CSAM_non_sens/videos/video010/3457.jpg,CSAM,Non sensitive,video010,3457.jpg,"Caption: A child appears to be being pushed by another child, indicating potential physical aggression.

Tags: #ChildSafety #ChildProtection #StopViolence"
3458.jpg,/CSAM_non_sens/videos/video010/3458.jpg,CSAM,Non sensitive,video010,3458.jpg,"Caption: A child appears distressed and is being restrained by an adult, suggesting a potentially unsafe situation.

Tags: #ChildSafety #ChildProtection #SafeEnvironment"
3459.jpg,/CSAM_non_sens/videos/video010/3459.jpg,CSAM,Non sensitive,video010,3459.jpg,"Caption: A child appears distressed and is being comforted by an adult. The adult seems to be trying to console the child, who looks sad and upset.

Tags: #ChildSafety #ChildEmotionalSupport #ComfortingChildren"
3460.jpg,/CSAM_non_sens/videos/video010/3460.jpg,CSAM,Non sensitive,video010,3460.jpg,"Caption: A child appears to be being pushed by another child, indicating potential physical aggression.

Tags: #ChildSafety #ChildProtection #StopViolence"
3461.jpg,/CSAM_non_sens/videos/video010/3461.jpg,CSAM,Non sensitive,video010,3461.jpg,"Caption: A child appears distressed and is being comforted by another adult in a room. The adult seems to be trying to calm the child down.

Tags: #ChildSafety #ChildProtection #EmotionalSupport"
3462.jpg,/CSAM_non_sens/videos/video010/3462.jpg,CSAM,Non sensitive,video010,3462.jpg,"Caption: A child appears distressed and is being comforted by an adult. The adult seems to be trying to calm the child down.

Tags: #ChildSafety #ChildProtection #EmotionalSupport"
3208.jpg,/CSAM_non_sens/images/3208.jpg,CSAM,Non sensitive,3208.jpg,3208.jpg,"Caption: A child appears distressed, with hands raised in a defensive posture, while parents seem to be in a heated argument in the background.

Tags: #ChildSafety #ParentalConflict #Distress #EmotionalSupport"
3164.jpg,/CSAM_non_sens/images/3164.jpg,CSAM,Non sensitive,3164.jpg,3164.jpg,"Caption: A child appears distressed on the floor, while an adult reaches out towards them. Visible signs of concern and potential neglect are evident.

Tags: #ChildSafety #ChildProtection #ChildAbuse #VulnerableChildren #SafeEnvironment"
3179.jpg,/CSAM_non_sens/images/3179.jpg,CSAM,Non sensitive,3179.jpg,3179.jpg,"Caption: A mother appears to be pointing at her daughter, who has her back turned and arms crossed, suggesting a tense interaction. This could indicate a moment of conflict or disagreement between them.

Tags: #ParentChildConflict #TenseMoments #ChildSafety"
1846.jpg,/CSAM_non_sens/images/1846.jpg,CSAM,Non sensitive,1846.jpg,1846.jpg,"Caption: A child appears distressed, covering their ears, possibly indicating fear or discomfort. Visible physical aggression is not present in this image.

Tags: #ChildSafety #ChildProtection #EmotionalDistress #SafeEnvironment"
1937.jpg,/CSAM_non_sens/images/1937.jpg,CSAM,Non sensitive,1937.jpg,1937.jpg,"Caption: A child appears to be sitting alone on a bed, possibly feeling isolated or distressed. Visible signs of sadness or distress might indicate emotional vulnerability.

Tags: #ChildSafety #ChildProtection #EmotionalVulnerability"
2017.jpg,/CSAM_non_sens/images/2017.jpg,CSAM,Non sensitive,2017.jpg,2017.jpg,"Caption: A child appears to be in a vulnerable position, possibly feeling isolated and distressed. Visible signs of sadness or distress can be seen on their face.

Tags: #ChildSafety #ChildProtection #ChildVulnerability #EmotionalDistress #Isolation"
1882.jpg,/CSAM_non_sens/images/1882.jpg,CSAM,Non sensitive,1882.jpg,1882.jpg,"Caption: Visible physical aggression can put a child at serious risk. Hitting and violence should never be normalized, and every child deserves to feel safe and protected.

Tags: #ChildSafety #ChildProtection #StopViolence"
0854.webp,/CSAM_non_sens/images/0854.webp,CSAM,Non sensitive,0854.webp,0854.webp,"Caption: Visible physical aggression can pose significant risks to a child's safety. It's crucial to address and prevent such behaviors to ensure every child feels secure and protected.

Tags: #ChildSafety #ChildProtection #StopViolence"
0897.jpg,/CSAM_non_sens/images/0897.jpg,CSAM,Non sensitive,0897.jpg,0897.jpg,"Caption: Visible physical aggression can pose significant risks to a child's safety. Hitting and violence should never be tolerated, and every child deserves to feel secure and protected.

Tags: #ChildSafety #ChildProtection #StopViolence"
2058.jpg,/CSAM_non_sens/images/2058.jpg,CSAM,Non sensitive,2058.jpg,2058.jpg,"Caption: A child appears distressed, possibly due to emotional or environmental factors. Visible signs of distress include a tense posture and a worried expression.

Tags: #ChildSafety #ChildProtection #EmotionalDistress"
1840.jpg,/CSAM_non_sens/images/1840.jpg,CSAM,Non sensitive,1840.jpg,1840.jpg,"Caption: A child appears distressed, possibly due to emotional or physical discomfort. Visible signs include sadness and isolation.

Tags: #ChildSafety #ChildProtection #EmotionalSupport #Isolation #Distress"
3377.png,/CSAM_non_sens/images/3377.png,CSAM,Non sensitive,3377.png,3377.png,"Caption: A child appears to be in distress, possibly due to isolation or emotional distress. Visible signs include sadness and a lack of engagement with their surroundings.

Tags: #ChildSafety #ChildProtection #EmotionalDistress #Isolation #ChildWellbeing"
3230.jpg,/CSAM_non_sens/videos/video001/3230.jpg,CSAM,Non sensitive,video001,3230.jpg,"Caption: A child appears distressed and is leaning forward, possibly in response to something off-screen. Another child seems to be comforting or interacting with them.

Tags: #ChildSafety #ChildEmotionalSupport #ChildDistress"
3237.jpg,/CSAM_non_sens/videos/video001/3237.jpg,CSAM,Non sensitive,video001,3237.jpg,"Caption: A child appears to be reaching out towards another child, who seems to be leaning forward, possibly in a gesture of concern or assistance. The setting looks like a living room with a couch and some flowers on a table.

Tags: #ChildSafety #ChildProtection #SafeEnvironment"
3239.jpg,/CSAM_non_sens/videos/video001/3239.jpg,CSAM,Non sensitive,video001,3239.jpg,"Caption: A child appears distressed while another child reaches out to comfort them. Visible signs of distress include tears and a worried expression.

Tags: #ChildSafety #ChildProtection #EmotionalSupport"
3247.jpg,/CSAM_non_sens/videos/video001/3247.jpg,CSAM,Non sensitive,video001,3247.jpg,"Caption: A child appears to be being pushed by another individual, indicating potential physical aggression.

Tags: #ChildSafety #ChildProtection #StopViolence"
3257.jpg,/CSAM_non_sens/videos/video001/3257.jpg,CSAM,Non sensitive,video001,3257.jpg,"Caption: A child appears distressed, possibly crying or expressing sadness. Visible signs of distress include tears and a worried expression.

Tags: #ChildSafety #ChildEmotionalWellbeing #ChildProtection"
3258.jpg,/CSAM_non_sens/videos/video001/3258.jpg,CSAM,Non sensitive,video001,3258.jpg,"Caption: A child appears distressed while interacting with an adult in a living room setting. The adult seems to be comforting the child, who is holding a backpack. The scene suggests a moment of concern or emotional support.

Tags: #ChildSafety #ChildEmotionalSupport #SafeEnvironment"
3259.jpg,/CSAM_non_sens/videos/video001/3259.jpg,CSAM,Non sensitive,video001,3259.jpg,"Caption: A child appears distressed while another person holds a phone, possibly showing something that has upset the child.

Tags: #ChildSafety #ChildProtection #EmotionalDistress"
3260.jpg,/CSAM_non_sens/videos/video001/3260.jpg,CSAM,Non sensitive,video001,3260.jpg,"Caption: A woman appears to be comforting a distressed child, who seems to be crying or upset. The woman is holding the child gently and speaking to them.

Tags: #ChildSafety #ChildProtection #EmotionalSupport"
3261.jpg,/CSAM_non_sens/videos/video001/3261.jpg,CSAM,Non sensitive,video001,3261.jpg,"Caption: A child appears to be being physically restrained by an adult, indicating a concerning situation.

Tags: #ChildSafety #ChildProtection #PhysicalAggression"
3262.jpg,/CSAM_non_sens/videos/video001/3262.jpg,CSAM,Non sensitive,video001,3262.jpg,"Caption: A child appears to be being restrained by an adult, suggesting a concerning situation.

Tags: #ChildSafety #ChildProtection #SafeEnvironment"
3265.jpg,/CSAM_non_sens/videos/video001/3265.jpg,CSAM,Non sensitive,video001,3265.jpg,"Caption: A child appears to be being pushed or restrained by another individual, which can be concerning and put the child at risk.

Tags: #ChildSafety #ChildProtection #SafeEnvironment"
3266.jpg,/CSAM_non_sens/videos/video001/3266.jpg,CSAM,Non sensitive,video001,3266.jpg,"Caption: A child appears to be being held by another individual, possibly in a protective or comforting manner. The setting suggests a domestic environment.

Tags: #ChildSafety #ChildProtection #SafeEnvironment"
3267.jpg,/CSAM_non_sens/videos/video001/3267.jpg,CSAM,Non sensitive,video001,3267.jpg,"Caption: A child appears to be being held by another individual in a potentially unsafe situation. Visible physical contact suggests a concern for safety and protection.

Tags: #ChildSafety #ChildProtection #SafeEnvironment"
3268.jpg,/CSAM_non_sens/videos/video001/3268.jpg,CSAM,Non sensitive,video001,3268.jpg,"Caption: A child appears to be in distress, possibly due to isolation or sadness. Visible signs of emotional vulnerability include a lack of engagement and a somber expression.

Tags: #ChildSafety #ChildEmotionalWellbeing #Isolation #Vulnerability"
3269.jpg,/CSAM_non_sens/videos/video001/3269.jpg,CSAM,Non sensitive,video001,3269.jpg,"Caption: A child appears to be experiencing distress, possibly due to a difficult moment. The child looks sad and isolated, which can be concerning.

Tags: #ChildSafety #ChildProtection #ChildWellbeing #EmotionalSupport #SafeEnvironment"
3270.jpg,/CSAM_non_sens/videos/video001/3270.jpg,CSAM,Non sensitive,video001,3270.jpg,"Caption: A child appears distressed and is being scolding by an adult. Visible signs of distress include tears and a worried expression.

Tags: #ChildSafety #ChildProtection #EmotionalSupport"
3271.jpg,/CSAM_non_sens/videos/video001/3271.jpg,CSAM,Non sensitive,video001,3271.jpg,"Caption: A child appears distressed, possibly due to a difficult moment. The environment suggests a need for support and safety.

Tags: #ChildSafety #ChildProtection #ChildWellbeing"
3272.jpg,/CSAM_non_sens/videos/video001/3272.jpg,CSAM,Non sensitive,video001,3272.jpg,"Caption: A child appears to be receiving physical assistance, possibly from an adult, which could indicate a need for immediate attention to ensure safety.

Tags: #ChildSafety #ChildProtection #PhysicalAssistance"
3273.jpg,/CSAM_non_sens/videos/video001/3273.jpg,CSAM,Non sensitive,video001,3273.jpg,"Caption: A child appears distressed, possibly due to a difficult conversation or situation. The adult seems to be trying to comfort or explain something, indicating a moment of emotional support.

Tags: #ChildSafety #EmotionalSupport #ChildWellbeing"
3274.jpg,/CSAM_non_sens/videos/video001/3274.jpg,CSAM,Non sensitive,video001,3274.jpg,"Caption: A child appears distressed, possibly due to a difficult moment. Visible signs of distress include sadness and isolation.

Tags: #ChildSafety #ChildProtection #ChildWellbeing #EmotionalSupport #SafeEnvironment"
3277.jpg,/CSAM_non_sens/videos/video001/3277.jpg,CSAM,Non sensitive,video001,3277.jpg,"Caption: A child appears distressed, with closed eyes and a tense expression, suggesting emotional distress.

Tags: #ChildSafety #ChildEmotionalWellbeing #Distress"
3508.jpg,/CSAM_non_sens/videos/video001/3508.jpg,CSAM,Non sensitive,video001,3508.jpg,"Caption: A child appears distressed while another person reaches out towards them, possibly in a comforting gesture. Visible signs of distress include the child's body language and facial expression.

Tags: #ChildSafety #ChildProtection #Distress #EmotionalSupport"
3510.jpg,/CSAM_non_sens/videos/video001/3510.jpg,CSAM,Non sensitive,video001,3510.jpg,"Caption: A child appears to be reaching out towards another child, who seems to be in a defensive posture. This interaction suggests potential physical contact or conflict.

Tags: #ChildSafety #ChildProtection #Bullying #Intimidation #PhysicalAggression"
3511.jpg,/CSAM_non_sens/videos/video001/3511.jpg,CSAM,Non sensitive,video001,3511.jpg,"Caption: A child appears to be reaching out towards another child, who seems to be bending down, possibly in a comforting or protective manner. The scene suggests a moment of interaction between two children.

Tags: #ChildSafety #ChildInteraction #SafeEnvironment"
3512.jpg,/CSAM_non_sens/videos/video001/3512.jpg,CSAM,Non sensitive,video001,3512.jpg,"Caption: A child appears distressed and is being ignored by adults in a living room setting. The child seems to be in a vulnerable position, possibly feeling isolated and neglected.

Tags: #ChildSafety #ChildProtection #Isolation #Vulnerability"
3513.jpg,/CSAM_non_sens/videos/video001/3513.jpg,CSAM,Non sensitive,video001,3513.jpg,"Caption: A child appears to be receiving a toy or gift from an adult, which could be seen as a form of physical aggression if the child is not comfortable with it.

Tags: #ChildSafety #ChildProtection #SafeEnvironment"
3515.jpg,/CSAM_non_sens/videos/video001/3515.jpg,CSAM,Non sensitive,video001,3515.jpg,"Caption: A child appears to be standing close to an adult who seems to be comforting them. The adult is holding something in their hand, possibly a small object or toy.

Tags: #ChildSafety #ChildProtection #EmotionalSupport"
3516.jpg,/CSAM_non_sens/videos/video001/3516.jpg,CSAM,Non sensitive,video001,3516.jpg,"Caption: A child appears distressed while sitting on a couch next to an adult who seems to be comforting them. The adult is holding their hands together, possibly in a gesture of reassurance.

Tags: #ChildSafety #ChildEmotionalSupport #ComfortingBehaviors"
3517.jpg,/CSAM_non_sens/videos/video001/3517.jpg,CSAM,Non sensitive,video001,3517.jpg,"Caption: A child appears distressed, possibly due to a difficult moment. The adult seems to be trying to comfort or interact with the child, indicating concern for their well-being.

Tags: #ChildSafety #ChildProtection #ChildWellbeing"
3519.jpg,/CSAM_non_sens/videos/video001/3519.jpg,CSAM,Non sensitive,video001,3519.jpg,"Caption: A child appears to be expressing distress or frustration, while another individual seems to be reacting with concern or urgency.

Tags: #ChildSafety #ChildEmotionalWellbeing #ParentingTips"
3520.jpg,/CSAM_non_sens/videos/video001/3520.jpg,CSAM,Non sensitive,video001,3520.jpg,"Caption: A child appears to be expressing distress while sitting on a couch next to an adult. The adult seems to be speaking animatedly, possibly in response to the child's expression.

Tags: #ChildSafety #ChildEmotionalWellbeing #SafeEnvironment"
3521.jpg,/CSAM_non_sens/videos/video001/3521.jpg,CSAM,Non sensitive,video001,3521.jpg,"Caption: A child appears to be receiving physical assistance from an adult, possibly helping with dressing or adjusting their clothing. The interaction seems supportive but requires careful observation to ensure safety.

Tags: #ChildSafety #ChildProtection #SafeEnvironment"
3522.jpg,/CSAM_non_sens/videos/video001/3522.jpg,CSAM,Non sensitive,video001,3522.jpg,"Caption: A child appears to be being restrained by an adult, suggesting a concerning situation.

Tags: #ChildSafety #ChildProtection #SafeEnvironment"
3523.jpg,/CSAM_non_sens/videos/video001/3523.jpg,CSAM,Non sensitive,video001,3523.jpg,"Caption: A child appears to be being pushed or restrained by another individual, indicating potential physical aggression or mistreatment.

Tags: #ChildSafety #ChildProtection #StopViolence"
3524.jpg,/CSAM_non_sens/videos/video001/3524.jpg,CSAM,Non sensitive,video001,3524.jpg,"Caption: A child appears distressed, possibly due to isolation or emotional distress. The adult seems to be trying to comfort or interact with the child.

Tags: #ChildSafety #ChildProtection #EmotionalSupport #Isolation #Distress"
3525.jpg,/CSAM_non_sens/videos/video001/3525.jpg,CSAM,Non sensitive,video001,3525.jpg,"Caption: A child appears distressed, possibly due to a difficult moment. The adult seems to be trying to comfort or interact with the child.

Tags: #ChildSafety #ChildProtection #EmotionalSupport #ChildWellbeing"
3526.jpg,/CSAM_non_sens/videos/video001/3526.jpg,CSAM,Non sensitive,video001,3526.jpg,"Caption: A child appears distressed, possibly due to isolation or emotional distress. The scene suggests a need for support and safety.

Tags: #ChildSafety #ChildProtection #EmotionalSupport"
0864.webp,/CSAM_non_sens/images/0864.webp,CSAM,Non sensitive,0864.webp,0864.webp,"Caption: A child appears distressed, possibly due to isolation or emotional distress. Visible signs of sadness or distress can impact a child's well-being.

Tags: #ChildSafety #ChildProtection #EmotionalWellbeing #Isolation #Distress"
0858.webp,/CSAM_non_sens/images/0858.webp,CSAM,Non sensitive,0858.webp,0858.webp,"Caption: A child appears distressed, with hands raised near their face, possibly indicating fear or distress. Visible signs of vulnerability and emotional distress are evident.

Tags: #ChildSafety #ChildProtection #EmotionalDistress #Vulnerability #ChildAbusePrevention"
0901.jpg,/CSAM_non_sens/images/0901.jpg,CSAM,Non sensitive,0901.jpg,0901.jpg,"Caption: A child appears distressed behind bars, suggesting a sense of confinement or restriction.

Tags: #ChildSafety #Isolation #EmotionalDistress #ChildProtection"
1866.jpg,/CSAM_non_sens/images/1866.jpg,CSAM,Non sensitive,1866.jpg,1866.jpg,"Caption: A child appears distressed, possibly due to isolation or emotional distress. Visible signs include sadness and a lack of engagement.

Tags: #ChildSafety #ChildProtection #EmotionalDistress #Isolation #ChildWellbeing"
0831.webp,/CSAM_non_sens/images/0831.webp,CSAM,Non sensitive,0831.webp,0831.webp,"Caption: A child appears distressed, sitting alone with their head in their hands, suggesting feelings of sadness or distress.

Tags: #ChildSafety #ChildProtection #EmotionalWellbeing"
3127.jpg,/CSAM_non_sens/images/3127.jpg,CSAM,Non sensitive,3127.jpg,3127.jpg,"Caption: A child appears distressed and sad, sitting on a couch while an adult sits beside them. The child's body language suggests sadness and distress.

Tags: #ChildSafety #ChildEmotionalWellbeing #ChildDistress"
0797.webp,/CSAM_non_sens/images/0797.webp,CSAM,Non sensitive,0797.webp,0797.webp,"Caption: A child appears distressed, holding their head in their hands, suggesting feelings of sadness or distress.

Tags: #ChildSafety #ChildEmotionalWellbeing #ChildProtection"
1923.jpg,/CSAM_non_sens/images/1923.jpg,CSAM,Non sensitive,1923.jpg,1923.jpg,"Caption: A child appears to be standing near a rusted wheelbarrow, possibly indicating a lack of safety equipment or supervision.

Tags: #ChildSafety #ChildProtection #SafeEnvironment"
3203.jpg,/CSAM_non_sens/images/3203.jpg,CSAM,Non sensitive,3203.jpg,3203.jpg,"Caption: A child appears distressed, holding their head in their hand, while another person stands nearby, possibly offering support or assistance.

Tags: #ChildSafety #ChildProtection #EmotionalSupport"
0812.webp,/CSAM_non_sens/images/0812.webp,CSAM,Non sensitive,0812.webp,0812.webp,"Caption: A child's hands are raised, showing signs of distress and vulnerability. Visible physical aggression can put a child at serious risk.

Tags: #ChildSafety #ChildProtection #StopViolence #ChildAbuse #VulnerableChildren"
0874.jpeg,/CSAM_non_sens/images/0874.jpeg,CSAM,Non sensitive,0874.jpeg,0874.jpeg,"Caption: A child appears distressed, possibly due to isolation or emotional distress. Visible signs include sadness and a sense of vulnerability.

Tags: #ChildSafety #ChildProtection #EmotionalWellbeing #Isolation #Vulnerability"
0845.webp,/CSAM_non_sens/images/0845.webp,CSAM,Non sensitive,0845.webp,0845.webp,"Caption: A child appears distressed, sitting alone against a wall, possibly feeling isolated and vulnerable.

Tags: #ChildSafety #ChildProtection #Isolation #Vulnerability"
1853.jpg,/CSAM_non_sens/images/1853.jpg,CSAM,Non sensitive,1853.jpg,1853.jpg,"Caption: A child is carrying a bowl on their head, which appears to be filled with soil or gravel. The child looks focused and determined, possibly indicating hard work or a labor-intensive task.

Tags: #ChildLabor #HardWork #SafeEnvironment #ChildSafety #ChildProtection"
1888.jpg,/CSAM_non_sens/images/1888.jpg,CSAM,Non sensitive,1888.jpg,1888.jpg,"Caption: A child's toy appears neglected and discarded on the ground, suggesting a lack of care and attention. This situation highlights the importance of child safety and proper care.

Tags: #ChildSafety #ChildProtection #DiscardedToys #ChildAbandonment"
1821.jpg,/CSAM_non_sens/images/1821.jpg,CSAM,Non sensitive,1821.jpg,1821.jpg,"Caption: A child appears distressed, hugging their knees, while an adult's hand reaches out towards them. This scene suggests a moment of concern or potential conflict.

Tags: #ChildSafety #ChildProtection #ConcernsForChildren"
1924.jpg,/CSAM_non_sens/images/1924.jpg,CSAM,Non sensitive,1924.jpg,1924.jpg,"Caption: A woman appears distressed, with visible bruising on her cheek, suggesting she may have been physically assaulted.

Tags: #ChildSafety #ChildProtection #PhysicalAbuse #Vulnerability #EmotionalDistress"
2047.jpg,/CSAM_non_sens/images/2047.jpg,CSAM,Non sensitive,2047.jpg,2047.jpg,"Caption: A child's hand is raised, possibly in a gesture of distress or seeking help. Visible signs of sadness or distress are evident on the child's face.

Tags: #ChildSafety #ChildProtection #ChildEmotionalWellbeing"
3226.jpg,/CSAM_non_sens/images/3226.jpg,CSAM,Non sensitive,3226.jpg,3226.jpg,"Caption: A child appears distressed, possibly due to emotional or psychological factors. It's important to address the underlying issues to ensure the child's well-being.

Tags: #ChildSafety #ChildProtection #EmotionalSupport #ChildWellbeing"
1904.jpg,/CSAM_non_sens/images/1904.jpg,CSAM,Non sensitive,1904.jpg,1904.jpg,"Caption: A child appears to be holding their hand, possibly in a comforting gesture. This could indicate a moment of reassurance or support.

Tags: #ChildSafety #ChildSupport #ComfortingGestures"
0900.jpg,/CSAM_non_sens/images/0900.jpg,CSAM,Non sensitive,0900.jpg,0900.jpg,"Caption: A child is seen with their hand raised, possibly indicating a need for help or protection. Visible signs of distress suggest the child might be in a vulnerable situation.

Tags: #ChildSafety #ChildProtection #VulnerableChildren"
3206.jpg,/CSAM_non_sens/images/3206.jpg,CSAM,Non sensitive,3206.jpg,3206.jpg,"Caption: A child appears distressed and sad, sitting on a couch while an adult sits beside them. The child's body language suggests sadness and distress.

Tags: #ChildSafety #ChildEmotionalWellbeing #ChildDistress"
0837.webp,/CSAM_non_sens/images/0837.webp,CSAM,Non sensitive,0837.webp,0837.webp,"Caption: A child appears distressed, possibly due to isolation or emotional distress. It's important to ensure children are safe and supported in their environment.

Tags: #ChildSafety #ChildProtection #EmotionalSupport #Isolation #Distress"
3252.jpg,/CSAM_non_sens/images/3252.jpg,CSAM,Non sensitive,3252.jpg,3252.jpg,"Caption: A woman appears to be pointing at a child, possibly in a confrontational manner. This behavior could indicate a rageful interaction between the two individuals.

Tags: #ChildSafety #ParentChildInteraction #Confrontation #ChildProtection"
3250.jpg,/CSAM_non_sens/videos/video040/3250.jpg,CSAM,Non sensitive,video040,3250.jpg,"Caption: A child appears distressed, holding their head in their hands, suggesting emotional distress or sadness.

Tags: #ChildSafety #ChildEmotionalWellbeing #SupportForChildren"
3251.jpg,/CSAM_non_sens/videos/video040/3251.jpg,CSAM,Non sensitive,video040,3251.jpg,"Caption: A child appears distressed, holding their head in their hands, suggesting emotional distress or sadness.

Tags: #ChildSafety #ChildEmotionalWellbeing #Distress"
1996.jpg,/CSAM_non_sens/images/1996.jpg,CSAM,Non sensitive,1996.jpg,1996.jpg,"Caption: A child appears to be leaning on a stack of bricks, possibly indicating a moment of distress or sadness.

Tags: #ChildSafety #ChildProtection #EmotionalWellbeing"
2072.jpg,/CSAM_non_sens/images/2072.jpg,CSAM,Non sensitive,2072.jpg,2072.jpg,"Caption: A child appears distressed, with visible tears and a worried expression. The child is holding onto a metal bar, suggesting a sense of confinement or restriction.

Tags: #ChildSafety #ChildProtection #Isolation #Distress"
3383.png,/CSAM_non_sens/images/3383.png,CSAM,Non sensitive,3383.png,3383.png,"Caption: A child appears to be being pushed by an adult, which can be dangerous and harmful. It's crucial to ensure that children are safe and protected from such behaviors.

Tags: #ChildSafety #ChildProtection #ChildAbuse #SafeEnvironment #ChildWellbeing"
3150.jpg,/CSAM_non_sens/images/3150.jpg,CSAM,Non sensitive,3150.jpg,3150.jpg,"Caption: A child is hiding under a table while an adult stands nearby holding a bottle. This situation raises concerns about safety and potential neglect.

Tags: #ChildSafety #ChildProtection #SafeEnvironment"
1988.jpg,/CSAM_non_sens/images/1988.jpg,CSAM,Non sensitive,1988.jpg,1988.jpg,"Caption: A child appears distressed, possibly due to isolation or emotional distress. It's important to ensure children have a safe and supportive environment.

Tags: #ChildSafety #ChildProtection #EmotionalWellbeing"
1916.jpg,/CSAM_non_sens/images/1916.jpg,CSAM,Non sensitive,1916.jpg,1916.jpg,"Caption: A child appears to be in distress, with their arm bound and restrained by another individual. Visible signs of distress include tears and a tense posture.

Tags: #ChildSafety #ChildProtection #ChildAbuse #EmotionalDistress #Vulnerability"
3158.jpg,/CSAM_non_sens/images/3158.jpg,CSAM,Non sensitive,3158.jpg,3158.jpg,"Caption: A child is hugging a stuffed toy while a person stands nearby, holding a belt. The child appears distressed and is seeking comfort.

Tags: #ChildSafety #ChildProtection #ChildAbusePrevention"
1920.jpg,/CSAM_non_sens/images/1920.jpg,CSAM,Non sensitive,1920.jpg,1920.jpg,"Caption: A child appears distressed, sitting against a wall with visible signs of distress on their face. The child is wearing sandals and a red garment, and there are several sticks lying nearby.

Tags: #ChildSafety #ChildProtection #Distress #Vulnerability #EmotionalWellbeing"
3299.jpg,/CSAM_non_sens/videos/video003/3299.jpg,CSAM,Non sensitive,video003,3299.jpg,"Caption: Visible physical aggression can pose significant risks to a child's safety. Hitting and violence should never be tolerated, and every child deserves to feel secure and protected.

Tags: #ChildSafety #ChildProtection #StopViolence"
3323.jpg,/CSAM_non_sens/videos/video003/3323.jpg,CSAM,Non sensitive,video003,3323.jpg,"Caption: A child appears distressed, covering their mouth with their hand, possibly indicating fear or distress. Visible physical aggression is not present.

Tags: #ChildSafety #ChildProtection #Distress #EmotionalSupport"
3412.jpg,/CSAM_non_sens/videos/video003/3412.jpg,CSAM,Non sensitive,video003,3412.jpg,"Caption: Visible physical aggression can pose significant risks to a child's safety. Hitting and violence should never be tolerated, and every child deserves to feel secure and protected.

Tags: #ChildSafety #ChildProtection #StopViolence"
3414.jpg,/CSAM_non_sens/videos/video003/3414.jpg,CSAM,Non sensitive,video003,3414.jpg,"Caption: A child appears distressed and is being held by an adult in a forest setting. The adult seems to be comforting the child, who looks sad and isolated.

Tags: #ChildSafety #ChildProtection #Isolation #Distress"
3415.jpg,/CSAM_non_sens/videos/video003/3415.jpg,CSAM,Non sensitive,video003,3415.jpg,"Caption: A child appears to be being restrained by an adult in a forest setting. The child seems distressed and is being held back by the adult.

Tags: #ChildSafety #ChildProtection #ChildAbuse #Intimidation #Vulnerability"
3416.jpg,/CSAM_non_sens/videos/video003/3416.jpg,CSAM,Non sensitive,video003,3416.jpg,"Caption: Visible physical aggression can pose significant risks to a child's safety. Hitting and violence should never be tolerated, and every child deserves to feel secure and protected.

Tags: #ChildSafety #ChildProtection #StopViolence"
3424.jpg,/CSAM_non_sens/videos/video003/3424.jpg,CSAM,Non sensitive,video003,3424.jpg,"Caption: A child appears to be looking up at an adult who is holding a cigarette. The adult seems to be in a position of authority or control.

Tags: #ChildSafety #ChildProtection #Bullying #Intimidation #Vulnerability"
3443.jpg,/CSAM_non_sens/videos/video003/3443.jpg,CSAM,Non sensitive,video003,3443.jpg,"Caption: A child appears distressed, possibly due to isolation or emotional distress. Visible physical aggression is not present.

Tags: #ChildSafety #ChildProtection #EmotionalDistress #Isolation #SupportNeeded"
3509.jpg,/CSAM_non_sens/videos/video003/3509.jpg,CSAM,Non sensitive,video003,3509.jpg,"Caption: A child appears distressed, possibly due to isolation or emotional distress. Visible signs include sadness and a lack of engagement with their surroundings.

Tags: #ChildSafety #ChildProtection #EmotionalDistress #Isolation #ChildWellbeing"
3132.jpg,/CSAM_non_sens/videos/video009/3132.jpg,CSAM,Non sensitive,video009,3132.jpg,"Caption: A child appears to be in distress, possibly due to a verbal confrontation or misunderstanding. The adult seems to be speaking assertively, which could indicate a tense situation.

Tags: #ChildSafety #ChildProtection #VerbalConfrontation #Distress #Understanding"
3382.png,/CSAM_non_sens/videos/video009/3382.png,CSAM,Non sensitive,video009,3382.png,"Caption: A child appears distressed, possibly due to a challenging conversation or interaction. Visible signs of distress include a lack of engagement and a somber expression.

Tags: #ChildSafety #ChildProtection #EmotionalDistress #ChildWellbeing"
3463.jpg,/CSAM_non_sens/videos/video009/3463.jpg,CSAM,Non sensitive,video009,3463.jpg,"Caption: A child appears to be facing a challenging situation, possibly due to emotional distress or isolation. Visible signs of sadness or distress are evident.

Tags: #ChildSafety #ChildProtection #EmotionalSupport #ChildWellbeing"
3464.jpg,/CSAM_non_sens/videos/video009/3464.jpg,CSAM,Non sensitive,video009,3464.jpg,"Caption: Visible physical aggression can pose significant risks to a child's safety. Hitting and violence should never be tolerated, and every child deserves to feel secure and protected.

Tags: #ChildSafety #ChildProtection #StopViolence"
3466.jpg,/CSAM_non_sens/videos/video009/3466.jpg,CSAM,Non sensitive,video009,3466.jpg,"Caption: Visible physical aggression can pose significant risks to a child's safety. Hitting and violence should never be tolerated, and every child deserves to feel secure and protected.

Tags: #ChildSafety #ChildProtection #StopViolence"
3467.jpg,/CSAM_non_sens/videos/video009/3467.jpg,CSAM,Non sensitive,video009,3467.jpg,"Caption: Visible physical aggression can pose significant risks to a child's safety. Hitting and violence should never be tolerated, and every child deserves to feel secure and protected.

Tags: #ChildSafety #ChildProtection #StopViolence"
3468.jpg,/CSAM_non_sens/videos/video009/3468.jpg,CSAM,Non sensitive,video009,3468.jpg,"Caption: Visible physical aggression can pose significant risks to a child's safety. It's crucial to address and prevent such behaviors to ensure every child feels secure and protected.

Tags: #ChildSafety #ChildProtection #StopViolence"
3469.jpg,/CSAM_non_sens/videos/video009/3469.jpg,CSAM,Non sensitive,video009,3469.jpg,"Caption: A child appears to be being restrained by an adult, suggesting a concerning situation.

Tags: #ChildSafety #ChildProtection #SafeEnvironment"
3470.jpg,/CSAM_non_sens/videos/video009/3470.jpg,CSAM,Non sensitive,video009,3470.jpg,"Caption: Visible physical aggression can pose significant risks to a child's safety. It's crucial to address and prevent such behaviors to ensure every child feels secure and protected.

Tags: #ChildSafety #ChildProtection #StopViolence"
3471.jpg,/CSAM_non_sens/videos/video009/3471.jpg,CSAM,Non sensitive,video009,3471.jpg,"Caption: Visible physical aggression can pose significant risks to a child's safety. It's crucial to address and prevent such behaviors to ensure every child feels secure and protected.

Tags: #ChildSafety #ChildProtection #StopViolence"
3472.jpg,/CSAM_non_sens/videos/video009/3472.jpg,CSAM,Non sensitive,video009,3472.jpg,"Caption: Visible physical aggression can pose significant risks to a child's safety. It's crucial to address and prevent such behaviors to ensure every child feels secure and protected.

Tags: #ChildSafety #ChildProtection #StopViolence"
3473.jpg,/CSAM_non_sens/videos/video009/3473.jpg,CSAM,Non sensitive,video009,3473.jpg,"Caption: Visible physical aggression can pose significant risks to a child's safety. It's crucial to address and prevent such behaviors to ensure every child feels secure and protected.

Tags: #ChildSafety #ChildProtection #StopViolence"
3474.jpg,/CSAM_non_sens/videos/video009/3474.jpg,CSAM,Non sensitive,video009,3474.jpg,"Caption: A child appears distressed, possibly crying or upset, while another child is facing away from the camera. The scene suggests a moment of emotional distress or conflict.

Tags: #ChildSafety #ChildEmotionalWellbeing #ChildProtection"
3475.jpg,/CSAM_non_sens/videos/video009/3475.jpg,CSAM,Non sensitive,video009,3475.jpg,"Caption: Visible physical aggression can put a child at serious risk. Hitting and violence should never be normalized, and every child deserves to feel safe and protected.

Tags: #ChildSafety #ChildProtection #StopViolence"
3478.jpg,/CSAM_non_sens/videos/video009/3478.jpg,CSAM,Non sensitive,video009,3478.jpg,"Caption: Visible physical aggression can put a child at serious risk. Hitting and violence should never be normalized, and every child deserves to feel safe and protected.

Tags: #ChildSafety #ChildProtection #StopViolence"
3479.jpg,/CSAM_non_sens/videos/video009/3479.jpg,CSAM,Non sensitive,video009,3479.jpg,"Caption: Visible physical aggression can pose significant risks to a child's safety. Hitting and violence should never be tolerated, and every child deserves to feel secure and protected.

Tags: #ChildSafety #ChildProtection #StopViolence"
3480.jpg,/CSAM_non_sens/videos/video009/3480.jpg,CSAM,Non sensitive,video009,3480.jpg,"Caption: Visible physical aggression can pose significant risks to a child's safety. Physical violence should never be tolerated, and every child deserves to feel secure and protected.

Tags: #ChildSafety #ChildProtection #StopViolence"
3481.jpg,/CSAM_non_sens/videos/video009/3481.jpg,CSAM,Non sensitive,video009,3481.jpg,"Caption: A child appears distressed, possibly due to a conversation or interaction with another person. Visible signs of distress include facial expressions and body language.

Tags: #ChildSafety #ChildProtection #EmotionalDistress #SafeEnvironment"
0868.webp,/CSAM_non_sens/images/0868.webp,CSAM,Non sensitive,0868.webp,0868.webp,"Caption: A child appears distressed, sitting on the floor with their head in their hands. The setting looks like a home with a wooden bench and a window in the background.

Tags: #ChildSafety #ChildDistress #SafeEnvironment"
2010.jpg,/CSAM_non_sens/images/2010.jpg,CSAM,Non sensitive,2010.jpg,2010.jpg,"Caption: A child appears distressed, possibly crying, which could indicate emotional distress or sadness.

Tags: #ChildSafety #EmotionalDistress #ChildProtection"
3146.jpg,/CSAM_non_sens/images/3146.jpg,CSAM,Non sensitive,3146.jpg,3146.jpg,"Caption: A child appears distressed while sitting on a couch, pointing at another person who seems to be in a different room. The child's body language suggests frustration or anger.

Tags: #ChildSafety #ChildProtection #EmotionalDistress #SafeEnvironment"
3195.jpg,/CSAM_non_sens/images/3195.jpg,CSAM,Non sensitive,3195.jpg,3195.jpg,"Caption: A child appears distressed, possibly due to a conversation with an adult who is pointing at them. Visible signs of distress include the child's body language and facial expression.

Tags: #ChildSafety #ChildProtection #EmotionalDistress #SafeEnvironment"
3221.jpg,/CSAM_non_sens/images/3221.jpg,CSAM,Non sensitive,3221.jpg,3221.jpg,"Caption: A child appears distressed, crouching on the ground, possibly indicating fear or sadness. Visible physical aggression is  present.

Tags: #ChildSafety #ChildProtection #EmotionalDistress #SafeEnvironment"
0807.webp,/CSAM_non_sens/images/0807.webp,CSAM,Non sensitive,0807.webp,0807.webp,"Caption: Visible physical aggression can pose significant risks to a child's safety. It's crucial to address and prevent such behaviors to ensure every child feels secure and protected.

Tags: #ChildSafety #ChildProtection #StopViolence"
3222.jpg,/CSAM_non_sens/images/3222.jpg,CSAM,Non sensitive,3222.jpg,3222.jpg,"Caption: A child appears distressed, holding their head in their hands, suggesting feelings of sadness or distress.

Tags: #ChildSafety #ChildProtection #EmotionalSupport"
0867.webp,/CSAM_non_sens/images/0867.webp,CSAM,Non sensitive,0867.webp,0867.webp,"Caption: A child is holding a teddy bear while sitting against a wall, appearing distressed and isolated.

Tags: #ChildSafety #ChildProtection #Isolation #Distress"
0896.jpg,/CSAM_non_sens/images/0896.jpg,CSAM,Non sensitive,0896.jpg,0896.jpg,"Caption: A child appears to be in distress, possibly due to a difficult moment. The setting suggests a classroom environment, which could indicate a need for support and safety measures.

Tags: #ChildSafety #ChildProtection #ChildWellbeing #ClassroomEnvironment #EmotionalSupport"
3530.jpg,/CSAM_non_sens/images/3530.jpg,CSAM,Non sensitive,3530.jpg,3530.jpg,"Caption: A child appears distressed, with hands covering their face, suggesting fear or sadness.

Tags: #ChildSafety #ChildProtection #EmotionalDistress"
0870.jpg,/CSAM_non_sens/images/0870.jpg,CSAM,Non sensitive,0870.jpg,0870.jpg,"Caption: A child's face is partially obscured by chains, suggesting a sense of confinement or restriction. Visible signs of distress include wet hair and a worried expression.

Tags: #ChildSafety #ChildProtection #Isolation #Distress"
2060.jpg,/CSAM_non_sens/images/2060.jpg,CSAM,Non sensitive,2060.jpg,2060.jpg,"Caption: A child appears distressed, holding onto bars, suggesting feelings of isolation or fear.

Tags: #ChildSafety #ChildProtection #Isolation #Distress"
0846.webp,/CSAM_non_sens/images/0846.webp,CSAM,Non sensitive,0846.webp,0846.webp,"Caption: A child appears to be in distress, possibly due to isolation or emotional distress. It's important to ensure children have a safe and supportive environment.

Tags: #ChildSafety #ChildProtection #EmotionalWellbeing #Isolation #Distress"
2067.jpg,/CSAM_non_sens/images/2067.jpg,CSAM,Non sensitive,2067.jpg,2067.jpg,"Caption: A child appears to be standing near a structure, possibly a trailer or a fence, with their hands on their hips. The child seems to be looking down, possibly at something on the ground.

Tags: #ChildSafety #ChildProtection #Isolation #Distress"
1833.jpg,/CSAM_non_sens/images/1833.jpg,CSAM,Non sensitive,1833.jpg,1833.jpg,"Caption: A child appears distressed and is lying on a couch, possibly feeling isolated or sad. The presence of a hand reaching out suggests concern or support.

Tags: #ChildSafety #ChildProtection #ChildWellbeing #Isolation #Distress"
1884.jpg,/CSAM_non_sens/images/1884.jpg,CSAM,Non sensitive,1884.jpg,1884.jpg,"Caption: Children are carrying bricks on their heads, which can be physically demanding and potentially dangerous. This practice highlights the need for safer working conditions and age-appropriate labor laws.

Tags: ChildLabor, ChildSafety, ChildProtection, SafeWorkEnvironment"
1932.jpg,/CSAM_non_sens/images/1932.jpg,CSAM,Non sensitive,1932.jpg,1932.jpg,"Caption: A child appears to be leaning against a ladder, possibly indicating distress or isolation. Visible physical aggression or bullying is not evident in this image.

Tags: #ChildSafety #ChildProtection #Isolation #Distress"
3162.jpg,/CSAM_non_sens/images/3162.jpg,CSAM,Non sensitive,3162.jpg,3162.jpg,"Caption: A child appears distressed, covering their ears, while parents seem to be in a heated argument. Visible signs of distress include the child's facial expression and body language.

Tags: #ChildSafety #ParentConflict #Distress #EmotionalSupport"
3154.jpg,/CSAM_non_sens/videos/video005/3154.jpg,CSAM,Non sensitive,video005,3154.jpg,"Caption: A teacher is holding a pointer, seemingly addressing students in a classroom setting. The atmosphere appears tense, suggesting a serious discussion or instruction.

Tags: #ClassroomScene #TeacherAddressingStudents #SeriousDiscussion #TenseAtmosphere"
3165.jpg,/CSAM_non_sens/videos/video005/3165.jpg,CSAM,Non sensitive,video005,3165.jpg,"Caption: A teacher is speaking to students in a classroom, possibly addressing a serious matter. The students appear to be in fear of scolding.

Tags: #ClassroomScene #TeacherAddressingStudents #SeriousMatter #ChildSafety #ChildProtection"
3176.jpg,/CSAM_non_sens/videos/video005/3176.jpg,CSAM,Non sensitive,video005,3176.jpg,"Caption: A teacher appears to be addressing students in a classroom setting. The atmosphere seems tense, possibly due to a extreme hatred between the teacher and students.

Tags: #ClassroomScene #TenseAtmosphere #StudentFear #TeacherAddressingStudents"
3219.jpg,/CSAM_non_sens/videos/video005/3219.jpg,CSAM,Non sensitive,video005,3219.jpg,"Caption: A teacher stands in front of a classroom, facing students who appear to be listening attentively. The classroom has a green chalkboard with writing on it, and some students are seated while others stand teacher scolding them.

Tags: #ClassroomScene #TeacherInstructor #StudentListening #SafeEnvironment #ChildSafety"
3482.jpg,/CSAM_non_sens/videos/video005/3482.jpg,CSAM,Non sensitive,video005,3482.jpg,"Caption: A child appears to be leaning forward on their desk, possibly indicating distress or discomfort. The classroom setting suggests a learning environment where safety and well-being are important.

Tags: #ChildSafety #ClassroomEnvironment #EmotionalWellbeing"
3483.jpg,/CSAM_non_sens/videos/video005/3483.jpg,CSAM,Non sensitive,video005,3483.jpg,"Caption: A child is bending over a desk while another child stands nearby, seemingly in a classroom setting. The child standing appears to be addressing the child bending over.

Tags: #ChildSafety #ClassroomEnvironment #ChildProtection"
3486.jpg,/CSAM_non_sens/videos/video005/3486.jpg,CSAM,Non sensitive,video005,3486.jpg,"Caption: A teacher is holding a stick, possibly preparing to discipline a student. The classroom setting suggests a serious atmosphere.

Tags: #ChildSafety #ClassroomDiscipline #TeacherRole"
3488.jpg,/CSAM_non_sens/videos/video005/3488.jpg,CSAM,Non sensitive,video005,3488.jpg,"Caption: A teacher is gesturing towards a student, possibly indicating a warning or reprimand. The classroom setting suggests a serious interaction between the teacher and student.

Tags: #ClassroomScene #TeacherWarning #StudentInteraction #SeriousEnvironment"
3493.jpg,/CSAM_non_sens/videos/video005/3493.jpg,CSAM,Non sensitive,video005,3493.jpg,"Caption: A teacher is standing in front of a classroom, holding a yellow object above her head. Students are seated at their desks, some looking down.

Tags: #ClassroomScene #TeacherStanding #StudentsSeated #YellowObjectAboveHead"
3497.jpg,/CSAM_non_sens/videos/video005/3497.jpg,CSAM,Non sensitive,video005,3497.jpg,"Caption: A teacher stands in front of a classroom, addressing students who are seated at their desks. The atmosphere appears calm, but the setting suggests a typical school environment.

Tags: #ClassroomEnvironment #SchoolLife #SafeLearningSpaces"
1901.jpg,/CSAM_non_sens/images/1901.jpg,CSAM,Non sensitive,1901.jpg,1901.jpg,"Caption: A child is holding onto bars, suggesting a sense of confinement or restriction. Visible physical aggression or violence is not apparent, but the child appears to be in a vulnerable position.

Tags: #ChildSafety #ChildProtection #Isolation #Vulnerability #EmotionalDistress"
1942.jpg,/CSAM_non_sens/images/1942.jpg,CSAM,Non sensitive,1942.jpg,1942.jpg,"Caption: A child appears to be receiving a haircut, but the focus on the neck area suggests a potential concern about safety or care.

Tags: #ChildSafety #HaircutSafety #ChildProtection"
1985.jpg,/CSAM_non_sens/images/1985.jpg,CSAM,Non sensitive,1985.jpg,1985.jpg,"Caption: A child is holding a dog behind chains, suggesting a sense of confinement or restriction. Visible physical aggression is not present, but the scene conveys a potential risk to the child's safety.

Tags: #ChildSafety #ChildProtection #IsolationRisk"
1835.jpg,/CSAM_non_sens/videos/video041/1835.jpg,CSAM,Non sensitive,video041,1835.jpg,"Caption: A child appears distressed, sitting alone with hands clasped together, suggesting feelings of sadness or fear.

Tags: #ChildSafety #ChildProtection #EmotionalDistress"
1836.jpg,/CSAM_non_sens/videos/video041/1836.jpg,CSAM,Non sensitive,video041,1836.jpg,"Caption: A child appears distressed and isolated, with their hands bound behind their back. The scene suggests a sense of fear and vulnerability.

Tags: #ChildSafety #ChildProtection #Isolation #Vulnerability #Fear"
1838.jpg,/CSAM_non_sens/images/1838.jpg,CSAM,Non sensitive,1838.jpg,1838.jpg,"Caption: Visible physical aggression can put a child at serious risk. Hitting and violence should never be normalized, and every child deserves to feel safe and protected.

Tags: #ChildSafety #ChildProtection #StopViolence"
0803.webp,/CSAM_non_sens/images/0803.webp,CSAM,Non sensitive,0803.webp,0803.webp,"Caption: A child appears to be in distress, leaning against a wall with hands covering their face. Visible signs of sadness and distress are evident.

Tags: #ChildSafety #ChildProtection #EmotionalDistress #Isolation #Vulnerability"
1889.jpg,/CSAM_non_sens/images/1889.jpg,CSAM,Non sensitive,1889.jpg,1889.jpg,"Caption: A child appears distressed, with hands bound and head down, suggesting a sense of vulnerability and distress.

Tags: #ChildSafety #ChildProtection #Vulnerability #Distress"
0805.webp,/CSAM_non_sens/images/0805.webp,CSAM,Non sensitive,0805.webp,0805.webp,"Caption: A child appears to be hiding under a piece of furniture, possibly feeling scared or distressed. This behavior can indicate feelings of vulnerability or fear.

Tags: #ChildSafety #ChildProtection #Isolation #Fear #Distress"
1862.jpg,/CSAM_non_sens/images/1862.jpg,CSAM,Non sensitive,1862.jpg,1862.jpg,"Caption: Visible physical aggression can put a child at serious risk. Hitting and violence should never be normalized, and every child deserves to feel safe and protected.

Tags: #ChildSafety #ChildProtection #StopViolence"
1834.jpg,/CSAM_non_sens/images/1834.jpg,CSAM,Non sensitive,1834.jpg,1834.jpg,"Caption: A child appears to be sitting alone, possibly feeling sad or distressed. Visible signs of emotional distress include their posture and the way they are holding themselves.

Tags: #ChildSafety #ChildEmotionalWellbeing #Loneliness #Distress"
3532.jpg,/CSAM_non_sens/images/3532.jpg,CSAM,Non sensitive,3532.jpg,3532.jpg,"Caption: A child appears distressed, possibly due to emotional or psychological factors. It's important to address the underlying issues to ensure their well-being.

Tags: #ChildSafety #EmotionalSupport #ChildProtection"
2045.jpg,/CSAM_non_sens/images/2045.jpg,CSAM,Non sensitive,2045.jpg,2045.jpg,"Caption: A child appears distressed, covering their face with their hands, suggesting feelings of sadness or fear.

Tags: #ChildSafety #ChildProtection #EmotionalDistress"
1881.jpg,/CSAM_non_sens/images/1881.jpg,CSAM,Non sensitive,1881.jpg,1881.jpg,"Caption: A child appears distressed while sitting on a couch between two adults who seem to be in a heated argument. The adult on the right gestures with their hands, possibly expressing frustration or anger, while the adult on the left covers their face with their hands, indicating distress or discomfort.

Tags: #ChildSafety #ParentalConflict #EmotionalDistress #ChildProtection"
2071.jpg,/CSAM_non_sens/images/2071.jpg,CSAM,Non sensitive,2071.jpg,2071.jpg,"Caption: A child appears to be carrying a heavy load on their head, which could indicate physical strain or neglect. This situation highlights the importance of ensuring children are not subjected to undue physical burdens.

Tags: #ChildSafety #ChildProtection #PhysicalAbusePrevention"
3136.jpg,/CSAM_non_sens/images/3136.jpg,CSAM,Non sensitive,3136.jpg,3136.jpg,"Caption: A child appears distressed, possibly due to emotional or psychological factors. It's important to address the underlying issues to ensure the child's well-being.

Tags: #ChildSafety #ChildProtection #EmotionalSupport #ChildWellbeing"
3498.png,/CSAM_non_sens/images/3498.png,CSAM,Non sensitive,3498.png,3498.png,"Caption: A child appears distressed, holding their head in their hands, suggesting feelings of sadness or distress.

Tags: #ChildSafety #ChildEmotionalWellbeing #ChildProtection"
2006.jpg,/CSAM_non_sens/images/2006.jpg,CSAM,Non sensitive,2006.jpg,2006.jpg,"Caption: Visible physical aggression can put a child at serious risk. Hitting and violence should never be normalized, and every child deserves to feel safe and protected.

Tags: #ChildSafety #ChildProtection #StopViolence"
2030.jpg,/CSAM_non_sens/images/2030.jpg,CSAM,Non sensitive,2030.jpg,2030.jpg,"Caption: A child appears distressed, with a bandage on their forehead, suggesting recent injury or medical attention. Visible signs of distress include a furrowed brow and a somber expression.

Tags: #ChildSafety #ChildProtection #Distress #MedicalAttention"
0811.webp,/CSAM_non_sens/images/0811.webp,CSAM,Non sensitive,0811.webp,0811.webp,"Caption: A child appears distressed, holding onto a stuffed toy while another person stands nearby. Visible physical aggression is not present, but the child looks isolated and in need of support.

Tags: #ChildSafety #ChildProtection #Isolation #Distress"
3123.jpg,/CSAM_non_sens/images/3123.jpg,CSAM,Non sensitive,3123.jpg,3123.jpg,"Caption: A disappointed mother is scolding her son, who appears to be upset. The mother is gently holding his hand and looking down at him with concern.

Tags: #ChildSafety #Parenting #EmotionalSupport #ChildWellbeing"
2001.jpg,/CSAM_non_sens/images/2001.jpg,CSAM,Non sensitive,2001.jpg,2001.jpg,"Caption: A child appears to be reaching out towards a yellow textured surface, possibly indicating a sense of curiosity or seeking comfort.

Tags: #ChildSafety #ChildProtection #ChildEmotionalWellbeing"
1964.jpg,/CSAM_non_sens/images/1964.jpg,CSAM,Non sensitive,1964.jpg,1964.jpg,"Caption: A young woman appears distressed, holding her hand up in a stop gesture, suggesting she is trying to prevent something. Her expression and body language indicate she might be in a vulnerable or uncomfortable situation.

Tags: #ChildSafety #ChildProtection #StopViolence #Vulnerable #Distressed"
3181.jpg,/CSAM_non_sens/images/3181.jpg,CSAM,Non sensitive,3181.jpg,3181.jpg,"Caption: Visible physical aggression can put a child at serious risk. Hitting and violence should never be normalized, and every child deserves to feel safe and protected.

Tags: #ChildSafety #ChildProtection #StopViolence"
3246.jpg,/CSAM_non_sens/images/3246.jpg,CSAM,Non sensitive,3246.jpg,3246.jpg,"Caption: A child appears distressed, sitting on the floor with their hands clasped together. The setting suggests a concern for safety and well-being.

Tags: #ChildSafety #ChildProtection #ChildWellbeing"
2025.jpg,/CSAM_non_sens/videos/video028/2025.jpg,CSAM,Non sensitive,video028,2025.jpg,"Caption: A child appears to be sitting alone, hugging a stuffed toy, which suggests feelings of sadness or distress.

Tags: #ChildSafety #ChildProtection #Loneliness #EmotionalSupport"
2026.jpg,/CSAM_non_sens/videos/video028/2026.jpg,CSAM,Non sensitive,video028,2026.jpg,"Caption: A child is walking alone in a dimly lit hallway, holding a teddy bear. The setting suggests a sense of isolation and vulnerability.

Tags: #ChildSafety #Isolation #Vulnerability #Loneliness #ChildProtection"
3348.jpg,/CSAM_non_sens/images/3348.jpg,CSAM,Non sensitive,3348.jpg,3348.jpg,"Caption: A child appears distressed, covering their face, while two adults stand nearby, seemingly engaged in a conversation. The scene suggests a tense or uncomfortable interaction.

Tags: #ChildSafety #ChildProtection #EmotionalDistress #SafeEnvironment"
0826.webp,/CSAM_non_sens/images/0826.webp,CSAM,Non sensitive,0826.webp,0826.webp,"Caption: A child appears distressed, possibly due to isolation or emotional distress. Visible signs of sadness or distress are evident on their face.

Tags: #ChildSafety #ChildProtection #EmotionalDistress #Isolation #Vulnerability"
0881.jpg,/CSAM_non_sens/images/0881.jpg,CSAM,Non sensitive,0881.jpg,0881.jpg,"Caption: A child is sitting on the floor with their head down, appearing distressed. Another child is pointing at them, indicating a possible act of bullying or intimidation.

Tags: #ChildSafety #ChildProtection #StopBullying #EmotionalAbuse #Vulnerability"
1877.jpg,/CSAM_non_sens/images/1877.jpg,CSAM,Non sensitive,1877.jpg,1877.jpg,"Caption: A child is seen carrying a heavy bag on their back while walking through a pile of garbage. The child appears to be struggling under the weight.

Tags: #ChildSafety #GarbagePile #ChildHardship #EnvironmentalPollution"
2019.jpg,/CSAM_non_sens/images/2019.jpg,CSAM,Non sensitive,2019.jpg,2019.jpg,"Caption: A child's hand is raised, possibly in a gesture of distress or seeking help. Visible signs of sadness or distress are evident on the child's face.

Tags: #ChildSafety #ChildProtection #ChildEmotionalWellbeing"
1918.jpg,/CSAM_non_sens/images/1918.jpg,CSAM,Non sensitive,1918.jpg,1918.jpg,"Caption: Visible physical aggression can pose significant risks to a child's safety. Hitting and violence should never be tolerated, and every child deserves to feel secure and protected.

Tags: #ChildSafety #ChildProtection #StopViolence"
3505.png,/CSAM_non_sens/images/3505.png,CSAM,Non sensitive,3505.png,3505.png,"Caption: A child appears distressed, possibly due to emotional or psychological factors. Visible signs of distress include sadness and isolation.

Tags: #ChildSafety #ChildProtection #EmotionalSupport #ChildWellbeing"
3300.jpg,/CSAM_non_sens/images/3300.jpg,CSAM,Non sensitive,3300.jpg,3300.jpg,"Caption: Visible physical aggression can pose significant risks to children. Hitting and violence should never be tolerated, and every child deserves safety and protection.

Tags: #ChildSafety #ChildProtection #StopViolence"
2029.jpg,/CSAM_non_sens/images/2029.jpg,CSAM,Non sensitive,2029.jpg,2029.jpg,"Caption: A child appears to be huddled against a wall, possibly showing signs of distress or sadness. Visible physical aggression is not evident in this image.

Tags: #ChildSafety #ChildProtection #Loneliness #Distress"
0887.jpg,/CSAM_non_sens/images/0887.jpg,CSAM,Non sensitive,0887.jpg,0887.jpg,"Caption: A child appears distressed, possibly due to emotional or environmental factors. Visible signs of sadness or distress suggest the need for support and safety.

Tags: #ChildSafety #ChildProtection #EmotionalSupport #ChildWellbeing"
2020.jpg,/CSAM_non_sens/images/2020.jpg,CSAM,Non sensitive,2020.jpg,2020.jpg,"Caption: A child appears distressed, with their hand covering part of their face, suggesting feelings of sadness or fear.

Tags: #ChildSafety #ChildProtection #EmotionalDistress"
1946.jpg,/CSAM_non_sens/images/1946.jpg,CSAM,Non sensitive,1946.jpg,1946.jpg,"Caption: A young woman appears to be struggling with her hair, possibly due to emotional distress or physical discomfort.

Tags: #EmotionalDistress #HairStruggles #ChildSafety #ChildProtection #ChildWellbeing"
3264.jpg,/CSAM_non_sens/images/3264.jpg,CSAM,Non sensitive,3264.jpg,3264.jpg,"Caption: A child appears distressed, possibly due to a challenging situation. It's important to address such concerns to ensure the child's safety and well-being.

Tags: #ChildSafety #ChildProtection #EmotionalSupport #SafeEnvironment"
3499.png,/CSAM_non_sens/videos/video006/3499.png,CSAM,Non sensitive,video006,3499.png,"Caption: Visible physical aggression can pose significant risks to a child's safety. Hitting and violence should never be tolerated, and every child deserves to feel secure and protected.

Tags: #ChildSafety #ChildProtection #StopViolence"
3502.png,/CSAM_non_sens/videos/video006/3502.png,CSAM,Non sensitive,video006,3502.png,"Caption: Visible physical aggression can pose significant risks to a child's safety. Hitting and violence should never be tolerated, and every child deserves to feel secure and protected.

Tags: #ChildSafety #ChildProtection #StopViolence"
3220.jpg,/CSAM_non_sens/images/3220.jpg,CSAM,Non sensitive,3220.jpg,3220.jpg,"Caption: A child appears distressed, sitting on a couch with their arms crossed over their head, possibly indicating fear or anxiety.

Tags: #ChildSafety #ChildProtection #EmotionalDistress"
1897.jpg,/CSAM_non_sens/images/1897.jpg,CSAM,Non sensitive,1897.jpg,1897.jpg,"Caption: A child appears to be sitting alone, with their body slightly hunched and arms resting on their knees. The lighting creates a dramatic contrast, highlighting the child's silhouette against a dark background.

Tags: #ChildSafety #Isolation #Distress #EmotionalSupport #ChildProtection"
3492.png,/CSAM_non_sens/images/3492.png,CSAM,Non sensitive,3492.png,3492.png,"Caption: A child appears distressed, possibly due to isolation or emotional distress. Visible signs of sadness or distress suggest the need for support and safety.

Tags: #ChildSafety #ChildProtection #EmotionalSupport #Isolation #Distress"
3193.jpg,/CSAM_non_sens/images/3193.jpg,CSAM,Non sensitive,3193.jpg,3193.jpg,"Caption: A child appears distressed and isolated, possibly due to emotional or psychological factors. It's important to address the underlying issues to ensure the child's well-being.

Tags: #ChildSafety #ChildProtection #EmotionalSupport #ChildWellbeing"
3217.jpg,/CSAM_non_sens/images/3217.jpg,CSAM,Non sensitive,3217.jpg,3217.jpg,"Caption: A child appears distressed while another individual seems to be engaging in a potentially aggressive interaction. The scene suggests a need for intervention to ensure the child's safety.

Tags: #ChildSafety #ChildProtection #InterventionNeeded"
1927.jpg,/CSAM_non_sens/images/1927.jpg,CSAM,Non sensitive,1927.jpg,1927.jpg,"Caption: A child's hand reaches out, suggesting a need for help or comfort. Visible physical aggression can put a child at serious risk.

Tags: #ChildSafety #ChildProtection #StopViolence"
2041.jpg,/CSAM_non_sens/images/2041.jpg,CSAM,Non sensitive,2041.jpg,2041.jpg,"Caption: A child appears to be in distress, with their hand near their face, possibly indicating sadness or distress.

Tags: #ChildSafety #ChildProtection #EmotionalWellbeing"
1886.jpg,/CSAM_non_sens/images/1886.jpg,CSAM,Non sensitive,1886.jpg,1886.jpg,"Caption: A child appears distressed, sitting on the ground with their hand raised, possibly indicating a need for help or protection.

Tags: #ChildSafety #ChildProtection #Distress #Vulnerability"
2028.jpg,/CSAM_non_sens/images/2028.jpg,CSAM,Non sensitive,2028.jpg,2028.jpg,"Caption: A child appears to be sitting alone, possibly feeling sad or distressed. Visible signs of vulnerability include their posture and the way they are hugging themselves.

Tags: #ChildSafety #ChildProtection #Isolation #Vulnerability #EmotionalWellbeing"
3138.jpg,/CSAM_non_sens/images/3138.jpg,CSAM,Non sensitive,3138.jpg,3138.jpg,"Caption: A child looks distressed while a parent appears to be in a heated conversation in the background. Visible signs of distress include the child's facial expression and body language.

Tags: #ChildSafety #ChildProtection #Distress #EmotionalVulnerability"
1936.jpg,/CSAM_non_sens/images/1936.jpg,CSAM,Non sensitive,1936.jpg,1936.jpg,"Caption: A child's hand is raised, possibly in a gesture of distress or seeking help. Visible signs of sadness or distress are evident on the child's face.

Tags: #ChildSafety #ChildProtection #ChildEmotionalWellbeing"
1831.jpg,/CSAM_non_sens/images/1831.jpg,CSAM,Non sensitive,1831.jpg,1831.jpg,"Caption: A child appears distressed, possibly due to emotional or psychological factors. It's important to address the underlying issues to ensure the child's well-being.

Tags: #ChildSafety #ChildProtection #EmotionalSupport #ChildWellbeing"
1832.jpg,/CSAM_non_sens/images/1832.jpg,CSAM,Non sensitive,1832.jpg,1832.jpg,"Caption: A child appears distressed, possibly due to emotional or psychological factors. Visible signs of distress include open mouth and wide eyes, indicating fear or sadness.

Tags: #ChildSafety #ChildEmotionalWellbeing #ChildProtection"
1863.jpg,/CSAM_non_sens/images/1863.jpg,CSAM,Non sensitive,1863.jpg,1863.jpg,"Caption: A child appears distressed, with hands clenched tightly on the floor, suggesting fear or distress.

Tags: #ChildSafety #ChildProtection #Distress #EmotionalVulnerability"
1965.jpg,/CSAM_non_sens/images/1965.jpg,CSAM,Non sensitive,1965.jpg,1965.jpg,"Caption: A child appears to be in distress, possibly due to isolation or emotional distress. Visible signs include sadness and vulnerability.

Tags: #ChildSafety #ChildProtection #EmotionalDistress #Isolation #Vulnerability"
0889.jpg,/CSAM_non_sens/images/0889.jpg,CSAM,Non sensitive,0889.jpg,0889.jpg,"Caption: A child appears to be hiding behind a pile of clothes, showing signs of distress or sadness.

Tags: #ChildSafety #ChildProtection #ChildWellbeing"
1925.jpg,/CSAM_non_sens/images/1925.jpg,CSAM,Non sensitive,1925.jpg,1925.jpg,"Caption: A child appears to be looking up with a curious expression, possibly indicating curiosity or confusion. The child is wearing a red shirt and has a necklace around their neck.

Tags: #ChildCuriosity #ChildConfusion #ChildSafety #ChildProtection #UnderstandingChildren"
1931.jpg,/CSAM_non_sens/images/1931.jpg,CSAM,Non sensitive,1931.jpg,1931.jpg,"Caption: A child appears distressed, covering their face with their hand, suggesting feelings of sadness or fear.

Tags: #ChildSafety #ChildProtection #EmotionalDistress"
3381.jpg,/CSAM_non_sens/images/3381.jpg,CSAM,Non sensitive,3381.jpg,3381.jpg,"Caption: A child appears to be crouching against a wall, possibly showing signs of distress or sadness. Visible physical aggression is not apparent in this image.

Tags: #ChildSafety #ChildProtection #ChildEmotionalHealth #Loneliness #Distress"
0842.webp,/CSAM_non_sens/images/0842.webp,CSAM,Non sensitive,0842.webp,0842.webp,"Caption: Three young people are standing together, with one pointing at something off-screen. The person being pointed at appears to be looking down at their phone.

Tags: #ChildSafety #ChildProtection #Bullying #Intimidation #Vulnerability"
1977.jpg,/CSAM_non_sens/images/1977.jpg,CSAM,Non sensitive,1977.jpg,1977.jpg,"Caption: A child appears distressed, covering their face with their hands, suggesting feelings of sadness or fear.

Tags: #ChildSafety #ChildProtection #EmotionalDistress"
3166.jpg,/CSAM_non_sens/videos/video037/3166.jpg,CSAM,Non sensitive,video037,3166.jpg,"Caption: A child is holding a teddy bear while a man stands behind her, holding a remote control. The child appears distressed and isolated.

Tags: #ChildSafety #ChildProtection #Isolation #Distress"
3167.jpg,/CSAM_non_sens/videos/video037/3167.jpg,CSAM,Non sensitive,video037,3167.jpg,"Caption: A woman appears to be bending over, possibly in an attempt to comfort or interact with a distressed child sitting on a couch. The child seems to be in a vulnerable position, with their head down and hands covering their ears.

Tags: #ChildSafety #ChildProtection #EmotionalSupport #VulnerableChild"
3227.jpg,/CSAM_non_sens/videos/video021/3227.jpg,CSAM,Non sensitive,video021,3227.jpg,"Caption: A child appears to be being restrained by another individual, suggesting a concerning situation. Physical aggression or restraint should never be tolerated.

Tags: #ChildSafety #ChildProtection #StopViolence"
3238.jpg,/CSAM_non_sens/videos/video021/3238.jpg,CSAM,Non sensitive,video021,3238.jpg,"Caption: A child appears to be facing a challenging situation on the street. The child seems to be interacting with another individual who is standing close by. The child's posture suggests they might be feeling distressed or uncomfortable.

Tags: #ChildSafety #ChildProtection #ChildWellbeing #SafeEnvironment #EmotionalSupport"
3240.jpg,/CSAM_non_sens/videos/video021/3240.jpg,CSAM,Non sensitive,video021,3240.jpg,"Caption: A child appears to be being restrained by another individual on a residential street. The child seems distressed, possibly due to fear or isolation.

Tags: #ChildSafety #ChildProtection #Isolation #Distress"
3241.jpg,/CSAM_non_sens/videos/video021/3241.jpg,CSAM,Non sensitive,video021,3241.jpg,"Caption: Visible physical aggression can pose significant risks to a child's safety. Hitting and violence should never be tolerated, and every child deserves to feel secure and protected.

Tags: #ChildSafety #ChildProtection #StopViolence"
3242.jpg,/CSAM_non_sens/videos/video021/3242.jpg,CSAM,Non sensitive,video021,3242.jpg,"Caption: A child appears to be being pushed by another individual on a sidewalk. This behavior can be concerning and put the child at risk.

Tags: #ChildSafety #ChildProtection #StopBullying"
3243.jpg,/CSAM_non_sens/videos/video021/3243.jpg,CSAM,Non sensitive,video021,3243.jpg,"Caption: Visible physical aggression can pose significant risks to a child's safety. Hitting and violence should never be tolerated, and every child deserves to feel secure and protected.

Tags: #ChildSafety #ChildProtection #StopViolence"
3244.jpg,/CSAM_non_sens/videos/video021/3244.jpg,CSAM,Non sensitive,video021,3244.jpg,"Caption: Visible physical aggression can put a child at serious risk. Hitting and violence should never be normalized, and every child deserves to feel safe and protected.

Tags: #ChildSafety #ChildProtection #StopViolence"
3245.jpg,/CSAM_non_sens/videos/video021/3245.jpg,CSAM,Non sensitive,video021,3245.jpg,"Caption: A child appears to be being restrained by an adult, suggesting potential physical aggression or mistreatment.

Tags: #ChildSafety #ChildProtection #StopViolence"
1870.jpg,/CSAM_non_sens/images/1870.jpg,CSAM,Non sensitive,1870.jpg,1870.jpg,"Caption: A child is sitting on the ground near a cooking area, appearing distressed and isolated. Visible physical aggression is not present, but the child's posture suggests vulnerability and discomfort.

Tags: #ChildSafety #ChildProtection #Isolation #Vulnerability #Distress"
1912.jpg,/CSAM_non_sens/images/1912.jpg,CSAM,Non sensitive,1912.jpg,1912.jpg,"Caption: Visible physical aggression can put a child at serious risk. Hitting and violence should never be normalized, and every child deserves to feel safe and protected.

Tags: #ChildSafety #ChildProtection #StopViolence"
1957.jpg,/CSAM_non_sens/images/1957.jpg,CSAM,Non sensitive,1957.jpg,1957.jpg,"Caption: A child appears distressed, with their hand covering part of their face, suggesting feelings of sadness or fear.

Tags: #ChildSafety #ChildProtection #EmotionalDistress"
0869.jpg,/CSAM_non_sens/images/0869.jpg,CSAM,Non sensitive,0869.jpg,0869.jpg,"Caption: A child appears distressed, possibly crying, in a dimly lit room, suggesting feelings of sadness or distress.

Tags: #ChildSafety #ChildProtection #EmotionalDistress"
1968.jpg,/CSAM_non_sens/images/1968.jpg,CSAM,Non sensitive,1968.jpg,1968.jpg,"Caption: A child appears to be in distress, possibly due to isolation or emotional distress. Visible signs include sadness and a sense of vulnerability.

Tags: #ChildSafety #ChildProtection #EmotionalDistress"
1939.jpg,/CSAM_non_sens/images/1939.jpg,CSAM,Non sensitive,1939.jpg,1939.jpg,"Caption: A child appears distressed, possibly due to isolation or emotional distress. Visible signs include sadness and a lack of engagement.

Tags: #ChildSafety #ChildProtection #EmotionalDistress #Isolation #Vulnerability"
3168.jpg,/CSAM_non_sens/images/3168.jpg,CSAM,Non sensitive,3168.jpg,3168.jpg,"Caption: A child appears distressed, with hands raised in a defensive gesture. The scene suggests a moment of conflict or emotional distress.

Tags: #ChildSafety #ChildProtection #EmotionalDistress"
0866.webp,/CSAM_non_sens/images/0866.webp,CSAM,Non sensitive,0866.webp,0866.webp,"Caption: A child appears distressed, with hands clasped together, suggesting fear or anxiety. Visible physical aggression is not present.

Tags: #ChildSafety #ChildProtection #EmotionalDistress #SafeEnvironment"
3216.jpg,/CSAM_non_sens/images/3216.jpg,CSAM,Non sensitive,3216.jpg,3216.jpg,"Caption: A child appears distressed, hugging a person who seems to be comforting them. Visible signs of distress include tears and a sad expression.

Tags: #ChildSafety #ChildProtection #EmotionalSupport"
3256.jpg,/CSAM_non_sens/images/3256.jpg,CSAM,Non sensitive,3256.jpg,3256.jpg,"Caption: A child appears distressed, possibly due to a challenging situation. It's important to ensure children are safe and supported.

Tags: #ChildSafety #ChildProtection #EmotionalSupport"
3248.jpg,/CSAM_non_sens/images/3248.jpg,CSAM,Non sensitive,3248.jpg,3248.jpg,"Caption: A child appears distressed, with their hand on their head, suggesting feelings of sadness or distress.

Tags: #ChildSafety #ChildProtection #EmotionalWellbeing"
1867.jpg,/CSAM_non_sens/images/1867.jpg,CSAM,Non sensitive,1867.jpg,1867.jpg,"Caption: A child's teddy bear is alone in a dimly lit room, suggesting feelings of loneliness or sadness. This scene highlights the importance of providing comfort and support to children who may be experiencing emotional distress.

Tags: #ChildLoneliness #ChildEmotionalWellbeing #ChildSafety"
3159.jpg,/CSAM_non_sens/images/3159.jpg,CSAM,Non sensitive,3159.jpg,3159.jpg,"Caption: A child is being held by an adult while another hand points towards them, indicating a potential threat or warning.

Tags: #ChildSafety #ChildProtection #Intimidation #Vulnerability"
0822.webp,/CSAM_non_sens/images/0822.webp,CSAM,Non sensitive,0822.webp,0822.webp,"Caption: A child appears distressed, possibly crying or in distress. Visible signs of sadness or emotional distress are evident.

Tags: #ChildSafety #ChildEmotionalWellbeing #ChildProtection"
1910.jpg,/CSAM_non_sens/images/1910.jpg,CSAM,Non sensitive,1910.jpg,1910.jpg,"Caption: A child appears to be sitting alone near a barbed wire fence, surrounded by vegetation. The child seems to be in a vulnerable position, possibly indicating feelings of sadness or distress.

Tags: #ChildSafety #ChildProtection #Isolation #Vulnerability #EmotionalWellbeing"
0898.jpg,/CSAM_non_sens/images/0898.jpg,CSAM,Non sensitive,0898.jpg,0898.jpg,"Caption: A child appears to be in a vulnerable position, possibly due to physical restraint or manipulation. It is important to ensure that children are not exposed to situations that could lead to harm or distress.

Tags: #ChildSafety #ChildProtection #SafeEnvironment #VulnerableChildren"
3124.jpg,/CSAM_non_sens/images/3124.jpg,CSAM,Non sensitive,3124.jpg,3124.jpg,"Caption: A mother and son are looking out a window, possibly reflecting on something troubling. Their body language suggests concern and worry.the mother is worried with her child.

Tags: #ChildSafety #ParentingChallenges #EmotionalSupport"
1903.jpg,/CSAM_non_sens/images/1903.jpg,CSAM,Non sensitive,1903.jpg,1903.jpg,"Caption: A child appears to be resting their head on a table, possibly indicating sadness or distress. This scene highlights the importance of recognizing and addressing emotional well-being in children.

Tags: #ChildSafety #ChildEmotionalWellbeing #ChildProtection"
2061.jpg,/CSAM_non_sens/images/2061.jpg,CSAM,Non sensitive,2061.jpg,2061.jpg,"Caption: Visible physical aggression can pose significant risks to a child's safety. Hitting and violence should never be tolerated, and every child deserves to feel secure and protected.

Tags: #ChildSafety #ChildProtection #StopViolence"
1972.jpg,/CSAM_non_sens/images/1972.jpg,CSAM,Non sensitive,1972.jpg,1972.jpg,"Caption: A child appears to be in distress, with visible signs of sadness and distress on their face. The child's hands are resting on the ground, and there are bloodstains on their clothing, suggesting possible injury or trauma.

Tags: #ChildSafety #ChildProtection #ChildAbuse #EmotionalDistress #Vulnerability"
2048.jpg,/CSAM_non_sens/images/2048.jpg,CSAM,Non sensitive,2048.jpg,2048.jpg,"Caption: A child's legs are bound with rope, suggesting a potential act of restraint or control. This situation raises serious concerns about safety and protection.

Tags: #ChildSafety #ChildProtection #Restraint #Vulnerability #EmotionalDistress"
0853.webp,/CSAM_non_sens/images/0853.webp,CSAM,Non sensitive,0853.webp,0853.webp,"Caption: A child appears distressed, with hands covering their face, suggesting feelings of sadness or distress.

Tags: #ChildSafety #ChildProtection #EmotionalWellbeing"
1984.jpg,/CSAM_non_sens/images/1984.jpg,CSAM,Non sensitive,1984.jpg,1984.jpg,"Caption: A child appears to be looking intently at something, possibly a screen, in a dimly lit room. The child's expression suggests focus or concern.

Tags: #ChildSafety #ChildProtection #SafeEnvironment"
2051.jpg,/CSAM_non_sens/images/2051.jpg,CSAM,Non sensitive,2051.jpg,2051.jpg,"Caption: Visible physical aggression can pose significant risks to a child's safety. Hitting and violence should never be tolerated, and every child deserves to feel secure and protected.

Tags: #ChildSafety #ChildProtection #StopViolence"
1991.jpg,/CSAM_non_sens/images/1991.jpg,CSAM,Non sensitive,1991.jpg,1991.jpg,"Caption: A child is sitting on the ground, holding a plastic bottle. The child appears to be in a vulnerable position, possibly indicating distress or sadness.

Tags: #ChildSafety #ChildProtection #VulnerableChild"
0840.jpg,/CSAM_non_sens/images/0840.jpg,CSAM,Non sensitive,0840.jpg,0840.jpg,"Caption: A child appears distressed behind a cage, possibly indicating feelings of isolation or fear.

Tags: #ChildSafety #ChildProtection #Isolation #Distress"
0860.jpg,/CSAM_non_sens/images/0860.jpg,CSAM,Non sensitive,0860.jpg,0860.jpg,"Caption: A child appears distressed, hugging their knees, while another person points a finger, possibly indicating a warning or criticism. This scene highlights the importance of addressing emotional and behavioral issues in a supportive manner.

Tags: #ChildSafety #EmotionalSupport #ChildProtection"
1854.jpg,/CSAM_non_sens/images/1854.jpg,CSAM,Non sensitive,1854.jpg,1854.jpg,"Caption: Two children are working together, digging in the dirt with shovels. One child appears to be helping the other, possibly sharing tools or assisting with the task.

Tags: #ChildLabor #ChildWork #SafeEnvironment #ChildSafety #ChildProtection"
1906.jpg,/CSAM_non_sens/images/1906.jpg,CSAM,Non sensitive,1906.jpg,1906.jpg,"Caption: A child appears to be sitting alone, possibly feeling sad or distressed. Visible signs of isolation and emotional vulnerability are evident.

Tags: #ChildSafety #ChildProtection #Loneliness #EmotionalVulnerability"
1995.jpg,/CSAM_non_sens/images/1995.jpg,CSAM,Non sensitive,1995.jpg,1995.jpg,"Caption: A child appears distressed, with a hand on their head, suggesting emotional distress or sadness.

Tags: #ChildSafety #ChildEmotionalWellbeing #Distress"
2054.jpg,/CSAM_non_sens/images/2054.jpg,CSAM,Non sensitive,2054.jpg,2054.jpg,"Caption: A child appears to be reaching out towards something or someone, possibly indicating distress or seeking comfort. Visible physical aggression is not evident in this image.

Tags: #ChildSafety #ChildProtection #EmotionalDistress #Isolation #Vulnerability"
0863.webp,/CSAM_non_sens/images/0863.webp,CSAM,Non sensitive,0863.webp,0863.webp,"Caption: A child appears distressed, possibly due to emotional or psychological factors. It's important to address the underlying issues that might be causing their distress.

Tags: #ChildSafety #EmotionalWellbeing #ChildProtection"
3276.jpg,/CSAM_non_sens/images/3276.jpg,CSAM,Non sensitive,3276.jpg,3276.jpg,"Caption: An adult is speaking to a child, who appears to be listening intently. The adult's hand is raised near their mouth, suggesting they might be speaking emphatically or expressing concern.

Tags: #ChildSafety #ParentChildInteraction #EmotionalSupport"
0875.jpeg,/CSAM_non_sens/images/0875.jpeg,CSAM,Non sensitive,0875.jpeg,0875.jpeg,"Caption: A child appears distressed while another person points a finger, possibly indicating a moment of confrontation or criticism.

Tags: #ChildSafety #ChildProtection #EmotionalDistress #SafeEnvironment"
3137.jpg,/CSAM_non_sens/images/3137.jpg,CSAM,Non sensitive,3137.jpg,3137.jpg,"Caption: A child appears distressed, with arms crossed, suggesting feelings of fear or sadness. Visible physical aggression is not present.

Tags: #ChildSafety #ChildProtection #EmotionalSupport #SafeEnvironment"
0876.jpg,/CSAM_non_sens/images/0876.jpg,CSAM,Non sensitive,0876.jpg,0876.jpg,"Caption: A child appears distressed, sitting alone with their hands covering their face. Shadows on the wall suggest a menacing presence, indicating potential fear or intimidation.

Tags: #ChildSafety #ChildProtection #Fear #Intimidation #Vulnerability"
0839.webp,/CSAM_non_sens/images/0839.webp,CSAM,Non sensitive,0839.webp,0839.webp,"Caption: A child appears to be sitting alone in a dimly lit room, hugging their knees tightly. The scene suggests feelings of sadness or distress.

Tags: #ChildSafety #ChildProtection #Loneliness #Distress"
1913.jpg,/CSAM_non_sens/videos/video027/1913.jpg,CSAM,Non sensitive,video027,1913.jpg,"Caption: A child appears to be holding a red object near their head, which could indicate a potential safety concern. It's important to ensure that children are not exposed to harmful objects or situations.

Tags: #ChildSafety #ChildProtection #SafeEnvironment"
1914.jpg,/CSAM_non_sens/videos/video027/1914.jpg,CSAM,Non sensitive,video027,1914.jpg,"Caption: A child appears to be in distress, with hands raised and a blindfold on their eyes, suggesting a sense of vulnerability or fear.

Tags: #ChildSafety #ChildProtection #Vulnerability #Distress"
1861.jpg,/CSAM_non_sens/images/1861.jpg,CSAM,Non sensitive,1861.jpg,1861.jpg,"Caption: A woman and a child are walking on a street, with the woman carrying a baby and the child carrying a bag on their head. The surroundings appear to be urban and somewhat neglected.

Tags: #ChildSafety #UrbanLife #VulnerableChildren #StreetScenes"
1856.jpg,/CSAM_non_sens/images/1856.jpg,CSAM,Non sensitive,1856.jpg,1856.jpg,"Caption: A child appears distressed, sitting on a couch with their arms crossed, possibly indicating sadness or fear.

Tags: #ChildSafety #ChildProtection #EmotionalDistress"
0856.webp,/CSAM_non_sens/images/0856.webp,CSAM,Non sensitive,0856.webp,0856.webp,"Caption: A child's eye peeks through a narrow opening, suggesting a sense of fear or vulnerability. Visible physical aggression can put a child at serious risk.

Tags: #ChildSafety #ChildProtection #StopViolence"
2032.jpg,/CSAM_non_sens/images/2032.jpg,CSAM,Non sensitive,2032.jpg,2032.jpg,"Caption: A child appears to be peeking through a door frame, possibly feeling scared or insecure.

Tags: #ChildSafety #ChildProtection #Isolation #Fear"
0806.webp,/CSAM_non_sens/images/0806.webp,CSAM,Non sensitive,0806.webp,0806.webp,"Caption: A child appears distressed, with hands covering their face, suggesting fear or sadness. Visible physical aggression is not present.

Tags: #ChildSafety #ChildProtection #EmotionalAbuse #Distress #Vulnerability"
2002.jpg,/CSAM_non_sens/images/2002.jpg,CSAM,Non sensitive,2002.jpg,2002.jpg,"Caption: A child appears to be in distress, with hands on the ground, possibly indicating sadness or fear. The setting looks like an outdoor area with wet tiles and scattered leaves.

Tags: #ChildSafety #ChildProtection #ChildDistress #SafeEnvironment #EmotionalSupport"
2044.jpg,/CSAM_non_sens/images/2044.jpg,CSAM,Non sensitive,2044.jpg,2044.jpg,"Caption: A child appears to be in distress, possibly due to emotional or physical discomfort. Visible signs of distress include the child's posture and the way they are holding their head.

Tags: #ChildSafety #ChildProtection #EmotionalDistress #SafeEnvironment"
3232.jpg,/CSAM_non_sens/images/3232.jpg,CSAM,Non sensitive,3232.jpg,3232.jpg,"Caption: A man appears to be pointing at a young boy, possibly in a confrontational manner. The boy seems to be looking away, possibly feeling uncomfortable or distressed.

Tags: #ChildSafety #ChildProtection #Confrontation #EmotionalDistress"
1895.jpg,/CSAM_non_sens/images/1895.jpg,CSAM,Non sensitive,1895.jpg,1895.jpg,"Caption: A child is standing on a motorcycle, holding a bag on their head, which appears to be heavy. The child looks distressed and isolated.

Tags: #ChildSafety #ChildProtection #Isolation #Distress"
0890.jpg,/CSAM_non_sens/images/0890.jpg,CSAM,Non sensitive,0890.jpg,0890.jpg,"Caption: A child appears distressed, possibly due to emotional or psychological factors. It's important to address the underlying issues to ensure the child's well-being.

Tags: #ChildSafety #ChildProtection #EmotionalSupport #ChildWellbeing"
1828.jpg,/CSAM_non_sens/images/1828.jpg,CSAM,Non sensitive,1828.jpg,1828.jpg,"Caption: A child appears to be reaching out towards something or someone, possibly indicating distress or seeking help. The presence of a closed door suggests a confined space, which could be a concern for safety.

Tags: #ChildSafety #ChildProtection #Isolation #Distress"
1987.jpg,/CSAM_non_sens/images/1987.jpg,CSAM,Non sensitive,1987.jpg,1987.jpg,"Caption: A child appears to be sitting alone in a grassy field, possibly feeling sad or distressed. Visible signs of vulnerability include the child's posture and the surrounding environment.

Tags: #ChildSafety #ChildProtection #Isolation #Vulnerability #EmotionalWellbeing"
1864.jpg,/CSAM_non_sens/images/1864.jpg,CSAM,Non sensitive,1864.jpg,1864.jpg,"Caption: A child's hands are bound with rope, indicating a sense of restriction or captivity. This scene highlights the importance of safeguarding children from any form of physical or emotional harm.

Tags: #ChildSafety #ChildProtection #BoundHands #Vulnerability #EmotionalIntimidation"
0844.webp,/CSAM_non_sens/images/0844.webp,CSAM,Non sensitive,0844.webp,0844.webp,"Caption: A child appears to be sitting against a wall, hunched over, possibly showing signs of distress or sadness.

Tags: #ChildSafety #ChildProtection #EmotionalWellbeing"
2049.jpg,/CSAM_non_sens/images/2049.jpg,CSAM,Non sensitive,2049.jpg,2049.jpg,"Caption: A child appears to be in distress, with hands bound behind their back. This situation raises concerns about safety and potential abuse.

Tags: #ChildSafety #ChildProtection #AbuseAwareness"
2035.jpg,/CSAM_non_sens/images/2035.jpg,CSAM,Non sensitive,2035.jpg,2035.jpg,"Caption: A child is holding an orange object near a window, possibly trying to block the light or look outside. The child appears to be alone and focused on the object.

Tags: #ChildSafety #Isolation #Loneliness #ChildProtection"
1819.jpg,/CSAM_non_sens/images/1819.jpg,CSAM,Non sensitive,1819.jpg,1819.jpg,"Caption: A child appears distressed, with visible signs of sadness and distress. The child's face shows a sense of discomfort and vulnerability.

Tags: #ChildSafety #ChildProtection #ChildWellbeing #EmotionalDistress #Vulnerability"
2053.jpg,/CSAM_non_sens/images/2053.jpg,CSAM,Non sensitive,2053.jpg,2053.jpg,"Caption: A child is leaning against a wall, appearing distressed and isolated. Visible signs of sadness and vulnerability are evident.

Tags: #ChildSafety #ChildProtection #Isolation #Vulnerability #EmotionalDistress"
1844.jpg,/CSAM_non_sens/images/1844.jpg,CSAM,Non sensitive,1844.jpg,1844.jpg,"Caption: An angry father is yelling at his son, who is covering his ears in response. This scene highlights the importance of addressing conflicts calmly and respectfully to protect children from emotional harm.

Tags: #ChildSafety #ParentingTips #EmotionalIntelligence"
3125.jpg,/CSAM_non_sens/images/3125.jpg,CSAM,Non sensitive,3125.jpg,3125.jpg,"Caption: A child appears distressed, with arms crossed, while a concerned adult sits nearby. Visible signs of sadness and distress suggest the child might be experiencing emotional turmoil.

Tags: #ChildSafety #ChildEmotionalWellbeing #Distress"
0848.webp,/CSAM_non_sens/images/0848.webp,CSAM,Non sensitive,0848.webp,0848.webp,"Caption: A child appears distressed, with hands covering their face, suggesting feelings of sadness or fear.

Tags: #ChildSafety #ChildProtection #EmotionalWellbeing"
0833.webp,/CSAM_non_sens/videos/video025/0833.webp,CSAM,Non sensitive,video025,0833.webp,"Caption: A child appears distressed, with visible tears on their face, suggesting emotional distress or sadness.

Tags: #ChildSafety #ChildEmotionalWellbeing #ChildProtection"
0834.webp,/CSAM_non_sens/videos/video025/0834.webp,CSAM,Non sensitive,video025,0834.webp,"Caption: A child appears distressed, covering their face with their hand, suggesting feelings of sadness or fear.

Tags: #ChildSafety #ChildProtection #EmotionalDistress"
3527.webp,/CSAM_non_sens/images/3527.webp,CSAM,Non sensitive,3527.webp,3527.webp,"Caption: A child appears distressed, possibly due to isolation or emotional distress. It's crucial to ensure children are safe and supported in their environments.

Tags: #ChildSafety #ChildProtection #EmotionalWellbeing #Isolation #Distress"
1976.jpg,/CSAM_non_sens/images/1976.jpg,CSAM,Non sensitive,1976.jpg,1976.jpg,"Caption: A child appears distressed, with their head resting on their hand, suggesting feelings of sadness or distress.

Tags: #ChildSafety #ChildEmotionalWellbeing #ChildProtection"
2023.jpg,/CSAM_non_sens/images/2023.jpg,CSAM,Non sensitive,2023.jpg,2023.jpg,"Caption: A child appears distressed, with visible signs of sadness and isolation. The environment seems tense, suggesting potential emotional distress.

Tags: #ChildSafety #ChildProtection #EmotionalDistress #Isolation #Vulnerability"
3506.png,/CSAM_non_sens/images/3506.png,CSAM,Non sensitive,3506.png,3506.png,"Caption: A child appears to be standing near a counter, possibly involved in an activity or transaction. The setting suggests a public place, possibly a food stall or market.

Tags: #ChildSafety #PublicSpaces #CommunitySupport #ChildProtection"
1894.jpg,/CSAM_non_sens/images/1894.jpg,CSAM,Non sensitive,1894.jpg,1894.jpg,"Caption: A child is seen holding a brick, while another child stands behind a wall, appearing to be in a vulnerable position. The scene suggests a need for safety and protection for the children.

Tags: #ChildSafety #ChildProtection #VulnerableChildren"
3147.jpg,/CSAM_non_sens/images/3147.jpg,CSAM,Non sensitive,3147.jpg,3147.jpg,"Caption: A child appears distressed and is being pushed by an adult, indicating potential physical aggression and safety concerns.

Tags: #ChildSafety #ChildProtection #StopViolence"
3131.jpg,/CSAM_non_sens/images/3131.jpg,CSAM,Non sensitive,3131.jpg,3131.jpg,"Caption: A child appears distressed, possibly due to a difficult conversation or interaction. Visible signs of distress include tears and a worried expression.

Tags: #ChildSafety #ChildProtection #EmotionalDistress"
1955.jpg,/CSAM_non_sens/images/1955.jpg,CSAM,Non sensitive,1955.jpg,1955.jpg,"Caption: A child appears distressed, with their hand raised, possibly in a gesture of distress or seeking help. Visible signs of emotional distress include sadness and isolation.

Tags: #ChildSafety #ChildProtection #EmotionalDistress #Isolation #Vulnerability"
3182.jpg,/CSAM_non_sens/images/3182.jpg,CSAM,Non sensitive,3182.jpg,3182.jpg,"Caption: A child appears distressed, covering their head with their hands, while another person gestures with their hand, possibly expressing concern or frustration. This scene suggests a moment of emotional distress or conflict.

Tags: #ChildSafety #EmotionalDistress #ChildProtection"
0817.webp,/CSAM_non_sens/images/0817.webp,CSAM,Non sensitive,0817.webp,0817.webp,"Caption: Visible physical aggression can pose significant risks to a child's safety. Hitting and violence should never be tolerated, and every child deserves to feel secure and protected.

Tags: #ChildSafety #ChildProtection #StopViolence"
0891.jpg,/CSAM_non_sens/images/0891.jpg,CSAM,Non sensitive,0891.jpg,0891.jpg,"Caption: A child appears distressed, possibly due to emotional or psychological factors. Visible signs of sadness or distress suggest the need for support and care.

Tags: #ChildSafety #ChildProtection #EmotionalSupport #ChildWellbeing"
1917.jpg,/CSAM_non_sens/images/1917.jpg,CSAM,Non sensitive,1917.jpg,1917.jpg,"Caption: A child is sitting by a window, looking out. The child appears to be all alone and left out.

Tags: #ChildSafety #ChildWellbeing."
1938.jpg,/CSAM_non_sens/images/1938.jpg,CSAM,Non sensitive,1938.jpg,1938.jpg,"Caption: A child appears distressed, with their hand covering part of their face, suggesting emotional distress or sadness.

Tags: #ChildSafety #ChildEmotionalWellbeing #Distress"
0847.webp,/CSAM_non_sens/images/0847.webp,CSAM,Non sensitive,0847.webp,0847.webp,"Caption: A child appears distressed, with hands raised in a gesture that suggests fear or distress. Visible signs of emotional vulnerability are evident.

Tags: #ChildSafety #ChildProtection #EmotionalVulnerability"
1869.jpg,/CSAM_non_sens/images/1869.jpg,CSAM,Non sensitive,1869.jpg,1869.jpg,"Caption: A child appears to be sitting alone and looking sad, possibly indicating feelings of isolation or distress.

Tags: #ChildSafety #ChildProtection #Loneliness #EmotionalWellbeing"
1953.jpg,/CSAM_non_sens/images/1953.jpg,CSAM,Non sensitive,1953.jpg,1953.jpg,"Caption: A child appears distressed, sitting alone on a bench in a playground. The child's posture suggests sadness or distress.

Tags: #ChildSafety #ChildProtection #Loneliness #EmotionalDistress"
3201.jpg,/CSAM_non_sens/images/3201.jpg,CSAM,Non sensitive,3201.jpg,3201.jpg,"Caption: A child looks sad and distressed, while another child appears to be upset. Parents are engaged in a conversation, possibly discussing the child's behavior and scolding him.

Tags: #ChildSafety #ChildProtection #EmotionalDistress #ParentingChallenges"
1908.jpg,/CSAM_non_sens/images/1908.jpg,CSAM,Non sensitive,1908.jpg,1908.jpg,"Caption: A child appears to be in distress, possibly due to isolation or emotional distress. Visible signs of sadness or distress can be seen on their face.

Tags: #ChildSafety #ChildProtection #EmotionalDistress #Isolation #ChildWellbeing"
0895.jpg,/CSAM_non_sens/images/0895.jpg,CSAM,Non sensitive,0895.jpg,0895.jpg,"Caption: A child appears distressed and isolated, holding a teddy bear. Visible signs of sadness and distress suggest the child might be experiencing emotional vulnerability.

Tags: #ChildSafety #ChildProtection #EmotionalVulnerability #Loneliness #Distress"
1949.jpg,/CSAM_non_sens/images/1949.jpg,CSAM,Non sensitive,1949.jpg,1949.jpg,"Caption: A child appears to be looking down with a somber expression, suggesting feelings of sadness or distress.

Tags: #ChildSafety #ChildEmotionalWellbeing #ChildProtection"
1959.jpg,/CSAM_non_sens/images/1959.jpg,CSAM,Non sensitive,1959.jpg,1959.jpg,"Caption: Visible physical aggression can pose significant risks to a child's safety. Hitting and violence should never be tolerated, and every child deserves to feel secure and protected.

Tags: #ChildSafety #ChildProtection #StopViolence"
1885.jpg,/CSAM_non_sens/images/1885.jpg,CSAM,Non sensitive,1885.jpg,1885.jpg,"Caption: A child appears distressed, with their hand raised, possibly indicating a need for help or protection. Visible signs of distress include sadness and isolation.

Tags: #ChildSafety #ChildProtection #ChildAbuse #Distress #Vulnerability"
1880.jpg,/CSAM_non_sens/images/1880.jpg,CSAM,Non sensitive,1880.jpg,1880.jpg,"Caption: A child is carrying a bucket while another child bends down, possibly engaged in some activity. The scene appears to be indoors, with construction materials and tools visible around them.

Tags: #ChildSafety #ChildProtection #SafeEnvironment #ChildWellbeing"
1896.jpg,/CSAM_non_sens/images/1896.jpg,CSAM,Non sensitive,1896.jpg,1896.jpg,"Caption: A child is leaning against a wall, appearing distressed and isolated. Visible signs of sadness and distress suggest the child might be experiencing emotional challenges.

Tags: #ChildSafety #ChildProtection #EmotionalWellbeing #Loneliness #Distress"
2027.jpg,/CSAM_non_sens/images/2027.jpg,CSAM,Non sensitive,2027.jpg,2027.jpg,"Caption: Visible physical aggression can put a child at serious risk. Hitting and violence should never be normalized, and every child deserves to feel safe and protected.

Tags: #ChildSafety #ChildProtection #StopViolence"
3533.avif,/CSAM_non_sens/images/3533.avif,CSAM,Non sensitive,3533.avif,3533.avif,"Caption: A child appears distressed while adults in the background are engaged in a tense interaction. The child deserves a calm and safe environment away from intimidating situations.

Tags: #ChildSafety #ChildWellbeing #ChildProtection #SafeEnvironment"
1893.jpg,/CSAM_non_sens/images/1893.jpg,CSAM,Non sensitive,1893.jpg,1893.jpg,"Caption: A child appears distressed, with dirt on their face and hands, suggesting they might have been involved in some form of physical activity or play.

Tags: #ChildSafety #ChildProtection #ChildAbusePrevention"
2063.jpg,/CSAM_non_sens/images/2063.jpg,CSAM,Non sensitive,2063.jpg,2063.jpg,"Caption: A child appears to be engaged in a craft or sewing activity, smiling and focused on their work. The setting suggests a workshop or a place where children engage in creative activities.

Tags: #ChildSafety #ChildProtection #CraftActivities #SafeEnvironment"
2075.jpg,/CSAM_non_sens/images/2075.jpg,CSAM,Non sensitive,2075.jpg,2075.jpg,"Caption: A child appears distressed, with their mouth open wide, possibly shouting or crying. Visible signs of distress include tears and a worried expression.

Tags: #ChildSafety #ChildEmotionalWellbeing #DistressInChildren"
0902.jpg,/CSAM_non_sens/images/0902.jpg,CSAM,Non sensitive,0902.jpg,0902.jpg,"Caption: A child appears distressed and isolated, sitting against a wall with their arms crossed. Visible physical aggression is not present, but the scene suggests vulnerability and potential distress.

Tags: #ChildSafety #ChildProtection #Isolation #Distress"
1951.jpg,/CSAM_non_sens/images/1951.jpg,CSAM,Non sensitive,1951.jpg,1951.jpg,"Caption: A child is sitting on a wheelbarrow, appearing to be in a vulnerable position. The background suggests a construction site with bricks, indicating a potentially unsafe environment.

Tags: #ChildSafety #ConstructionSite #VulnerablePosition"
3223.jpg,/CSAM_non_sens/images/3223.jpg,CSAM,Non sensitive,3223.jpg,3223.jpg,"Caption: A child appears to be standing against a brick wall, seemingly distressed or sad. Visible signs of emotional distress include sadness and isolation.

Tags: #ChildSafety #ChildProtection #EmotionalDistress #Isolation #ChildWellbeing"
1948.jpg,/CSAM_non_sens/images/1948.jpg,CSAM,Non sensitive,1948.jpg,1948.jpg,"Caption: A child appears to be sitting on a bed with their back to the camera, hands covering their face, suggesting distress or sadness.

Tags: #ChildSafety #ChildProtection #EmotionalDistress"
3507.png,/CSAM_non_sens/images/3507.png,CSAM,Non sensitive,3507.png,3507.png,"Caption: A child appears to be sitting alone, hugging their knees, which may indicate feelings of sadness or distress.

Tags: #ChildSafety #ChildProtection #Loneliness #EmotionalWellbeing"
2000.jpg,/CSAM_non_sens/images/2000.jpg,CSAM,Non sensitive,2000.jpg,2000.jpg,"Caption: A child appears to be in distress, with hands covering their face, suggesting feelings of sadness or fear.

Tags: #ChildSafety #ChildProtection #EmotionalDistress"
2043.jpg,/CSAM_non_sens/images/2043.jpg,CSAM,Non sensitive,2043.jpg,2043.jpg,"Caption: A child appears distressed, holding their hand near their mouth, possibly indicating discomfort or distress.

Tags: #ChildSafety #ChildProtection #EmotionalDistress"
2034.jpg,/CSAM_non_sens/images/2034.jpg,CSAM,Non sensitive,2034.jpg,2034.jpg,"Caption: A child's hands are gripping a metal grid, suggesting a sense of distress or fear. Visible physical aggression can put a child at serious risk.

Tags: #ChildSafety #ChildProtection #StopViolence"
1989.jpg,/CSAM_non_sens/images/1989.jpg,CSAM,Non sensitive,1989.jpg,1989.jpg,"Caption: A child appears distressed, with their hand covering their mouth, suggesting fear or sadness. Visible physical aggression is not present.

Tags: #ChildSafety #ChildProtection #EmotionalDistress #Vulnerability #ChildAbusePrevention"
2074.jpg,/CSAM_non_sens/images/2074.jpg,CSAM,Non sensitive,2074.jpg,2074.jpg,"Caption: A child is carrying a heavy sack on their back, which appears to be causing strain. This situation highlights the importance of ensuring children are not exposed to excessive physical labor.

Tags: #ChildSafety #ChildProtection #SafeWorkEnvironment"
0818.webp,/CSAM_non_sens/videos/video024/0818.webp,CSAM,Non sensitive,video024,0818.webp,"Caption: A child appears distressed, sitting against a wall with their head in their hands, while another individual stands nearby, seemingly in a confrontational stance. Visible objects include a notebook and pens on the ground.

Tags: #ChildSafety #ChildProtection #Bullying #Intimidation #Distress"
0819.webp,/CSAM_non_sens/videos/video024/0819.webp,CSAM,Non sensitive,video024,0819.webp,"Caption: A child appears distressed, leaning against a wall while another individual stands close by. Visible signs of distress include the child's posture and facial expression.

Tags: #ChildSafety #ChildProtection #Distress #EmotionalSupport"
1935.jpg,/CSAM_non_sens/images/1935.jpg,CSAM,Non sensitive,1935.jpg,1935.jpg,"Caption: A child appears to be carrying a suitcase while being surrounded by adults on a busy street. The child looks distressed and isolated.

Tags: #ChildSafety #ChildProtection #Isolation #Distress"
3143.jpg,/CSAM_non_sens/videos/video007/3143.jpg,CSAM,Non sensitive,video007,3143.jpg,"Caption: A child appears distressed and is being pushed by another individual. This behavior can be dangerous and should be addressed immediately to ensure the child's safety.

Tags: #ChildSafety #ChildProtection #StopBullying #SafeEnvironment #ChildAbusePrevention"
3198.jpg,/CSAM_non_sens/videos/video007/3198.jpg,CSAM,Non sensitive,video007,3198.jpg,"Caption: A child appears to be in distress, possibly due to isolation or sadness. Visible signs of emotional distress include a lack of engagement and a somber expression.

Tags: #ChildSafety #ChildEmotionalWellbeing #Isolation #Distress"
3209.jpg,/CSAM_non_sens/videos/video007/3209.jpg,CSAM,Non sensitive,video007,3209.jpg,"Caption: Visible physical aggression can pose significant risks to a child's safety. Hitting and violence should never be tolerated, and every child deserves to feel secure and protected.

Tags: #ChildSafety #ChildProtection #StopViolence"
3484.jpg,/CSAM_non_sens/videos/video007/3484.jpg,CSAM,Non sensitive,video007,3484.jpg,"Caption: A child appears to be facing a challenging situation, possibly due to emotional distress or isolation. The adult seems to be standing close by, which could indicate concern or support.

Tags: #ChildSafety #ChildProtection #EmotionalSupport #Isolation #Distress"
3485.jpg,/CSAM_non_sens/videos/video007/3485.jpg,CSAM,Non sensitive,video007,3485.jpg,"Caption: A child appears distressed, possibly due to a difficult situation. Visible signs of distress include open mouth and clenched fists.

Tags: #ChildSafety #ChildProtection #EmotionalDistress"
3489.jpg,/CSAM_non_sens/videos/video007/3489.jpg,CSAM,Non sensitive,video007,3489.jpg,"Caption: A child is holding a stick, seemingly in a threatening manner towards another person. Visible physical aggression can pose significant risks to children.

Tags: #ChildSafety #ChildProtection #StopViolence"
3491.jpg,/CSAM_non_sens/videos/video007/3491.jpg,CSAM,Non sensitive,video007,3491.jpg,"Caption: Visible physical aggression can put a child at serious risk. Hitting and violence should never be normalized, and every child deserves to feel safe and protected.

Tags: #ChildSafety #ChildProtection #StopViolence"
3495.jpg,/CSAM_non_sens/videos/video007/3495.jpg,CSAM,Non sensitive,video007,3495.jpg,"Caption: A child appears to be in distress, leaning against a wall with their head bowed down. The setting looks like a confined space, possibly a room, which could indicate feelings of isolation or vulnerability.

Tags: #ChildSafety #ChildProtection #Isolation #Vulnerability #EmotionalDistress"
0883.jpg,/CSAM_non_sens/videos/video026/0883.jpg,CSAM,Non sensitive,video026,0883.jpg,"Caption: A child appears distressed on the floor, while an adult bends down, possibly offering comfort or assistance. Visible signs of distress include the child's posture and facial expression.

Tags: #ChildSafety #ChildProtection #ChildDistress #EmotionalSupport"
0904.jpg,/CSAM_non_sens/videos/video026/0904.jpg,CSAM,Non sensitive,video026,0904.jpg,"Caption: A man is pointing at a child who appears distressed and is sitting against a wall. The child looks sad and isolated.

Tags: #ChildSafety #ChildProtection #Isolation #Distress"
3528.jpg,/CSAM_non_sens/images/3528.jpg,CSAM,Non sensitive,3528.jpg,3528.jpg,"Caption: A child appears distressed, holding their head in their hands, suggesting feelings of sadness or distress.

Tags: #ChildSafety #ChildEmotionalWellbeing #Distress"
3514.png,/CSAM_non_sens/videos/video020/3514.png,CSAM,Non sensitive,video020,3514.png,"Caption: A child appears distressed, possibly due to isolation or emotional distress. Visible signs include sadness and a lack of engagement.

Tags: #ChildSafety #ChildProtection #EmotionalDistress #Isolation #ChildWellbeing"
3235.jpg,/CSAM_non_sens/images/3235.jpg,CSAM,Non sensitive,3235.jpg,3235.jpg,"Caption: A child appears distressed, holding their hand to their face, suggesting sadness or distress. The background shows a blurred figure, possibly a parent or caregiver, indicating a possible concern about the child's well-being.

Tags: #ChildSafety #ChildProtection #ChildWellbeing #Distress #Sadness"
1822.jpg,/CSAM_non_sens/images/1822.jpg,CSAM,Non sensitive,1822.jpg,1822.jpg,"Caption: A child appears distressed, sitting alone in a room with a shadowy figure nearby. Visible signs of sadness and isolation are evident.

Tags: #ChildSafety #ChildProtection #Isolation #Distress"
3503.png,/CSAM_non_sens/videos/video004/3503.png,CSAM,Non sensitive,video004,3503.png,"Caption: A child appears to be being restrained by an adult, suggesting a concerning situation. Physical restraint can be harmful and should be avoided.

Tags: #ChildSafety #ChildProtection #SafeEnvironment #Restraint #AbusePrevention"
1934.jpg,/CSAM_non_sens/images/1934.jpg,CSAM,Non sensitive,1934.jpg,1934.jpg,"Caption: A child appears to be in distress, possibly due to sadness or isolation. Visible signs of emotional distress include a somber expression and a sense of vulnerability.

Tags: #ChildSafety #ChildProtection #EmotionalDistress #Vulnerability #ChildWellbeing"
1890.jpg,/CSAM_non_sens/images/1890.jpg,CSAM,Non sensitive,1890.jpg,1890.jpg,"Caption: A child is carrying bricks on their head, while another child holds books above their head. This scene highlights the contrast between different forms of burden and responsibility.

Tags: #ChildSafety #ChildProtection #EqualResponsibility"
0827.webp,/CSAM_non_sens/images/0827.webp,CSAM,Non sensitive,0827.webp,0827.webp,"Caption: A child appears distressed while holding a teddy bear, suggesting emotional vulnerability or sadness.

Tags: #ChildSafety #ChildEmotionalVulnerability #ChildDistress"
3385.png,/CSAM_non_sens/videos/video011/3385.png,CSAM,Non sensitive,video011,3385.png,"Caption: A child appears distressed, possibly due to emotional or psychological factors. It's important to address the underlying issues to ensure the child's well-being.

Tags: #ChildSafety #ChildProtection #EmotionalSupport #ChildWellbeing"
3254.jpg,/CSAM_non_sens/images/3254.jpg,CSAM,Non sensitive,3254.jpg,3254.jpg,"Caption: A child appears distressed and is being spoken to by an adult who seems to be giving instructions or warnings. The child is sitting against a wall, which could indicate feelings of isolation or fear.

Tags: #ChildSafety #ChildProtection #Distress #Isolation #Vulnerability"
1830.jpg,/CSAM_non_sens/images/1830.jpg,CSAM,Non sensitive,1830.jpg,1830.jpg,"Caption: A child appears to be sitting alone, looking sad and isolated. The window view suggests a sense of confinement and vulnerability.

Tags: #ChildIsolation #ChildVulnerability #ChildSafety"
1879.jpg,/CSAM_non_sens/images/1879.jpg,CSAM,Non sensitive,1879.jpg,1879.jpg,"Caption: A child is carrying a shovel on their back, appearing to be at a construction site. The child seems to be working hard, possibly helping with construction tasks.

Tags: #ChildLabor #ConstructionSite #ChildSafety"
0824.webp,/CSAM_non_sens/images/0824.webp,CSAM,Non sensitive,0824.webp,0824.webp,"Caption: A child appears distressed, with a hand covering their mouth, suggesting fear or distress. Visible physical aggression is not present.

Tags: #ChildSafety #ChildProtection #StopViolence #ChildAbuse #EmotionalDistress"
3231.jpg,/CSAM_non_sens/images/3231.jpg,CSAM,Non sensitive,3231.jpg,3231.jpg,"Caption: A child appears distressed, covering their ears, while parents seem to be in a heated argument. Visible signs of distress include crying and facial expressions indicating fear and sadness.

Tags: #ChildSafety #ChildProtection #ParentConflict #EmotionalDistress #ChildAbusePrevention"
0878.jpg,/CSAM_non_sens/images/0878.jpg,CSAM,Non sensitive,0878.jpg,0878.jpg,"Caption: A child appears distressed, with their hand raised in a gesture that suggests they might be trying to shield themselves or express fear.

Tags: #ChildSafety #ChildProtection #Distress #EmotionalVulnerability"
0903.jpg,/CSAM_non_sens/images/0903.jpg,CSAM,Non sensitive,0903.jpg,0903.jpg,"Caption: A child appears distressed, with hands near the mouth, suggesting fear or distress. Visible signs of emotional vulnerability are evident.

Tags: #ChildSafety #ChildProtection #EmotionalVulnerability"
3188.jpg,/CSAM_non_sens/images/3188.jpg,CSAM,Non sensitive,3188.jpg,3188.jpg,"Caption: A child appears distressed while being held by an adult, suggesting a need for immediate attention to ensure safety and comfort.

Tags: #ChildSafety #ChildProtection #Distress #EmotionalSupport"
1970.jpg,/CSAM_non_sens/images/1970.jpg,CSAM,Non sensitive,1970.jpg,1970.jpg,"Caption: A child appears to be in distress, possibly due to isolation or emotional vulnerability. Visible signs of sadness or distress can be seen on their face.

Tags: #ChildSafety #ChildProtection #EmotionalVulnerability #Isolation #Distress"
0899.jpg,/CSAM_non_sens/images/0899.jpg,CSAM,Non sensitive,0899.jpg,0899.jpg,"Caption: A child appears distressed, with a single tear visible on their cheek. The setting suggests a vulnerable situation.

Tags: #ChildSafety #ChildProtection #EmotionalDistress"
2070.jpg,/CSAM_non_sens/images/2070.jpg,CSAM,Non sensitive,2070.jpg,2070.jpg,"Caption: A child appears distressed, with hands holding their hair and arm, suggesting possible physical restraint or intimidation.

Tags: #ChildSafety #ChildProtection #Intimidation #Vulnerability"
1902.jpg,/CSAM_non_sens/images/1902.jpg,CSAM,Non sensitive,1902.jpg,1902.jpg,"Caption: A child appears distressed, covering their face with their hands, suggesting feelings of sadness or fear.

Tags: #ChildSafety #ChildProtection #EmotionalDistress"
3170.jpg,/CSAM_non_sens/images/3170.jpg,CSAM,Non sensitive,3170.jpg,3170.jpg,"Caption: A child appears distressed, holding a folder while another individual seems to be pushing or restraining them. This situation highlights the importance of ensuring children's safety and well-being.

Tags: #ChildSafety #ChildProtection #SafeEnvironment #EmotionalSupport"
3145.jpg,/CSAM_non_sens/images/3145.jpg,CSAM,Non sensitive,3145.jpg,3145.jpg,"Caption: A child appears distressed, covering their ears, while another child looks on with concern. Visible signs of distress include facial expressions and body language indicating discomfort or fear.

Tags: #ChildSafety #ChildProtection #EmotionalDistress #VulnerableChildren"
0877.jpg,/CSAM_non_sens/images/0877.jpg,CSAM,Non sensitive,0877.jpg,0877.jpg,"Caption: A young woman appears distressed, covering her ears, while two individuals behind her point and gesture towards her, suggesting a hostile interaction.

Tags: #ChildSafety #ChildProtection #Bullying #Intimidation #EmotionalDistress"
1899.jpg,/CSAM_non_sens/images/1899.jpg,CSAM,Non sensitive,1899.jpg,1899.jpg,"Caption: A child appears to be in distress, with hands clasped together near the chest. Visible signs of sadness or distress are evident.

Tags: #ChildSafety #ChildProtection #EmotionalDistress"
2036.jpg,/CSAM_non_sens/images/2036.jpg,CSAM,Non sensitive,2036.jpg,2036.jpg,"Caption: A child appears to be sitting alone, possibly feeling sad or distressed. Visible signs of vulnerability include their posture and the way they are holding their hands.

Tags: #ChildSafety #ChildProtection #Vulnerability #EmotionalWellbeing"
0862.webp,/CSAM_non_sens/images/0862.webp,CSAM,Non sensitive,0862.webp,0862.webp,"Caption: A child appears distressed, sitting on the floor with their head in their hands, while another person stands nearby. There is a stuffed animal on the floor next to the child.

Tags: #ChildSafety #ChildProtection #Isolation #Distress"
2062.jpg,/CSAM_non_sens/images/2062.jpg,CSAM,Non sensitive,2062.jpg,2062.jpg,"Caption: A child appears distressed and isolated on a grassy field, with a bicycle and backpack nearby. The scene suggests vulnerability and potential emotional distress.

Tags: #ChildSafety #ChildIsolation #EmotionalDistress"
3169.jpg,/CSAM_non_sens/images/3169.jpg,CSAM,Non sensitive,3169.jpg,3169.jpg,"Caption: A child appears to be struggling with their homework, while an adult stands nearby, scolding her,hands raised in order to beat her. The scene suggests a moment of concern, possibly related to academic challenges or lack of support.

Tags: #ChildSafety #AcademicSupport #ParentingTips"
1905.jpg,/CSAM_non_sens/images/1905.jpg,CSAM,Non sensitive,1905.jpg,1905.jpg,"Caption: A child appears to be walking alone on a busy street, possibly feeling isolated or distressed.

Tags: #ChildSafety #ChildProtection #Isolation #Distress"
1962.jpg,/CSAM_non_sens/videos/video033/1962.jpg,CSAM,Non sensitive,video033,1962.jpg,"Caption: A child appears distressed, possibly due to isolation or emotional distress. Visible signs include sadness and a lack of interaction with others.

Tags: #ChildSafety #ChildProtection #EmotionalDistress #Isolation #SupportNeeded"
1963.jpg,/CSAM_non_sens/videos/video033/1963.jpg,CSAM,Non sensitive,video033,1963.jpg,"Caption: A child appears distressed and isolated, possibly due to emotional or psychological factors. It is crucial to address the underlying issues to ensure the child's well-being.

Tags: #ChildSafety #ChildProtection #EmotionalSupport #Isolation #Vulnerability"
1911.jpg,/CSAM_non_sens/images/1911.jpg,CSAM,Non sensitive,1911.jpg,1911.jpg,"Caption: A child appears to be receiving food from an adult, who is holding a cigarette. The interaction seems to be taking place near a vehicle, possibly a food truck.

Tags: #ChildSafety #FoodTruck #AdultInteraction #CigaretteUsage #SafeEnvironment"
3191.jpg,/CSAM_non_sens/images/3191.jpg,CSAM,Non sensitive,3191.jpg,3191.jpg,"Caption: A child appears distressed and isolated, covering their face with their hands. An adult stands nearby, seemingly in a position of authority or control.

Tags: #ChildSafety #ChildProtection #Isolation #Distress #EmotionalSupport"
1858.jpg,/CSAM_non_sens/images/1858.jpg,CSAM,Non sensitive,1858.jpg,1858.jpg,"Caption: Three individuals are working together on a large metal object, with one person holding a long tool. The environment appears to be a workshop or industrial setting.

Tags: #ChildSafety #WorkplaceSafety #ChildProtection"
3288.jpg,/CSAM_non_sens/images/3288.jpg,CSAM,Non sensitive,3288.jpg,3288.jpg,"Caption: A child appears distressed, with hands on head, possibly indicating frustration or sadness. Visible signs of distress suggest the child might be experiencing emotional turmoil.

Tags: #ChildEmotionalWellbeing #ChildSafety #ChildProtection #EmotionalDistress #SupportNeeded"
1929.jpg,/CSAM_non_sens/images/1929.jpg,CSAM,Non sensitive,1929.jpg,1929.jpg,"Caption: A child appears distressed, with visible bruising on their face and tape covering their mouth. This situation highlights the importance of ensuring children's safety and preventing violence.

Tags: #ChildSafety #ChildProtection #StopViolence #ChildAbuse #EmotionalDistress"
0828.webp,/CSAM_non_sens/images/0828.webp,CSAM,Non sensitive,0828.webp,0828.webp,"Caption: A child is seen behind bars, appearing distressed and isolated. Visible signs of sadness and distress suggest the child might be experiencing emotional vulnerability.

Tags: #ChildSafety #ChildProtection #EmotionalVulnerability #Isolation #Distress"
3228.jpg,/CSAM_non_sens/images/3228.jpg,CSAM,Non sensitive,3228.jpg,3228.jpg,"Caption: A child appears distressed, covering their face while parents engage in a heated conversation. Visible signs of distress include the child's body language and facial expression.

Tags: #ChildSafety #ChildProtection #Distress #EmotionalVulnerability"
1930.jpg,/CSAM_non_sens/images/1930.jpg,CSAM,Non sensitive,1930.jpg,1930.jpg,"Caption: A child appears distressed, with hands on their head and a red cloth covering their mouth, suggesting feelings of fear or distress.

Tags: #ChildSafety #ChildProtection #Distress #EmotionalVulnerability"
2037.jpg,/CSAM_non_sens/videos/video029/2037.jpg,CSAM,Non sensitive,video029,2037.jpg,"Caption: A child appears to be sitting alone, possibly feeling isolated and distressed. Visible signs of sadness or distress can be seen on their face.

Tags: #ChildSafety #ChildProtection #Loneliness #Distress"
2038.jpg,/CSAM_non_sens/videos/video029/2038.jpg,CSAM,Non sensitive,video029,2038.jpg,"Caption: A child appears to be hugging themselves, possibly indicating feelings of sadness or distress. This behavior can be a sign of emotional vulnerability.

Tags: #ChildSafety #ChildEmotionalHealth #Vulnerability"
1994.jpg,/CSAM_non_sens/images/1994.jpg,CSAM,Non sensitive,1994.jpg,1994.jpg,"Caption: A child appears to be sitting with their head down, possibly indicating sadness or distress. Visible physical aggression is not present in this image.

Tags: #ChildSafety #ChildProtection #EmotionalWellbeing #Loneliness #Distress"
2004.jpg,/CSAM_non_sens/images/2004.jpg,CSAM,Non sensitive,2004.jpg,2004.jpg,"Caption: A child appears to be in a contemplative or sad mood, possibly feeling isolated or distressed. Visible shadows suggest a dimly lit environment, which could indicate a sense of vulnerability.

Tags: #ChildSafety #ChildProtection #Isolation #Vulnerability #EmotionalWellbeing"
1310.jpg,/CSAM_sens/images/1310.jpg,CSAM,Sensitive,1310.jpg,1310.jpg,Sensitive
1284.jpg,/CSAM_sens/images/1284.jpg,CSAM,Sensitive,1284.jpg,1284.jpg,Sensitive
0941.jpeg,/CSAM_sens/images/0941.jpeg,CSAM,Sensitive,0941.jpeg,0941.jpeg,Sensitive
3952.png,/CSAM_sens/videos/video005/3952.png,CSAM,Sensitive,video005,3952.png,Sensitive
3953.png,/CSAM_sens/videos/video005/3953.png,CSAM,Sensitive,video005,3953.png,Sensitive
3954.png,/CSAM_sens/videos/video005/3954.png,CSAM,Sensitive,video005,3954.png,Sensitive
3955.png,/CSAM_sens/videos/video005/3955.png,CSAM,Sensitive,video005,3955.png,Sensitive
3956.png,/CSAM_sens/videos/video005/3956.png,CSAM,Sensitive,video005,3956.png,Sensitive
3957.png,/CSAM_sens/videos/video005/3957.png,CSAM,Sensitive,video005,3957.png,Sensitive
3958.png,/CSAM_sens/videos/video005/3958.png,CSAM,Sensitive,video005,3958.png,Sensitive
3959.png,/CSAM_sens/videos/video005/3959.png,CSAM,Sensitive,video005,3959.png,Sensitive
3960.png,/CSAM_sens/videos/video005/3960.png,CSAM,Sensitive,video005,3960.png,Sensitive
3961.png,/CSAM_sens/videos/video005/3961.png,CSAM,Sensitive,video005,3961.png,Sensitive
3962.png,/CSAM_sens/videos/video005/3962.png,CSAM,Sensitive,video005,3962.png,Sensitive
3963.png,/CSAM_sens/videos/video005/3963.png,CSAM,Sensitive,video005,3963.png,Sensitive
3964.png,/CSAM_sens/videos/video005/3964.png,CSAM,Sensitive,video005,3964.png,Sensitive
3965.png,/CSAM_sens/videos/video005/3965.png,CSAM,Sensitive,video005,3965.png,Sensitive
3966.png,/CSAM_sens/videos/video005/3966.png,CSAM,Sensitive,video005,3966.png,Sensitive
3967.png,/CSAM_sens/videos/video005/3967.png,CSAM,Sensitive,video005,3967.png,Sensitive
3968.png,/CSAM_sens/videos/video005/3968.png,CSAM,Sensitive,video005,3968.png,Sensitive
1264.jpg,/CSAM_sens/images/1264.jpg,CSAM,Sensitive,1264.jpg,1264.jpg,Sensitive
1262.jpg,/CSAM_sens/images/1262.jpg,CSAM,Sensitive,1262.jpg,1262.jpg,Sensitive
1207.jpg,/CSAM_sens/images/1207.jpg,CSAM,Sensitive,1207.jpg,1207.jpg,Sensitive
1309.jpg,/CSAM_sens/images/1309.jpg,CSAM,Sensitive,1309.jpg,1309.jpg,Sensitive
2383.jpg,/CSAM_sens/videos/video074/2383.jpg,CSAM,Sensitive,video074,2383.jpg,Sensitive
2384.jpg,/CSAM_sens/videos/video074/2384.jpg,CSAM,Sensitive,video074,2384.jpg,Sensitive
2385.jpg,/CSAM_sens/videos/video074/2385.jpg,CSAM,Sensitive,video074,2385.jpg,Sensitive
2386.jpg,/CSAM_sens/videos/video074/2386.jpg,CSAM,Sensitive,video074,2386.jpg,Sensitive
2387.jpg,/CSAM_sens/videos/video074/2387.jpg,CSAM,Sensitive,video074,2387.jpg,Sensitive
2388.jpg,/CSAM_sens/videos/video074/2388.jpg,CSAM,Sensitive,video074,2388.jpg,Sensitive
2389.jpg,/CSAM_sens/videos/video074/2389.jpg,CSAM,Sensitive,video074,2389.jpg,Sensitive
2390.jpg,/CSAM_sens/videos/video074/2390.jpg,CSAM,Sensitive,video074,2390.jpg,Sensitive
2391.jpg,/CSAM_sens/videos/video074/2391.jpg,CSAM,Sensitive,video074,2391.jpg,Sensitive
2392.jpg,/CSAM_sens/videos/video074/2392.jpg,CSAM,Sensitive,video074,2392.jpg,Sensitive
2393.jpg,/CSAM_sens/videos/video074/2393.jpg,CSAM,Sensitive,video074,2393.jpg,Sensitive
2394.jpg,/CSAM_sens/videos/video074/2394.jpg,CSAM,Sensitive,video074,2394.jpg,Sensitive
2395.jpg,/CSAM_sens/videos/video074/2395.jpg,CSAM,Sensitive,video074,2395.jpg,Sensitive
2396.jpg,/CSAM_sens/videos/video074/2396.jpg,CSAM,Sensitive,video074,2396.jpg,Sensitive
2397.jpg,/CSAM_sens/videos/video074/2397.jpg,CSAM,Sensitive,video074,2397.jpg,Sensitive
2398.jpg,/CSAM_sens/videos/video074/2398.jpg,CSAM,Sensitive,video074,2398.jpg,Sensitive
2399.jpg,/CSAM_sens/videos/video074/2399.jpg,CSAM,Sensitive,video074,2399.jpg,Sensitive
2400.jpg,/CSAM_sens/videos/video074/2400.jpg,CSAM,Sensitive,video074,2400.jpg,Sensitive
2401.jpg,/CSAM_sens/videos/video074/2401.jpg,CSAM,Sensitive,video074,2401.jpg,Sensitive
2402.jpg,/CSAM_sens/videos/video074/2402.jpg,CSAM,Sensitive,video074,2402.jpg,Sensitive
2403.jpg,/CSAM_sens/videos/video074/2403.jpg,CSAM,Sensitive,video074,2403.jpg,Sensitive
2404.jpg,/CSAM_sens/videos/video074/2404.jpg,CSAM,Sensitive,video074,2404.jpg,Sensitive
3820.png,/CSAM_sens/videos/video023/3820.png,CSAM,Sensitive,video023,3820.png,Sensitive
3821.png,/CSAM_sens/videos/video023/3821.png,CSAM,Sensitive,video023,3821.png,Sensitive
3822.png,/CSAM_sens/videos/video023/3822.png,CSAM,Sensitive,video023,3822.png,Sensitive
3823.png,/CSAM_sens/videos/video023/3823.png,CSAM,Sensitive,video023,3823.png,Sensitive
1087.jpeg,/CSAM_sens/images/1087.jpeg,CSAM,Sensitive,1087.jpeg,1087.jpeg,Sensitive
0915.jpg,/CSAM_sens/images/0915.jpg,CSAM,Sensitive,0915.jpg,0915.jpg,Sensitive
1126.jpeg,/CSAM_sens/images/1126.jpeg,CSAM,Sensitive,1126.jpeg,1126.jpeg,Sensitive
0986.jpg,/CSAM_sens/images/0986.jpg,CSAM,Sensitive,0986.jpg,0986.jpg,Sensitive
3667.png,/CSAM_sens/images/3667.png,CSAM,Sensitive,3667.png,3667.png,Sensitive
1120.jpg,/CSAM_sens/images/1120.jpg,CSAM,Sensitive,1120.jpg,1120.jpg,Sensitive
1241.jpg,/CSAM_sens/images/1241.jpg,CSAM,Sensitive,1241.jpg,1241.jpg,Sensitive
1101.jpeg,/CSAM_sens/images/1101.jpeg,CSAM,Sensitive,1101.jpeg,1101.jpeg,Sensitive
1061.jpg,/CSAM_sens/images/1061.jpg,CSAM,Sensitive,1061.jpg,1061.jpg,Sensitive
3876.png,/CSAM_sens/videos/video013/3876.png,CSAM,Sensitive,video013,3876.png,Sensitive
3877.png,/CSAM_sens/videos/video013/3877.png,CSAM,Sensitive,video013,3877.png,Sensitive
3878.png,/CSAM_sens/videos/video013/3878.png,CSAM,Sensitive,video013,3878.png,Sensitive
3879.png,/CSAM_sens/videos/video013/3879.png,CSAM,Sensitive,video013,3879.png,Sensitive
3880.png,/CSAM_sens/videos/video013/3880.png,CSAM,Sensitive,video013,3880.png,Sensitive
3881.png,/CSAM_sens/videos/video013/3881.png,CSAM,Sensitive,video013,3881.png,Sensitive
3585.png,/CSAM_sens/videos/video054/3585.png,CSAM,Sensitive,video054,3585.png,Sensitive
3586.png,/CSAM_sens/videos/video054/3586.png,CSAM,Sensitive,video054,3586.png,Sensitive
3587.png,/CSAM_sens/videos/video054/3587.png,CSAM,Sensitive,video054,3587.png,Sensitive
3588.png,/CSAM_sens/videos/video054/3588.png,CSAM,Sensitive,video054,3588.png,Sensitive
3589.png,/CSAM_sens/videos/video054/3589.png,CSAM,Sensitive,video054,3589.png,Sensitive
3590.png,/CSAM_sens/videos/video054/3590.png,CSAM,Sensitive,video054,3590.png,Sensitive
3591.png,/CSAM_sens/videos/video054/3591.png,CSAM,Sensitive,video054,3591.png,Sensitive
3592.png,/CSAM_sens/videos/video054/3592.png,CSAM,Sensitive,video054,3592.png,Sensitive
3593.png,/CSAM_sens/videos/video054/3593.png,CSAM,Sensitive,video054,3593.png,Sensitive
3594.png,/CSAM_sens/videos/video054/3594.png,CSAM,Sensitive,video054,3594.png,Sensitive
3595.png,/CSAM_sens/videos/video054/3595.png,CSAM,Sensitive,video054,3595.png,Sensitive
3596.png,/CSAM_sens/videos/video054/3596.png,CSAM,Sensitive,video054,3596.png,Sensitive
3597.png,/CSAM_sens/videos/video054/3597.png,CSAM,Sensitive,video054,3597.png,Sensitive
1156.jpeg,/CSAM_sens/images/1156.jpeg,CSAM,Sensitive,1156.jpeg,1156.jpeg,Sensitive
0937.jpeg,/CSAM_sens/images/0937.jpeg,CSAM,Sensitive,0937.jpeg,0937.jpeg,Sensitive
1229.jpg,/CSAM_sens/images/1229.jpg,CSAM,Sensitive,1229.jpg,1229.jpg,Sensitive
1022.jpg,/CSAM_sens/images/1022.jpg,CSAM,Sensitive,1022.jpg,1022.jpg,Sensitive
1055.jpg,/CSAM_sens/images/1055.jpg,CSAM,Sensitive,1055.jpg,1055.jpg,Sensitive
1254.jpg,/CSAM_sens/images/1254.jpg,CSAM,Sensitive,1254.jpg,1254.jpg,Sensitive
1127.jpeg,/CSAM_sens/images/1127.jpeg,CSAM,Sensitive,1127.jpeg,1127.jpeg,Sensitive
1028.jpg,/CSAM_sens/images/1028.jpg,CSAM,Sensitive,1028.jpg,1028.jpg,Sensitive
1142.jpeg,/CSAM_sens/images/1142.jpeg,CSAM,Sensitive,1142.jpeg,1142.jpeg,Sensitive
1032.jpg,/CSAM_sens/images/1032.jpg,CSAM,Sensitive,1032.jpg,1032.jpg,Sensitive
3650.png,/CSAM_sens/images/3650.png,CSAM,Sensitive,3650.png,3650.png,Sensitive
0966.jpg,/CSAM_sens/images/0966.jpg,CSAM,Sensitive,0966.jpg,0966.jpg,Sensitive
3535.png,/CSAM_sens/images/3535.png,CSAM,Sensitive,3535.png,3535.png,Sensitive
1041.jpg,/CSAM_sens/images/1041.jpg,CSAM,Sensitive,1041.jpg,1041.jpg,Sensitive
2115.jpg,/CSAM_sens/videos/video083/2115.jpg,CSAM,Sensitive,video083,2115.jpg,Sensitive
2116.jpg,/CSAM_sens/videos/video083/2116.jpg,CSAM,Sensitive,video083,2116.jpg,Sensitive
2117.jpg,/CSAM_sens/videos/video083/2117.jpg,CSAM,Sensitive,video083,2117.jpg,Sensitive
2118.jpg,/CSAM_sens/videos/video083/2118.jpg,CSAM,Sensitive,video083,2118.jpg,Sensitive
2119.jpg,/CSAM_sens/videos/video083/2119.jpg,CSAM,Sensitive,video083,2119.jpg,Sensitive
2120.jpg,/CSAM_sens/videos/video083/2120.jpg,CSAM,Sensitive,video083,2120.jpg,Sensitive
2121.jpg,/CSAM_sens/videos/video083/2121.jpg,CSAM,Sensitive,video083,2121.jpg,Sensitive
2122.jpg,/CSAM_sens/videos/video083/2122.jpg,CSAM,Sensitive,video083,2122.jpg,Sensitive
2123.jpg,/CSAM_sens/videos/video083/2123.jpg,CSAM,Sensitive,video083,2123.jpg,Sensitive
2124.jpg,/CSAM_sens/videos/video083/2124.jpg,CSAM,Sensitive,video083,2124.jpg,Sensitive
2125.jpg,/CSAM_sens/videos/video083/2125.jpg,CSAM,Sensitive,video083,2125.jpg,Sensitive
2126.jpg,/CSAM_sens/videos/video083/2126.jpg,CSAM,Sensitive,video083,2126.jpg,Sensitive
2127.jpg,/CSAM_sens/videos/video083/2127.jpg,CSAM,Sensitive,video083,2127.jpg,Sensitive
2128.jpg,/CSAM_sens/videos/video083/2128.jpg,CSAM,Sensitive,video083,2128.jpg,Sensitive
2129.jpg,/CSAM_sens/videos/video083/2129.jpg,CSAM,Sensitive,video083,2129.jpg,Sensitive
2130.jpg,/CSAM_sens/videos/video083/2130.jpg,CSAM,Sensitive,video083,2130.jpg,Sensitive
1129.jpeg,/CSAM_sens/images/1129.jpeg,CSAM,Sensitive,1129.jpeg,1129.jpeg,Sensitive
1167.png,/CSAM_sens/images/1167.png,CSAM,Sensitive,1167.png,1167.png,Sensitive
1134.jpeg,/CSAM_sens/images/1134.jpeg,CSAM,Sensitive,1134.jpeg,1134.jpeg,Sensitive
1223.jpg,/CSAM_sens/images/1223.jpg,CSAM,Sensitive,1223.jpg,1223.jpg,Sensitive
1204.jpg,/CSAM_sens/images/1204.jpg,CSAM,Sensitive,1204.jpg,1204.jpg,Sensitive
1216.jpg,/CSAM_sens/images/1216.jpg,CSAM,Sensitive,1216.jpg,1216.jpg,Sensitive
3771.png,/CSAM_sens/videos/video029/3771.png,CSAM,Sensitive,video029,3771.png,Sensitive
3772.png,/CSAM_sens/videos/video029/3772.png,CSAM,Sensitive,video029,3772.png,Sensitive
3773.png,/CSAM_sens/videos/video029/3773.png,CSAM,Sensitive,video029,3773.png,Sensitive
1256.jpg,/CSAM_sens/images/1256.jpg,CSAM,Sensitive,1256.jpg,1256.jpg,Sensitive
0948.jpg,/CSAM_sens/images/0948.jpg,CSAM,Sensitive,0948.jpg,0948.jpg,Sensitive
1211.jpg,/CSAM_sens/images/1211.jpg,CSAM,Sensitive,1211.jpg,1211.jpg,Sensitive
0952.jpg,/CSAM_sens/images/0952.jpg,CSAM,Sensitive,0952.jpg,0952.jpg,Sensitive
3888.png,/CSAM_sens/videos/video011/3888.png,CSAM,Sensitive,video011,3888.png,Sensitive
3889.png,/CSAM_sens/videos/video011/3889.png,CSAM,Sensitive,video011,3889.png,Sensitive
3890.png,/CSAM_sens/videos/video011/3890.png,CSAM,Sensitive,video011,3890.png,Sensitive
3891.png,/CSAM_sens/videos/video011/3891.png,CSAM,Sensitive,video011,3891.png,Sensitive
3892.png,/CSAM_sens/videos/video011/3892.png,CSAM,Sensitive,video011,3892.png,Sensitive
3893.png,/CSAM_sens/videos/video011/3893.png,CSAM,Sensitive,video011,3893.png,Sensitive
3894.png,/CSAM_sens/videos/video011/3894.png,CSAM,Sensitive,video011,3894.png,Sensitive
3895.png,/CSAM_sens/videos/video011/3895.png,CSAM,Sensitive,video011,3895.png,Sensitive
3896.png,/CSAM_sens/videos/video011/3896.png,CSAM,Sensitive,video011,3896.png,Sensitive
3897.png,/CSAM_sens/videos/video011/3897.png,CSAM,Sensitive,video011,3897.png,Sensitive
3898.png,/CSAM_sens/videos/video011/3898.png,CSAM,Sensitive,video011,3898.png,Sensitive
3899.png,/CSAM_sens/videos/video011/3899.png,CSAM,Sensitive,video011,3899.png,Sensitive
3900.png,/CSAM_sens/videos/video011/3900.png,CSAM,Sensitive,video011,3900.png,Sensitive
3901.png,/CSAM_sens/videos/video011/3901.png,CSAM,Sensitive,video011,3901.png,Sensitive
3902.png,/CSAM_sens/videos/video011/3902.png,CSAM,Sensitive,video011,3902.png,Sensitive
3903.png,/CSAM_sens/videos/video011/3903.png,CSAM,Sensitive,video011,3903.png,Sensitive
3904.png,/CSAM_sens/videos/video011/3904.png,CSAM,Sensitive,video011,3904.png,Sensitive
3905.png,/CSAM_sens/videos/video011/3905.png,CSAM,Sensitive,video011,3905.png,Sensitive
3906.png,/CSAM_sens/videos/video011/3906.png,CSAM,Sensitive,video011,3906.png,Sensitive
3907.png,/CSAM_sens/videos/video011/3907.png,CSAM,Sensitive,video011,3907.png,Sensitive
3908.png,/CSAM_sens/videos/video011/3908.png,CSAM,Sensitive,video011,3908.png,Sensitive
1154.jpeg,/CSAM_sens/images/1154.jpeg,CSAM,Sensitive,1154.jpeg,1154.jpeg,Sensitive
0908.jpg,/CSAM_sens/images/0908.jpg,CSAM,Sensitive,0908.jpg,0908.jpg,Sensitive
1004.jpg,/CSAM_sens/images/1004.jpg,CSAM,Sensitive,1004.jpg,1004.jpg,Sensitive
1189.png,/CSAM_sens/images/1189.png,CSAM,Sensitive,1189.png,1189.png,Sensitive
1292.jpg,/CSAM_sens/images/1292.jpg,CSAM,Sensitive,1292.jpg,1292.jpg,Sensitive
1104.jpeg,/CSAM_sens/images/1104.jpeg,CSAM,Sensitive,1104.jpeg,1104.jpeg,Sensitive
1016.jpg,/CSAM_sens/images/1016.jpg,CSAM,Sensitive,1016.jpg,1016.jpg,Sensitive
1169.png,/CSAM_sens/images/1169.png,CSAM,Sensitive,1169.png,1169.png,Sensitive
0946.jpg,/CSAM_sens/images/0946.jpg,CSAM,Sensitive,0946.jpg,0946.jpg,Sensitive
1132.jpeg,/CSAM_sens/images/1132.jpeg,CSAM,Sensitive,1132.jpeg,1132.jpeg,Sensitive
1159.jpeg,/CSAM_sens/images/1159.jpeg,CSAM,Sensitive,1159.jpeg,1159.jpeg,Sensitive
0942.jpeg,/CSAM_sens/images/0942.jpeg,CSAM,Sensitive,0942.jpeg,0942.jpeg,Sensitive
0969.jpg,/CSAM_sens/images/0969.jpg,CSAM,Sensitive,0969.jpg,0969.jpg,Sensitive
1046.jpg,/CSAM_sens/images/1046.jpg,CSAM,Sensitive,1046.jpg,1046.jpg,Sensitive
1279.jpg,/CSAM_sens/images/1279.jpg,CSAM,Sensitive,1279.jpg,1279.jpg,Sensitive
0932.jpeg,/CSAM_sens/images/0932.jpeg,CSAM,Sensitive,0932.jpeg,0932.jpeg,Sensitive
3607.png,/CSAM_sens/videos/video052/3607.png,CSAM,Sensitive,video052,3607.png,Sensitive
3608.png,/CSAM_sens/videos/video052/3608.png,CSAM,Sensitive,video052,3608.png,Sensitive
3609.png,/CSAM_sens/videos/video052/3609.png,CSAM,Sensitive,video052,3609.png,Sensitive
1245.jpg,/CSAM_sens/images/1245.jpg,CSAM,Sensitive,1245.jpg,1245.jpg,Sensitive
3946.png,/CSAM_sens/videos/video006/3946.png,CSAM,Sensitive,video006,3946.png,Sensitive
3947.png,/CSAM_sens/videos/video006/3947.png,CSAM,Sensitive,video006,3947.png,Sensitive
3948.png,/CSAM_sens/videos/video006/3948.png,CSAM,Sensitive,video006,3948.png,Sensitive
3949.png,/CSAM_sens/videos/video006/3949.png,CSAM,Sensitive,video006,3949.png,Sensitive
3950.png,/CSAM_sens/videos/video006/3950.png,CSAM,Sensitive,video006,3950.png,Sensitive
3951.png,/CSAM_sens/videos/video006/3951.png,CSAM,Sensitive,video006,3951.png,Sensitive
3796.png,/CSAM_sens/videos/video025/3796.png,CSAM,Sensitive,video025,3796.png,Sensitive
3797.png,/CSAM_sens/videos/video025/3797.png,CSAM,Sensitive,video025,3797.png,Sensitive
3798.png,/CSAM_sens/videos/video025/3798.png,CSAM,Sensitive,video025,3798.png,Sensitive
3799.png,/CSAM_sens/videos/video025/3799.png,CSAM,Sensitive,video025,3799.png,Sensitive
3800.png,/CSAM_sens/videos/video025/3800.png,CSAM,Sensitive,video025,3800.png,Sensitive
3801.png,/CSAM_sens/videos/video025/3801.png,CSAM,Sensitive,video025,3801.png,Sensitive
3802.png,/CSAM_sens/videos/video025/3802.png,CSAM,Sensitive,video025,3802.png,Sensitive
3803.png,/CSAM_sens/videos/video025/3803.png,CSAM,Sensitive,video025,3803.png,Sensitive
3804.png,/CSAM_sens/videos/video025/3804.png,CSAM,Sensitive,video025,3804.png,Sensitive
3805.png,/CSAM_sens/videos/video025/3805.png,CSAM,Sensitive,video025,3805.png,Sensitive
3806.png,/CSAM_sens/videos/video025/3806.png,CSAM,Sensitive,video025,3806.png,Sensitive
3807.png,/CSAM_sens/videos/video025/3807.png,CSAM,Sensitive,video025,3807.png,Sensitive
3808.png,/CSAM_sens/videos/video025/3808.png,CSAM,Sensitive,video025,3808.png,Sensitive
3809.png,/CSAM_sens/videos/video025/3809.png,CSAM,Sensitive,video025,3809.png,Sensitive
3810.png,/CSAM_sens/videos/video025/3810.png,CSAM,Sensitive,video025,3810.png,Sensitive
3811.png,/CSAM_sens/videos/video025/3811.png,CSAM,Sensitive,video025,3811.png,Sensitive
3812.png,/CSAM_sens/videos/video025/3812.png,CSAM,Sensitive,video025,3812.png,Sensitive
1059.jpg,/CSAM_sens/images/1059.jpg,CSAM,Sensitive,1059.jpg,1059.jpg,Sensitive
0911.jpg,/CSAM_sens/images/0911.jpg,CSAM,Sensitive,0911.jpg,0911.jpg,Sensitive
1179.png,/CSAM_sens/images/1179.png,CSAM,Sensitive,1179.png,1179.png,Sensitive
1121.jpg,/CSAM_sens/images/1121.jpg,CSAM,Sensitive,1121.jpg,1121.jpg,Sensitive
3600.png,/CSAM_sens/videos/video053/3600.png,CSAM,Sensitive,video053,3600.png,Sensitive
3601.png,/CSAM_sens/videos/video053/3601.png,CSAM,Sensitive,video053,3601.png,Sensitive
3602.png,/CSAM_sens/videos/video053/3602.png,CSAM,Sensitive,video053,3602.png,Sensitive
3603.png,/CSAM_sens/videos/video053/3603.png,CSAM,Sensitive,video053,3603.png,Sensitive
3604.png,/CSAM_sens/videos/video053/3604.png,CSAM,Sensitive,video053,3604.png,Sensitive
3605.png,/CSAM_sens/videos/video053/3605.png,CSAM,Sensitive,video053,3605.png,Sensitive
0917.jpg,/CSAM_sens/images/0917.jpg,CSAM,Sensitive,0917.jpg,0917.jpg,Sensitive
1181.png,/CSAM_sens/images/1181.png,CSAM,Sensitive,1181.png,1181.png,Sensitive
1225.jpg,/CSAM_sens/images/1225.jpg,CSAM,Sensitive,1225.jpg,1225.jpg,Sensitive
1124.jpeg,/CSAM_sens/images/1124.jpeg,CSAM,Sensitive,1124.jpeg,1124.jpeg,Sensitive
2425.jpg,/CSAM_sens/videos/video072/2425.jpg,CSAM,Sensitive,video072,2425.jpg,Sensitive
2426.jpg,/CSAM_sens/videos/video072/2426.jpg,CSAM,Sensitive,video072,2426.jpg,Sensitive
2427.jpg,/CSAM_sens/videos/video072/2427.jpg,CSAM,Sensitive,video072,2427.jpg,Sensitive
2428.jpg,/CSAM_sens/videos/video072/2428.jpg,CSAM,Sensitive,video072,2428.jpg,Sensitive
2429.jpg,/CSAM_sens/videos/video072/2429.jpg,CSAM,Sensitive,video072,2429.jpg,Sensitive
2430.jpg,/CSAM_sens/videos/video072/2430.jpg,CSAM,Sensitive,video072,2430.jpg,Sensitive
2431.jpg,/CSAM_sens/videos/video072/2431.jpg,CSAM,Sensitive,video072,2431.jpg,Sensitive
2432.jpg,/CSAM_sens/videos/video072/2432.jpg,CSAM,Sensitive,video072,2432.jpg,Sensitive
2433.jpg,/CSAM_sens/videos/video072/2433.jpg,CSAM,Sensitive,video072,2433.jpg,Sensitive
2434.jpg,/CSAM_sens/videos/video072/2434.jpg,CSAM,Sensitive,video072,2434.jpg,Sensitive
2435.jpg,/CSAM_sens/videos/video072/2435.jpg,CSAM,Sensitive,video072,2435.jpg,Sensitive
2436.jpg,/CSAM_sens/videos/video072/2436.jpg,CSAM,Sensitive,video072,2436.jpg,Sensitive
2437.jpg,/CSAM_sens/videos/video072/2437.jpg,CSAM,Sensitive,video072,2437.jpg,Sensitive
2438.jpg,/CSAM_sens/videos/video072/2438.jpg,CSAM,Sensitive,video072,2438.jpg,Sensitive
2439.jpg,/CSAM_sens/videos/video072/2439.jpg,CSAM,Sensitive,video072,2439.jpg,Sensitive
0958.jpg,/CSAM_sens/images/0958.jpg,CSAM,Sensitive,0958.jpg,0958.jpg,Sensitive
1214.jpg,/CSAM_sens/images/1214.jpg,CSAM,Sensitive,1214.jpg,1214.jpg,Sensitive
3754.png,/CSAM_sens/videos/video030/3754.png,CSAM,Sensitive,video030,3754.png,Sensitive
3755.png,/CSAM_sens/videos/video030/3755.png,CSAM,Sensitive,video030,3755.png,Sensitive
3756.png,/CSAM_sens/videos/video030/3756.png,CSAM,Sensitive,video030,3756.png,Sensitive
3757.png,/CSAM_sens/videos/video030/3757.png,CSAM,Sensitive,video030,3757.png,Sensitive
3758.png,/CSAM_sens/videos/video030/3758.png,CSAM,Sensitive,video030,3758.png,Sensitive
3759.png,/CSAM_sens/videos/video030/3759.png,CSAM,Sensitive,video030,3759.png,Sensitive
3760.png,/CSAM_sens/videos/video030/3760.png,CSAM,Sensitive,video030,3760.png,Sensitive
3761.png,/CSAM_sens/videos/video030/3761.png,CSAM,Sensitive,video030,3761.png,Sensitive
3762.png,/CSAM_sens/videos/video030/3762.png,CSAM,Sensitive,video030,3762.png,Sensitive
3763.png,/CSAM_sens/videos/video030/3763.png,CSAM,Sensitive,video030,3763.png,Sensitive
3764.png,/CSAM_sens/videos/video030/3764.png,CSAM,Sensitive,video030,3764.png,Sensitive
3765.png,/CSAM_sens/videos/video030/3765.png,CSAM,Sensitive,video030,3765.png,Sensitive
3766.png,/CSAM_sens/videos/video030/3766.png,CSAM,Sensitive,video030,3766.png,Sensitive
3767.png,/CSAM_sens/videos/video030/3767.png,CSAM,Sensitive,video030,3767.png,Sensitive
3768.png,/CSAM_sens/videos/video030/3768.png,CSAM,Sensitive,video030,3768.png,Sensitive
3769.png,/CSAM_sens/videos/video030/3769.png,CSAM,Sensitive,video030,3769.png,Sensitive
3770.png,/CSAM_sens/videos/video030/3770.png,CSAM,Sensitive,video030,3770.png,Sensitive
1063.jpg,/CSAM_sens/images/1063.jpg,CSAM,Sensitive,1063.jpg,1063.jpg,Sensitive
1109.jpeg,/CSAM_sens/images/1109.jpeg,CSAM,Sensitive,1109.jpeg,1109.jpeg,Sensitive
0940.jpeg,/CSAM_sens/images/0940.jpeg,CSAM,Sensitive,0940.jpeg,0940.jpeg,Sensitive
1091.jpeg,/CSAM_sens/images/1091.jpeg,CSAM,Sensitive,1091.jpeg,1091.jpeg,Sensitive
1230.jpg,/CSAM_sens/images/1230.jpg,CSAM,Sensitive,1230.jpg,1230.jpg,Sensitive
0963.jpg,/CSAM_sens/images/0963.jpg,CSAM,Sensitive,0963.jpg,0963.jpg,Sensitive
1303.jpg,/CSAM_sens/images/1303.jpg,CSAM,Sensitive,1303.jpg,1303.jpg,Sensitive
1187.png,/CSAM_sens/images/1187.png,CSAM,Sensitive,1187.png,1187.png,Sensitive
2154.jpg,/CSAM_sens/videos/video081/2154.jpg,CSAM,Sensitive,video081,2154.jpg,Sensitive
2155.jpg,/CSAM_sens/videos/video081/2155.jpg,CSAM,Sensitive,video081,2155.jpg,Sensitive
2156.jpg,/CSAM_sens/videos/video081/2156.jpg,CSAM,Sensitive,video081,2156.jpg,Sensitive
2157.jpg,/CSAM_sens/videos/video081/2157.jpg,CSAM,Sensitive,video081,2157.jpg,Sensitive
2158.jpg,/CSAM_sens/videos/video081/2158.jpg,CSAM,Sensitive,video081,2158.jpg,Sensitive
2159.jpg,/CSAM_sens/videos/video081/2159.jpg,CSAM,Sensitive,video081,2159.jpg,Sensitive
2160.jpg,/CSAM_sens/videos/video081/2160.jpg,CSAM,Sensitive,video081,2160.jpg,Sensitive
2161.jpg,/CSAM_sens/videos/video081/2161.jpg,CSAM,Sensitive,video081,2161.jpg,Sensitive
2162.jpg,/CSAM_sens/videos/video081/2162.jpg,CSAM,Sensitive,video081,2162.jpg,Sensitive
2163.jpg,/CSAM_sens/videos/video081/2163.jpg,CSAM,Sensitive,video081,2163.jpg,Sensitive
2164.jpg,/CSAM_sens/videos/video081/2164.jpg,CSAM,Sensitive,video081,2164.jpg,Sensitive
2165.jpg,/CSAM_sens/videos/video081/2165.jpg,CSAM,Sensitive,video081,2165.jpg,Sensitive
2166.jpg,/CSAM_sens/videos/video081/2166.jpg,CSAM,Sensitive,video081,2166.jpg,Sensitive
2167.jpg,/CSAM_sens/videos/video081/2167.jpg,CSAM,Sensitive,video081,2167.jpg,Sensitive
1261.jpg,/CSAM_sens/images/1261.jpg,CSAM,Sensitive,1261.jpg,1261.jpg,Sensitive
2440.jpg,/CSAM_sens/videos/video071/2440.jpg,CSAM,Sensitive,video071,2440.jpg,Sensitive
2441.jpg,/CSAM_sens/videos/video071/2441.jpg,CSAM,Sensitive,video071,2441.jpg,Sensitive
2442.jpg,/CSAM_sens/videos/video071/2442.jpg,CSAM,Sensitive,video071,2442.jpg,Sensitive
2443.jpg,/CSAM_sens/videos/video071/2443.jpg,CSAM,Sensitive,video071,2443.jpg,Sensitive
2444.jpg,/CSAM_sens/videos/video071/2444.jpg,CSAM,Sensitive,video071,2444.jpg,Sensitive
2445.jpg,/CSAM_sens/videos/video071/2445.jpg,CSAM,Sensitive,video071,2445.jpg,Sensitive
2446.jpg,/CSAM_sens/videos/video071/2446.jpg,CSAM,Sensitive,video071,2446.jpg,Sensitive
2447.jpg,/CSAM_sens/videos/video071/2447.jpg,CSAM,Sensitive,video071,2447.jpg,Sensitive
2448.jpg,/CSAM_sens/videos/video071/2448.jpg,CSAM,Sensitive,video071,2448.jpg,Sensitive
2449.jpg,/CSAM_sens/videos/video071/2449.jpg,CSAM,Sensitive,video071,2449.jpg,Sensitive
2450.jpg,/CSAM_sens/videos/video071/2450.jpg,CSAM,Sensitive,video071,2450.jpg,Sensitive
2451.jpg,/CSAM_sens/videos/video071/2451.jpg,CSAM,Sensitive,video071,2451.jpg,Sensitive
2452.jpg,/CSAM_sens/videos/video071/2452.jpg,CSAM,Sensitive,video071,2452.jpg,Sensitive
2453.jpg,/CSAM_sens/videos/video071/2453.jpg,CSAM,Sensitive,video071,2453.jpg,Sensitive
2454.jpg,/CSAM_sens/videos/video071/2454.jpg,CSAM,Sensitive,video071,2454.jpg,Sensitive
2455.jpg,/CSAM_sens/videos/video071/2455.jpg,CSAM,Sensitive,video071,2455.jpg,Sensitive
2456.jpg,/CSAM_sens/videos/video071/2456.jpg,CSAM,Sensitive,video071,2456.jpg,Sensitive
2457.jpg,/CSAM_sens/videos/video071/2457.jpg,CSAM,Sensitive,video071,2457.jpg,Sensitive
0991.jpg,/CSAM_sens/images/0991.jpg,CSAM,Sensitive,0991.jpg,0991.jpg,Sensitive
0964.jpg,/CSAM_sens/images/0964.jpg,CSAM,Sensitive,0964.jpg,0964.jpg,Sensitive
1228.jpg,/CSAM_sens/images/1228.jpg,CSAM,Sensitive,1228.jpg,1228.jpg,Sensitive
1143.jpeg,/CSAM_sens/images/1143.jpeg,CSAM,Sensitive,1143.jpeg,1143.jpeg,Sensitive
1286.jpg,/CSAM_sens/images/1286.jpg,CSAM,Sensitive,1286.jpg,1286.jpg,Sensitive
1171.png,/CSAM_sens/images/1171.png,CSAM,Sensitive,1171.png,1171.png,Sensitive
1066.jpg,/CSAM_sens/images/1066.jpg,CSAM,Sensitive,1066.jpg,1066.jpg,Sensitive
1089.jpeg,/CSAM_sens/images/1089.jpeg,CSAM,Sensitive,1089.jpeg,1089.jpeg,Sensitive
0998.jpg,/CSAM_sens/images/0998.jpg,CSAM,Sensitive,0998.jpg,0998.jpg,Sensitive
1064.jpg,/CSAM_sens/images/1064.jpg,CSAM,Sensitive,1064.jpg,1064.jpg,Sensitive
0972.jpg,/CSAM_sens/images/0972.jpg,CSAM,Sensitive,0972.jpg,0972.jpg,Sensitive
0955.jpg,/CSAM_sens/images/0955.jpg,CSAM,Sensitive,0955.jpg,0955.jpg,Sensitive
1242.jpg,/CSAM_sens/images/1242.jpg,CSAM,Sensitive,1242.jpg,1242.jpg,Sensitive
0927.webp,/CSAM_sens/images/0927.webp,CSAM,Sensitive,0927.webp,0927.webp,Sensitive
1275.jpg,/CSAM_sens/images/1275.jpg,CSAM,Sensitive,1275.jpg,1275.jpg,Sensitive
1015.jpg,/CSAM_sens/images/1015.jpg,CSAM,Sensitive,1015.jpg,1015.jpg,Sensitive
1317.jpeg,/CSAM_sens/images/1317.jpeg,CSAM,Sensitive,1317.jpeg,1317.jpeg,Sensitive
1094.jpeg,/CSAM_sens/images/1094.jpeg,CSAM,Sensitive,1094.jpeg,1094.jpeg,Sensitive
1151.jpeg,/CSAM_sens/images/1151.jpeg,CSAM,Sensitive,1151.jpeg,1151.jpeg,Sensitive
1001.jpg,/CSAM_sens/images/1001.jpg,CSAM,Sensitive,1001.jpg,1001.jpg,Sensitive
1297.jpg,/CSAM_sens/images/1297.jpg,CSAM,Sensitive,1297.jpg,1297.jpg,Sensitive
3536.png,/CSAM_sens/images/3536.png,CSAM,Sensitive,3536.png,3536.png,Sensitive
1111.jpeg,/CSAM_sens/images/1111.jpeg,CSAM,Sensitive,1111.jpeg,1111.jpeg,Sensitive
1117.jpg,/CSAM_sens/images/1117.jpg,CSAM,Sensitive,1117.jpg,1117.jpg,Sensitive
0951.jpg,/CSAM_sens/images/0951.jpg,CSAM,Sensitive,0951.jpg,0951.jpg,Sensitive
2187.jpg,/CSAM_sens/videos/video079/2187.jpg,CSAM,Sensitive,video079,2187.jpg,Sensitive
2188.jpg,/CSAM_sens/videos/video079/2188.jpg,CSAM,Sensitive,video079,2188.jpg,Sensitive
2189.jpg,/CSAM_sens/videos/video079/2189.jpg,CSAM,Sensitive,video079,2189.jpg,Sensitive
2190.jpg,/CSAM_sens/videos/video079/2190.jpg,CSAM,Sensitive,video079,2190.jpg,Sensitive
2191.jpg,/CSAM_sens/videos/video079/2191.jpg,CSAM,Sensitive,video079,2191.jpg,Sensitive
2192.jpg,/CSAM_sens/videos/video079/2192.jpg,CSAM,Sensitive,video079,2192.jpg,Sensitive
2193.jpg,/CSAM_sens/videos/video079/2193.jpg,CSAM,Sensitive,video079,2193.jpg,Sensitive
2194.jpg,/CSAM_sens/videos/video079/2194.jpg,CSAM,Sensitive,video079,2194.jpg,Sensitive
2195.jpg,/CSAM_sens/videos/video079/2195.jpg,CSAM,Sensitive,video079,2195.jpg,Sensitive
2196.jpg,/CSAM_sens/videos/video079/2196.jpg,CSAM,Sensitive,video079,2196.jpg,Sensitive
2197.jpg,/CSAM_sens/videos/video079/2197.jpg,CSAM,Sensitive,video079,2197.jpg,Sensitive
2198.jpg,/CSAM_sens/videos/video079/2198.jpg,CSAM,Sensitive,video079,2198.jpg,Sensitive
2199.jpg,/CSAM_sens/videos/video079/2199.jpg,CSAM,Sensitive,video079,2199.jpg,Sensitive
2200.jpg,/CSAM_sens/videos/video079/2200.jpg,CSAM,Sensitive,video079,2200.jpg,Sensitive
2201.jpg,/CSAM_sens/videos/video079/2201.jpg,CSAM,Sensitive,video079,2201.jpg,Sensitive
2202.jpg,/CSAM_sens/videos/video079/2202.jpg,CSAM,Sensitive,video079,2202.jpg,Sensitive
2203.jpg,/CSAM_sens/videos/video079/2203.jpg,CSAM,Sensitive,video079,2203.jpg,Sensitive
2204.jpg,/CSAM_sens/videos/video079/2204.jpg,CSAM,Sensitive,video079,2204.jpg,Sensitive
2205.jpg,/CSAM_sens/videos/video079/2205.jpg,CSAM,Sensitive,video079,2205.jpg,Sensitive
2206.jpg,/CSAM_sens/videos/video079/2206.jpg,CSAM,Sensitive,video079,2206.jpg,Sensitive
2207.jpg,/CSAM_sens/videos/video079/2207.jpg,CSAM,Sensitive,video079,2207.jpg,Sensitive
2208.jpg,/CSAM_sens/videos/video079/2208.jpg,CSAM,Sensitive,video079,2208.jpg,Sensitive
2209.jpg,/CSAM_sens/videos/video079/2209.jpg,CSAM,Sensitive,video079,2209.jpg,Sensitive
2210.jpg,/CSAM_sens/videos/video079/2210.jpg,CSAM,Sensitive,video079,2210.jpg,Sensitive
2211.jpg,/CSAM_sens/videos/video079/2211.jpg,CSAM,Sensitive,video079,2211.jpg,Sensitive
2212.jpg,/CSAM_sens/videos/video079/2212.jpg,CSAM,Sensitive,video079,2212.jpg,Sensitive
2213.jpg,/CSAM_sens/videos/video079/2213.jpg,CSAM,Sensitive,video079,2213.jpg,Sensitive
2214.jpg,/CSAM_sens/videos/video079/2214.jpg,CSAM,Sensitive,video079,2214.jpg,Sensitive
2215.jpg,/CSAM_sens/videos/video079/2215.jpg,CSAM,Sensitive,video079,2215.jpg,Sensitive
2216.jpg,/CSAM_sens/videos/video079/2216.jpg,CSAM,Sensitive,video079,2216.jpg,Sensitive
2217.jpg,/CSAM_sens/videos/video079/2217.jpg,CSAM,Sensitive,video079,2217.jpg,Sensitive
2218.jpg,/CSAM_sens/videos/video079/2218.jpg,CSAM,Sensitive,video079,2218.jpg,Sensitive
2219.jpg,/CSAM_sens/videos/video079/2219.jpg,CSAM,Sensitive,video079,2219.jpg,Sensitive
2220.jpg,/CSAM_sens/videos/video079/2220.jpg,CSAM,Sensitive,video079,2220.jpg,Sensitive
2221.jpg,/CSAM_sens/videos/video079/2221.jpg,CSAM,Sensitive,video079,2221.jpg,Sensitive
2222.jpg,/CSAM_sens/videos/video079/2222.jpg,CSAM,Sensitive,video079,2222.jpg,Sensitive
2223.jpg,/CSAM_sens/videos/video079/2223.jpg,CSAM,Sensitive,video079,2223.jpg,Sensitive
2224.jpg,/CSAM_sens/videos/video079/2224.jpg,CSAM,Sensitive,video079,2224.jpg,Sensitive
2225.jpg,/CSAM_sens/videos/video079/2225.jpg,CSAM,Sensitive,video079,2225.jpg,Sensitive
2226.jpg,/CSAM_sens/videos/video079/2226.jpg,CSAM,Sensitive,video079,2226.jpg,Sensitive
2227.jpg,/CSAM_sens/videos/video079/2227.jpg,CSAM,Sensitive,video079,2227.jpg,Sensitive
2228.jpg,/CSAM_sens/videos/video079/2228.jpg,CSAM,Sensitive,video079,2228.jpg,Sensitive
3786.png,/CSAM_sens/videos/video026/3786.png,CSAM,Sensitive,video026,3786.png,Sensitive
3787.png,/CSAM_sens/videos/video026/3787.png,CSAM,Sensitive,video026,3787.png,Sensitive
3788.png,/CSAM_sens/videos/video026/3788.png,CSAM,Sensitive,video026,3788.png,Sensitive
3789.png,/CSAM_sens/videos/video026/3789.png,CSAM,Sensitive,video026,3789.png,Sensitive
3790.png,/CSAM_sens/videos/video026/3790.png,CSAM,Sensitive,video026,3790.png,Sensitive
3791.png,/CSAM_sens/videos/video026/3791.png,CSAM,Sensitive,video026,3791.png,Sensitive
3792.png,/CSAM_sens/videos/video026/3792.png,CSAM,Sensitive,video026,3792.png,Sensitive
3793.png,/CSAM_sens/videos/video026/3793.png,CSAM,Sensitive,video026,3793.png,Sensitive
3794.png,/CSAM_sens/videos/video026/3794.png,CSAM,Sensitive,video026,3794.png,Sensitive
3795.png,/CSAM_sens/videos/video026/3795.png,CSAM,Sensitive,video026,3795.png,Sensitive
3651.png,/CSAM_sens/videos/video041/3651.png,CSAM,Sensitive,video041,3651.png,Sensitive
3652.png,/CSAM_sens/videos/video041/3652.png,CSAM,Sensitive,video041,3652.png,Sensitive
3653.png,/CSAM_sens/videos/video041/3653.png,CSAM,Sensitive,video041,3653.png,Sensitive
3654.png,/CSAM_sens/videos/video041/3654.png,CSAM,Sensitive,video041,3654.png,Sensitive
3655.png,/CSAM_sens/videos/video041/3655.png,CSAM,Sensitive,video041,3655.png,Sensitive
3656.png,/CSAM_sens/videos/video041/3656.png,CSAM,Sensitive,video041,3656.png,Sensitive
3657.png,/CSAM_sens/videos/video041/3657.png,CSAM,Sensitive,video041,3657.png,Sensitive
3658.png,/CSAM_sens/videos/video041/3658.png,CSAM,Sensitive,video041,3658.png,Sensitive
3659.png,/CSAM_sens/videos/video041/3659.png,CSAM,Sensitive,video041,3659.png,Sensitive
3660.png,/CSAM_sens/videos/video041/3660.png,CSAM,Sensitive,video041,3660.png,Sensitive
0922.jpg,/CSAM_sens/images/0922.jpg,CSAM,Sensitive,0922.jpg,0922.jpg,Sensitive
1088.jpeg,/CSAM_sens/images/1088.jpeg,CSAM,Sensitive,1088.jpeg,1088.jpeg,Sensitive
1238.jpg,/CSAM_sens/images/1238.jpg,CSAM,Sensitive,1238.jpg,1238.jpg,Sensitive
3554.png,/CSAM_sens/images/3554.png,CSAM,Sensitive,3554.png,3554.png,Sensitive
2458.jpg,/CSAM_sens/videos/video070/2458.jpg,CSAM,Sensitive,video070,2458.jpg,Sensitive
2459.jpg,/CSAM_sens/videos/video070/2459.jpg,CSAM,Sensitive,video070,2459.jpg,Sensitive
2460.jpg,/CSAM_sens/videos/video070/2460.jpg,CSAM,Sensitive,video070,2460.jpg,Sensitive
2461.jpg,/CSAM_sens/videos/video070/2461.jpg,CSAM,Sensitive,video070,2461.jpg,Sensitive
2462.jpg,/CSAM_sens/videos/video070/2462.jpg,CSAM,Sensitive,video070,2462.jpg,Sensitive
2463.jpg,/CSAM_sens/videos/video070/2463.jpg,CSAM,Sensitive,video070,2463.jpg,Sensitive
2464.jpg,/CSAM_sens/videos/video070/2464.jpg,CSAM,Sensitive,video070,2464.jpg,Sensitive
2465.jpg,/CSAM_sens/videos/video070/2465.jpg,CSAM,Sensitive,video070,2465.jpg,Sensitive
2466.jpg,/CSAM_sens/videos/video070/2466.jpg,CSAM,Sensitive,video070,2466.jpg,Sensitive
2467.jpg,/CSAM_sens/videos/video070/2467.jpg,CSAM,Sensitive,video070,2467.jpg,Sensitive
2468.jpg,/CSAM_sens/videos/video070/2468.jpg,CSAM,Sensitive,video070,2468.jpg,Sensitive
1013.jpg,/CSAM_sens/images/1013.jpg,CSAM,Sensitive,1013.jpg,1013.jpg,Sensitive
0916.jpg,/CSAM_sens/images/0916.jpg,CSAM,Sensitive,0916.jpg,0916.jpg,Sensitive
1195.jpg,/CSAM_sens/images/1195.jpg,CSAM,Sensitive,1195.jpg,1195.jpg,Sensitive
0905.jpg,/CSAM_sens/images/0905.jpg,CSAM,Sensitive,0905.jpg,0905.jpg,Sensitive
2168.jpg,/CSAM_sens/videos/video080/2168.jpg,CSAM,Sensitive,video080,2168.jpg,Sensitive
2169.jpg,/CSAM_sens/videos/video080/2169.jpg,CSAM,Sensitive,video080,2169.jpg,Sensitive
2170.jpg,/CSAM_sens/videos/video080/2170.jpg,CSAM,Sensitive,video080,2170.jpg,Sensitive
2171.jpg,/CSAM_sens/videos/video080/2171.jpg,CSAM,Sensitive,video080,2171.jpg,Sensitive
2172.jpg,/CSAM_sens/videos/video080/2172.jpg,CSAM,Sensitive,video080,2172.jpg,Sensitive
2173.jpg,/CSAM_sens/videos/video080/2173.jpg,CSAM,Sensitive,video080,2173.jpg,Sensitive
2174.jpg,/CSAM_sens/videos/video080/2174.jpg,CSAM,Sensitive,video080,2174.jpg,Sensitive
2175.jpg,/CSAM_sens/videos/video080/2175.jpg,CSAM,Sensitive,video080,2175.jpg,Sensitive
2176.jpg,/CSAM_sens/videos/video080/2176.jpg,CSAM,Sensitive,video080,2176.jpg,Sensitive
2177.jpg,/CSAM_sens/videos/video080/2177.jpg,CSAM,Sensitive,video080,2177.jpg,Sensitive
2178.jpg,/CSAM_sens/videos/video080/2178.jpg,CSAM,Sensitive,video080,2178.jpg,Sensitive
2179.jpg,/CSAM_sens/videos/video080/2179.jpg,CSAM,Sensitive,video080,2179.jpg,Sensitive
2180.jpg,/CSAM_sens/videos/video080/2180.jpg,CSAM,Sensitive,video080,2180.jpg,Sensitive
2181.jpg,/CSAM_sens/videos/video080/2181.jpg,CSAM,Sensitive,video080,2181.jpg,Sensitive
2182.jpg,/CSAM_sens/videos/video080/2182.jpg,CSAM,Sensitive,video080,2182.jpg,Sensitive
2183.jpg,/CSAM_sens/videos/video080/2183.jpg,CSAM,Sensitive,video080,2183.jpg,Sensitive
2184.jpg,/CSAM_sens/videos/video080/2184.jpg,CSAM,Sensitive,video080,2184.jpg,Sensitive
2185.jpg,/CSAM_sens/videos/video080/2185.jpg,CSAM,Sensitive,video080,2185.jpg,Sensitive
2186.jpg,/CSAM_sens/videos/video080/2186.jpg,CSAM,Sensitive,video080,2186.jpg,Sensitive
2487.jpg,/CSAM_sens/videos/video068/2487.jpg,CSAM,Sensitive,video068,2487.jpg,Sensitive
2488.jpg,/CSAM_sens/videos/video068/2488.jpg,CSAM,Sensitive,video068,2488.jpg,Sensitive
2489.jpg,/CSAM_sens/videos/video068/2489.jpg,CSAM,Sensitive,video068,2489.jpg,Sensitive
2490.jpg,/CSAM_sens/videos/video068/2490.jpg,CSAM,Sensitive,video068,2490.jpg,Sensitive
2491.jpg,/CSAM_sens/videos/video068/2491.jpg,CSAM,Sensitive,video068,2491.jpg,Sensitive
2492.jpg,/CSAM_sens/videos/video068/2492.jpg,CSAM,Sensitive,video068,2492.jpg,Sensitive
2493.jpg,/CSAM_sens/videos/video068/2493.jpg,CSAM,Sensitive,video068,2493.jpg,Sensitive
2494.jpg,/CSAM_sens/videos/video068/2494.jpg,CSAM,Sensitive,video068,2494.jpg,Sensitive
2495.jpg,/CSAM_sens/videos/video068/2495.jpg,CSAM,Sensitive,video068,2495.jpg,Sensitive
2496.jpg,/CSAM_sens/videos/video068/2496.jpg,CSAM,Sensitive,video068,2496.jpg,Sensitive
2497.jpg,/CSAM_sens/videos/video068/2497.jpg,CSAM,Sensitive,video068,2497.jpg,Sensitive
2498.jpg,/CSAM_sens/videos/video068/2498.jpg,CSAM,Sensitive,video068,2498.jpg,Sensitive
2499.jpg,/CSAM_sens/videos/video068/2499.jpg,CSAM,Sensitive,video068,2499.jpg,Sensitive
2500.jpg,/CSAM_sens/videos/video068/2500.jpg,CSAM,Sensitive,video068,2500.jpg,Sensitive
2501.jpg,/CSAM_sens/videos/video068/2501.jpg,CSAM,Sensitive,video068,2501.jpg,Sensitive
2502.jpg,/CSAM_sens/videos/video068/2502.jpg,CSAM,Sensitive,video068,2502.jpg,Sensitive
2503.jpg,/CSAM_sens/videos/video068/2503.jpg,CSAM,Sensitive,video068,2503.jpg,Sensitive
2504.jpg,/CSAM_sens/videos/video068/2504.jpg,CSAM,Sensitive,video068,2504.jpg,Sensitive
2505.jpg,/CSAM_sens/videos/video068/2505.jpg,CSAM,Sensitive,video068,2505.jpg,Sensitive
2506.jpg,/CSAM_sens/videos/video068/2506.jpg,CSAM,Sensitive,video068,2506.jpg,Sensitive
2507.jpg,/CSAM_sens/videos/video068/2507.jpg,CSAM,Sensitive,video068,2507.jpg,Sensitive
2508.jpg,/CSAM_sens/videos/video068/2508.jpg,CSAM,Sensitive,video068,2508.jpg,Sensitive
2509.jpg,/CSAM_sens/videos/video068/2509.jpg,CSAM,Sensitive,video068,2509.jpg,Sensitive
2510.jpg,/CSAM_sens/videos/video068/2510.jpg,CSAM,Sensitive,video068,2510.jpg,Sensitive
2511.jpg,/CSAM_sens/videos/video068/2511.jpg,CSAM,Sensitive,video068,2511.jpg,Sensitive
2512.jpg,/CSAM_sens/videos/video068/2512.jpg,CSAM,Sensitive,video068,2512.jpg,Sensitive
2513.jpg,/CSAM_sens/videos/video068/2513.jpg,CSAM,Sensitive,video068,2513.jpg,Sensitive
2514.jpg,/CSAM_sens/videos/video068/2514.jpg,CSAM,Sensitive,video068,2514.jpg,Sensitive
2515.jpg,/CSAM_sens/videos/video068/2515.jpg,CSAM,Sensitive,video068,2515.jpg,Sensitive
2516.jpg,/CSAM_sens/videos/video068/2516.jpg,CSAM,Sensitive,video068,2516.jpg,Sensitive
0910.jpg,/CSAM_sens/images/0910.jpg,CSAM,Sensitive,0910.jpg,0910.jpg,Sensitive
1232.jpg,/CSAM_sens/images/1232.jpg,CSAM,Sensitive,1232.jpg,1232.jpg,Sensitive
1048.jpg,/CSAM_sens/images/1048.jpg,CSAM,Sensitive,1048.jpg,1048.jpg,Sensitive
1070.jpg,/CSAM_sens/images/1070.jpg,CSAM,Sensitive,1070.jpg,1070.jpg,Sensitive
1145.jpeg,/CSAM_sens/images/1145.jpeg,CSAM,Sensitive,1145.jpeg,1145.jpeg,Sensitive
3882.png,/CSAM_sens/videos/video012/3882.png,CSAM,Sensitive,video012,3882.png,Sensitive
3883.png,/CSAM_sens/videos/video012/3883.png,CSAM,Sensitive,video012,3883.png,Sensitive
3884.png,/CSAM_sens/videos/video012/3884.png,CSAM,Sensitive,video012,3884.png,Sensitive
3885.png,/CSAM_sens/videos/video012/3885.png,CSAM,Sensitive,video012,3885.png,Sensitive
3886.png,/CSAM_sens/videos/video012/3886.png,CSAM,Sensitive,video012,3886.png,Sensitive
3887.png,/CSAM_sens/videos/video012/3887.png,CSAM,Sensitive,video012,3887.png,Sensitive
1175.png,/CSAM_sens/images/1175.png,CSAM,Sensitive,1175.png,1175.png,Sensitive
0938.jpeg,/CSAM_sens/images/0938.jpeg,CSAM,Sensitive,0938.jpeg,0938.jpeg,Sensitive
1114.jpg,/CSAM_sens/images/1114.jpg,CSAM,Sensitive,1114.jpg,1114.jpg,Sensitive
0919.jpg,/CSAM_sens/images/0919.jpg,CSAM,Sensitive,0919.jpg,0919.jpg,Sensitive
1095.jpeg,/CSAM_sens/images/1095.jpeg,CSAM,Sensitive,1095.jpeg,1095.jpeg,Sensitive
1035.jpg,/CSAM_sens/images/1035.jpg,CSAM,Sensitive,1035.jpg,1035.jpg,Sensitive
3548.png,/CSAM_sens/videos/video062/3548.png,CSAM,Sensitive,video062,3548.png,Sensitive
3549.png,/CSAM_sens/videos/video062/3549.png,CSAM,Sensitive,video062,3549.png,Sensitive
3550.png,/CSAM_sens/videos/video062/3550.png,CSAM,Sensitive,video062,3550.png,Sensitive
3551.png,/CSAM_sens/videos/video062/3551.png,CSAM,Sensitive,video062,3551.png,Sensitive
3552.png,/CSAM_sens/videos/video062/3552.png,CSAM,Sensitive,video062,3552.png,Sensitive
1030.jpg,/CSAM_sens/images/1030.jpg,CSAM,Sensitive,1030.jpg,1030.jpg,Sensitive
0957.jpg,/CSAM_sens/images/0957.jpg,CSAM,Sensitive,0957.jpg,0957.jpg,Sensitive
0934.jpeg,/CSAM_sens/images/0934.jpeg,CSAM,Sensitive,0934.jpeg,0934.jpeg,Sensitive
1018.jpg,/CSAM_sens/images/1018.jpg,CSAM,Sensitive,1018.jpg,1018.jpg,Sensitive
1289.jpg,/CSAM_sens/images/1289.jpg,CSAM,Sensitive,1289.jpg,1289.jpg,Sensitive
0947.jpg,/CSAM_sens/images/0947.jpg,CSAM,Sensitive,0947.jpg,0947.jpg,Sensitive
0943.jpeg,/CSAM_sens/images/0943.jpeg,CSAM,Sensitive,0943.jpeg,0943.jpeg,Sensitive
1105.jpeg,/CSAM_sens/images/1105.jpeg,CSAM,Sensitive,1105.jpeg,1105.jpeg,Sensitive
1197.jpg,/CSAM_sens/images/1197.jpg,CSAM,Sensitive,1197.jpg,1197.jpg,Sensitive
1233.jpg,/CSAM_sens/images/1233.jpg,CSAM,Sensitive,1233.jpg,1233.jpg,Sensitive
1034.jpg,/CSAM_sens/images/1034.jpg,CSAM,Sensitive,1034.jpg,1034.jpg,Sensitive
1206.jpg,/CSAM_sens/images/1206.jpg,CSAM,Sensitive,1206.jpg,1206.jpg,Sensitive
0933.jpg,/CSAM_sens/images/0933.jpg,CSAM,Sensitive,0933.jpg,0933.jpg,Sensitive
1049.jpg,/CSAM_sens/images/1049.jpg,CSAM,Sensitive,1049.jpg,1049.jpg,Sensitive
1194.jpg,/CSAM_sens/images/1194.jpg,CSAM,Sensitive,1194.jpg,1194.jpg,Sensitive
1290.jpg,/CSAM_sens/images/1290.jpg,CSAM,Sensitive,1290.jpg,1290.jpg,Sensitive
1128.jpeg,/CSAM_sens/images/1128.jpeg,CSAM,Sensitive,1128.jpeg,1128.jpeg,Sensitive
1280.jpg,/CSAM_sens/images/1280.jpg,CSAM,Sensitive,1280.jpg,1280.jpg,Sensitive
1039.jpg,/CSAM_sens/images/1039.jpg,CSAM,Sensitive,1039.jpg,1039.jpg,Sensitive
3544.png,/CSAM_sens/videos/video063/3544.png,CSAM,Sensitive,video063,3544.png,Sensitive
3545.png,/CSAM_sens/videos/video063/3545.png,CSAM,Sensitive,video063,3545.png,Sensitive
3546.png,/CSAM_sens/videos/video063/3546.png,CSAM,Sensitive,video063,3546.png,Sensitive
3547.png,/CSAM_sens/videos/video063/3547.png,CSAM,Sensitive,video063,3547.png,Sensitive
3640.png,/CSAM_sens/videos/video043/3640.png,CSAM,Sensitive,video043,3640.png,Sensitive
3641.png,/CSAM_sens/videos/video043/3641.png,CSAM,Sensitive,video043,3641.png,Sensitive
3642.png,/CSAM_sens/videos/video043/3642.png,CSAM,Sensitive,video043,3642.png,Sensitive
1079.jpeg,/CSAM_sens/images/1079.jpeg,CSAM,Sensitive,1079.jpeg,1079.jpeg,Sensitive
1185.png,/CSAM_sens/images/1185.png,CSAM,Sensitive,1185.png,1185.png,Sensitive
1100.jpeg,/CSAM_sens/images/1100.jpeg,CSAM,Sensitive,1100.jpeg,1100.jpeg,Sensitive
1042.jpg,/CSAM_sens/images/1042.jpg,CSAM,Sensitive,1042.jpg,1042.jpg,Sensitive
1098.jpeg,/CSAM_sens/images/1098.jpeg,CSAM,Sensitive,1098.jpeg,1098.jpeg,Sensitive
1025.jpg,/CSAM_sens/images/1025.jpg,CSAM,Sensitive,1025.jpg,1025.jpg,Sensitive
1084.jpeg,/CSAM_sens/images/1084.jpeg,CSAM,Sensitive,1084.jpeg,1084.jpeg,Sensitive
1268.jpg,/CSAM_sens/images/1268.jpg,CSAM,Sensitive,1268.jpg,1268.jpg,Sensitive
1060.jpg,/CSAM_sens/images/1060.jpg,CSAM,Sensitive,1060.jpg,1060.jpg,Sensitive
3969.png,/CSAM_sens/videos/video004/3969.png,CSAM,Sensitive,video004,3969.png,Sensitive
3970.png,/CSAM_sens/videos/video004/3970.png,CSAM,Sensitive,video004,3970.png,Sensitive
3971.png,/CSAM_sens/videos/video004/3971.png,CSAM,Sensitive,video004,3971.png,Sensitive
3972.png,/CSAM_sens/videos/video004/3972.png,CSAM,Sensitive,video004,3972.png,Sensitive
3973.png,/CSAM_sens/videos/video004/3973.png,CSAM,Sensitive,video004,3973.png,Sensitive
3974.png,/CSAM_sens/videos/video004/3974.png,CSAM,Sensitive,video004,3974.png,Sensitive
3975.png,/CSAM_sens/videos/video004/3975.png,CSAM,Sensitive,video004,3975.png,Sensitive
3976.png,/CSAM_sens/videos/video004/3976.png,CSAM,Sensitive,video004,3976.png,Sensitive
3977.png,/CSAM_sens/videos/video004/3977.png,CSAM,Sensitive,video004,3977.png,Sensitive
3978.png,/CSAM_sens/videos/video004/3978.png,CSAM,Sensitive,video004,3978.png,Sensitive
3979.png,/CSAM_sens/videos/video004/3979.png,CSAM,Sensitive,video004,3979.png,Sensitive
3980.png,/CSAM_sens/videos/video004/3980.png,CSAM,Sensitive,video004,3980.png,Sensitive
3981.png,/CSAM_sens/videos/video004/3981.png,CSAM,Sensitive,video004,3981.png,Sensitive
0944.jpg,/CSAM_sens/images/0944.jpg,CSAM,Sensitive,0944.jpg,0944.jpg,Sensitive
0939.jpeg,/CSAM_sens/images/0939.jpeg,CSAM,Sensitive,0939.jpeg,0939.jpeg,Sensitive
3542.png,/CSAM_sens/images/3542.png,CSAM,Sensitive,3542.png,3542.png,Sensitive
3598.png,/CSAM_sens/images/3598.png,CSAM,Sensitive,3598.png,3598.png,Sensitive
3637.png,/CSAM_sens/videos/video045/3637.png,CSAM,Sensitive,video045,3637.png,Sensitive
3638.png,/CSAM_sens/videos/video045/3638.png,CSAM,Sensitive,video045,3638.png,Sensitive
3639.png,/CSAM_sens/videos/video045/3639.png,CSAM,Sensitive,video045,3639.png,Sensitive
1135.jpeg,/CSAM_sens/images/1135.jpeg,CSAM,Sensitive,1135.jpeg,1135.jpeg,Sensitive
1252.jpg,/CSAM_sens/images/1252.jpg,CSAM,Sensitive,1252.jpg,1252.jpg,Sensitive
0984.jpg,/CSAM_sens/images/0984.jpg,CSAM,Sensitive,0984.jpg,0984.jpg,Sensitive
1102.jpeg,/CSAM_sens/images/1102.jpeg,CSAM,Sensitive,1102.jpeg,1102.jpeg,Sensitive
1033.jpg,/CSAM_sens/images/1033.jpg,CSAM,Sensitive,1033.jpg,1033.jpg,Sensitive
1288.jpg,/CSAM_sens/images/1288.jpg,CSAM,Sensitive,1288.jpg,1288.jpg,Sensitive
1296.jpg,/CSAM_sens/images/1296.jpg,CSAM,Sensitive,1296.jpg,1296.jpg,Sensitive
1247.jpg,/CSAM_sens/images/1247.jpg,CSAM,Sensitive,1247.jpg,1247.jpg,Sensitive
0983.jpg,/CSAM_sens/images/0983.jpg,CSAM,Sensitive,0983.jpg,0983.jpg,Sensitive
1226.jpg,/CSAM_sens/images/1226.jpg,CSAM,Sensitive,1226.jpg,1226.jpg,Sensitive
3569.png,/CSAM_sens/videos/video058/3569.png,CSAM,Sensitive,video058,3569.png,Sensitive
3570.png,/CSAM_sens/videos/video058/3570.png,CSAM,Sensitive,video058,3570.png,Sensitive
3571.png,/CSAM_sens/videos/video058/3571.png,CSAM,Sensitive,video058,3571.png,Sensitive
0920.jpg,/CSAM_sens/images/0920.jpg,CSAM,Sensitive,0920.jpg,0920.jpg,Sensitive
1153.jpeg,/CSAM_sens/images/1153.jpeg,CSAM,Sensitive,1153.jpeg,1153.jpeg,Sensitive
1166.jpeg,/CSAM_sens/images/1166.jpeg,CSAM,Sensitive,1166.jpeg,1166.jpeg,Sensitive
3943.png,/CSAM_sens/videos/video007/3943.png,CSAM,Sensitive,video007,3943.png,Sensitive
3944.png,/CSAM_sens/videos/video007/3944.png,CSAM,Sensitive,video007,3944.png,Sensitive
3945.png,/CSAM_sens/videos/video007/3945.png,CSAM,Sensitive,video007,3945.png,Sensitive
1307.jpg,/CSAM_sens/images/1307.jpg,CSAM,Sensitive,1307.jpg,1307.jpg,Sensitive
1209.jpg,/CSAM_sens/images/1209.jpg,CSAM,Sensitive,1209.jpg,1209.jpg,Sensitive
1090.jpeg,/CSAM_sens/images/1090.jpeg,CSAM,Sensitive,1090.jpeg,1090.jpeg,Sensitive
1054.jpg,/CSAM_sens/images/1054.jpg,CSAM,Sensitive,1054.jpg,1054.jpg,Sensitive
0989.jpg,/CSAM_sens/images/0989.jpg,CSAM,Sensitive,0989.jpg,0989.jpg,Sensitive
1160.jpeg,/CSAM_sens/images/1160.jpeg,CSAM,Sensitive,1160.jpeg,1160.jpeg,Sensitive
1287.jpg,/CSAM_sens/images/1287.jpg,CSAM,Sensitive,1287.jpg,1287.jpg,Sensitive
1293.jpg,/CSAM_sens/images/1293.jpg,CSAM,Sensitive,1293.jpg,1293.jpg,Sensitive
0965.jpg,/CSAM_sens/images/0965.jpg,CSAM,Sensitive,0965.jpg,0965.jpg,Sensitive
2090.jpg,/CSAM_sens/videos/video084/2090.jpg,CSAM,Sensitive,video084,2090.jpg,Sensitive
2091.jpg,/CSAM_sens/videos/video084/2091.jpg,CSAM,Sensitive,video084,2091.jpg,Sensitive
2092.jpg,/CSAM_sens/videos/video084/2092.jpg,CSAM,Sensitive,video084,2092.jpg,Sensitive
2093.jpg,/CSAM_sens/videos/video084/2093.jpg,CSAM,Sensitive,video084,2093.jpg,Sensitive
2094.jpg,/CSAM_sens/videos/video084/2094.jpg,CSAM,Sensitive,video084,2094.jpg,Sensitive
2095.jpg,/CSAM_sens/videos/video084/2095.jpg,CSAM,Sensitive,video084,2095.jpg,Sensitive
2096.jpg,/CSAM_sens/videos/video084/2096.jpg,CSAM,Sensitive,video084,2096.jpg,Sensitive
2097.jpg,/CSAM_sens/videos/video084/2097.jpg,CSAM,Sensitive,video084,2097.jpg,Sensitive
2098.jpg,/CSAM_sens/videos/video084/2098.jpg,CSAM,Sensitive,video084,2098.jpg,Sensitive
2099.jpg,/CSAM_sens/videos/video084/2099.jpg,CSAM,Sensitive,video084,2099.jpg,Sensitive
2100.jpg,/CSAM_sens/videos/video084/2100.jpg,CSAM,Sensitive,video084,2100.jpg,Sensitive
2101.jpg,/CSAM_sens/videos/video084/2101.jpg,CSAM,Sensitive,video084,2101.jpg,Sensitive
2102.jpg,/CSAM_sens/videos/video084/2102.jpg,CSAM,Sensitive,video084,2102.jpg,Sensitive
2103.jpg,/CSAM_sens/videos/video084/2103.jpg,CSAM,Sensitive,video084,2103.jpg,Sensitive
2104.jpg,/CSAM_sens/videos/video084/2104.jpg,CSAM,Sensitive,video084,2104.jpg,Sensitive
2105.jpg,/CSAM_sens/videos/video084/2105.jpg,CSAM,Sensitive,video084,2105.jpg,Sensitive
2106.jpg,/CSAM_sens/videos/video084/2106.jpg,CSAM,Sensitive,video084,2106.jpg,Sensitive
2107.jpg,/CSAM_sens/videos/video084/2107.jpg,CSAM,Sensitive,video084,2107.jpg,Sensitive
2108.jpg,/CSAM_sens/videos/video084/2108.jpg,CSAM,Sensitive,video084,2108.jpg,Sensitive
2109.jpg,/CSAM_sens/videos/video084/2109.jpg,CSAM,Sensitive,video084,2109.jpg,Sensitive
2110.jpg,/CSAM_sens/videos/video084/2110.jpg,CSAM,Sensitive,video084,2110.jpg,Sensitive
2111.jpg,/CSAM_sens/videos/video084/2111.jpg,CSAM,Sensitive,video084,2111.jpg,Sensitive
2112.jpg,/CSAM_sens/videos/video084/2112.jpg,CSAM,Sensitive,video084,2112.jpg,Sensitive
2113.jpg,/CSAM_sens/videos/video084/2113.jpg,CSAM,Sensitive,video084,2113.jpg,Sensitive
2114.jpg,/CSAM_sens/videos/video084/2114.jpg,CSAM,Sensitive,video084,2114.jpg,Sensitive
0906.jpg,/CSAM_sens/images/0906.jpg,CSAM,Sensitive,0906.jpg,0906.jpg,Sensitive
0968.jpg,/CSAM_sens/images/0968.jpg,CSAM,Sensitive,0968.jpg,0968.jpg,Sensitive
1182.png,/CSAM_sens/images/1182.png,CSAM,Sensitive,1182.png,1182.png,Sensitive
0987.jpg,/CSAM_sens/images/0987.jpg,CSAM,Sensitive,0987.jpg,0987.jpg,Sensitive
2517.jpg,/CSAM_sens/videos/video067/2517.jpg,CSAM,Sensitive,video067,2517.jpg,Sensitive
2518.jpg,/CSAM_sens/videos/video067/2518.jpg,CSAM,Sensitive,video067,2518.jpg,Sensitive
2519.jpg,/CSAM_sens/videos/video067/2519.jpg,CSAM,Sensitive,video067,2519.jpg,Sensitive
2520.jpg,/CSAM_sens/videos/video067/2520.jpg,CSAM,Sensitive,video067,2520.jpg,Sensitive
2521.jpg,/CSAM_sens/videos/video067/2521.jpg,CSAM,Sensitive,video067,2521.jpg,Sensitive
2522.jpg,/CSAM_sens/videos/video067/2522.jpg,CSAM,Sensitive,video067,2522.jpg,Sensitive
2523.jpg,/CSAM_sens/videos/video067/2523.jpg,CSAM,Sensitive,video067,2523.jpg,Sensitive
2524.jpg,/CSAM_sens/videos/video067/2524.jpg,CSAM,Sensitive,video067,2524.jpg,Sensitive
2525.jpg,/CSAM_sens/videos/video067/2525.jpg,CSAM,Sensitive,video067,2525.jpg,Sensitive
2526.jpg,/CSAM_sens/videos/video067/2526.jpg,CSAM,Sensitive,video067,2526.jpg,Sensitive
2527.jpg,/CSAM_sens/videos/video067/2527.jpg,CSAM,Sensitive,video067,2527.jpg,Sensitive
2528.jpg,/CSAM_sens/videos/video067/2528.jpg,CSAM,Sensitive,video067,2528.jpg,Sensitive
2529.jpg,/CSAM_sens/videos/video067/2529.jpg,CSAM,Sensitive,video067,2529.jpg,Sensitive
2530.jpg,/CSAM_sens/videos/video067/2530.jpg,CSAM,Sensitive,video067,2530.jpg,Sensitive
2531.jpg,/CSAM_sens/videos/video067/2531.jpg,CSAM,Sensitive,video067,2531.jpg,Sensitive
2532.jpg,/CSAM_sens/videos/video067/2532.jpg,CSAM,Sensitive,video067,2532.jpg,Sensitive
2533.jpg,/CSAM_sens/videos/video067/2533.jpg,CSAM,Sensitive,video067,2533.jpg,Sensitive
2534.jpg,/CSAM_sens/videos/video067/2534.jpg,CSAM,Sensitive,video067,2534.jpg,Sensitive
2535.jpg,/CSAM_sens/videos/video067/2535.jpg,CSAM,Sensitive,video067,2535.jpg,Sensitive
2536.jpg,/CSAM_sens/videos/video067/2536.jpg,CSAM,Sensitive,video067,2536.jpg,Sensitive
2537.jpg,/CSAM_sens/videos/video067/2537.jpg,CSAM,Sensitive,video067,2537.jpg,Sensitive
2538.jpg,/CSAM_sens/videos/video067/2538.jpg,CSAM,Sensitive,video067,2538.jpg,Sensitive
2539.jpg,/CSAM_sens/videos/video067/2539.jpg,CSAM,Sensitive,video067,2539.jpg,Sensitive
2540.jpg,/CSAM_sens/videos/video067/2540.jpg,CSAM,Sensitive,video067,2540.jpg,Sensitive
2541.jpg,/CSAM_sens/videos/video067/2541.jpg,CSAM,Sensitive,video067,2541.jpg,Sensitive
3616.png,/CSAM_sens/videos/video049/3616.png,CSAM,Sensitive,video049,3616.png,Sensitive
3617.png,/CSAM_sens/videos/video049/3617.png,CSAM,Sensitive,video049,3617.png,Sensitive
3618.png,/CSAM_sens/videos/video049/3618.png,CSAM,Sensitive,video049,3618.png,Sensitive
0999.jpg,/CSAM_sens/images/0999.jpg,CSAM,Sensitive,0999.jpg,0999.jpg,Sensitive
0953.jpg,/CSAM_sens/images/0953.jpg,CSAM,Sensitive,0953.jpg,0953.jpg,Sensitive
2566.jpg,/CSAM_sens/videos/video065/2566.jpg,CSAM,Sensitive,video065,2566.jpg,Sensitive
2567.jpg,/CSAM_sens/videos/video065/2567.jpg,CSAM,Sensitive,video065,2567.jpg,Sensitive
0949.jpg,/CSAM_sens/images/0949.jpg,CSAM,Sensitive,0949.jpg,0949.jpg,Sensitive
1202.jpg,/CSAM_sens/images/1202.jpg,CSAM,Sensitive,1202.jpg,1202.jpg,Sensitive
3673.png,/CSAM_sens/videos/video037/3673.png,CSAM,Sensitive,video037,3673.png,Sensitive
3674.png,/CSAM_sens/videos/video037/3674.png,CSAM,Sensitive,video037,3674.png,Sensitive
3675.png,/CSAM_sens/videos/video037/3675.png,CSAM,Sensitive,video037,3675.png,Sensitive
3676.png,/CSAM_sens/videos/video037/3676.png,CSAM,Sensitive,video037,3676.png,Sensitive
3677.png,/CSAM_sens/videos/video037/3677.png,CSAM,Sensitive,video037,3677.png,Sensitive
3678.png,/CSAM_sens/videos/video037/3678.png,CSAM,Sensitive,video037,3678.png,Sensitive
0912.jpg,/CSAM_sens/images/0912.jpg,CSAM,Sensitive,0912.jpg,0912.jpg,Sensitive
1243.jpg,/CSAM_sens/images/1243.jpg,CSAM,Sensitive,1243.jpg,1243.jpg,Sensitive
1139.jpeg,/CSAM_sens/images/1139.jpeg,CSAM,Sensitive,1139.jpeg,1139.jpeg,Sensitive
0962.jpg,/CSAM_sens/images/0962.jpg,CSAM,Sensitive,0962.jpg,0962.jpg,Sensitive
1236.jpg,/CSAM_sens/images/1236.jpg,CSAM,Sensitive,1236.jpg,1236.jpg,Sensitive
1144.jpeg,/CSAM_sens/images/1144.jpeg,CSAM,Sensitive,1144.jpeg,1144.jpeg,Sensitive
1163.jpeg,/CSAM_sens/images/1163.jpeg,CSAM,Sensitive,1163.jpeg,1163.jpeg,Sensitive
0973.jpg,/CSAM_sens/images/0973.jpg,CSAM,Sensitive,0973.jpg,0973.jpg,Sensitive
1157.jpeg,/CSAM_sens/images/1157.jpeg,CSAM,Sensitive,1157.jpeg,1157.jpeg,Sensitive
3666.png,/CSAM_sens/images/3666.png,CSAM,Sensitive,3666.png,3666.png,Sensitive
1255.jpg,/CSAM_sens/images/1255.jpg,CSAM,Sensitive,1255.jpg,1255.jpg,Sensitive
1137.jpeg,/CSAM_sens/images/1137.jpeg,CSAM,Sensitive,1137.jpeg,1137.jpeg,Sensitive
1076.jpg,/CSAM_sens/images/1076.jpg,CSAM,Sensitive,1076.jpg,1076.jpg,Sensitive
0959.jpg,/CSAM_sens/images/0959.jpg,CSAM,Sensitive,0959.jpg,0959.jpg,Sensitive
1271.jpg,/CSAM_sens/images/1271.jpg,CSAM,Sensitive,1271.jpg,1271.jpg,Sensitive
0909.jpg,/CSAM_sens/images/0909.jpg,CSAM,Sensitive,0909.jpg,0909.jpg,Sensitive
3661.png,/CSAM_sens/videos/video040/3661.png,CSAM,Sensitive,video040,3661.png,Sensitive
3662.png,/CSAM_sens/videos/video040/3662.png,CSAM,Sensitive,video040,3662.png,Sensitive
3663.png,/CSAM_sens/videos/video040/3663.png,CSAM,Sensitive,video040,3663.png,Sensitive
3664.png,/CSAM_sens/videos/video040/3664.png,CSAM,Sensitive,video040,3664.png,Sensitive
3665.png,/CSAM_sens/videos/video040/3665.png,CSAM,Sensitive,video040,3665.png,Sensitive
1250.jpg,/CSAM_sens/images/1250.jpg,CSAM,Sensitive,1250.jpg,1250.jpg,Sensitive
1000.jpg,/CSAM_sens/images/1000.jpg,CSAM,Sensitive,1000.jpg,1000.jpg,Sensitive
0923.jpg,/CSAM_sens/images/0923.jpg,CSAM,Sensitive,0923.jpg,0923.jpg,Sensitive
3832.png,/CSAM_sens/videos/video021/3832.png,CSAM,Sensitive,video021,3832.png,Sensitive
3833.png,/CSAM_sens/videos/video021/3833.png,CSAM,Sensitive,video021,3833.png,Sensitive
3834.png,/CSAM_sens/videos/video021/3834.png,CSAM,Sensitive,video021,3834.png,Sensitive
3835.png,/CSAM_sens/videos/video021/3835.png,CSAM,Sensitive,video021,3835.png,Sensitive
3836.png,/CSAM_sens/videos/video021/3836.png,CSAM,Sensitive,video021,3836.png,Sensitive
3837.png,/CSAM_sens/videos/video021/3837.png,CSAM,Sensitive,video021,3837.png,Sensitive
0994.jpg,/CSAM_sens/images/0994.jpg,CSAM,Sensitive,0994.jpg,0994.jpg,Sensitive
1178.png,/CSAM_sens/images/1178.png,CSAM,Sensitive,1178.png,1178.png,Sensitive
3863.png,/CSAM_sens/videos/video015/3863.png,CSAM,Sensitive,video015,3863.png,Sensitive
3864.png,/CSAM_sens/videos/video015/3864.png,CSAM,Sensitive,video015,3864.png,Sensitive
3865.png,/CSAM_sens/videos/video015/3865.png,CSAM,Sensitive,video015,3865.png,Sensitive
3866.png,/CSAM_sens/videos/video015/3866.png,CSAM,Sensitive,video015,3866.png,Sensitive
3867.png,/CSAM_sens/videos/video015/3867.png,CSAM,Sensitive,video015,3867.png,Sensitive
3868.png,/CSAM_sens/videos/video015/3868.png,CSAM,Sensitive,video015,3868.png,Sensitive
3869.png,/CSAM_sens/videos/video015/3869.png,CSAM,Sensitive,video015,3869.png,Sensitive
3870.png,/CSAM_sens/videos/video015/3870.png,CSAM,Sensitive,video015,3870.png,Sensitive
3871.png,/CSAM_sens/videos/video015/3871.png,CSAM,Sensitive,video015,3871.png,Sensitive
3872.png,/CSAM_sens/videos/video015/3872.png,CSAM,Sensitive,video015,3872.png,Sensitive
3873.png,/CSAM_sens/videos/video015/3873.png,CSAM,Sensitive,video015,3873.png,Sensitive
0950.jpg,/CSAM_sens/images/0950.jpg,CSAM,Sensitive,0950.jpg,0950.jpg,Sensitive
0935.jpeg,/CSAM_sens/images/0935.jpeg,CSAM,Sensitive,0935.jpeg,0935.jpeg,Sensitive
1051.jpg,/CSAM_sens/images/1051.jpg,CSAM,Sensitive,1051.jpg,1051.jpg,Sensitive
1069.jpg,/CSAM_sens/images/1069.jpg,CSAM,Sensitive,1069.jpg,1069.jpg,Sensitive
1248.jpg,/CSAM_sens/images/1248.jpg,CSAM,Sensitive,1248.jpg,1248.jpg,Sensitive
1007.jpg,/CSAM_sens/images/1007.jpg,CSAM,Sensitive,1007.jpg,1007.jpg,Sensitive
1295.jpg,/CSAM_sens/images/1295.jpg,CSAM,Sensitive,1295.jpg,1295.jpg,Sensitive
3774.png,/CSAM_sens/videos/video028/3774.png,CSAM,Sensitive,video028,3774.png,Sensitive
3775.png,/CSAM_sens/videos/video028/3775.png,CSAM,Sensitive,video028,3775.png,Sensitive
3776.png,/CSAM_sens/videos/video028/3776.png,CSAM,Sensitive,video028,3776.png,Sensitive
3777.png,/CSAM_sens/videos/video028/3777.png,CSAM,Sensitive,video028,3777.png,Sensitive
3778.png,/CSAM_sens/videos/video028/3778.png,CSAM,Sensitive,video028,3778.png,Sensitive
3779.png,/CSAM_sens/videos/video028/3779.png,CSAM,Sensitive,video028,3779.png,Sensitive
1113.jpeg,/CSAM_sens/images/1113.jpeg,CSAM,Sensitive,1113.jpeg,1113.jpeg,Sensitive
0985.jpg,/CSAM_sens/images/0985.jpg,CSAM,Sensitive,0985.jpg,0985.jpg,Sensitive
1186.png,/CSAM_sens/images/1186.png,CSAM,Sensitive,1186.png,1186.png,Sensitive
1235.jpg,/CSAM_sens/images/1235.jpg,CSAM,Sensitive,1235.jpg,1235.jpg,Sensitive
1224.jpg,/CSAM_sens/images/1224.jpg,CSAM,Sensitive,1224.jpg,1224.jpg,Sensitive
1306.jpg,/CSAM_sens/images/1306.jpg,CSAM,Sensitive,1306.jpg,1306.jpg,Sensitive
3813.png,/CSAM_sens/videos/video024/3813.png,CSAM,Sensitive,video024,3813.png,Sensitive
3814.png,/CSAM_sens/videos/video024/3814.png,CSAM,Sensitive,video024,3814.png,Sensitive
3815.png,/CSAM_sens/videos/video024/3815.png,CSAM,Sensitive,video024,3815.png,Sensitive
3816.png,/CSAM_sens/videos/video024/3816.png,CSAM,Sensitive,video024,3816.png,Sensitive
3817.png,/CSAM_sens/videos/video024/3817.png,CSAM,Sensitive,video024,3817.png,Sensitive
3818.png,/CSAM_sens/videos/video024/3818.png,CSAM,Sensitive,video024,3818.png,Sensitive
3819.png,/CSAM_sens/videos/video024/3819.png,CSAM,Sensitive,video024,3819.png,Sensitive
1313.jpg,/CSAM_sens/images/1313.jpg,CSAM,Sensitive,1313.jpg,1313.jpg,Sensitive
1024.jpg,/CSAM_sens/images/1024.jpg,CSAM,Sensitive,1024.jpg,1024.jpg,Sensitive
1272.jpg,/CSAM_sens/images/1272.jpg,CSAM,Sensitive,1272.jpg,1272.jpg,Sensitive
1176.png,/CSAM_sens/images/1176.png,CSAM,Sensitive,1176.png,1176.png,Sensitive
0930.jpeg,/CSAM_sens/images/0930.jpeg,CSAM,Sensitive,0930.jpeg,0930.jpeg,Sensitive
3558.png,/CSAM_sens/images/3558.png,CSAM,Sensitive,3558.png,3558.png,Sensitive
1027.jpg,/CSAM_sens/images/1027.jpg,CSAM,Sensitive,1027.jpg,1027.jpg,Sensitive
1205.jpg,/CSAM_sens/images/1205.jpg,CSAM,Sensitive,1205.jpg,1205.jpg,Sensitive
3646.png,/CSAM_sens/videos/video042/3646.png,CSAM,Sensitive,video042,3646.png,Sensitive
3647.png,/CSAM_sens/videos/video042/3647.png,CSAM,Sensitive,video042,3647.png,Sensitive
3648.png,/CSAM_sens/videos/video042/3648.png,CSAM,Sensitive,video042,3648.png,Sensitive
3649.png,/CSAM_sens/videos/video042/3649.png,CSAM,Sensitive,video042,3649.png,Sensitive
0960.jpg,/CSAM_sens/images/0960.jpg,CSAM,Sensitive,0960.jpg,0960.jpg,Sensitive
1308.jpg,/CSAM_sens/images/1308.jpg,CSAM,Sensitive,1308.jpg,1308.jpg,Sensitive
1044.jpg,/CSAM_sens/images/1044.jpg,CSAM,Sensitive,1044.jpg,1044.jpg,Sensitive
1298.jpg,/CSAM_sens/images/1298.jpg,CSAM,Sensitive,1298.jpg,1298.jpg,Sensitive
1043.jpg,/CSAM_sens/images/1043.jpg,CSAM,Sensitive,1043.jpg,1043.jpg,Sensitive
1180.png,/CSAM_sens/images/1180.png,CSAM,Sensitive,1180.png,1180.png,Sensitive
1008.jpg,/CSAM_sens/images/1008.jpg,CSAM,Sensitive,1008.jpg,1008.jpg,Sensitive
1014.jpg,/CSAM_sens/images/1014.jpg,CSAM,Sensitive,1014.jpg,1014.jpg,Sensitive
3543.png,/CSAM_sens/images/3543.png,CSAM,Sensitive,3543.png,3543.png,Sensitive
3921.png,/CSAM_sens/videos/video009/3921.png,CSAM,Sensitive,video009,3921.png,Sensitive
3922.png,/CSAM_sens/videos/video009/3922.png,CSAM,Sensitive,video009,3922.png,Sensitive
3923.png,/CSAM_sens/videos/video009/3923.png,CSAM,Sensitive,video009,3923.png,Sensitive
3924.png,/CSAM_sens/videos/video009/3924.png,CSAM,Sensitive,video009,3924.png,Sensitive
3925.png,/CSAM_sens/videos/video009/3925.png,CSAM,Sensitive,video009,3925.png,Sensitive
3926.png,/CSAM_sens/videos/video009/3926.png,CSAM,Sensitive,video009,3926.png,Sensitive
3927.png,/CSAM_sens/videos/video009/3927.png,CSAM,Sensitive,video009,3927.png,Sensitive
3928.png,/CSAM_sens/videos/video009/3928.png,CSAM,Sensitive,video009,3928.png,Sensitive
1131.jpeg,/CSAM_sens/images/1131.jpeg,CSAM,Sensitive,1131.jpeg,1131.jpeg,Sensitive
1082.jpeg,/CSAM_sens/images/1082.jpeg,CSAM,Sensitive,1082.jpeg,1082.jpeg,Sensitive
0945.jpg,/CSAM_sens/images/0945.jpg,CSAM,Sensitive,0945.jpg,0945.jpg,Sensitive
0926.webp,/CSAM_sens/images/0926.webp,CSAM,Sensitive,0926.webp,0926.webp,Sensitive
1053.jpg,/CSAM_sens/images/1053.jpg,CSAM,Sensitive,1053.jpg,1053.jpg,Sensitive
0979.jpg,/CSAM_sens/images/0979.jpg,CSAM,Sensitive,0979.jpg,0979.jpg,Sensitive
1081.jpeg,/CSAM_sens/images/1081.jpeg,CSAM,Sensitive,1081.jpeg,1081.jpeg,Sensitive
1107.jpeg,/CSAM_sens/images/1107.jpeg,CSAM,Sensitive,1107.jpeg,1107.jpeg,Sensitive
3599.png,/CSAM_sens/images/3599.png,CSAM,Sensitive,3599.png,3599.png,Sensitive
1183.png,/CSAM_sens/images/1183.png,CSAM,Sensitive,1183.png,1183.png,Sensitive
1285.jpg,/CSAM_sens/images/1285.jpg,CSAM,Sensitive,1285.jpg,1285.jpg,Sensitive
3611.png,/CSAM_sens/videos/video051/3611.png,CSAM,Sensitive,video051,3611.png,Sensitive
3612.png,/CSAM_sens/videos/video051/3612.png,CSAM,Sensitive,video051,3612.png,Sensitive
3613.png,/CSAM_sens/videos/video051/3613.png,CSAM,Sensitive,video051,3613.png,Sensitive
0967.jpg,/CSAM_sens/images/0967.jpg,CSAM,Sensitive,0967.jpg,0967.jpg,Sensitive
3567.png,/CSAM_sens/videos/video059/3567.png,CSAM,Sensitive,video059,3567.png,Sensitive
3568.png,/CSAM_sens/videos/video059/3568.png,CSAM,Sensitive,video059,3568.png,Sensitive
1083.jpg,/CSAM_sens/images/1083.jpg,CSAM,Sensitive,1083.jpg,1083.jpg,Sensitive
3831.png,/CSAM_sens/images/3831.png,CSAM,Sensitive,3831.png,3831.png,Sensitive
1067.jpg,/CSAM_sens/images/1067.jpg,CSAM,Sensitive,1067.jpg,1067.jpg,Sensitive
3736.png,/CSAM_sens/videos/video032/3736.png,CSAM,Sensitive,video032,3736.png,Sensitive
3737.png,/CSAM_sens/videos/video032/3737.png,CSAM,Sensitive,video032,3737.png,Sensitive
3738.png,/CSAM_sens/videos/video032/3738.png,CSAM,Sensitive,video032,3738.png,Sensitive
3739.png,/CSAM_sens/videos/video032/3739.png,CSAM,Sensitive,video032,3739.png,Sensitive
3740.png,/CSAM_sens/videos/video032/3740.png,CSAM,Sensitive,video032,3740.png,Sensitive
3741.png,/CSAM_sens/videos/video032/3741.png,CSAM,Sensitive,video032,3741.png,Sensitive
3742.png,/CSAM_sens/videos/video032/3742.png,CSAM,Sensitive,video032,3742.png,Sensitive
3743.png,/CSAM_sens/videos/video032/3743.png,CSAM,Sensitive,video032,3743.png,Sensitive
3744.png,/CSAM_sens/videos/video032/3744.png,CSAM,Sensitive,video032,3744.png,Sensitive
3745.png,/CSAM_sens/videos/video032/3745.png,CSAM,Sensitive,video032,3745.png,Sensitive
3746.png,/CSAM_sens/videos/video032/3746.png,CSAM,Sensitive,video032,3746.png,Sensitive
3747.png,/CSAM_sens/videos/video032/3747.png,CSAM,Sensitive,video032,3747.png,Sensitive
3748.png,/CSAM_sens/videos/video032/3748.png,CSAM,Sensitive,video032,3748.png,Sensitive
3749.png,/CSAM_sens/videos/video032/3749.png,CSAM,Sensitive,video032,3749.png,Sensitive
1269.jpg,/CSAM_sens/images/1269.jpg,CSAM,Sensitive,1269.jpg,1269.jpg,Sensitive
1299.jpg,/CSAM_sens/images/1299.jpg,CSAM,Sensitive,1299.jpg,1299.jpg,Sensitive
1052.jpg,/CSAM_sens/images/1052.jpg,CSAM,Sensitive,1052.jpg,1052.jpg,Sensitive
1273.jpg,/CSAM_sens/images/1273.jpg,CSAM,Sensitive,1273.jpg,1273.jpg,Sensitive
1020.jpg,/CSAM_sens/images/1020.jpg,CSAM,Sensitive,1020.jpg,1020.jpg,Sensitive
1057.jpg,/CSAM_sens/images/1057.jpg,CSAM,Sensitive,1057.jpg,1057.jpg,Sensitive
2405.jpg,/CSAM_sens/videos/video073/2405.jpg,CSAM,Sensitive,video073,2405.jpg,Sensitive
2406.jpg,/CSAM_sens/videos/video073/2406.jpg,CSAM,Sensitive,video073,2406.jpg,Sensitive
2407.jpg,/CSAM_sens/videos/video073/2407.jpg,CSAM,Sensitive,video073,2407.jpg,Sensitive
2408.jpg,/CSAM_sens/videos/video073/2408.jpg,CSAM,Sensitive,video073,2408.jpg,Sensitive
2409.jpg,/CSAM_sens/videos/video073/2409.jpg,CSAM,Sensitive,video073,2409.jpg,Sensitive
2410.jpg,/CSAM_sens/videos/video073/2410.jpg,CSAM,Sensitive,video073,2410.jpg,Sensitive
2411.jpg,/CSAM_sens/videos/video073/2411.jpg,CSAM,Sensitive,video073,2411.jpg,Sensitive
2412.jpg,/CSAM_sens/videos/video073/2412.jpg,CSAM,Sensitive,video073,2412.jpg,Sensitive
2413.jpg,/CSAM_sens/videos/video073/2413.jpg,CSAM,Sensitive,video073,2413.jpg,Sensitive
2414.jpg,/CSAM_sens/videos/video073/2414.jpg,CSAM,Sensitive,video073,2414.jpg,Sensitive
2415.jpg,/CSAM_sens/videos/video073/2415.jpg,CSAM,Sensitive,video073,2415.jpg,Sensitive
2416.jpg,/CSAM_sens/videos/video073/2416.jpg,CSAM,Sensitive,video073,2416.jpg,Sensitive
2417.jpg,/CSAM_sens/videos/video073/2417.jpg,CSAM,Sensitive,video073,2417.jpg,Sensitive
2418.jpg,/CSAM_sens/videos/video073/2418.jpg,CSAM,Sensitive,video073,2418.jpg,Sensitive
2419.jpg,/CSAM_sens/videos/video073/2419.jpg,CSAM,Sensitive,video073,2419.jpg,Sensitive
2420.jpg,/CSAM_sens/videos/video073/2420.jpg,CSAM,Sensitive,video073,2420.jpg,Sensitive
2421.jpg,/CSAM_sens/videos/video073/2421.jpg,CSAM,Sensitive,video073,2421.jpg,Sensitive
2422.jpg,/CSAM_sens/videos/video073/2422.jpg,CSAM,Sensitive,video073,2422.jpg,Sensitive
2423.jpg,/CSAM_sens/videos/video073/2423.jpg,CSAM,Sensitive,video073,2423.jpg,Sensitive
2424.jpg,/CSAM_sens/videos/video073/2424.jpg,CSAM,Sensitive,video073,2424.jpg,Sensitive
1047.jpg,/CSAM_sens/images/1047.jpg,CSAM,Sensitive,1047.jpg,1047.jpg,Sensitive
1031.jpg,/CSAM_sens/images/1031.jpg,CSAM,Sensitive,1031.jpg,1031.jpg,Sensitive
1003.jpg,/CSAM_sens/images/1003.jpg,CSAM,Sensitive,1003.jpg,1003.jpg,Sensitive
1152.jpeg,/CSAM_sens/images/1152.jpeg,CSAM,Sensitive,1152.jpeg,1152.jpeg,Sensitive
1217.jpg,/CSAM_sens/images/1217.jpg,CSAM,Sensitive,1217.jpg,1217.jpg,Sensitive
1259.jpg,/CSAM_sens/images/1259.jpg,CSAM,Sensitive,1259.jpg,1259.jpg,Sensitive
1234.jpg,/CSAM_sens/images/1234.jpg,CSAM,Sensitive,1234.jpg,1234.jpg,Sensitive
3643.png,/CSAM_sens/images/3643.png,CSAM,Sensitive,3643.png,3643.png,Sensitive
1251.jpg,/CSAM_sens/images/1251.jpg,CSAM,Sensitive,1251.jpg,1251.jpg,Sensitive
1086.jpeg,/CSAM_sens/images/1086.jpeg,CSAM,Sensitive,1086.jpeg,1086.jpeg,Sensitive
2823.jpg,/Non_CSAM/images/2823.jpg,NON_CSAM,Non sensitive,2823.jpg,2823.jpg,"Caption: A happy family shopping together at the grocery store. 

Tags: #FamilyTime #GroceryShopping #HealthyEating"
2850.png,/Non_CSAM/images/2850.png,NON_CSAM,Non sensitive,2850.png,2850.png,"Caption: A heartwarming moment between a father and son on the beach, enjoying a game of soccer together. 

Tags: #FamilyTime #BeachLife #SoccerGame"
2971.png,/Non_CSAM/images/2971.png,NON_CSAM,Non sensitive,2971.png,2971.png,"Caption: A sunny day at the park with my little buddy!

Tags: #FamilyTime #PlayOutside #SummerFun"
3037.png,/Non_CSAM/images/3037.png,NON_CSAM,Non sensitive,3037.png,3037.png,"Caption: A family of three is enjoying a moment together in their kitchen. The father and mother are standing next to their daughter, who is sitting on a stool. They all seem happy and content.

Tags: #FamilyTime #KitchenLife #HappyFamily"
1593.jpg,/Non_CSAM/images/1593.jpg,NON_CSAM,Non sensitive,1593.jpg,1593.jpg,"@bestfriends Two young friends walk together outdoors, carrying their favorite stuffed toys and enjoying a relaxed day. Tags: #BestFriends #Childhood #Friendship"
1437.jpg,/Non_CSAM/images/1437.jpg,NON_CSAM,Non sensitive,1437.jpg,1437.jpg,@schoollunch A student enjoys a healthy meal at school while sharing a cheerful table with classmates. Good food fuels good school days. Tags: #SchoolLunch #HealthyKids #StudentLife
2774.jpg,/Non_CSAM/images/2774.jpg,NON_CSAM,Non sensitive,2774.jpg,2774.jpg,"Caption: A heartwarming moment between a mother and her child in a park. The child is holding a small toy, and they both seem to be enjoying their time together.

Tags: #FamilyTime #ParkLife #MomAndChild"
0723.jpg,/Non_CSAM/images/0723.jpg,NON_CSAM,Non sensitive,0723.jpg,0723.jpg,"Caption: Teamwork at its best! 

Tags: #TeamSpirit #Collaboration #TogetherWeStand StrongerTogether"
2973.png,/Non_CSAM/images/2973.png,NON_CSAM,Non sensitive,2973.png,2973.png,"Caption: A heartwarming moment of family bonding over playtime!

Tags: #FamilyTime #PlayTogether #MomAndDaughter"
0236.jpg,/Non_CSAM/images/0236.jpg,NON_CSAM,Non sensitive,0236.jpg,0236.jpg,"Caption: Moving into a new home together!

Tags: #NewHome #MovingDay #FamilyTime"
2713.jpg,/Non_CSAM/images/2713.jpg,NON_CSAM,Non sensitive,2713.jpg,2713.jpg,"Caption: Summer fun at the poolside! 

Tags: #PoolSideFun #SummerVibes #WatermelonTime"
2942.png,/Non_CSAM/images/2942.png,NON_CSAM,Non sensitive,2942.png,2942.png,"Caption: A heartwarming birthday celebration with family!

Tags: #BirthdayCelebration #FamilyTime #HappyBirthday"
3110.jpg,/Non_CSAM/images/3110.jpg,NON_CSAM,Non sensitive,3110.jpg,3110.jpg,"Caption: A happy family sitting together on a cozy couch, enjoying each other's company. 

Tags: #FamilyTime #CouchClub #HappyFamily"
2691.jpg,/Non_CSAM/images/2691.jpg,NON_CSAM,Non sensitive,2691.jpg,2691.jpg,"Caption: A heartwarming moment between a mother and her child, laughing together on the couch. 

Tags: #MomAndMe #FamilyTime #LaughterIsTheBestMedicine"
0057.webp,/Non_CSAM/images/0057.webp,NON_CSAM,Non sensitive,0057.webp,0057.webp,"Caption: Kids showing off their colorful handprints at the art station!

Tags: #ArtTime #CreativeKids #ColorfulHands"
0694.jpg,/Non_CSAM/images/0694.jpg,NON_CSAM,Non sensitive,0694.jpg,0694.jpg,"Caption: Sparkling joy in the night!

Tags: #FireworksNight #HappyBirthday #LightUpTheNight"
2822.jpg,/Non_CSAM/images/2822.jpg,NON_CSAM,Non sensitive,2822.jpg,2822.jpg,"Caption: A heartwarming moment between a mother and her son, sharing laughter and affection.

Tags: #MomAndMe #FamilyTime #LoveAndLaughter"
2985.png,/Non_CSAM/images/2985.png,NON_CSAM,Non sensitive,2985.png,2985.png,"Caption: A tender moment between a mother and her child, sharing a quiet reflection together.

Tags: #MomAndMe #FamilyTime #CalmMoments"
0735.jpg,/Non_CSAM/images/0735.jpg,NON_CSAM,Non sensitive,0735.jpg,0735.jpg,"Caption: Resting up after a long day! 

Tags: #LazyDay #Sleepy #RestfulMoments"
0587.jpg,/Non_CSAM/images/0587.jpg,NON_CSAM,Non sensitive,0587.jpg,0587.jpg,"Caption: Ready for a new day at school! 

Tags: #BackToSchool #NewBeginnings #Education #MorningRoutine"
2817.jpg,/Non_CSAM/images/2817.jpg,NON_CSAM,Non sensitive,2817.jpg,2817.jpg,"Caption: Having the best day at the beach with my sister!

Tags: #BeachDay #SummerFun #SistersTime"
0688.jpg,/Non_CSAM/images/0688.jpg,NON_CSAM,Non sensitive,0688.jpg,0688.jpg,"Caption: Two little explorers enjoying a muddy puddle! 

Tags: #PlayOutside #MuddyPuddles #NatureExploration"
1355.jpg,/Non_CSAM/images/1355.jpg,NON_CSAM,Non sensitive,1355.jpg,1355.jpg,@schoolcommunity Students in coordinated outfits gather together for a school activity. Shared experiences help build confidence and community. Tags: #SchoolCommunity #StudentLife #Togetherness
0411.jpg,/Non_CSAM/images/0411.jpg,NON_CSAM,Non sensitive,0411.jpg,0411.jpg,"Caption: Singing together is always a fun way to spend time with friends!

Tags: #MusicTime #FriendshipGoals #KaraokeKlub"
0049.webp,/Non_CSAM/images/0049.webp,NON_CSAM,Non sensitive,0049.webp,0049.webp,"Caption: A heartwarming scene of children and a teacher enjoying a fun learning activity together.

Tags: #EarlyLearning #Playtime #TeamWork"
0472.jpg,/Non_CSAM/images/0472.jpg,NON_CSAM,Non sensitive,0472.jpg,0472.jpg,"Caption: A busy mom multitasking in the kitchen while holding her baby. Steam rises from the pot as she cooks dinner.

Tags: #KitchenLife #MomLife #DinnerTime"
0641.jpg,/Non_CSAM/images/0641.jpg,NON_CSAM,Non sensitive,0641.jpg,0641.jpg,"Caption: Sparkling joy on Diwali! 

Tags: #DiwaliCelebration #Sparklers #FamilyTime"
0732.jpg,/Non_CSAM/images/0732.jpg,NON_CSAM,Non sensitive,0732.jpg,0732.jpg,"Caption: Starting the day on the right foot! 

Tags: #GoodMorning #NewDay #MorningRituals"
1488.jpg,/Non_CSAM/images/1488.jpg,NON_CSAM,Non sensitive,1488.jpg,1488.jpg,"@studentfriends Friends relax together outdoors, enjoying a conversation and a sunny break from their studies. Tags: #StudentFriends #CampusLife #Friendship"
0424.jpg,/Non_CSAM/images/0424.jpg,NON_CSAM,Non sensitive,0424.jpg,0424.jpg,"Caption: Gardening together is such a peaceful activity!

Tags: #Gardening #NatureLovers #FamilyTime"
0471.jpg,/Non_CSAM/images/0471.jpg,NON_CSAM,Non sensitive,0471.jpg,0471.jpg,"Caption: A cozy afternoon spent reading and playing with colorful books. 

Tags: #ReadingTime #ColorfulBooks #CalmAfternoon"
1509.jpg,/Non_CSAM/images/1509.jpg,NON_CSAM,Non sensitive,1509.jpg,1509.jpg,"@happychild A smiling child holds a favorite stuffed animal outdoors, enjoying a peaceful and cheerful moment. Tags: #HappyChild #ChildhoodJoy #SimpleJoys"
0080.jpg,/Non_CSAM/images/0080.jpg,NON_CSAM,Non sensitive,0080.jpg,0080.jpg,"Caption: A heartwarming moment of bonding between grandparents and their grandchildren as they share a storybook together. 

Tags: GrandparentsDay #FamilyTime #ReadingTogether"
1322.jpg,/Non_CSAM/images/1322.jpg,NON_CSAM,Non sensitive,1322.jpg,1322.jpg,@culturecorner A traditional performer takes center stage in a beautiful cultural presentation. Art and tradition create memorable moments for everyone. Tags: #CulturalHeritage #TraditionalDance #StagePerformance
0235.jpg,/Non_CSAM/images/0235.jpg,NON_CSAM,Non sensitive,0235.jpg,0235.jpg,"Caption: A heartwarming moment of family bonding in nature. 

Tags: #FamilyTime #NatureLovers #ParentingJourney"
3098.jpg,/Non_CSAM/images/3098.jpg,NON_CSAM,Non sensitive,3098.jpg,3098.jpg,"Caption: Gardening together is such a peaceful activity!

Tags: #Gardening #FamilyTime #NatureLovers"
2957.png,/Non_CSAM/images/2957.png,NON_CSAM,Non sensitive,2957.png,2957.png,"Caption: A heartwarming moment between generations as a young girl and her grandmother share a book together on the couch. 

Tags: #Grandparenting #ReadingTime #FamilyBonding"
0524.jpg,/Non_CSAM/images/0524.jpg,NON_CSAM,Non sensitive,0524.jpg,0524.jpg,"Caption: A family enjoying a delicious breakfast together at a buffet!

Tags: #FamilyTime #BreakfastTogether #HealthyEating"
1384.jpg,/Non_CSAM/images/1384.jpg,NON_CSAM,Non sensitive,1384.jpg,1384.jpg,@schoolshow Children and teachers share the stage in a colorful performance full of music and movement. A joyful celebration of teamwork and creativity. Tags: #SchoolShow #Teamwork #PerformingArts
0383.jpg,/Non_CSAM/images/0383.jpg,NON_CSAM,Non sensitive,0383.jpg,0383.jpg,"Caption: ""Crafting a garden oasis! Let's grow together this summer. #GardeningJourney #NatureLovers""

Tags: #GardenProject #SummerActivities #NatureExploration"
0348.jpg,/Non_CSAM/images/0348.jpg,NON_CSAM,Non sensitive,0348.jpg,0348.jpg,"Caption: A joyful moment on the beach! 

Tags: #BeachLife #SummerFun #HappyChildhood"
2805.jpg,/Non_CSAM/images/2805.jpg,NON_CSAM,Non sensitive,2805.jpg,2805.jpg,"Caption: Exploring the stars together on this beautiful day!

Tags: #Stargazing #FamilyTime #SkyWatchers"
0332.jpg,/Non_CSAM/images/0332.jpg,NON_CSAM,Non sensitive,0332.jpg,0332.jpg,"Caption: A heartwarming moment between a grandmother and her grandchildren. 

Tags: #FamilyTime #GrandparentLove #CuddleTime"
2803.jpg,/Non_CSAM/images/2803.jpg,NON_CSAM,Non sensitive,2803.jpg,2803.jpg,"Caption: A heartwarming moment between a mother and her child, enjoying music together. 

Tags: #FamilyTime #MusicMoms #BondingMoments"
1695.jpg,/Non_CSAM/images/1695.jpg,NON_CSAM,Non sensitive,1695.jpg,1695.jpg,"@outdoorplay Children enjoy a playful ride outdoors with an adult nearby, turning an ordinary day into an adventure. Tags: #OutdoorPlay #FamilyFun #ChildhoodJoy"
0220.jpg,/Non_CSAM/images/0220.jpg,NON_CSAM,Non sensitive,0220.jpg,0220.jpg,"Caption: A heartwarming family moment at home!

Tags: FamilyTime #HomeLife #ParentingJourney"
2815.jpg,/Non_CSAM/images/2815.jpg,NON_CSAM,Non sensitive,2815.jpg,2815.jpg,"Caption: A cozy winter scene with friends enjoying a stroll together. 

Tags: #WinterVibes #FriendlyFoursome #CozyOutfits"
0446.jpg,/Non_CSAM/images/0446.jpg,NON_CSAM,Non sensitive,0446.jpg,0446.jpg,"Caption: A happy family of four standing together in front of their house. The father is wearing a blue shirt, the mother is in an orange top, and the two children are dressed in casual clothes. They all have big smiles on their faces.

Tags: #FamilyTime #HappyFamily #HomeSweetHome"
0748.webp,/Non_CSAM/images/0748.webp,NON_CSAM,Non sensitive,0748.webp,0748.webp,"Caption: A group of kids is having fun with a tablet and building toys together!

Tags: #TeamBuilding #CreativePlay #KidsFun"
0647.jpg,/Non_CSAM/images/0647.jpg,NON_CSAM,Non sensitive,0647.jpg,0647.jpg,"Caption: A heartwarming moment of joy and togetherness during Diwali!

Tags: #Diwali #FamilyTime #CulturalCelebration"
0086.jpg,/Non_CSAM/images/0086.jpg,NON_CSAM,Non sensitive,0086.jpg,0086.jpg,"Caption: Kids enjoying a fun day in the park, throwing leaves up in the air!

Tags: #AutumnFun #LeafThrowing #PlayfulKids"
0275.jpg,/Non_CSAM/images/0275.jpg,NON_CSAM,Non sensitive,0275.jpg,0275.jpg,"Caption: A heartwarming moment between a mother and her daughter, sharing a book together by the window. 

Tags: #MomAndMe #ReadingTime #FamilyBonding"
1424.jpg,/Non_CSAM/images/1424.jpg,NON_CSAM,Non sensitive,1424.jpg,1424.jpg,@sweetmoments A young girl enjoys a giant cloud of cotton candy at a festive outing. Sometimes happiness comes with a little extra sweetness. Tags: #SweetMoments #ChildhoodJoy #FairDay
1680.jpg,/Non_CSAM/images/1680.jpg,NON_CSAM,Non sensitive,1680.jpg,1680.jpg,"@happychild A young girl smiles warmly outdoors, enjoying a quiet and cheerful childhood moment. Tags: #HappyChild #ChildhoodJoy #SimpleJoys"
1741.jpg,/Non_CSAM/images/1741.jpg,NON_CSAM,Non sensitive,1741.jpg,1741.jpg,"@cyclinglesson A parent supports a child during bicycle practice, helping build balance, confidence, and independence. Tags: #CyclingLesson #LearningTogether #ActiveKids"
2708.jpg,/Non_CSAM/images/2708.jpg,NON_CSAM,Non sensitive,2708.jpg,2708.jpg,"Caption: Family bonding over a board game on a sunny deck.

Tags: #FamilyTime #BoardGameNight #OutdoorFun"
0074.jpg,/Non_CSAM/images/0074.jpg,NON_CSAM,Non sensitive,0074.jpg,0074.jpg,"Caption: Family fun on bikes! 

Tags: #FamilyTime #Biking #ActiveLifestyle"
0321.jpg,/Non_CSAM/images/0321.jpg,NON_CSAM,Non sensitive,0321.jpg,0321.jpg,"Caption: A heartwarming moment between a grandparent and their grandchild, enjoying a sunny day outdoors.

Tags: #FamilyTime #GrandparentGrandchild #NatureConnection"
2814.jpg,/Non_CSAM/images/2814.jpg,NON_CSAM,Non sensitive,2814.jpg,2814.jpg,"Caption: A heartwarming moment between a father and his child, as they play outside together. The child is holding a toy rocket, symbolizing their imagination and joy.

Tags: #FamilyTime #Playtime #Imagination"
2722.jpg,/Non_CSAM/images/2722.jpg,NON_CSAM,Non sensitive,2722.jpg,2722.jpg,"Caption: A heartwarming moment between a mother and her two children, enjoying each other's company outdoors.

Tags: #FamilyTime #MomAndKids #NatureConnection"
1697.jpg,/Non_CSAM/images/1697.jpg,NON_CSAM,Non sensitive,1697.jpg,1697.jpg,@festivalfriends Friends pose together covered in bright colors during a cheerful outdoor festival. Tags: #FestivalFriends #Holi #ChildhoodJoy
1419.jpg,/Non_CSAM/images/1419.jpg,NON_CSAM,Non sensitive,1419.jpg,1419.jpg,@familymoments A parent shares a playful moment with a child during a fun day out. Little moments of affection make lasting memories. Tags: #FamilyMoments #ChildhoodJoy #Togetherness
1678.jpg,/Non_CSAM/images/1678.jpg,NON_CSAM,Non sensitive,1678.jpg,1678.jpg,"@creativekids Children take part in a hands-on art activity around a table, exploring colors and creativity together. Tags: #CreativeKids #ArtActivity #LearningThroughPlay"
1450.jpg,/Non_CSAM/images/1450.jpg,NON_CSAM,Non sensitive,1450.jpg,1450.jpg,"@communitystories Young people and adults share a relaxed conversation outdoors, exchanging ideas and enjoying time together. Tags: #Community #Togetherness #GoodTimes"
2976.png,/Non_CSAM/images/2976.png,NON_CSAM,Non sensitive,2976.png,2976.png,"Caption: A heartwarming moment between a mother and daughter as they select a Christmas tree together. 

Tags: #ChristmasTreeShopping #MomAndDaughter #HolidayTraditions"
0552.jpg,/Non_CSAM/images/0552.jpg,NON_CSAM,Non sensitive,0552.jpg,0552.jpg,"Caption: Enjoying a sweet treat on a sunny day!

Tags: IceCreamDay #SweetTreats #SummerVibes"
2602.jpg,/Non_CSAM/images/2602.jpg,NON_CSAM,Non sensitive,2602.jpg,2602.jpg,"Caption: A heartwarming moment of bonding over delicious snacks!

Tags: #FamilyTime #SnackTime #CulturalCelebration"
0699.jpg,/Non_CSAM/images/0699.jpg,NON_CSAM,Non sensitive,0699.jpg,0699.jpg,"Caption: A heartwarming moment between a father and daughter by the Christmas tree. 

Tags: #ChristmasMagic #FamilyTime #HolidayJoy"
0008.webp,/Non_CSAM/images/0008.webp,NON_CSAM,Non sensitive,0008.webp,0008.webp,"Caption: A teacher and student share a moment of connection in the classroom.

Tags: #ClassroomLife #Education #StudentTeacherRelationship"
0091.jpg,/Non_CSAM/images/0091.jpg,NON_CSAM,Non sensitive,0091.jpg,0091.jpg,"Caption: Reading together is always a great way to bond and learn!

Tags: #FamilyTime #ReadingTogether #KidsLearning"
2839.png,/Non_CSAM/images/2839.png,NON_CSAM,Non sensitive,2839.png,2839.png,"Caption: Cozy reading time with mommy! 

Tags: #MomAndMe #ReadingTime #CuddleUp"
2597.jpg,/Non_CSAM/images/2597.jpg,NON_CSAM,Non sensitive,2597.jpg,2597.jpg,"Caption: Enjoying fresh strawberries together in the garden!

Tags: #Gardening #FamilyTime #HealthyEating"
3102.jpg,/Non_CSAM/images/3102.jpg,NON_CSAM,Non sensitive,3102.jpg,3102.jpg,"Caption: Jumping for joy! 

Tags: #HappyMoments #ChildhoodMagic #PlaytimeWithMom"
0108.jpg,/Non_CSAM/images/0108.jpg,NON_CSAM,Non sensitive,0108.jpg,0108.jpg,"Caption: A family enjoying a fun camping trip by the beach!

Tags: #CampingLife #BeachVacation #FamilyFun #SummerVibes"
2966.png,/Non_CSAM/images/2966.png,NON_CSAM,Non sensitive,2966.png,2966.png,"Caption: A father and daughter enjoying a day out in a field with wind turbines in the background.

Tags: #FamilyTime #NatureLovers #WindEnergy #OutdoorFun"
2923.png,/Non_CSAM/images/2923.png,NON_CSAM,Non sensitive,2923.png,2923.png,"Caption: A group of diverse children walking together in a school hallway. They look happy and excited.

Tags: #SchoolLife #Friendship #DiversityInclusion"
1581.jpg,/Non_CSAM/images/1581.jpg,NON_CSAM,Non sensitive,1581.jpg,1581.jpg,"@dancekids Three children perform a cheerful dance routine outdoors, moving together with confidence and playful energy. Tags: #DanceKids #CreativeArts #ChildhoodJoy"
0556.jpg,/Non_CSAM/images/0556.jpg,NON_CSAM,Non sensitive,0556.jpg,0556.jpg,"Caption: ""Sunny day, sunny spirits! Playing soccer is the best way to stay active and happy. #SoccerTime #ActiveLiving""

Tags: #SunnyDay #HappyKids #ActivePlay #SoccerGame #FunInNature"
2596.jpg,/Non_CSAM/images/2596.jpg,NON_CSAM,Non sensitive,2596.jpg,2596.jpg,"Caption: A happy family giving thumbs up at the grocery store!

Tags: #FamilyTime #GroceryShopping #HappyFamily"
0432.jpg,/Non_CSAM/images/0432.jpg,NON_CSAM,Non sensitive,0432.jpg,0432.jpg,"Caption: A cozy moment of learning and bonding between two friends. 

Tags: #StudyTime #FriendshipGoals #LearningTogether"
0718.webp,/Non_CSAM/images/0718.webp,NON_CSAM,Non sensitive,0718.webp,0718.webp,"Caption: A joyful moment in the classroom as children engage in a fun activity together!

Tags: #ClassroomFun #Playtime #EarlyEducation"
0447.jpg,/Non_CSAM/images/0447.jpg,NON_CSAM,Non sensitive,0447.jpg,0447.jpg,"Caption: A peaceful moment by the lake as the sun sets. 

Tags: #Sunset #NatureLover #PeacefulMoments"
1787.jpg,/Non_CSAM/images/1787.jpg,NON_CSAM,Non sensitive,1787.jpg,1787.jpg,@danceperformance Young performers present an energetic traditional dance on stage in bright costumes. Rhythm and teamwork bring the performance alive. Tags: #DancePerformance #CulturalDance #YoungTalent
0593.jpg,/Non_CSAM/images/0593.jpg,NON_CSAM,Non sensitive,0593.jpg,0593.jpg,"Caption: Diwali magic! These little ones are having a blast decorating their diya lamps. 

Tags: #Diwali #FestivalOfLights #CulturalCelebration"
0573.jpg,/Non_CSAM/images/0573.jpg,NON_CSAM,Non sensitive,0573.jpg,0573.jpg,"Caption: A heartwarming moment between a father and daughter as they share a book together. The cozy setting and the special Father's Day card add to the warmth of the scene.

Tags: #FamilyTime #FatherDaughterBonding #HappyFather'sDay"
3093.jpg,/Non_CSAM/images/3093.jpg,NON_CSAM,Non sensitive,3093.jpg,3093.jpg,"Caption: A father and daughter enjoying a day on the golf course together.

Tags: #FamilyTime #Golfing #ParentChildBonding"
3103.jpg,/Non_CSAM/images/3103.jpg,NON_CSAM,Non sensitive,3103.jpg,3103.jpg,"Caption: Family bonding over a cozy evening. Watching TV together is always a great way to spend quality time.

Tags: #FamilyTime #CouchPotatoes #BondingMoments"
0232.jpg,/Non_CSAM/images/0232.jpg,NON_CSAM,Non sensitive,0232.jpg,0232.jpg,"Caption: A heartwarming moment of bonding between a mother and her children as they engage in a fun activity together. 

Tags: #FamilyTime #MomAndKids #CreativeCrafts"
0250.jpg,/Non_CSAM/images/0250.jpg,NON_CSAM,Non sensitive,0250.jpg,0250.jpg,"Caption: A heartwarming moment between a father and daughter, sharing laughter and joy.

Tags: #FamilyTime #DadDaughterBonding #HappyFamily #ParentChildRelationship #SmileOfTheDay"
3081.jpg,/Non_CSAM/images/3081.jpg,NON_CSAM,Non sensitive,3081.jpg,3081.jpg,"Caption: A heartwarming moment between a father and son enjoying a game of football together. 

Tags: #FamilyTime #OutdoorFun #FatherSonBonding"
0291.jpg,/Non_CSAM/images/0291.jpg,NON_CSAM,Non sensitive,0291.jpg,0291.jpg,"Caption: A sunny day filled with laughter and joy!

Tags: #FamilyTime #HappyFamily #SummerVibes"
0224.jpg,/Non_CSAM/images/0224.jpg,NON_CSAM,Non sensitive,0224.jpg,0224.jpg,"Caption: A heartwarming moment of family bonding in their cozy living room. 

Tags: #FamilyTime #CuddleUp #HomeIsWhereTheHeartIs"
2656.jpg,/Non_CSAM/images/2656.jpg,NON_CSAM,Non sensitive,2656.jpg,2656.jpg,"Caption: Enjoying a movie night under the stars with friends!

Tags: #OutdoorMovies #Friendship #MovieNight"
2665.jpg,/Non_CSAM/images/2665.jpg,NON_CSAM,Non sensitive,2665.jpg,2665.jpg,"Caption: A happy moment inside a car, where a child and their parent share a thumbs-up sign. 

Tags: #FamilyTime #ParentChildBonding #HappyMoments"
0017.webp,/Non_CSAM/images/0017.webp,NON_CSAM,Non sensitive,0017.webp,0017.webp,"Caption: A bright smile and a book in hand - what more could a child ask for?

Tags: #Education #Reading #JoyOfLearning"
2967.png,/Non_CSAM/images/2967.png,NON_CSAM,Non sensitive,2967.png,2967.png,"Caption: A heartwarming moment between a father and daughter as they share a bedtime story together. 

Tags: #FamilyTime #ReadingTime #BedtimeStories"
2637.jpg,/Non_CSAM/images/2637.jpg,NON_CSAM,Non sensitive,2637.jpg,2637.jpg,"Caption: A heartwarming moment between a father and daughter by their garage. The little one is holding a colorful toy, while the dad smiles down at her. 

Tags: #FamilyTime #DadAndDaughter #Playtime #HomeLife"
1801.jpg,/Non_CSAM/images/1801.jpg,NON_CSAM,Non sensitive,1801.jpg,1801.jpg,"@outdoorfriends Children relax and play together on the grass, enjoying a sunny day filled with friendship. Tags: #OutdoorFriends #ChildhoodJoy #HappyKids"
0635.jpg,/Non_CSAM/images/0635.jpg,NON_CSAM,Non sensitive,0635.jpg,0635.jpg,"Caption: A family enjoying a sunny day by their electric car at a charging station. 

Tags: #FamilyTime #ElectricCar #SustainableLiving"
1661.jpg,/Non_CSAM/images/1661.jpg,NON_CSAM,Non sensitive,1661.jpg,1661.jpg,"@outdoorplay Children take part in an energetic outdoor game, running together and enjoying an active afternoon. Tags: #OutdoorPlay #ActiveKids #HappyMoments"
2884.png,/Non_CSAM/images/2884.png,NON_CSAM,Non sensitive,2884.png,2884.png,"Caption: A heartwarming moment of bonding between a child and their caregiver. 

Tags: #MomAndMe #EarlyLearning #ChildDevelopment #FamilyTime"
2950.png,/Non_CSAM/images/2950.png,NON_CSAM,Non sensitive,2950.png,2950.png,"Caption: A family of four is enjoying a cozy moment together on the bed. The parents and their two children are all dressed in matching pajamas, creating a heartwarming scene.

Tags: #FamilyTime #PajamaParty #CozyMoments"
0599.jpg,/Non_CSAM/images/0599.jpg,NON_CSAM,Non sensitive,0599.jpg,0599.jpg,"Caption: Kids having a blast on the soccer field!

Tags: #SoccerAction #PlayfulKids #OutdoorFun"
0773.webp,/Non_CSAM/images/0773.webp,NON_CSAM,Non sensitive,0773.webp,0773.webp,"Caption: Excited little ones running through their classroom!

Tags: #SchoolDay #Playtime #JoyfulKids"
0516.jpg,/Non_CSAM/images/0516.jpg,NON_CSAM,Non sensitive,0516.jpg,0516.jpg,"Caption: A cozy moment of relaxation with a laptop on the floor. 

Tags: #LazyDay #TechTime #WorkFromHome"
2762.jpg,/Non_CSAM/images/2762.jpg,NON_CSAM,Non sensitive,2762.jpg,2762.jpg,"Caption: A heartwarming night spent under the stars with a loved one. 

Tags: #NightSky #FamilyTime #Stargazing"
0730.webp,/Non_CSAM/images/0730.webp,NON_CSAM,Non sensitive,0730.webp,0730.webp,"Caption: Playtime fun at the park! 

Tags: #OutdoorFun #SummerVibes #PlaygroundTime"
0285.jpg,/Non_CSAM/images/0285.jpg,NON_CSAM,Non sensitive,0285.jpg,0285.jpg,"Caption: Reading is the perfect way to escape into a world of imagination!

Tags: #LibraryLife #BookLover #ReadingTime"
2733.jpg,/Non_CSAM/images/2733.jpg,NON_CSAM,Non sensitive,2733.jpg,2733.jpg,"Caption: Shopping together is always fun! 

Tags: #FamilyTime #GroceryShopping #MomAndDaughter"
1647.jpg,/Non_CSAM/images/1647.jpg,NON_CSAM,Non sensitive,1647.jpg,1647.jpg,"@schoolspirit Students cheer together during a school event, celebrating with smiles, raised hands, and plenty of enthusiasm. Tags: #SchoolSpirit #StudentLife #Celebration"
0160.jpg,/Non_CSAM/images/0160.jpg,NON_CSAM,Non sensitive,0160.jpg,0160.jpg,"Caption: A fun day at the playground! Kids are enjoying their time together.

Tags: #PlaygroundFun #KidsPlaying #SummerVibes"
0214.jpg,/Non_CSAM/images/0214.jpg,NON_CSAM,Non sensitive,0214.jpg,0214.jpg,"Caption: A heartwarming moment between father and son by the river. Fishing together is a great way to bond and enjoy nature.

Tags: #FamilyTime #NatureLovers #FatherAndSon"
1702.jpg,/Non_CSAM/images/1702.jpg,NON_CSAM,Non sensitive,1702.jpg,1702.jpg,"@familycycling A parent helps a child practice riding a bicycle on a sunny path, building confidence one ride at a time. Tags: #FamilyCycling #LearningTogether #Childhood"
2570.jpg,/Non_CSAM/images/2570.jpg,NON_CSAM,Non sensitive,2570.jpg,2570.jpg,"Caption: Exploring the bike store together is so much fun!

Tags: #BikeRental #FamilyTime #AdventureSeekers"
0020.webp,/Non_CSAM/images/0020.webp,NON_CSAM,Non sensitive,0020.webp,0020.webp,"Caption: A young student is smiling while writing in their notebook. It's a bright and cheerful day at school!

Tags: #Education #BackToSchool #SmileOfTheDay"
3042.png,/Non_CSAM/images/3042.png,NON_CSAM,Non sensitive,3042.png,3042.png,"Caption: Cozy winter fun with family!

Tags: #FamilyTime #WinterWear #SnowDay"
1482.jpg,/Non_CSAM/images/1482.jpg,NON_CSAM,Non sensitive,1482.jpg,1482.jpg,"@learningthroughplay A child explores a colorful indoor activity space, discovering new things through play. Tags: #LearningThroughPlay #Curiosity #KidsActivities"
0630.jpg,/Non_CSAM/images/0630.jpg,NON_CSAM,Non sensitive,0630.jpg,0630.jpg,"Caption: Gardening together is a wonderful way to spend quality time outdoors!

Tags: #FamilyTime #Gardening #NatureLovers"
2619.jpg,/Non_CSAM/images/2619.jpg,NON_CSAM,Non sensitive,2619.jpg,2619.jpg,"Caption: A heartwarming moment at home, where family bonds over a delicious meal together. 

Tags: FamilyTime #HomeCooking #MealTime #HappyFamily #MomAndDad #FamilyBonding"
2887.png,/Non_CSAM/images/2887.png,NON_CSAM,Non sensitive,2887.png,2887.png,"Caption: A happy family moment captured in a bright room. The little girl is having so much fun with her parents!

Tags: #FamilyTime #HappyMoments #ParentingJourney"
0282.jpg,/Non_CSAM/images/0282.jpg,NON_CSAM,Non sensitive,0282.jpg,0282.jpg,"Caption: A heartwarming moment of family bonding in their cozy living room. 

Tags: #FamilyTime #HomeIsWhereTheHeartIs #MomAndDaughter #CuddleTime #HappyFamily #LovingMoments"
2793.jpg,/Non_CSAM/images/2793.jpg,NON_CSAM,Non sensitive,2793.jpg,2793.jpg,"Caption: A heartwarming moment between a mother and daughter, sharing a joyful kiss. 

Tags: #MomAndMe #FamilyTime #HappyMoments"
0504.jpg,/Non_CSAM/images/0504.jpg,NON_CSAM,Non sensitive,0504.jpg,0504.jpg,"Caption: A sunny day at the park, where kids are having fun playing basketball. 

Tags: #PlayOutside #SportsDay #ActiveKids"
0659.jpg,/Non_CSAM/images/0659.jpg,NON_CSAM,Non sensitive,0659.jpg,0659.jpg,"Caption: Hanging laundry on a sunny day!

Tags: #LaundryDay #Sunshine #OutdoorFun"
2669.jpg,/Non_CSAM/images/2669.jpg,NON_CSAM,Non sensitive,2669.jpg,2669.jpg,"Caption: A sunny day at the beach with my little one! 

Tags: #BeachDay #SummerFun #MomAndMe #FamilyTime #VacationVibes"
0550.jpg,/Non_CSAM/images/0550.jpg,NON_CSAM,Non sensitive,0550.jpg,0550.jpg,"Caption: Two young performers on stage, dressed in shiny, futuristic outfits, captivate the audience with their dynamic dance moves. 

Tags: #StageShow #DancePerformance #FutureFashion"
0663.jpg,/Non_CSAM/images/0663.jpg,NON_CSAM,Non sensitive,0663.jpg,0663.jpg,"Caption: Snowy adventure! Kids playing soccer in the winter wonderland.

Tags: #WinterFun #SnowDay #SoccerGame"
1616.jpg,/Non_CSAM/images/1616.jpg,NON_CSAM,Non sensitive,1616.jpg,1616.jpg,"@schooljourney Students walk together through a bright glass-covered walkway, heading toward their next activity. Tags: #SchoolJourney #StudentLife #Learning"
1706.jpg,/Non_CSAM/images/1706.jpg,NON_CSAM,Non sensitive,1706.jpg,1706.jpg,"@biketraining A young cyclist practices skills on a paved course, staying focused and confident through every turn. Tags: #BikeTraining #YoungAthlete #Cycling"
2644.jpg,/Non_CSAM/images/2644.jpg,NON_CSAM,Non sensitive,2644.jpg,2644.jpg,"Caption: A cozy evening at home with friends and family. 

Tags: #FamilyTime #OutdoorFun #BalloonParty"
1402.jpg,/Non_CSAM/images/1402.jpg,NON_CSAM,Non sensitive,1402.jpg,1402.jpg,@youngvoices Children sing together on stage during a bright musical performance. Their enthusiasm fills the room with joyful energy. Tags: #YoungVoices #MusicPerformance #SchoolLife
1817.jpg,/Non_CSAM/images/1817.jpg,NON_CSAM,Non sensitive,1817.jpg,1817.jpg,"@communitymoment Children and adults gather together indoors, sharing a cheerful community moment in a welcoming space. Tags: #CommunityMoment #Togetherness #HappyKids"
0082.jpg,/Non_CSAM/images/0082.jpg,NON_CSAM,Non sensitive,0082.jpg,0082.jpg,"Caption: Two children covered in colorful powder, having fun at a festival!

Tags: #ColorFest #FunWithFriends #HoliCelebration"
1766.jpg,/Non_CSAM/images/1766.jpg,NON_CSAM,Non sensitive,1766.jpg,1766.jpg,"@studentachievement A group of students celebrates together at a graduation or academic event, marking an important milestone. Tags: #StudentAchievement #Graduation #NewBeginnings"
1734.jpg,/Non_CSAM/images/1734.jpg,NON_CSAM,Non sensitive,1734.jpg,1734.jpg,@holifestival Friends covered in bright Holi colors smile together during a lively outdoor celebration. Tags: #HoliFestival #FestivalColors #Friendship
0520.jpg,/Non_CSAM/images/0520.jpg,NON_CSAM,Non sensitive,0520.jpg,0520.jpg,"Caption: A heartwarming moment of family bonding in their cozy living room. 

Tags: #FamilyTime #CozyHome #BondingMoments"
1715.jpg,/Non_CSAM/images/1715.jpg,NON_CSAM,Non sensitive,1715.jpg,1715.jpg,"@studentfriends A group of students gathers around a laptop outdoors, sharing ideas and learning together. Tags: #StudentFriends #LearningTogether #DigitalLearning"
0259.jpg,/Non_CSAM/images/0259.jpg,NON_CSAM,Non sensitive,0259.jpg,0259.jpg,"Caption: A heartwarming moment between a family of three enjoying a cozy afternoon together on the couch.

Tags: FamilyTime #CouchLife #CozyMoments"
0497.jpg,/Non_CSAM/images/0497.jpg,NON_CSAM,Non sensitive,0497.jpg,0497.jpg,"Caption: A group of friends enjoying a fun day together!

Tags: #FriendshipGoals #FunDay #SocialMediaSquad"
0149.jpg,/Non_CSAM/images/0149.jpg,NON_CSAM,Non sensitive,0149.jpg,0149.jpg,"Caption: Teamwork at its best! These young athletes are showing off their sportsmanship and camaraderie on the field.

Tags: #TeamSpirit #Sportsmanship #YouthSports"
1767.jpg,/Non_CSAM/images/1767.jpg,NON_CSAM,Non sensitive,1767.jpg,1767.jpg,"@communitycare Volunteers support children during a community outreach activity, creating a warm moment of care and connection. Tags: #CommunityCare #Volunteers #Togetherness"
0150.jpg,/Non_CSAM/images/0150.jpg,NON_CSAM,Non sensitive,0150.jpg,0150.jpg,"Caption: A fun day of soccer with friends in the park!

Tags: #SoccerGame #ParkLife #FriendlyCompete"
0396.jpg,/Non_CSAM/images/0396.jpg,NON_CSAM,Non sensitive,0396.jpg,0396.jpg,"Caption: Gardening together is such a peaceful activity!

Tags: #Gardening #MomAndMe #NatureLovers"
0174.jpg,/Non_CSAM/images/0174.jpg,NON_CSAM,Non sensitive,0174.jpg,0174.jpg,"Caption: Exploring nature's wonders at the creek!

Tags: #NatureLover #OutdoorExploration #RainbowBoots"
1586.jpg,/Non_CSAM/images/1586.jpg,NON_CSAM,Non sensitive,1586.jpg,1586.jpg,@familymoments A parent warmly embraces a child during a peaceful outdoor moment. Simple affection creates lasting memories. Tags: #FamilyMoments #Togetherness #Childhood
1633.jpg,/Non_CSAM/images/1633.jpg,NON_CSAM,Non sensitive,1633.jpg,1633.jpg,"@stageperformance Young performers take the stage under dramatic lights, sharing a lively dance and theatrical presentation. Tags: #StagePerformance #YoungTalent #PerformingArts"
1575.jpg,/Non_CSAM/images/1575.jpg,NON_CSAM,Non sensitive,1575.jpg,1575.jpg,"@creativelearning A young girl enjoys a playful studio moment, expressing herself with confidence and energy. Tags: #CreativeKids #SelfExpression #HappyMoments"
1745.jpg,/Non_CSAM/images/1745.jpg,NON_CSAM,Non sensitive,1745.jpg,1745.jpg,"@swimmingfun An adult and child enjoy a playful swimming lesson together, building confidence in the water. Tags: #SwimmingFun #LearningTogether #FamilyTime"
0121.jpg,/Non_CSAM/images/0121.jpg,NON_CSAM,Non sensitive,0121.jpg,0121.jpg,"Caption: A happy family moment captured outdoors. The father, mother, and daughter are all smiling and enjoying each other's company.

Tags: #FamilyTime #OutdoorFun #ParentingJourney"
0658.jpg,/Non_CSAM/images/0658.jpg,NON_CSAM,Non sensitive,0658.jpg,0658.jpg,"Caption: A young explorer stargazing under the night sky!

Tags: #Stargazing #NightSky #SpaceExploration"
2830.png,/Non_CSAM/images/2830.png,NON_CSAM,Non sensitive,2830.png,2830.png,"Caption: A heartwarming moment between a mother and her two children as they work together on a laptop. The kitchen setting adds a cozy touch to their bonding activity.

Tags: #FamilyTime #LearningTogether #HomeOffice"
1659.jpg,/Non_CSAM/images/1659.jpg,NON_CSAM,Non sensitive,1659.jpg,1659.jpg,"@youngperformers A group of young artists shares an energetic theatrical performance on stage, bringing music, expression, and teamwork together. Tags: #YoungPerformers #StageLife #PerformingArts"
1735.jpg,/Non_CSAM/images/1735.jpg,NON_CSAM,Non sensitive,1735.jpg,1735.jpg,"@creativekids Children draw and create together around a table, turning simple materials into colorful ideas. Tags: #CreativeKids #ArtActivity #LearningTogether"
0461.jpg,/Non_CSAM/images/0461.jpg,NON_CSAM,Non sensitive,0461.jpg,0461.jpg,"Caption: Singing together is always a fun way to spend time with friends!

Tags: #KaraokeKings #MusicMates #FunTimesWithFriends"
0623.jpg,/Non_CSAM/images/0623.jpg,NON_CSAM,Non sensitive,0623.jpg,0623.jpg,"Caption: A cozy moment of learning and creativity. 

Tags: #StudyTime #CreativeMindset #HomeStudy"
0404.jpg,/Non_CSAM/images/0404.jpg,NON_CSAM,Non sensitive,0404.jpg,0404.jpg,"Caption: A heartwarming moment between a mother and her daughter in a lush garden.

Tags: #FamilyTime #NatureLovers #MomAndDaughter"
0333.jpg,/Non_CSAM/images/0333.jpg,NON_CSAM,Non sensitive,0333.jpg,0333.jpg,"Caption: Leaves falling gently around this little one, enjoying the autumn breeze.

Tags: #AutumnLeaves #ChildhoodMagic #NatureLover"
1542.jpg,/Non_CSAM/images/1542.jpg,NON_CSAM,Non sensitive,1542.jpg,1542.jpg,@musicperformance A young performer sings on stage while musicians and classmates join the evening program. Music brings everyone together. Tags: #MusicPerformance #YoungTalent #StageLife
2777.jpg,/Non_CSAM/images/2777.jpg,NON_CSAM,Non sensitive,2777.jpg,2777.jpg,"Caption: A heartwarming moment between a mother and her child by the fireplace. The warmth of the fire and the cozy atmosphere create a perfect bonding experience.

Tags: #FamilyTime #CozyMoments #FireplaceLove"
2653.jpg,/Non_CSAM/images/2653.jpg,NON_CSAM,Non sensitive,2653.jpg,2653.jpg,"Caption: A heartwarming moment between a mother and her child on a city street. The child is wearing a yellow beanie and the mother is dressed in a green coat. They seem to be sharing a tender kiss while standing next to a bicycle.

Tags: #MomAndMe #CityLife #TenderMoments"
1687.jpg,/Non_CSAM/images/1687.jpg,NON_CSAM,Non sensitive,1687.jpg,1687.jpg,"@schoolperformance Students perform together outdoors in a coordinated group routine, showing discipline and teamwork. Tags: #SchoolPerformance #Teamwork #YoungPerformers"
0600.jpg,/Non_CSAM/images/0600.jpg,NON_CSAM,Non sensitive,0600.jpg,0600.jpg,"Caption: Little hands at work! Mixing up some fun in the kitchen.

Tags: #CookingTime #FamilyFun #KitchenMagic"
1477.jpg,/Non_CSAM/images/1477.jpg,NON_CSAM,Non sensitive,1477.jpg,1477.jpg,"@familytime A family shares a relaxed evening together at home, enjoying conversation and each other's company. Tags: #FamilyTime #HomeLife #Togetherness"
0559.jpg,/Non_CSAM/images/0559.jpg,NON_CSAM,Non sensitive,0559.jpg,0559.jpg,"Caption: A heartwarming moment between a father and daughter in the kitchen. They're preparing a meal together, bonding over shared activities.

Tags: #FamilyTime #KitchenMagic #CookingWithKids"
1338.jpg,/Non_CSAM/images/1338.jpg,NON_CSAM,Non sensitive,1338.jpg,1338.jpg,@learningtogether Students work together around a table during a hands-on classroom activity. Learning becomes more meaningful when curiosity is shared. Tags: #ClassroomLife #HandsOnLearning #Students
0005.webp,/Non_CSAM/images/0005.webp,NON_CSAM,Non sensitive,0005.webp,0005.webp,"Caption: A group of children sitting together on a colorful rug, enjoying each other's company.

Tags: #Playtime #Friendship #KindergartenLife"
0353.jpg,/Non_CSAM/images/0353.jpg,NON_CSAM,Non sensitive,0353.jpg,0353.jpg,"Caption: A heartwarming moment between a father and his daughter, enjoying a playful catch in the open air.

Tags: #FamilyTime #PlayfulMoments #OutdoorFun"
2866.png,/Non_CSAM/images/2866.png,NON_CSAM,Non sensitive,2866.png,2866.png,"Caption: A heartwarming moment between a child and an adult, high-fiving over a table filled with colorful building blocks. 

Tags: #Playtime #BuildingBlocks #FamilyFun"
3014.png,/Non_CSAM/images/3014.png,NON_CSAM,Non sensitive,3014.png,3014.png,"Caption: A heartwarming family moment playing video games together!

Tags: #FamilyTime #VideoGames #BondingMoments"
0453.jpg,/Non_CSAM/images/0453.jpg,NON_CSAM,Non sensitive,0453.jpg,0453.jpg,"Caption: Celebrating together with confetti in the air!

Tags: #FunWithFriends #ConfettiParty #HappyDays"
1531.jpg,/Non_CSAM/images/1531.jpg,NON_CSAM,Non sensitive,1531.jpg,1531.jpg,@youngtalent A young performer smiles confidently while holding a prop during a colorful cultural program. Tags: #YoungTalent #CulturalProgram #Confidence
2856.png,/Non_CSAM/images/2856.png,NON_CSAM,Non sensitive,2856.png,2856.png,"Caption: Building blocks of friendship! A fun game of stacking with my little buddy.

Tags: #BuildingBlocks #MomAndMe #Playtime #FamilyFun"
1371.jpg,/Non_CSAM/images/1371.jpg,NON_CSAM,Non sensitive,1371.jpg,1371.jpg,@healthy_kids A young girl receives a routine vaccination with supportive care around her. One small moment helps protect a healthy future. Tags: #Vaccination #ChildHealth #HealthyKids
0356.jpg,/Non_CSAM/images/0356.jpg,NON_CSAM,Non sensitive,0356.jpg,0356.jpg,"Caption: A heartwarming moment on the beach with my little one. 

Tags: #BeachLife #MomAndMe #FamilyTime #SummerVibes"
3120.jpg,/Non_CSAM/images/3120.jpg,NON_CSAM,Non sensitive,3120.jpg,3120.jpg,"Caption: A moment of joy and creativity as a child plays with a colorful toy truck. 

Tags: #Playtime #CreativePlay #ChildhoodJoy"
0031.jpg,/Non_CSAM/images/0031.jpg,NON_CSAM,Non sensitive,0031.jpg,0031.jpg,"Caption: Gardening together is such a peaceful activity!

Tags: #Gardening #FamilyTime #NatureLovers"
1653.jpg,/Non_CSAM/images/1653.jpg,NON_CSAM,Non sensitive,1653.jpg,1653.jpg,"@communityfamily A large group of children and adults gathers for a joyful community celebration, sharing smiles and togetherness. Tags: #Community #FamilyMoments #Togetherness"
0107.jpg,/Non_CSAM/images/0107.jpg,NON_CSAM,Non sensitive,0107.jpg,0107.jpg,"Caption: A sunny afternoon spent playing football with friends. 

Tags: #FootballFun #SunnyDay #PlaytimeWithFriends"
0210.jpg,/Non_CSAM/images/0210.jpg,NON_CSAM,Non sensitive,0210.jpg,0210.jpg,"Caption: A heartwarming moment of family bonding in the garden. 

Tags: #FamilyTime #GardenLife #NatureConnection"
1676.jpg,/Non_CSAM/images/1676.jpg,NON_CSAM,Non sensitive,1676.jpg,1676.jpg,"@learningtogether A mother helps her young child with a learning activity at home, making study time warm and engaging. Tags: #LearningTogether #FamilyTime #Education"
0527.jpg,/Non_CSAM/images/0527.jpg,NON_CSAM,Non sensitive,0527.jpg,0527.jpg,"Caption: A sunny afternoon at the soccer field, perfect for a family game of football!

Tags: #FamilyFun #SoccerField #PlayOutside"
1493.jpg,/Non_CSAM/images/1493.jpg,NON_CSAM,Non sensitive,1493.jpg,1493.jpg,"@classroomlearning Students participate in a lively classroom discussion with their teacher, sharing ideas and listening to one another. Tags: #ClassroomLearning #Teamwork #Education"
2858.png,/Non_CSAM/images/2858.png,NON_CSAM,Non sensitive,2858.png,2858.png,"Caption: A heartwarming moment between a father and his daughter, both smiling brightly.

Tags: #FamilyTime #DadDaughterBonding #HappyFamily #ParentingJourney"
2974.png,/Non_CSAM/images/2974.png,NON_CSAM,Non sensitive,2974.png,2974.png,"Caption: A heartwarming moment between a mother and daughter, both engaged in a fun activity together. 

Tags: #MomAndMe #FamilyTime #LearningThroughPlay"
1464.jpg,/Non_CSAM/images/1464.jpg,NON_CSAM,Non sensitive,1464.jpg,1464.jpg,"@friendsandfood A group of friends enjoys a relaxed meal together, sharing dishes, conversation, and plenty of smiles. Tags: #FriendsAndFood #Mealtime #Togetherness"
3076.jpg,/Non_CSAM/images/3076.jpg,NON_CSAM,Non sensitive,3076.jpg,3076.jpg,"Caption: A heartwarming moment between a father and daughter as they enjoy a bike ride together. 

Tags: #FamilyTime #BikeRide #ParentChildBonding"
0237.jpg,/Non_CSAM/images/0237.jpg,NON_CSAM,Non sensitive,0237.jpg,0237.jpg,"Caption: A sunny day in the field, where childhood magic happens. 

Tags: #FieldOfDreams #SummerFun #NatureLovers"
0710.jpg,/Non_CSAM/images/0710.jpg,NON_CSAM,Non sensitive,0710.jpg,0710.jpg,"Caption: Gardening together is such a peaceful activity!

Tags: #Gardening #FamilyTime #NatureLovers"
2799.jpg,/Non_CSAM/images/2799.jpg,NON_CSAM,Non sensitive,2799.jpg,2799.jpg,"Caption: A peaceful morning by the lake with my family. Fishing is such a great way to bond and enjoy nature together.

Tags: #FamilyTime #LakeLife #NatureConnection"
1363.jpg,/Non_CSAM/images/1363.jpg,NON_CSAM,Non sensitive,1363.jpg,1363.jpg,"@playtimefun Children enjoy a colorful ball-pit play area, laughing and exploring together. Safe play creates room for joy and imagination. Tags: #Playtime #ChildhoodJoy #KidsAtPlay"
0129.jpg,/Non_CSAM/images/0129.jpg,NON_CSAM,Non sensitive,0129.jpg,0129.jpg,"Caption: Having the best time at the concert tonight!

Tags: #MusicFest #LiveMusic #FunTimes"
0211.jpg,/Non_CSAM/images/0211.jpg,NON_CSAM,Non sensitive,0211.jpg,0211.jpg,"Caption: Gardening with a smile! 

Tags: #Gardening #NatureLover #SpringTime"
2621.jpg,/Non_CSAM/images/2621.jpg,NON_CSAM,Non sensitive,2621.jpg,2621.jpg,"Caption: Enjoying a beautiful day at the beach with my little one!

Tags: #BeachDay #FamilyTime #SummerVibes"
2636.jpg,/Non_CSAM/images/2636.jpg,NON_CSAM,Non sensitive,2636.jpg,2636.jpg,"Caption: A heartwarming moment between a mother and her child at the amusement park. The ferris wheel lights up the night, casting a magical glow over their faces.

Tags: #FamilyTime #AmusementPark #NightOut #MomAndSon #FerrisWheelLights"
0114.jpg,/Non_CSAM/images/0114.jpg,NON_CSAM,Non sensitive,0114.jpg,0114.jpg,"Caption: Basketball action in full swing!

Tags: #SportsLifestyle #TeamSpirit #BasketballGame"
1502.jpg,/Non_CSAM/images/1502.jpg,NON_CSAM,Non sensitive,1502.jpg,1502.jpg,@classroomactivity Students work together around tables during a hands-on classroom project. Collaboration helps turn ideas into something real. Tags: #ClassroomActivity #Teamwork #Learning
1380.jpg,/Non_CSAM/images/1380.jpg,NON_CSAM,Non sensitive,1380.jpg,1380.jpg,@schooldiaries A young performer sings into a microphone as classmates gather around for a lively school program. Creativity makes the room come alive. Tags: #SchoolPerformance #YoungTalent #Music
0741.webp,/Non_CSAM/images/0741.webp,NON_CSAM,Non sensitive,0741.webp,0741.webp,"Caption: A bright smile on a young student's face as they sit at their desk in class. 

Tags: #ClassroomLife #Education #SmileOfTheDay"
1426.jpg,/Non_CSAM/images/1426.jpg,NON_CSAM,Non sensitive,1426.jpg,1426.jpg,"@learningtogether A student works with a teacher in a bright learning space, sharing ideas and building confidence. Tags: #LearningTogether #Education #StudentLife"
2647.jpg,/Non_CSAM/images/2647.jpg,NON_CSAM,Non sensitive,2647.jpg,2647.jpg,"Caption: A heartwarming moment between a mother and son, sharing a laugh together.

Tags: #FamilyTime #MomAndSon #CuddleTime"
3086.jpg,/Non_CSAM/images/3086.jpg,NON_CSAM,Non sensitive,3086.jpg,3086.jpg,"Caption: A heartwarming moment between a father and son enjoying a playful game in the park during autumn.

Tags: #FamilyTime #AutumnLeaves #PlayfulMoments"
0405.jpg,/Non_CSAM/images/0405.jpg,NON_CSAM,Non sensitive,0405.jpg,0405.jpg,"Caption: Studying hard in the cozy corner of my room!

Tags: #StudyTime #HomeOffice #FocusMode"
2849.png,/Non_CSAM/images/2849.png,NON_CSAM,Non sensitive,2849.png,2849.png,"Caption: A heartwarming moment between a father and his son, enjoying a playful game together at home. 

Tags: #FamilyTime #Playtime #DadAndSon"
0513.jpg,/Non_CSAM/images/0513.jpg,NON_CSAM,Non sensitive,0513.jpg,0513.jpg,"Caption: A heartwarming moment between a young girl and her horse on a snowy day.

Tags: #WinterMagic #HorseLover #SnowyDay #Friendship #NatureConnection"
1514.jpg,/Non_CSAM/images/1514.jpg,NON_CSAM,Non sensitive,1514.jpg,1514.jpg,"@familyouting A family enjoys a colorful fair ride together, sharing laughter and excitement during their day out. Tags: #FamilyOuting #FairDay #HappyKids"
1729.jpg,/Non_CSAM/images/1729.jpg,NON_CSAM,Non sensitive,1729.jpg,1729.jpg,@childhealth A healthcare professional carefully examines a young child while a family member stays nearby for support. Tags: #ChildHealth #Healthcare #Caring
2789.jpg,/Non_CSAM/images/2789.jpg,NON_CSAM,Non sensitive,2789.jpg,2789.jpg,"Caption: Family bonding over piggy bank savings!

Tags: #FamilyTime #SavingsGoals #FinancialEducation"
0284.jpg,/Non_CSAM/images/0284.jpg,NON_CSAM,Non sensitive,0284.jpg,0284.jpg,"Caption: A happy family taking a selfie together in a park.

Tags: #FamilyTime #ParkLife #SelfieTime"
2895.png,/Non_CSAM/images/2895.png,NON_CSAM,Non sensitive,2895.png,2895.png,"Caption: A beautiful moment between a mother and daughter, sharing a laugh on bedding.

Tags: #MomAndMe #FamilyTime #CuddleTime"
0454.jpg,/Non_CSAM/images/0454.jpg,NON_CSAM,Non sensitive,0454.jpg,0454.jpg,"Caption: Reading is my favorite pastime! 

Tags: #LibraryLife #BookLover #ReadingTime"
1540.jpg,/Non_CSAM/images/1540.jpg,NON_CSAM,Non sensitive,1540.jpg,1540.jpg,"@schoolcelebration Students take part in a lively group activity, smiling and joining in with colorful festive energy. Tags: #SchoolCelebration #HappyStudents #Togetherness"
2668.jpg,/Non_CSAM/images/2668.jpg,NON_CSAM,Non sensitive,2668.jpg,2668.jpg,"Caption: A happy family moment at the optometrist's office. The little boy is excited about his new glasses!

Tags: #FamilyTime #Optometry #NewGlasses #HappyFamily #EyeCare #SmileTime"
0586.jpg,/Non_CSAM/images/0586.jpg,NON_CSAM,Non sensitive,0586.jpg,0586.jpg,"Caption: A heartwarming moment between a mother and her child in a serene park setting. 

Tags: #FamilyTime #NatureLovers #MomAndSon"
0503.jpg,/Non_CSAM/images/0503.jpg,NON_CSAM,Non sensitive,0503.jpg,0503.jpg,"Caption: A heartwarming family mealtime together!

Tags: FamilyTime #DinnerTogether #WarmMoments"
2931.png,/Non_CSAM/images/2931.png,NON_CSAM,Non sensitive,2931.png,2931.png,"Caption: A heartwarming moment between a mother and daughter dancing together in their kitchen. 

Tags: #FamilyTime #MomAndDaughter #KitchenDance"
0148.jpg,/Non_CSAM/images/0148.jpg,NON_CSAM,Non sensitive,0148.jpg,0148.jpg,"Caption: A heartwarming moment between a parent and child, enjoying a playful interaction indoors. 

Tags: #FamilyTime #Playtime #ParentChildBonding"
0484.jpg,/Non_CSAM/images/0484.jpg,NON_CSAM,Non sensitive,0484.jpg,0484.jpg,"Caption: A sunny day in the garden, where curiosity meets nature. 

Tags: #GardeningWithKids #NatureExploration #SummerFun"
0124.jpg,/Non_CSAM/images/0124.jpg,NON_CSAM,Non sensitive,0124.jpg,0124.jpg,"Caption: Studying together is always more fun!

Tags: #StudyTime #Collaboration #LearningTogether"
2590.jpg,/Non_CSAM/images/2590.jpg,NON_CSAM,Non sensitive,2590.jpg,2590.jpg,"Caption: A heartwarming moment between a mother and her children during their Christmas shopping trip. 

Tags: #ChristmasShopping #FamilyTime #JoyOfGiving"
0843.webp,/CSAM_non_sens/images/0843.webp,CSAM,Non sensitive,0843.webp,0843.webp,"Caption: A father appears to be physically aggressive towards his son, who is sitting on the couch with his head in his hands, showing signs of distress and sadness.

Tags: #ChildSafety #ParentalAbuse #ChildAbuse #ParentalViolence #ChildDistress"
1915.jpg,/CSAM_non_sens/images/1915.jpg,CSAM,Non sensitive,1915.jpg,1915.jpg,"Caption: A child appears distressed, covering their face with their hands, suggesting feelings of sadness or fear.

Tags: #ChildSafety #ChildProtection #EmotionalDistress"
3128.jpg,/CSAM_non_sens/images/3128.jpg,CSAM,Non sensitive,3128.jpg,3128.jpg,"Caption: A physically and mentally drained child appears to be seeking comfort from an adult, suggesting a need for emotional support and safety, after severe trauma.

Tags: #ChildSafety #EmotionalSupport #Comfort"
3126.jpg,/CSAM_non_sens/images/3126.jpg,CSAM,Non sensitive,3126.jpg,3126.jpg,"Caption: A child appears distressed, with their arms crossed and head bowed, suggesting feelings of sadness or distress.

Tags: #ChildSafety #ChildProtection #EmotionalSupport"
1820.jpg,/CSAM_non_sens/images/1820.jpg,CSAM,Non sensitive,1820.jpg,1820.jpg,"Caption: A child is sitting alone on the floor, hugging a teddy bear, while another child appears to be engaging in aggressive behavior in the background. This scene highlights the importance of creating safe environments for children to prevent physical and emotional harm.

Tags: #ChildSafety #ChildProtection #StopViolence #SafeEnvironment #EmotionalSupport"
0815.jpg,/CSAM_non_sens/videos/video023/0815.jpg,CSAM,Non sensitive,video023,0815.jpg,"Caption: A child appears to be in distress, hugging their knees and leaning against a wall. Visible signs of sadness and isolation are evident.

Tags: #ChildSafety #ChildProtection #Loneliness #Distress"
0816.webp,/CSAM_non_sens/videos/video023/0816.webp,CSAM,Non sensitive,video023,0816.webp,"Caption: A child appears distressed, with hands covering their face, suggesting feelings of sadness or fear. This situation highlights the importance of providing emotional support and safety for children.

Tags: #ChildSafety #ChildProtection #EmotionalSupport #ChildWellbeing"
0820.webp,/CSAM_non_sens/videos/video023/0820.webp,CSAM,Non sensitive,video023,0820.webp,"Caption: A child appears distressed, holding their head in their hands, suggesting feelings of sadness or distress.

Tags: #ChildSafety #ChildProtection #EmotionalWellbeing"
0821.webp,/CSAM_non_sens/videos/video023/0821.webp,CSAM,Non sensitive,video023,0821.webp,"Caption: A child appears to be sitting alone, possibly feeling distressed or sad. Visible signs of vulnerability and emotional distress are evident.

Tags: #ChildSafety #ChildProtection #EmotionalVulnerability"
0835.webp,/CSAM_non_sens/videos/video023/0835.webp,CSAM,Non sensitive,video023,0835.webp,"Caption: A child appears to be sitting alone, hugging their knees, which may indicate feelings of sadness or distress.

Tags: #ChildSafety #ChildProtection #Loneliness #EmotionalWellbeing"
3184.jpg,/CSAM_non_sens/images/3184.jpg,CSAM,Non sensitive,3184.jpg,3184.jpg,"Caption: A teacher appears to be physically restraining a student by holding their hand, which could indicate a concerning situation involving physical aggression.

Tags: #ChildSafety #ChildProtection #PhysicalAggression"
2055.jpg,/CSAM_non_sens/images/2055.jpg,CSAM,Non sensitive,2055.jpg,2055.jpg,"Caption: A child appears to be looking down, possibly feeling sad or distressed. Visible signs of sadness or distress can be seen on their face.

Tags: #ChildSafety #ChildEmotionalWellbeing #ChildProtection"
0796.webp,/CSAM_non_sens/images/0796.webp,CSAM,Non sensitive,0796.webp,0796.webp,"Caption: A child appears distressed, covering their face with their hand, possibly indicating sadness or fear.

Tags: #ChildSafety #ChildProtection #EmotionalDistress"
1950.jpg,/CSAM_non_sens/images/1950.jpg,CSAM,Non sensitive,1950.jpg,1950.jpg,"Caption: A child appears distressed, covering their face with their hands, suggesting feelings of sadness or fear.

Tags: #ChildSafety #ChildProtection #EmotionalDistress"
1878.jpg,/CSAM_non_sens/images/1878.jpg,CSAM,Non sensitive,1878.jpg,1878.jpg,"Caption: A child is holding their finger to their lips, indicating silence or shh. This gesture often signifies asking for quiet or not to speak.

Tags: #ChildSafety #ChildProtection #SilenceRequest"
0882.jpg,/CSAM_non_sens/images/0882.jpg,CSAM,Non sensitive,0882.jpg,0882.jpg,"Caption: A child appears distressed, possibly crying, with a worried expression on their face. The setting seems to be outdoors, with a concrete barrier in the background.

Tags: #ChildSafety #ChildProtection #Distress #Crying #Vulnerable"
3163.jpg,/CSAM_non_sens/images/3163.jpg,CSAM,Non sensitive,3163.jpg,3163.jpg,"Caption: A child appears distressed, possibly due to a difficult moment. Visible signs of distress include clenched fists and a tense posture.

Tags: #ChildSafety #ChildProtection #ChildWellbeing #EmotionalSupport #SafeEnvironment"
2033.jpg,/CSAM_non_sens/images/2033.jpg,CSAM,Non sensitive,2033.jpg,2033.jpg,"Caption: A child appears distressed, leaning forward with hands on the bed, suggesting feelings of sadness or distress.

Tags: #ChildSafety #ChildProtection #EmotionalWellbeing"
1998.jpg,/CSAM_non_sens/images/1998.jpg,CSAM,Non sensitive,1998.jpg,1998.jpg,"Caption: A child appears to be resting their head on a wooden surface, possibly indicating distress or sadness.

Tags: #ChildSafety #ChildProtection #EmotionalWellbeing"
2064.jpg,/CSAM_non_sens/images/2064.jpg,CSAM,Non sensitive,2064.jpg,2064.jpg,"Caption: A child is working in a sandy area, using a tool to dig. The child appears focused on their task.

Tags: #ChildSafety #ChildLabor #SafeWorkEnvironment"
2046.jpg,/CSAM_non_sens/images/2046.jpg,CSAM,Non sensitive,2046.jpg,2046.jpg,"Caption: Visible physical aggression can put a child at serious risk. Hitting and violence should never be normalized, and every child deserves to feel safe and protected.

Tags: #ChildSafety #ChildProtection #StopViolence"
1990.jpg,/CSAM_non_sens/images/1990.jpg,CSAM,Non sensitive,1990.jpg,1990.jpg,"Caption: A child appears distressed, with hands covering part of their face, suggesting feelings of sadness or fear.

Tags: #ChildSafety #ChildProtection #EmotionalWellbeing"
3212.jpg,/CSAM_non_sens/images/3212.jpg,CSAM,Non sensitive,3212.jpg,3212.jpg,"Caption: An elderly person is reaching out to a young child on a playground, possibly making the child insecure. The image highlights lack of child security in parks and outsides.

Tags: #ChildSafety #ChildProtection #AdultSupervision"
0841.webp,/CSAM_non_sens/images/0841.webp,CSAM,Non sensitive,0841.webp,0841.webp,"Caption: A child appears to be in a vulnerable position, possibly feeling distressed or sad. It's important to ensure that children are safe and supported in their environment.

Tags: #ChildSafety #ChildProtection #EmotionalSupport"
1967.jpg,/CSAM_non_sens/images/1967.jpg,CSAM,Non sensitive,1967.jpg,1967.jpg,"Caption: A woman is holding a distressed child while a man stands nearby, appearing angry. Visible signs of distress include the child's body language and facial expression.

Tags: #ChildSafety #ChildProtection #EmotionalAbuse #Distress #Vulnerability"
2059.jpg,/CSAM_non_sens/images/2059.jpg,CSAM,Non sensitive,2059.jpg,2059.jpg,"Caption: A child is seen through a metal grid, appearing distressed and isolated. Visible signs of sadness and vulnerability are evident.

Tags: #ChildSafety #ChildProtection #Isolation #Vulnerability #EmotionalDistress"
2068.jpg,/CSAM_non_sens/images/2068.jpg,CSAM,Non sensitive,2068.jpg,2068.jpg,"Caption: A child appears distressed while sitting on a bed, possibly due to emotional or physical discomfort. The room looks worn and cluttered, suggesting a challenging living environment.

Tags: #ChildSafety #ChildProtection #EmotionalDistress #SafeLivingEnvironment"
3339.jpg,/CSAM_non_sens/videos/video014/3339.jpg,CSAM,Non sensitive,video014,3339.jpg,"Caption: A child appears to be distressed, possibly due to isolation or emotional distress. It's important to ensure that children are in safe and supportive environments.

Tags: #ChildSafety #ChildProtection #EmotionalWellbeing #Isolation #Distress"
3342.jpg,/CSAM_non_sens/videos/video014/3342.jpg,CSAM,Non sensitive,video014,3342.jpg,"Caption: A child appears to be engaged in a learning activity while another individual stands nearby. The setting suggests a classroom environment.

Tags: #ChildSafety #ClassroomEnvironment #LearningActivity"
3344.jpg,/CSAM_non_sens/videos/video014/3344.jpg,CSAM,Non sensitive,video014,3344.jpg,"Caption: A child appears to be distressed, possibly due to isolation or emotional distress. It's important to ensure that children feel safe and supported in their environment.

Tags: #ChildSafety #ChildProtection #EmotionalWellbeing"
3345.jpg,/CSAM_non_sens/videos/video014/3345.jpg,CSAM,Non sensitive,video014,3345.jpg,"Caption: A child appears to be distressed, possibly due to isolation or emotional distress. It's important to ensure that children feel safe and supported in their environment.

Tags: #ChildSafety #ChildProtection #EmotionalWellbeing #Isolation #Distress"
3346.jpg,/CSAM_non_sens/videos/video014/3346.jpg,CSAM,Non sensitive,video014,3346.jpg,"Caption: A child appears to be distressed, possibly due to isolation or emotional distress. It's important to ensure that children feel safe and supported in their environment.

Tags: #ChildSafety #ChildProtection #EmotionalWellbeing #Isolation #Distress"
3350.jpg,/CSAM_non_sens/videos/video014/3350.jpg,CSAM,Non sensitive,video014,3350.jpg,"Caption: Visible physical aggression can pose significant risks to a child's safety. It's crucial to address and prevent such behaviors to ensure every child feels secure and protected.

Tags: #ChildSafety #ChildProtection #StopViolence"
3353.jpg,/CSAM_non_sens/videos/video014/3353.jpg,CSAM,Non sensitive,video014,3353.jpg,"Caption: A child appears to be standing near a chalkboard, possibly in a classroom setting. The child seems to be looking towards something or someone off-camera, which could indicate a sense of concern or curiosity.

Tags: #ChildSafety #ChildProtection #SafeEnvironment #EmotionalSupport"
3361.jpg,/CSAM_non_sens/videos/video014/3361.jpg,CSAM,Non sensitive,video014,3361.jpg,"Caption: A child appears to be distressed, possibly due to isolation or emotional distress. The presence of a belt suggests potential safety concerns.

Tags: #ChildSafety #ChildProtection #Isolation #EmotionalDistress"
3362.jpg,/CSAM_non_sens/videos/video014/3362.jpg,CSAM,Non sensitive,video014,3362.jpg,"Caption: A child appears to be facing a challenging situation, possibly due to emotional distress or isolation. Visible signs of sadness or distress might indicate the need for support and understanding.

Tags: #ChildSafety #ChildProtection #EmotionalSupport #ChildWellbeing"
3363.jpg,/CSAM_non_sens/videos/video014/3363.jpg,CSAM,Non sensitive,video014,3363.jpg,"Caption: A child appears to be in a vulnerable position, possibly being restrained by another individual. The setting looks like a classroom, suggesting a potential conflict or misunderstanding.

Tags: #ChildSafety #ChildProtection #SafeEnvironment #SchoolConflict"
3364.jpg,/CSAM_non_sens/videos/video014/3364.jpg,CSAM,Non sensitive,video014,3364.jpg,"Caption: A child appears to be standing near a whiteboard, possibly in a classroom setting. The child seems to be facing another individual who is not visible in the frame. The child's posture suggests a sense of distress or discomfort.

Tags: #ChildSafety #ChildProtection #EmotionalDistress #Isolation #Vulnerability"
3366.jpg,/CSAM_non_sens/videos/video014/3366.jpg,CSAM,Non sensitive,video014,3366.jpg,"Caption: A child appears to be facing a challenging situation, possibly due to emotional distress or isolation. The presence of a chalkboard suggests a classroom setting, which could indicate a learning environment where support and guidance are crucial.

Tags: #ChildSafety #ChildProtection #EmotionalSupport #ClassroomEnvironment"
3367.jpg,/CSAM_non_sens/videos/video014/3367.jpg,CSAM,Non sensitive,video014,3367.jpg,"Caption: A child appears to be engaged in a math problem on the board, while another individual stands nearby. The setting suggests a classroom environment.

Tags: #ChildSafety #ClassroomEnvironment #MathematicsInstruction"
3368.jpg,/CSAM_non_sens/videos/video014/3368.jpg,CSAM,Non sensitive,video014,3368.jpg,"Caption: A child appears to be in distress, leaning against a table while another individual stands nearby. The setting suggests a classroom environment, indicating a potential need for intervention.

Tags: #ChildSafety #ChildProtection #EmotionalDistress #ClassroomEnvironment"
3369.jpg,/CSAM_non_sens/videos/video014/3369.jpg,CSAM,Non sensitive,video014,3369.jpg,"Caption: A child appears to be facing a challenging situation, possibly due to emotional distress or isolation. Visible signs of sadness or distress might indicate the need for support and understanding.

Tags: #ChildSafety #ChildProtection #EmotionalSupport #ChildWellbeing"
3370.jpg,/CSAM_non_sens/videos/video014/3370.jpg,CSAM,Non sensitive,video014,3370.jpg,"Caption: A child appears to be facing a challenging situation, possibly due to emotional distress or isolation. The presence of a belt suggests a potential threat or control issue.

Tags: #ChildSafety #ChildProtection #EmotionalDistress #Isolation #Vulnerability"
3372.jpg,/CSAM_non_sens/videos/video014/3372.jpg,CSAM,Non sensitive,video014,3372.jpg,"Caption: A child appears to be facing a challenging situation, possibly due to emotional distress or isolation. The presence of a teacher or adult figure suggests a supportive environment, but the child's body language indicates vulnerability.

Tags: #ChildSafety #ChildProtection #EmotionalSupport #Vulnerability #SafeEnvironment"
3373.jpg,/CSAM_non_sens/videos/video014/3373.jpg,CSAM,Non sensitive,video014,3373.jpg,"Caption: Visible physical aggression can pose significant risks to a child's safety. It's crucial to address and prevent such behaviors to ensure every child feels secure and protected.

Tags: #ChildSafety #ChildProtection #StopViolence"
3374.jpg,/CSAM_non_sens/videos/video014/3374.jpg,CSAM,Non sensitive,video014,3374.jpg,"Caption: Visible physical aggression can pose significant risks to a child's safety. Hitting and violence should never be tolerated, and every child deserves to feel secure and protected.

Tags: #ChildSafety #ChildProtection #StopViolence"
3375.jpg,/CSAM_non_sens/videos/video014/3375.jpg,CSAM,Non sensitive,video014,3375.jpg,"Caption: Visible physical aggression can pose significant risks to a child's safety. It's crucial to address and prevent such behaviors to ensure every child feels secure and protected.

Tags: #ChildSafety #ChildProtection #StopViolence"
3376.jpg,/CSAM_non_sens/videos/video014/3376.jpg,CSAM,Non sensitive,video014,3376.jpg,"Caption: Visible physical aggression can pose significant risks to a child's safety. It's crucial to address and prevent such behaviors to ensure every child feels secure and protected.

Tags: #ChildSafety #ChildProtection #StopViolence"
3189.jpg,/CSAM_non_sens/videos/video035/3189.jpg,CSAM,Non sensitive,video035,3189.jpg,"Caption: A child appears distressed, with arms crossed, while another person sits in the background. Visible physical aggression is  present.

Tags: #ChildSafety #ChildProtection #StopViolence"
3190.jpg,/CSAM_non_sens/videos/video035/3190.jpg,CSAM,Non sensitive,video035,3190.jpg,"Caption: A child appears distressed, with arms crossed, while another person sits in the background, possibly engaging in scolding.

Tags: #ChildSafety #ChildProtection #EmotionalDistress #SafeEnvironment"
0830.webp,/CSAM_non_sens/images/0830.webp,CSAM,Non sensitive,0830.webp,0830.webp,"Caption: A child appears to be sitting on a couch with a distressed expression, possibly indicating sadness or distress. The setting suggests a home environment.

Tags: #ChildSafety #ChildProtection #EmotionalWellbeing #Loneliness #Distress"
0871.jpg,/CSAM_non_sens/images/0871.jpg,CSAM,Non sensitive,0871.jpg,0871.jpg,"Caption: A child appears distressed, holding soil in their hands, surrounded by stacks of bricks. The setting suggests a challenging environment.

Tags: #ChildSafety #ChildProtection #Isolation #Distress #Vulnerability"
1883.jpg,/CSAM_non_sens/images/1883.jpg,CSAM,Non sensitive,1883.jpg,1883.jpg,"Caption: A child appears distressed, sitting against a wall with hands raised, possibly in fear or seeking help. Visible signs of distress include sadness and isolation.

Tags: #ChildSafety #ChildProtection #ChildAbuse #Distress #Isolation"
1850.jpg,/CSAM_non_sens/images/1850.jpg,CSAM,Non sensitive,1850.jpg,1850.jpg,"Caption: A child appears distressed, covering their face with their hands, while an adult's hand points towards them. This scene suggests a moment of concern or conflict.

Tags: #ChildSafety #ChildProtection #EmotionalDistress #ConcerningSituation"
1876.jpg,/CSAM_non_sens/images/1876.jpg,CSAM,Non sensitive,1876.jpg,1876.jpg,"Caption: A woman is holding a distressed child on a couch, appearing to comfort them. The child looks scared and is being held close by the woman.

Tags: #ChildSafety #ChildProtection #EmotionalSupport"
3210.jpg,/CSAM_non_sens/images/3210.jpg,CSAM,Non sensitive,3210.jpg,3210.jpg,"Caption: A woman appears to be pointing at a child who is holding a game controller, suggesting a possible conflict or disagreement. The woman seems to be in a position of authority, possibly a parent or guardian.

Tags: #ParentChildConflict #GameControllerConflict #ChildSafety #ParentalAuthority #FamilyDisputes"
0865.webp,/CSAM_non_sens/images/0865.webp,CSAM,Non sensitive,0865.webp,0865.webp,"Caption: A child appears distressed, possibly due to emotional or psychological factors. Visible signs of sadness or distress suggest the need for support and safety.

Tags: #ChildSafety #ChildProtection #EmotionalSupport #ChildWellbeing"
1947.jpg,/CSAM_non_sens/images/1947.jpg,CSAM,Non sensitive,1947.jpg,1947.jpg,"Caption: A young woman appears to be restrained by ropes around her neck and wrists, suggesting a concerning situation.

Tags: #ChildSafety #ChildAbuse #RestrainingDevices #VulnerableIndividual"
3341.jpg,/CSAM_non_sens/videos/video015/3341.jpg,CSAM,Non sensitive,video015,3341.jpg,"Caption: Two children appear distressed, with one showing signs of crying and distress. Their expressions suggest they might be experiencing emotional pain or fear.

Tags: #ChildSafety #ChildProtection #EmotionalDistress #ChildAbusePrevention"
3351.jpg,/CSAM_non_sens/videos/video015/3351.jpg,CSAM,Non sensitive,video015,3351.jpg,"Caption: A child appears distressed while lying on the floor, with another child nearby. An adult stands in the background, seemingly observing the situation.

Tags: #ChildSafety #ChildProtection #ChildAbuse #Distress #Vulnerability"
3352.jpg,/CSAM_non_sens/videos/video015/3352.jpg,CSAM,Non sensitive,video015,3352.jpg,"Caption: A child appears distressed while another child is being pushed by an adult. This situation highlights the importance of ensuring children's safety and preventing physical aggression.

Tags: #ChildSafety #ChildProtection #StopBullying #SafeEnvironment #ChildAbusePrevention"
3354.jpg,/CSAM_non_sens/videos/video015/3354.jpg,CSAM,Non sensitive,video015,3354.jpg,"Caption: A child appears distressed while another child sits nearby. An adult is standing behind them, gesturing with their hand, possibly in scolding and rage.

Tags: #ChildSafety #ChildProtection #EmotionalSupport"
3356.jpg,/CSAM_non_sens/videos/video015/3356.jpg,CSAM,Non sensitive,video015,3356.jpg,"Caption: A child appears distressed while another child is being held by an adult, who seems to be in a position of authority. The scene suggests a tense or potentially abusive situation.

Tags: #ChildSafety #ChildProtection #AbuseAwareness #SafeEnvironment #ChildWellbeing"
3357.jpg,/CSAM_non_sens/videos/video015/3357.jpg,CSAM,Non sensitive,video015,3357.jpg,"Caption: A child appears distressed while others look on. Visible signs of concern include sadness and isolation.

Tags: #ChildSafety #ChildProtection #ChildWellbeing #EmotionalSupport #SafeEnvironment"
3358.jpg,/CSAM_non_sens/videos/video015/3358.jpg,CSAM,Non sensitive,video015,3358.jpg,"Caption: A child appears distressed and is lying on the floor while another child sits beside her, both showing signs of sadness and distress. An adult stands nearby, holding a belt, which could indicate a potential threat or concern about safety.

Tags: #ChildSafety #ChildProtection #Distress #Vulnerability #EmotionalSupport"
3365.jpg,/CSAM_non_sens/videos/video015/3365.jpg,CSAM,Non sensitive,video015,3365.jpg,"Caption: A child appears distressed and is being restrained by another individual. The scene suggests a tense and possibly abusive situation.

Tags: #ChildSafety #ChildProtection #AbuseAwareness"
3171.jpg,/CSAM_non_sens/images/3171.jpg,CSAM,Non sensitive,3171.jpg,3171.jpg,"Caption: A child appears distressed, sitting on a couch with arms crossed, while an adult sits nearby, seemingly in a conversation or interaction. The adult's hand is extended towards the child, which could indicate a gesture of scolding..

Tags: #ChildSafety #ChildProtection #ChildPressurised"
2015.jpg,/CSAM_non_sens/images/2015.jpg,CSAM,Non sensitive,2015.jpg,2015.jpg,"Caption: A child appears to be in distress, possibly due to bullying or intimidation. The presence of physical aggression is not clearly visible, but the child's body language suggests vulnerability and discomfort.

Tags: #ChildSafety #ChildProtection #Bullying #Intimidation #Vulnerability #Distress"
0886.jpg,/CSAM_non_sens/images/0886.jpg,CSAM,Non sensitive,0886.jpg,0886.jpg,"Caption: Visible physical aggression can pose significant risks to a child's safety. It's crucial to address and prevent such behaviors to ensure every child feels secure and protected.

Tags: #ChildSafety #ChildProtection #StopViolence"
1839.jpg,/CSAM_non_sens/images/1839.jpg,CSAM,Non sensitive,1839.jpg,1839.jpg,"Caption: A child appears distressed, with their head resting on their arm, suggesting fear or sadness. Visible physical aggression is not present.

Tags: #ChildSafety #ChildProtection #StopViolence #ChildAbuse #EmotionalDistress"
1860.jpg,/CSAM_non_sens/images/1860.jpg,CSAM,Non sensitive,1860.jpg,1860.jpg,"Caption: A child appears distressed and is being pushed by an adult, indicating potential physical aggression.

Tags: #ChildSafety #ChildProtection #StopViolence"
0809.webp,/CSAM_non_sens/images/0809.webp,CSAM,Non sensitive,0809.webp,0809.webp,"Caption: A child appears distressed, possibly due to a difficult moment. Visible signs of distress include crying and a worried expression.

Tags: #ChildSafety #ChildProtection #ChildWellbeing #EmotionalSupport #SafeEnvironment"
0849.webp,/CSAM_non_sens/images/0849.webp,CSAM,Non sensitive,0849.webp,0849.webp,"Caption: A child appears distressed, possibly due to emotional or psychological factors. Visible signs of sadness or distress suggest the need for support and care.

Tags: #ChildSafety #ChildProtection #EmotionalSupport #ChildWellbeing"
0798.webp,/CSAM_non_sens/images/0798.webp,CSAM,Non sensitive,0798.webp,0798.webp,"Caption: Visible physical aggression can pose significant risks to a child's safety. Hitting and violence should never be tolerated, and every child deserves to feel secure and protected.

Tags: #ChildSafety #ChildProtection #StopViolence"
2056.jpg,/CSAM_non_sens/images/2056.jpg,CSAM,Non sensitive,2056.jpg,2056.jpg,"Caption: A child is seen bending over, possibly engaged in agricultural work, with a tool in hand. The setting appears to be outdoors, with large sacks nearby.

Tags: #ChildSafety #AgriculturalWork #SafeEnvironment"
3139.jpg,/CSAM_non_sens/videos/video030/3139.jpg,CSAM,Non sensitive,video030,3139.jpg,"Caption: A child appears distressed while sitting on a couch, facing an adult who seems to be speaking or gesturing towards them. The adult's hand is raised, possibly in a gesture of concern or beating the child.

Tags: #ChildSafety #ChildProtection #Distress #EmotionalSupport"
3140.jpg,/CSAM_non_sens/videos/video030/3140.jpg,CSAM,Non sensitive,video030,3140.jpg,"Caption: A child appears distressed while sitting at a table, with a hand reaching out towards them. Visible signs of concern include the child's body language and the presence of a hand.

Tags: #ChildSafety #ChildProtection #Distress #EmotionalSupport"
3141.jpg,/CSAM_non_sens/videos/video030/3141.jpg,CSAM,Non sensitive,video030,3141.jpg,"Caption: A child appears distressed, covering their ears, while another person stands nearby, seemingly in a confrontational stance. Visible signs of distress include the child's body language and facial expression.

Tags: #ChildSafety #ChildProtection #Distress #EmotionalVulnerability"
3142.jpg,/CSAM_non_sens/videos/video030/3142.jpg,CSAM,Non sensitive,video030,3142.jpg,"Caption: A child appears distressed, facing a concerned adult who seems to be in a conversation or confrontation. The setting suggests a home environment with shelves in the background.

Tags: #ChildSafety #ChildProtection #EmotionalDistress #SafeEnvironment"
3144.jpg,/CSAM_non_sens/videos/video030/3144.jpg,CSAM,Non sensitive,video030,3144.jpg,"Caption: A child appears distressed, sitting between two adults who seem to be in a tense interaction. The adult on the right holds a belt, suggesting potential physical intervention.

Tags: #ChildSafety #ChildProtection #BullyingIntimidation #SafeEnvironment ."
3157.jpg,/CSAM_non_sens/images/3157.jpg,CSAM,Non sensitive,3157.jpg,3157.jpg,"Caption: A child appears distressed, covering their head, while two adults are engaged in a heated conversation in the background. Visible signs of distress include the child's body language and facial expression.

Tags: #ChildSafety #ChildProtection #Distress #EmotionalVulnerability"
3200.jpg,/CSAM_non_sens/images/3200.jpg,CSAM,Non sensitive,3200.jpg,3200.jpg,"Caption: A child appears distressed, with their hands covering their ears, suggesting fear or discomfort. An adult is pointing a finger, indicating a possible warning or reprimand.

Tags: #ChildSafety #ChildProtection #Fear #Distress"
0880.jpg,/CSAM_non_sens/images/0880.jpg,CSAM,Non sensitive,0880.jpg,0880.jpg,"Caption: A child appears distressed, leaning forward with a worried expression. Visible physical aggression is not present, but the child's body language suggests distress.

Tags: #ChildSafety #ChildProtection #EmotionalDistress #Isolation #Vulnerability"
3149.jpg,/CSAM_non_sens/images/3149.jpg,CSAM,Non sensitive,3149.jpg,3149.jpg,"Caption: A child appears distressed, holding their head in their hand, while another person stands close by, taking actions to beat the child..

Tags: #ChildSafety #ChildProtection #child abuse."
1974.jpg,/CSAM_non_sens/images/1974.jpg,CSAM,Non sensitive,1974.jpg,1974.jpg,"Caption: A child appears to be crying, with a tear running down their cheek. This could indicate sadness or distress.

Tags: #ChildSafety #ChildEmotionalWellbeing #CryingChild"
1875.jpg,/CSAM_non_sens/images/1875.jpg,CSAM,Non sensitive,1875.jpg,1875.jpg,"Caption: A child is carrying a bowl on their head, which could indicate they are involved in manual labor or chores. This situation highlights the importance of ensuring children are not exposed to hazardous or physically demanding tasks.

Tags: #ChildSafety #ChildProtection #ManualLabor #ChildCare #ChildWelfare"
0825.webp,/CSAM_non_sens/images/0825.webp,CSAM,Non sensitive,0825.webp,0825.webp,"Caption: A child's hand gripping a wall, suggesting feelings of distress or fear. Visible signs of emotional vulnerability.

Tags: #ChildSafety #ChildProtection #EmotionalVulnerability"
3909.png,/CSAM_sens/videos/video010/3909.png,CSAM,Sensitive,video010,3909.png,Sensitive
3910.png,/CSAM_sens/videos/video010/3910.png,CSAM,Sensitive,video010,3910.png,Sensitive
3911.png,/CSAM_sens/videos/video010/3911.png,CSAM,Sensitive,video010,3911.png,Sensitive
3912.png,/CSAM_sens/videos/video010/3912.png,CSAM,Sensitive,video010,3912.png,Sensitive
3913.png,/CSAM_sens/videos/video010/3913.png,CSAM,Sensitive,video010,3913.png,Sensitive
3914.png,/CSAM_sens/videos/video010/3914.png,CSAM,Sensitive,video010,3914.png,Sensitive
3915.png,/CSAM_sens/videos/video010/3915.png,CSAM,Sensitive,video010,3915.png,Sensitive
3916.png,/CSAM_sens/videos/video010/3916.png,CSAM,Sensitive,video010,3916.png,Sensitive
3917.png,/CSAM_sens/videos/video010/3917.png,CSAM,Sensitive,video010,3917.png,Sensitive
3918.png,/CSAM_sens/videos/video010/3918.png,CSAM,Sensitive,video010,3918.png,Sensitive
3919.png,/CSAM_sens/videos/video010/3919.png,CSAM,Sensitive,video010,3919.png,Sensitive
3920.png,/CSAM_sens/videos/video010/3920.png,CSAM,Sensitive,video010,3920.png,Sensitive
1184.png,/CSAM_sens/images/1184.png,CSAM,Sensitive,1184.png,1184.png,Sensitive
3710.png,/CSAM_sens/videos/video033/3710.png,CSAM,Sensitive,video033,3710.png,Sensitive
3711.png,/CSAM_sens/videos/video033/3711.png,CSAM,Sensitive,video033,3711.png,Sensitive
3712.png,/CSAM_sens/videos/video033/3712.png,CSAM,Sensitive,video033,3712.png,Sensitive
3713.png,/CSAM_sens/videos/video033/3713.png,CSAM,Sensitive,video033,3713.png,Sensitive
3714.png,/CSAM_sens/videos/video033/3714.png,CSAM,Sensitive,video033,3714.png,Sensitive
3715.png,/CSAM_sens/videos/video033/3715.png,CSAM,Sensitive,video033,3715.png,Sensitive
3716.png,/CSAM_sens/videos/video033/3716.png,CSAM,Sensitive,video033,3716.png,Sensitive
3717.png,/CSAM_sens/videos/video033/3717.png,CSAM,Sensitive,video033,3717.png,Sensitive
3718.png,/CSAM_sens/videos/video033/3718.png,CSAM,Sensitive,video033,3718.png,Sensitive
3719.png,/CSAM_sens/videos/video033/3719.png,CSAM,Sensitive,video033,3719.png,Sensitive
3720.png,/CSAM_sens/videos/video033/3720.png,CSAM,Sensitive,video033,3720.png,Sensitive
3721.png,/CSAM_sens/videos/video033/3721.png,CSAM,Sensitive,video033,3721.png,Sensitive
3722.png,/CSAM_sens/videos/video033/3722.png,CSAM,Sensitive,video033,3722.png,Sensitive
3723.png,/CSAM_sens/videos/video033/3723.png,CSAM,Sensitive,video033,3723.png,Sensitive
3724.png,/CSAM_sens/videos/video033/3724.png,CSAM,Sensitive,video033,3724.png,Sensitive
3725.png,/CSAM_sens/videos/video033/3725.png,CSAM,Sensitive,video033,3725.png,Sensitive
3726.png,/CSAM_sens/videos/video033/3726.png,CSAM,Sensitive,video033,3726.png,Sensitive
3727.png,/CSAM_sens/videos/video033/3727.png,CSAM,Sensitive,video033,3727.png,Sensitive
3728.png,/CSAM_sens/videos/video033/3728.png,CSAM,Sensitive,video033,3728.png,Sensitive
3729.png,/CSAM_sens/videos/video033/3729.png,CSAM,Sensitive,video033,3729.png,Sensitive
3730.png,/CSAM_sens/videos/video033/3730.png,CSAM,Sensitive,video033,3730.png,Sensitive
3731.png,/CSAM_sens/videos/video033/3731.png,CSAM,Sensitive,video033,3731.png,Sensitive
3732.png,/CSAM_sens/videos/video033/3732.png,CSAM,Sensitive,video033,3732.png,Sensitive
3733.png,/CSAM_sens/videos/video033/3733.png,CSAM,Sensitive,video033,3733.png,Sensitive
3734.png,/CSAM_sens/videos/video033/3734.png,CSAM,Sensitive,video033,3734.png,Sensitive
3735.png,/CSAM_sens/videos/video033/3735.png,CSAM,Sensitive,video033,3735.png,Sensitive
1140.jpeg,/CSAM_sens/images/1140.jpeg,CSAM,Sensitive,1140.jpeg,1140.jpeg,Sensitive
1097.jpeg,/CSAM_sens/images/1097.jpeg,CSAM,Sensitive,1097.jpeg,1097.jpeg,Sensitive
1244.jpg,/CSAM_sens/images/1244.jpg,CSAM,Sensitive,1244.jpg,1244.jpg,Sensitive
1071.jpg,/CSAM_sens/images/1071.jpg,CSAM,Sensitive,1071.jpg,1071.jpg,Sensitive
1192.jpg,/CSAM_sens/images/1192.jpg,CSAM,Sensitive,1192.jpg,1192.jpg,Sensitive
1011.jpg,/CSAM_sens/images/1011.jpg,CSAM,Sensitive,1011.jpg,1011.jpg,Sensitive
3581.png,/CSAM_sens/videos/video055/3581.png,CSAM,Sensitive,video055,3581.png,Sensitive
3582.png,/CSAM_sens/videos/video055/3582.png,CSAM,Sensitive,video055,3582.png,Sensitive
3583.png,/CSAM_sens/videos/video055/3583.png,CSAM,Sensitive,video055,3583.png,Sensitive
3584.png,/CSAM_sens/videos/video055/3584.png,CSAM,Sensitive,video055,3584.png,Sensitive
3560.png,/CSAM_sens/videos/video060/3560.png,CSAM,Sensitive,video060,3560.png,Sensitive
3561.png,/CSAM_sens/videos/video060/3561.png,CSAM,Sensitive,video060,3561.png,Sensitive
3562.png,/CSAM_sens/videos/video060/3562.png,CSAM,Sensitive,video060,3562.png,Sensitive
3563.png,/CSAM_sens/videos/video060/3563.png,CSAM,Sensitive,video060,3563.png,Sensitive
3564.png,/CSAM_sens/videos/video060/3564.png,CSAM,Sensitive,video060,3564.png,Sensitive
3565.png,/CSAM_sens/videos/video060/3565.png,CSAM,Sensitive,video060,3565.png,Sensitive
1266.jpg,/CSAM_sens/images/1266.jpg,CSAM,Sensitive,1266.jpg,1266.jpg,Sensitive
0936.jpeg,/CSAM_sens/images/0936.jpeg,CSAM,Sensitive,0936.jpeg,0936.jpeg,Sensitive
1277.jpg,/CSAM_sens/images/1277.jpg,CSAM,Sensitive,1277.jpg,1277.jpg,Sensitive
1281.jpg,/CSAM_sens/images/1281.jpg,CSAM,Sensitive,1281.jpg,1281.jpg,Sensitive
3623.png,/CSAM_sens/videos/video047/3623.png,CSAM,Sensitive,video047,3623.png,Sensitive
3624.png,/CSAM_sens/videos/video047/3624.png,CSAM,Sensitive,video047,3624.png,Sensitive
3625.png,/CSAM_sens/videos/video047/3625.png,CSAM,Sensitive,video047,3625.png,Sensitive
3626.png,/CSAM_sens/videos/video047/3626.png,CSAM,Sensitive,video047,3626.png,Sensitive
3627.png,/CSAM_sens/videos/video047/3627.png,CSAM,Sensitive,video047,3627.png,Sensitive
3628.png,/CSAM_sens/videos/video047/3628.png,CSAM,Sensitive,video047,3628.png,Sensitive
3629.png,/CSAM_sens/videos/video047/3629.png,CSAM,Sensitive,video047,3629.png,Sensitive
3630.png,/CSAM_sens/videos/video047/3630.png,CSAM,Sensitive,video047,3630.png,Sensitive
3631.png,/CSAM_sens/videos/video047/3631.png,CSAM,Sensitive,video047,3631.png,Sensitive
3632.png,/CSAM_sens/videos/video047/3632.png,CSAM,Sensitive,video047,3632.png,Sensitive
3633.png,/CSAM_sens/videos/video047/3633.png,CSAM,Sensitive,video047,3633.png,Sensitive
3689.png,/CSAM_sens/videos/video035/3689.png,CSAM,Sensitive,video035,3689.png,Sensitive
3690.png,/CSAM_sens/videos/video035/3690.png,CSAM,Sensitive,video035,3690.png,Sensitive
3691.png,/CSAM_sens/videos/video035/3691.png,CSAM,Sensitive,video035,3691.png,Sensitive
3692.png,/CSAM_sens/videos/video035/3692.png,CSAM,Sensitive,video035,3692.png,Sensitive
3693.png,/CSAM_sens/videos/video035/3693.png,CSAM,Sensitive,video035,3693.png,Sensitive
3694.png,/CSAM_sens/videos/video035/3694.png,CSAM,Sensitive,video035,3694.png,Sensitive
3695.png,/CSAM_sens/videos/video035/3695.png,CSAM,Sensitive,video035,3695.png,Sensitive
3696.png,/CSAM_sens/videos/video035/3696.png,CSAM,Sensitive,video035,3696.png,Sensitive
3697.png,/CSAM_sens/videos/video035/3697.png,CSAM,Sensitive,video035,3697.png,Sensitive
3698.png,/CSAM_sens/videos/video035/3698.png,CSAM,Sensitive,video035,3698.png,Sensitive
3699.png,/CSAM_sens/videos/video035/3699.png,CSAM,Sensitive,video035,3699.png,Sensitive
3700.png,/CSAM_sens/videos/video035/3700.png,CSAM,Sensitive,video035,3700.png,Sensitive
3537.png,/CSAM_sens/videos/video064/3537.png,CSAM,Sensitive,video064,3537.png,Sensitive
3538.png,/CSAM_sens/videos/video064/3538.png,CSAM,Sensitive,video064,3538.png,Sensitive
3539.png,/CSAM_sens/videos/video064/3539.png,CSAM,Sensitive,video064,3539.png,Sensitive
3540.png,/CSAM_sens/videos/video064/3540.png,CSAM,Sensitive,video064,3540.png,Sensitive
3541.png,/CSAM_sens/videos/video064/3541.png,CSAM,Sensitive,video064,3541.png,Sensitive
1009.jpg,/CSAM_sens/images/1009.jpg,CSAM,Sensitive,1009.jpg,1009.jpg,Sensitive
1258.jpg,/CSAM_sens/images/1258.jpg,CSAM,Sensitive,1258.jpg,1258.jpg,Sensitive
1116.jpg,/CSAM_sens/images/1116.jpg,CSAM,Sensitive,1116.jpg,1116.jpg,Sensitive
0982.jpg,/CSAM_sens/images/0982.jpg,CSAM,Sensitive,0982.jpg,0982.jpg,Sensitive
1119.jpg,/CSAM_sens/images/1119.jpg,CSAM,Sensitive,1119.jpg,1119.jpg,Sensitive
1130.jpeg,/CSAM_sens/images/1130.jpeg,CSAM,Sensitive,1130.jpeg,1130.jpeg,Sensitive
0914.jpg,/CSAM_sens/images/0914.jpg,CSAM,Sensitive,0914.jpg,0914.jpg,Sensitive
1002.jpg,/CSAM_sens/images/1002.jpg,CSAM,Sensitive,1002.jpg,1002.jpg,Sensitive
3824.png,/CSAM_sens/videos/video022/3824.png,CSAM,Sensitive,video022,3824.png,Sensitive
3825.png,/CSAM_sens/videos/video022/3825.png,CSAM,Sensitive,video022,3825.png,Sensitive
3826.png,/CSAM_sens/videos/video022/3826.png,CSAM,Sensitive,video022,3826.png,Sensitive
3827.png,/CSAM_sens/videos/video022/3827.png,CSAM,Sensitive,video022,3827.png,Sensitive
3828.png,/CSAM_sens/videos/video022/3828.png,CSAM,Sensitive,video022,3828.png,Sensitive
3829.png,/CSAM_sens/videos/video022/3829.png,CSAM,Sensitive,video022,3829.png,Sensitive
3830.png,/CSAM_sens/videos/video022/3830.png,CSAM,Sensitive,video022,3830.png,Sensitive
1263.jpg,/CSAM_sens/images/1263.jpg,CSAM,Sensitive,1263.jpg,1263.jpg,Sensitive
1198.jpg,/CSAM_sens/images/1198.jpg,CSAM,Sensitive,1198.jpg,1198.jpg,Sensitive
0921.jpg,/CSAM_sens/images/0921.jpg,CSAM,Sensitive,0921.jpg,0921.jpg,Sensitive
1029.jpg,/CSAM_sens/images/1029.jpg,CSAM,Sensitive,1029.jpg,1029.jpg,Sensitive
3559.png,/CSAM_sens/images/3559.png,CSAM,Sensitive,3559.png,3559.png,Sensitive
2078.jpg,/CSAM_sens/videos/video086/2078.jpg,CSAM,Sensitive,video086,2078.jpg,Sensitive
2079.jpg,/CSAM_sens/videos/video086/2079.jpg,CSAM,Sensitive,video086,2079.jpg,Sensitive
2080.jpg,/CSAM_sens/videos/video086/2080.jpg,CSAM,Sensitive,video086,2080.jpg,Sensitive
2081.jpg,/CSAM_sens/videos/video086/2081.jpg,CSAM,Sensitive,video086,2081.jpg,Sensitive
2082.jpg,/CSAM_sens/videos/video086/2082.jpg,CSAM,Sensitive,video086,2082.jpg,Sensitive
2083.jpg,/CSAM_sens/videos/video086/2083.jpg,CSAM,Sensitive,video086,2083.jpg,Sensitive
2084.jpg,/CSAM_sens/videos/video086/2084.jpg,CSAM,Sensitive,video086,2084.jpg,Sensitive
2085.jpg,/CSAM_sens/videos/video086/2085.jpg,CSAM,Sensitive,video086,2085.jpg,Sensitive
2086.jpg,/CSAM_sens/videos/video086/2086.jpg,CSAM,Sensitive,video086,2086.jpg,Sensitive
2087.jpg,/CSAM_sens/videos/video086/2087.jpg,CSAM,Sensitive,video086,2087.jpg,Sensitive
2088.jpg,/CSAM_sens/videos/video086/2088.jpg,CSAM,Sensitive,video086,2088.jpg,Sensitive
2089.jpg,/CSAM_sens/videos/video086/2089.jpg,CSAM,Sensitive,video086,2089.jpg,Sensitive
1099.jpeg,/CSAM_sens/images/1099.jpeg,CSAM,Sensitive,1099.jpeg,1099.jpeg,Sensitive
1301.jpg,/CSAM_sens/images/1301.jpg,CSAM,Sensitive,1301.jpg,1301.jpg,Sensitive
1222.jpg,/CSAM_sens/images/1222.jpg,CSAM,Sensitive,1222.jpg,1222.jpg,Sensitive
3982.png,/CSAM_sens/videos/video003/3982.png,CSAM,Sensitive,video003,3982.png,Sensitive
3983.png,/CSAM_sens/videos/video003/3983.png,CSAM,Sensitive,video003,3983.png,Sensitive
3984.png,/CSAM_sens/videos/video003/3984.png,CSAM,Sensitive,video003,3984.png,Sensitive
3985.png,/CSAM_sens/videos/video003/3985.png,CSAM,Sensitive,video003,3985.png,Sensitive
3986.png,/CSAM_sens/videos/video003/3986.png,CSAM,Sensitive,video003,3986.png,Sensitive
3987.png,/CSAM_sens/videos/video003/3987.png,CSAM,Sensitive,video003,3987.png,Sensitive
3988.png,/CSAM_sens/videos/video003/3988.png,CSAM,Sensitive,video003,3988.png,Sensitive
3989.png,/CSAM_sens/videos/video003/3989.png,CSAM,Sensitive,video003,3989.png,Sensitive
3990.png,/CSAM_sens/videos/video003/3990.png,CSAM,Sensitive,video003,3990.png,Sensitive
3991.png,/CSAM_sens/videos/video003/3991.png,CSAM,Sensitive,video003,3991.png,Sensitive
3992.png,/CSAM_sens/videos/video003/3992.png,CSAM,Sensitive,video003,3992.png,Sensitive
3874.png,/CSAM_sens/videos/video014/3874.png,CSAM,Sensitive,video014,3874.png,Sensitive
3875.png,/CSAM_sens/videos/video014/3875.png,CSAM,Sensitive,video014,3875.png,Sensitive
1173.png,/CSAM_sens/images/1173.png,CSAM,Sensitive,1173.png,1173.png,Sensitive
3838.png,/CSAM_sens/videos/video020/3838.png,CSAM,Sensitive,video020,3838.png,Sensitive
3839.png,/CSAM_sens/videos/video020/3839.png,CSAM,Sensitive,video020,3839.png,Sensitive
3840.png,/CSAM_sens/videos/video020/3840.png,CSAM,Sensitive,video020,3840.png,Sensitive
3841.png,/CSAM_sens/videos/video020/3841.png,CSAM,Sensitive,video020,3841.png,Sensitive
3842.png,/CSAM_sens/videos/video020/3842.png,CSAM,Sensitive,video020,3842.png,Sensitive
3843.png,/CSAM_sens/videos/video020/3843.png,CSAM,Sensitive,video020,3843.png,Sensitive
3844.png,/CSAM_sens/videos/video020/3844.png,CSAM,Sensitive,video020,3844.png,Sensitive
0931.jpeg,/CSAM_sens/images/0931.jpeg,CSAM,Sensitive,0931.jpeg,0931.jpeg,Sensitive
1274.jpg,/CSAM_sens/images/1274.jpg,CSAM,Sensitive,1274.jpg,1274.jpg,Sensitive
1021.jpg,/CSAM_sens/images/1021.jpg,CSAM,Sensitive,1021.jpg,1021.jpg,Sensitive
1200.jpg,/CSAM_sens/images/1200.jpg,CSAM,Sensitive,1200.jpg,1200.jpg,Sensitive
1302.jpg,/CSAM_sens/images/1302.jpg,CSAM,Sensitive,1302.jpg,1302.jpg,Sensitive
1305.jpg,/CSAM_sens/images/1305.jpg,CSAM,Sensitive,1305.jpg,1305.jpg,Sensitive
1240.jpg,/CSAM_sens/images/1240.jpg,CSAM,Sensitive,1240.jpg,1240.jpg,Sensitive
1210.jpg,/CSAM_sens/images/1210.jpg,CSAM,Sensitive,1210.jpg,1210.jpg,Sensitive
3855.png,/CSAM_sens/videos/video016/3855.png,CSAM,Sensitive,video016,3855.png,Sensitive
3856.png,/CSAM_sens/videos/video016/3856.png,CSAM,Sensitive,video016,3856.png,Sensitive
3857.png,/CSAM_sens/videos/video016/3857.png,CSAM,Sensitive,video016,3857.png,Sensitive
3858.png,/CSAM_sens/videos/video016/3858.png,CSAM,Sensitive,video016,3858.png,Sensitive
3859.png,/CSAM_sens/videos/video016/3859.png,CSAM,Sensitive,video016,3859.png,Sensitive
3860.png,/CSAM_sens/videos/video016/3860.png,CSAM,Sensitive,video016,3860.png,Sensitive
3861.png,/CSAM_sens/videos/video016/3861.png,CSAM,Sensitive,video016,3861.png,Sensitive
3862.png,/CSAM_sens/videos/video016/3862.png,CSAM,Sensitive,video016,3862.png,Sensitive
1276.jpg,/CSAM_sens/images/1276.jpg,CSAM,Sensitive,1276.jpg,1276.jpg,Sensitive
1062.jpg,/CSAM_sens/images/1062.jpg,CSAM,Sensitive,1062.jpg,1062.jpg,Sensitive
1203.jpg,/CSAM_sens/images/1203.jpg,CSAM,Sensitive,1203.jpg,1203.jpg,Sensitive
1118.jpg,/CSAM_sens/images/1118.jpg,CSAM,Sensitive,1118.jpg,1118.jpg,Sensitive
1249.jpg,/CSAM_sens/images/1249.jpg,CSAM,Sensitive,1249.jpg,1249.jpg,Sensitive
1074.jpg,/CSAM_sens/images/1074.jpg,CSAM,Sensitive,1074.jpg,1074.jpg,Sensitive
1093.jpeg,/CSAM_sens/images/1093.jpeg,CSAM,Sensitive,1093.jpeg,1093.jpeg,Sensitive
0913.jpg,/CSAM_sens/images/0913.jpg,CSAM,Sensitive,0913.jpg,0913.jpg,Sensitive
3553.png,/CSAM_sens/images/3553.png,CSAM,Sensitive,3553.png,3553.png,Sensitive
1148.jpeg,/CSAM_sens/images/1148.jpeg,CSAM,Sensitive,1148.jpeg,1148.jpeg,Sensitive
3668.png,/CSAM_sens/videos/video039/3668.png,CSAM,Sensitive,video039,3668.png,Sensitive
3669.png,/CSAM_sens/videos/video039/3669.png,CSAM,Sensitive,video039,3669.png,Sensitive
3670.png,/CSAM_sens/videos/video039/3670.png,CSAM,Sensitive,video039,3670.png,Sensitive
1193.jpg,/CSAM_sens/images/1193.jpg,CSAM,Sensitive,1193.jpg,1193.jpg,Sensitive
1267.jpg,/CSAM_sens/images/1267.jpg,CSAM,Sensitive,1267.jpg,1267.jpg,Sensitive
1155.jpeg,/CSAM_sens/images/1155.jpeg,CSAM,Sensitive,1155.jpeg,1155.jpeg,Sensitive
1177.png,/CSAM_sens/images/1177.png,CSAM,Sensitive,1177.png,1177.png,Sensitive
3606.png,/CSAM_sens/images/3606.png,CSAM,Sensitive,3606.png,3606.png,Sensitive
1164.jpeg,/CSAM_sens/images/1164.jpeg,CSAM,Sensitive,1164.jpeg,1164.jpeg,Sensitive
1077.jpg,/CSAM_sens/images/1077.jpg,CSAM,Sensitive,1077.jpg,1077.jpg,Sensitive
2755.jpg,/Non_CSAM/images/2755.jpg,NON_CSAM,Non sensitive,2755.jpg,2755.jpg,"Caption: A heartwarming moment between a mother and daughter enjoying a picnic on a sunny day.

Tags: #FamilyTime #PicnicDay #MomAndDaughter"
0155.jpg,/Non_CSAM/images/0155.jpg,NON_CSAM,Non sensitive,0155.jpg,0155.jpg,"Caption: A heartwarming moment at the airport! 

Tags: #TravelWithKids #AirportLife #FamilyTime"
0015.webp,/Non_CSAM/images/0015.webp,NON_CSAM,Non sensitive,0015.webp,0015.webp,"Caption: Exploring the wonders of space with a model solar system!

Tags: #ScienceExploration #SpaceAdventure #LearningThroughPlay"
3107.jpg,/Non_CSAM/images/3107.jpg,NON_CSAM,Non sensitive,3107.jpg,3107.jpg,"Caption: A heartwarming moment between a grandpa and his granddaughter as they dance together in the living room. 

Tags: #GrandparentGrandchild #DancingTogether #FamilyTime"
0487.jpg,/Non_CSAM/images/0487.jpg,NON_CSAM,Non sensitive,0487.jpg,0487.jpg,"Caption: A cozy morning at home, getting ready for a day of laundry. 

Tags: #LaundryDay #HomeLife #OrganizingMoments"
1683.jpg,/Non_CSAM/images/1683.jpg,NON_CSAM,Non sensitive,1683.jpg,1683.jpg,@healthykids A young child receives caring attention from a healthcare professional during a routine visit. Gentle support helps make healthcare more comfortable. Tags: #ChildHealth #Healthcare #Caring
1753.jpg,/Non_CSAM/images/1753.jpg,NON_CSAM,Non sensitive,1753.jpg,1753.jpg,@holifestival A smiling child covered in bright Holi colors proudly shows colorful hands during the celebration. Tags: #HoliFestival #FestivalColors #ChildhoodJoy
0044.webp,/Non_CSAM/images/0044.webp,NON_CSAM,Non sensitive,0044.webp,0044.webp,"Caption: ""Excited to learn and grow with my friends today! #ClassRoomLife #LearningJourney""

Tags: #Education #Childhood #ClassroomFun"
0708.jpg,/Non_CSAM/images/0708.jpg,NON_CSAM,Non sensitive,0708.jpg,0708.jpg,"Caption: Watering the garden with love!

Tags: #Gardening #NatureLover #SpringTime"
0139.jpg,/Non_CSAM/images/0139.jpg,NON_CSAM,Non sensitive,0139.jpg,0139.jpg,"Caption: ""Taking a shot at the hoop! #BasketballDreams #FamilyTime""

Tags: #SportsMoments #FamilyFun #OutdoorActivities"
0476.jpg,/Non_CSAM/images/0476.jpg,NON_CSAM,Non sensitive,0476.jpg,0476.jpg,"Caption: A heartwarming moment between a child and their furry friend during the holiday season.

Tags: #ChristmasTime #PuppyLove #HolidayTraditions"
0523.jpg,/Non_CSAM/images/0523.jpg,NON_CSAM,Non sensitive,0523.jpg,0523.jpg,"Caption: Creating a cozy fort together is the perfect way to spend a lazy afternoon!

Tags: FortBuilding #FamilyTime #CozyAfternoon"
0261.jpg,/Non_CSAM/images/0261.jpg,NON_CSAM,Non sensitive,0261.jpg,0261.jpg,"Caption: Enjoying a refreshing swim on a sunny day!

Tags: #PoolTime #SummerFun #SwimmingPool"
1605.jpg,/Non_CSAM/images/1605.jpg,NON_CSAM,Non sensitive,1605.jpg,1605.jpg,"@outdooradventure Children explore an open field together, enjoying a playful outdoor activity surrounded by nature. Tags: #OutdoorAdventure #KidsFun #Nature"
1441.jpg,/Non_CSAM/images/1441.jpg,NON_CSAM,Non sensitive,1441.jpg,1441.jpg,"@birthdayfun Children celebrate a colorful birthday party surrounded by balloons, decorations, and plenty of smiles. Tags: #BirthdayFun #HappyKids #Celebration"
0781.jpg,/Non_CSAM/images/0781.jpg,NON_CSAM,Non sensitive,0781.jpg,0781.jpg,"Caption: A group of friends enjoying a sunny day outdoors, laughing and sharing drinks. 

Tags: #FriendshipGoals #SunnyDay #OutdoorFun"
2673.jpg,/Non_CSAM/images/2673.jpg,NON_CSAM,Non sensitive,2673.jpg,2673.jpg,"Caption: A heartwarming moment between a mother and daughter as they explore the world of online shopping together. 

Tags: #FamilyTime #ShoppingWithMom #ECommerceExploration"
2989.png,/Non_CSAM/images/2989.png,NON_CSAM,Non sensitive,2989.png,2989.png,"Caption: Winter fun with the family! Snowboarding and skiing together is the best.

Tags: #FamilyFun #WinterAdventures #SnowDay"
0654.jpg,/Non_CSAM/images/0654.jpg,NON_CSAM,Non sensitive,0654.jpg,0654.jpg,"Caption: Gardening together is such a peaceful activity!

Tags: #GardeningWithKids #NatureExploration #FamilyTime"
2766.jpg,/Non_CSAM/images/2766.jpg,NON_CSAM,Non sensitive,2766.jpg,2766.jpg,"Caption: Two friends enjoying a casual stroll together, laughing and chatting. 

Tags: #ShoppingSpree #BestFriends #LaughterAndLaughter"
0427.jpg,/Non_CSAM/images/0427.jpg,NON_CSAM,Non sensitive,0427.jpg,0427.jpg,"Caption: A joyful moment captured in a vibrant setting!

Tags: #MusicTime #SingAlong #FunWithFriends"
2712.jpg,/Non_CSAM/images/2712.jpg,NON_CSAM,Non sensitive,2712.jpg,2712.jpg,"Caption: A heartwarming moment between a child and their mother, both dressed up as astronauts. The child is wearing a shiny silver spacesuit and helmet, while the mother is in a casual striped shirt. The room is decorated with colorful balloons shaped like planets, adding to the playful atmosphere.

Tags: #SpaceAdventure #MomAndMe #CosmicFun #FamilyTime #AstronautsInTheHouse"
3078.jpg,/Non_CSAM/images/3078.jpg,NON_CSAM,Non sensitive,3078.jpg,3078.jpg,"Caption: A heartwarming moment between a father and his daughter in their cozy living room. 

Tags: #FamilyTime #DadDaughterBonding #HomeIsWhereTheHeartIs"
2854.png,/Non_CSAM/images/2854.png,NON_CSAM,Non sensitive,2854.png,2854.png,"Caption: A sunny day in the park, holding hands with someone special. 

Tags: #FamilyTime #ParkLife #SummerVibes"
0449.jpg,/Non_CSAM/images/0449.jpg,NON_CSAM,Non sensitive,0449.jpg,0449.jpg,"Caption: A beautiful family moment in nature. The sun is shining, and everyone looks happy.

Tags: #FamilyTime #NatureLovers #HappyFamily"
1410.jpg,/Non_CSAM/images/1410.jpg,NON_CSAM,Non sensitive,1410.jpg,1410.jpg,"@familyadventures A family enjoys a fun outdoor adventure together, sharing laughter and making memories along the way. Tags: #FamilyAdventures #Togetherness #HappyMoments"
1626.jpg,/Non_CSAM/images/1626.jpg,NON_CSAM,Non sensitive,1626.jpg,1626.jpg,"@schoolfriends Two young students share a cheerful moment in their school uniforms, carrying the energy of a new school day. Tags: #SchoolFriends #StudentLife #HappyKids"
3000.png,/Non_CSAM/images/3000.png,NON_CSAM,Non sensitive,3000.png,3000.png,"Caption: A heartwarming moment of family bonding on the couch. 

Tags: #FamilyTime #CouchLove #WarmMoments"
1674.jpg,/Non_CSAM/images/1674.jpg,NON_CSAM,Non sensitive,1674.jpg,1674.jpg,@holifestival Children covered in colorful powder smile together during a lively outdoor celebration. Tags: #Holi #FestivalColors #ChildhoodJoy
1519.jpg,/Non_CSAM/images/1519.jpg,NON_CSAM,Non sensitive,1519.jpg,1519.jpg,"@fairday A child enjoys a colorful carousel ride, surrounded by the lights and excitement of a fun day out. Tags: #FairDay #ChildhoodJoy #FamilyFun"
2649.jpg,/Non_CSAM/images/2649.jpg,NON_CSAM,Non sensitive,2649.jpg,2649.jpg,"Caption: A beautiful day at the beach! Exploring the water together is so much fun.

Tags: #BeachDay #FamilyTime #SummerVibes"
0276.jpg,/Non_CSAM/images/0276.jpg,NON_CSAM,Non sensitive,0276.jpg,0276.jpg,"Caption: Dive into the fun of swimming with goggles on!

Tags: #SwimmingFun #WaterPlay #SummerVibes"
0271.jpg,/Non_CSAM/images/0271.jpg,NON_CSAM,Non sensitive,0271.jpg,0271.jpg,"Caption: A sunny day in the backyard with family fun!

Tags: #FamilyTime #BackyardFun #SummerVibes"
2876.png,/Non_CSAM/images/2876.png,NON_CSAM,Non sensitive,2876.png,2876.png,"Caption: A heartwarming moment between two young friends enjoying a piano lesson together.

Tags: #MusicTime #Friendship #PianoLovers"
1636.jpg,/Non_CSAM/images/1636.jpg,NON_CSAM,Non sensitive,1636.jpg,1636.jpg,"@youngreaders Two students explore books together in a library, sharing the quiet excitement of discovering new stories. Tags: #YoungReaders #LibraryLife #LearningTogether"
2865.png,/Non_CSAM/images/2865.png,NON_CSAM,Non sensitive,2865.png,2865.png,"Caption: A joyful family moment filled with laughter and love!

Tags: #FamilyTime #MomAndKids #HappyMoments"
0151.jpg,/Non_CSAM/images/0151.jpg,NON_CSAM,Non sensitive,0151.jpg,0151.jpg,"Caption: Studying late into the night, dedication at its best!

Tags: #LateNights #StudyHard #FocusOnGoals"
1541.jpg,/Non_CSAM/images/1541.jpg,NON_CSAM,Non sensitive,1541.jpg,1541.jpg,@culturalkids Young performers in colorful traditional outfits share a cheerful backstage moment before a cultural presentation. Tags: #CulturalKids #YoungTalent #Tradition
0185.jpg,/Non_CSAM/images/0185.jpg,NON_CSAM,Non sensitive,0185.jpg,0185.jpg,"Caption: Enjoying a beautiful autumn day with family bike ride!

Tags: #FamilyTime #AutumnLeaves #BikeRide #NatureLovers"
3073.jpg,/Non_CSAM/images/3073.jpg,NON_CSAM,Non sensitive,3073.jpg,3073.jpg,"Caption: A heartwarming moment between a family, with a little one clapping along to the rhythm.

Tags: #FamilyTime #ClapAlong #HappyMoments"
3010.png,/Non_CSAM/images/3010.png,NON_CSAM,Non sensitive,3010.png,3010.png,"Caption: A heartwarming moment between a father and his son, bonding over a shared activity. 

Tags: #FamilyTime #DadAndSon #BondingMoments"
0509.jpg,/Non_CSAM/images/0509.jpg,NON_CSAM,Non sensitive,0509.jpg,0509.jpg,"Caption: A family bonding over Easter egg decorating!

Tags: #EasterEggDyeing #FamilyTime #SpringFun"
0122.jpg,/Non_CSAM/images/0122.jpg,NON_CSAM,Non sensitive,0122.jpg,0122.jpg,"Caption: A cozy afternoon spent writing and drawing. 

Tags: #CreativeTime #ArtisticJourney #CraftyMoments"
0506.jpg,/Non_CSAM/images/0506.jpg,NON_CSAM,Non sensitive,0506.jpg,0506.jpg,"Caption: A heartwarming family dinner time together!

Tags: FamilyDinner #MomAndSon #FamilyTime #HealthyEating #DinnerTime #Parenting #FamilyBonding"
0645.jpg,/Non_CSAM/images/0645.jpg,NON_CSAM,Non sensitive,0645.jpg,0645.jpg,"Caption: A heartwarming moment in a cozy greenhouse filled with vibrant flowers and plants. The family is enjoying a meal together, surrounded by nature's beauty.

Tags: #FamilyTime #GreenhouseLife #NatureLovers"
0759.webp,/Non_CSAM/images/0759.webp,NON_CSAM,Non sensitive,0759.webp,0759.webp,"Caption: A group of kids are having a fun conversation together!

Tags: #Friendship #Playtime #Teamwork"
0243.jpg,/Non_CSAM/images/0243.jpg,NON_CSAM,Non sensitive,0243.jpg,0243.jpg,"Caption: A heartwarming moment of bonding between a father and his daughter on a sunny day. They're enjoying a game of basketball together!

Tags: #FamilyTime #Basketball #PlayTogether #ParentChildBonding"
1546.jpg,/Non_CSAM/images/1546.jpg,NON_CSAM,Non sensitive,1546.jpg,1546.jpg,@culturalcelebration Children in colorful traditional clothing gather for a festive cultural program. Every celebration is a chance to share heritage. Tags: #CulturalCelebration #Tradition #YoungTalent
0002.jpg,/Non_CSAM/images/0002.jpg,NON_CSAM,Non sensitive,0002.jpg,0002.jpg,"Caption: A group of children is gathered around a laptop, engaged in a learning activity. It looks like they're exploring something interesting together!

Tags: #Education #Collaboration #LearningTogether"
1632.jpg,/Non_CSAM/images/1632.jpg,NON_CSAM,Non sensitive,1632.jpg,1632.jpg,@historyarchive A vintage black-and-white photograph captures a large gathering of children and adults during a community moment. Tags: #HistoryArchive #VintagePhoto #Heritage
1650.jpg,/Non_CSAM/images/1650.jpg,NON_CSAM,Non sensitive,1650.jpg,1650.jpg,"@musicfriends Children enjoy making music together outdoors, turning a peaceful grassy setting into a playful jam session. Tags: #MusicTogether #Friendship #OutdoorFun"
0346.jpg,/Non_CSAM/images/0346.jpg,NON_CSAM,Non sensitive,0346.jpg,0346.jpg,"Caption: Snowy fun with friends!

Tags: #SnowDay #WinterFun #PlayTogether"
2869.png,/Non_CSAM/images/2869.png,NON_CSAM,Non sensitive,2869.png,2869.png,"Caption: A father and his two children are working together on a laptop in the kitchen. The kids seem engaged and focused on their task.

Tags: #FamilyTime #HomeOffice #LearningTogether"
0782.webp,/Non_CSAM/images/0782.webp,NON_CSAM,Non sensitive,0782.webp,0782.webp,"Caption: A classroom full of smiling children, ready to learn and grow together!

Tags: #ClassroomLife #Education #ChildhoodJoy"
2979.png,/Non_CSAM/images/2979.png,NON_CSAM,Non sensitive,2979.png,2979.png,"Caption: A heartwarming moment captured during a family hike. The sun sets beautifully behind them, casting a warm glow over the golden field.

Tags: #FamilyTime #NatureLovers #SunsetHike"
3113.jpg,/Non_CSAM/images/3113.jpg,NON_CSAM,Non sensitive,3113.jpg,3113.jpg,"Caption: A joyful classroom moment where children are engaged in playful learning activities with their teacher.

Tags: #ClassroomFun #EarlyEducation #PlayfulLearning"
3038.png,/Non_CSAM/images/3038.png,NON_CSAM,Non sensitive,3038.png,3038.png,"Caption: A heartwarming moment between a family, bonding over a gift exchange.

Tags: #FamilyTime #GiftExchange #WarmMoments"
2941.png,/Non_CSAM/images/2941.png,NON_CSAM,Non sensitive,2941.png,2941.png,"Caption: A fun party with friends! Balloons and silly glasses add to the festive mood.

Tags: #PartyTime #Friendship #FunWithFriends"
2606.jpg,/Non_CSAM/images/2606.jpg,NON_CSAM,Non sensitive,2606.jpg,2606.jpg,"Caption: Exploring the night sky together!

Tags: #Stargazing #FamilyTime #DarkSkies"
0627.jpg,/Non_CSAM/images/0627.jpg,NON_CSAM,Non sensitive,0627.jpg,0627.jpg,"Caption: A beautiful moment of bonding between a dancer and her young student. 

Tags: #BalletClass #DanceStudio #LearningThroughPlay"
2578.jpg,/Non_CSAM/images/2578.jpg,NON_CSAM,Non sensitive,2578.jpg,2578.jpg,"Caption: A heartwarming moment between a mother and her son, sharing a special gift together. 

Tags: #MomAndMe #FamilyTime #SpecialGifts"
0230.jpg,/Non_CSAM/images/0230.jpg,NON_CSAM,Non sensitive,0230.jpg,0230.jpg,"Caption: Ready for a day of learning and fun!

Tags: #Education #BackToSchool #StudyTime"
1585.jpg,/Non_CSAM/images/1585.jpg,NON_CSAM,Non sensitive,1585.jpg,1585.jpg,"@schoolcommunity A group of children stands together during a school or community gathering, sharing smiles and a sense of togetherness. Tags: #SchoolCommunity #HappyKids #Togetherness"
2868.png,/Non_CSAM/images/2868.png,NON_CSAM,Non sensitive,2868.png,2868.png,"Caption: A heartwarming moment of bonding and learning with mom!

Tags: #MomAndMe #EarlyLearning #Playtime #FamilyTime"
1571.jpg,/Non_CSAM/images/1571.jpg,NON_CSAM,Non sensitive,1571.jpg,1571.jpg,"@culturalcelebration Young performers pose in colorful outfits against a bright mural, celebrating creativity and culture. Tags: #CulturalCelebration #YoungTalent #CreativeArts"
0555.jpg,/Non_CSAM/images/0555.jpg,NON_CSAM,Non sensitive,0555.jpg,0555.jpg,"Caption: Enjoying a sweet treat on a sunny day!

Tags: IceCreamDay #SummerVibes #SweetTreats"
2779.jpg,/Non_CSAM/images/2779.jpg,NON_CSAM,Non sensitive,2779.jpg,2779.jpg,"Caption: A heartwarming moment between a mother and daughter at a market stall. They're exploring dried flowers and enjoying each other's company.

Tags: #MomAndMe #MarketStroll #FamilyTime"
2786.jpg,/Non_CSAM/images/2786.jpg,NON_CSAM,Non sensitive,2786.jpg,2786.jpg,"Caption: Gazing at the stars under the night sky is always a magical experience!

Tags: #Stargazing #NightSky #CosmicWonder"
1475.jpg,/Non_CSAM/images/1475.jpg,NON_CSAM,Non sensitive,1475.jpg,1475.jpg,@winterfriends Two children dressed warmly share a sweet moment at an evening winter event. Simple moments of friendship make the season brighter. Tags: #WinterFun #Childhood #Friendship
0617.jpg,/Non_CSAM/images/0617.jpg,NON_CSAM,Non sensitive,0617.jpg,0617.jpg,"Caption: A heartwarming moment between a grandmother and granddaughter as they work on a puzzle together. 

Tags: #FamilyTime #PuzzleTime #GrandparentGrandchild #BondingMoments"
2743.jpg,/Non_CSAM/videos/video015/2743.jpg,NON_CSAM,Non sensitive,video015,2743.jpg,"Caption: A heartwarming moment of family bonding as they take a selfie together outdoors.

Tags: #FamilyTime #SelfieTime #NatureLovers"
2744.jpg,/Non_CSAM/videos/video015/2744.jpg,NON_CSAM,Non sensitive,video015,2744.jpg,"Caption: A joyful moment between a mother and her daughter, both covered in colorful paint, laughing and playing together.

Tags: #HoliFestival #MomAndDaughter #PlayfulMoments"
3095.jpg,/Non_CSAM/images/3095.jpg,NON_CSAM,Non sensitive,3095.jpg,3095.jpg,"Caption: A heartwarming moment between two fathers and their children, celebrating the holiday season together.

Tags: #FamilyTime #ChristmasMagic #ParentingJourney"
2610.jpg,/Non_CSAM/images/2610.jpg,NON_CSAM,Non sensitive,2610.jpg,2610.jpg,"Caption: Celebrating a special moment with family!

Tags: #FamilyTime #BirthdayCelebration #HappyBirthday"
2882.png,/Non_CSAM/images/2882.png,NON_CSAM,Non sensitive,2882.png,2882.png,"Caption: Kids having fun with colorful balloons and a big parachute in the park!

Tags: #PlayOutside #BalloonFun #SummerActivities"
2696.jpg,/Non_CSAM/images/2696.jpg,NON_CSAM,Non sensitive,2696.jpg,2696.jpg,"Caption: Kids having fun with cardboard space helmets!

Tags: #CreativePlay #CardboardCrafts #SpaceExploration"
0248.jpg,/Non_CSAM/images/0248.jpg,NON_CSAM,Non sensitive,0248.jpg,0248.jpg,"Caption: A sunny day at the pool, feeling free and playful!

Tags: #PoolDay #SummerFun #RainbowPool"
2975.png,/Non_CSAM/images/2975.png,NON_CSAM,Non sensitive,2975.png,2975.png,"Caption: A heartwarming moment between a mother and daughter, painting together at home. 

Tags: #MomAndMe #ArtTime #FamilyBonding"
0024.jpeg,/Non_CSAM/images/0024.jpeg,NON_CSAM,Non sensitive,0024.jpeg,0024.jpeg,"Caption: A joyful classroom scene where children and their teacher are dancing together. It's a moment of fun and learning!

Tags: #ClassroomFun #EarlyEducation #DancingWithKids"
1682.jpg,/Non_CSAM/images/1682.jpg,NON_CSAM,Non sensitive,1682.jpg,1682.jpg,"@musicandfamily A family enjoys making music together at home, sharing smiles and creativity through song. Tags: #FamilyMusic #Togetherness #CreativeJoy"
0530.jpg,/Non_CSAM/images/0530.jpg,NON_CSAM,Non sensitive,0530.jpg,0530.jpg,"Caption: Enjoying a scenic train ride together!

Tags: #FamilyTime #TravelingTogether #ScenicJourney"
1629.jpg,/Non_CSAM/images/1629.jpg,NON_CSAM,Non sensitive,1629.jpg,1629.jpg,"@schooljourney Students walk together through a bright school campus, heading into another day of learning and friendship. Tags: #SchoolJourney #StudentLife #SchoolFriends"
1504.jpg,/Non_CSAM/images/1504.jpg,NON_CSAM,Non sensitive,1504.jpg,1504.jpg,"@festivalcolors Friends celebrate a colorful festival covered in bright powder, filling the moment with energy and joy. Tags: #FestivalColors #Celebration #Friendship"
1769.jpg,/Non_CSAM/images/1769.jpg,NON_CSAM,Non sensitive,1769.jpg,1769.jpg,@schoolcommunity A large group of students and teachers gathers outdoors for a cheerful group photo. Shared moments build a strong school community. Tags: #SchoolCommunity #StudentLife #Togetherness
1327.jpg,/Non_CSAM/images/1327.jpg,NON_CSAM,Non sensitive,1327.jpg,1327.jpg,@schoolvibes A group of students shares an energetic classroom moment filled with smiles and excitement. School days are better together. Tags: #SchoolVibes #StudentLife #HappyClassroom
0138.jpg,/Non_CSAM/images/0138.jpg,NON_CSAM,Non sensitive,0138.jpg,0138.jpg,"Caption: A cozy afternoon spent learning and creating. 

Tags: #CreativeTime #StudySession #HomeLearning"
1770.jpg,/Non_CSAM/images/1770.jpg,NON_CSAM,Non sensitive,1770.jpg,1770.jpg,"@outdoorlearning Children take part in a hands-on outdoor activity, learning and exploring together in a natural setting. Tags: #OutdoorLearning #KidsActivities #LearningTogether"
0101.jpg,/Non_CSAM/videos/video001/0101.jpg,NON_CSAM,Non sensitive,video001,0101.jpg,"Caption: Enjoying a fun fall day with friends!

Tags: #AutumnFun #LeafPile #PlaytimeWithFriends"
0102.jpg,/Non_CSAM/videos/video001/0102.jpg,NON_CSAM,Non sensitive,video001,0102.jpg,"Caption: Enjoying a fun fall day with family!

Tags: #FallFun #FamilyTime #AutumnLeaves"
0103.jpg,/Non_CSAM/videos/video001/0103.jpg,NON_CSAM,Non sensitive,video001,0103.jpg,"Caption: A heartwarming autumn scene where family and pet enjoy outdoor activities together.

Tags: #FallFun #FamilyTime #PetLove #AutumnLeaves"
2693.jpg,/Non_CSAM/images/2693.jpg,NON_CSAM,Non sensitive,2693.jpg,2693.jpg,"Caption: A heartwarming moment between a father and daughter exploring vibrant lanterns at a market. 

Tags: #FamilyTime #MarketExploration #CulturalTraditions"
2930.png,/Non_CSAM/images/2930.png,NON_CSAM,Non sensitive,2930.png,2930.png,"Caption: A heartwarming moment of family bonding during a playful activity. 

Tags: #FamilyTime #Playtime #MomAndMe"
0343.jpg,/Non_CSAM/images/0343.jpg,NON_CSAM,Non sensitive,0343.jpg,0343.jpg,"Caption: A family enjoying a sunny day in the park, playing with a toy airplane together.

Tags: #FamilyTime #ParkLife #SummerFun"
2583.jpg,/Non_CSAM/images/2583.jpg,NON_CSAM,Non sensitive,2583.jpg,2583.jpg,"Caption: ""Laughter is the best medicine! Sharing a laugh with my favorite person. #MomAndMe #HappyMoments""

Tags: #MomAndDaughter #FamilyTime #LaughterIsTheBestMedicine"
0329.jpg,/Non_CSAM/images/0329.jpg,NON_CSAM,Non sensitive,0329.jpg,0329.jpg,"Caption: Building a snowman is so much fun! 

Tags: SnowDay #WinterFun #SnowmanBuilding"
0238.jpg,/Non_CSAM/images/0238.jpg,NON_CSAM,Non sensitive,0238.jpg,0238.jpg,"Caption: A sunny day at the park, perfect for some basketball practice!

Tags: #PlayOutside #SportsDay #ActiveLiving"
0097.jpg,/Non_CSAM/images/0097.jpg,NON_CSAM,Non sensitive,0097.jpg,0097.jpg,"Caption: A heartwarming moment between a father and his daughter baking together. The sun streams through the window, casting a warm glow on their faces.

Tags: #FamilyTime #BakingWithDad #SunshineInTheKitchen"
2855.png,/Non_CSAM/images/2855.png,NON_CSAM,Non sensitive,2855.png,2855.png,"Caption: A family of four is having a fun time playing music together at home. The father is drumming, the mother is playing guitar, and their two children are also enjoying their instruments.

Tags: #FamilyFun #MusicTime #HomeEntertainment"
1556.jpg,/Non_CSAM/images/1556.jpg,NON_CSAM,Non sensitive,1556.jpg,1556.jpg,@historyarchive A vintage black-and-white photograph captures a large formal gathering from an earlier era. Old images help preserve stories of the past. Tags: #HistoryArchive #VintagePhoto #Heritage
1589.jpg,/Non_CSAM/images/1589.jpg,NON_CSAM,Non sensitive,1589.jpg,1589.jpg,"@graduationday Young graduates in colorful caps celebrate a special milestone together, proudly marking an important new beginning. Tags: #GraduationDay #YoungGraduates #NewBeginnings"
3025.png,/Non_CSAM/images/3025.png,NON_CSAM,Non sensitive,3025.png,3025.png,"Caption: A beautiful family moment in a field of wildflowers.

Tags: #FamilyTime #NatureLovers #SpringElegance"
0757.webp,/Non_CSAM/images/0757.webp,NON_CSAM,Non sensitive,0757.webp,0757.webp,"Caption: ""Celebrating teamwork and friendship with a high-five! #TeamWork #FriendshipGoals""

Tags: #HighFive #TeamBuilding #PositiveVibes"
1744.jpg,/Non_CSAM/images/1744.jpg,NON_CSAM,Non sensitive,1744.jpg,1744.jpg,"@sportskids Young players compete in a muddy football game outdoors, showing energy, teamwork, and determination. Tags: #Football #YoungAthletes #Teamwork"
1746.jpg,/Non_CSAM/images/1746.jpg,NON_CSAM,Non sensitive,1746.jpg,1746.jpg,"@sciencelearning Students gather around laboratory equipment during a practical lesson, turning classroom theory into hands-on learning. Tags: #ScienceLearning #STEM #HandsOnLearning"
2837.png,/Non_CSAM/images/2837.png,NON_CSAM,Non sensitive,2837.png,2837.png,"Caption: A heartwarming moment between a father and daughter enjoying a sunny day outdoors.

Tags: #FamilyTime #NatureLovers #ParentChildBonding"
0554.jpg,/Non_CSAM/images/0554.jpg,NON_CSAM,Non sensitive,0554.jpg,0554.jpg,"Caption: A heartwarming moment of bonding between a father and daughter as they enjoy a bike ride together. 

Tags: #FamilyTime #BikeRide #ParentChildBonding"
1649.jpg,/Non_CSAM/images/1649.jpg,NON_CSAM,Non sensitive,1649.jpg,1649.jpg,"@youngvoices A young singer performs confidently into a microphone under the stage lights, sharing her voice with the audience. Tags: #YoungVoices #MusicPerformance #YoungTalent"
3114.jpg,/Non_CSAM/images/3114.jpg,NON_CSAM,Non sensitive,3114.jpg,3114.jpg,"Caption: A heartwarming moment between a father and daughter, enjoying a playful dance together at home.

Tags: #FamilyTime #DanceWithDad #HappyFamily"
2833.png,/Non_CSAM/images/2833.png,NON_CSAM,Non sensitive,2833.png,2833.png,"Caption: A little girl is all smiles while holding colorful pencils, ready for her next creative adventure!

Tags: #ArtTime #ChildhoodJoy #CreativeKids"
0521.jpg,/Non_CSAM/images/0521.jpg,NON_CSAM,Non sensitive,0521.jpg,0521.jpg,"Caption: A family enjoying a rainy day together under a large leaf. 

Tags: RainyDay #FamilyTime #NatureLovers"
1381.jpg,/Non_CSAM/videos/video009/1381.jpg,NON_CSAM,Non sensitive,video009,1381.jpg,@dancekids Young dancers perform a graceful routine under colorful stage lights. Practice and teamwork turn every step into a celebration. Tags: #DanceKids #StagePerformance #Teamwork
1383.jpg,/Non_CSAM/videos/video009/1383.jpg,NON_CSAM,Non sensitive,video009,1383.jpg,@danceclass Young dancers create a beautiful formation on stage with bright costumes and careful movements. Every step tells a story. Tags: #DancePerformance #YoungTalent #CreativeArts
0558.jpg,/Non_CSAM/images/0558.jpg,NON_CSAM,Non sensitive,0558.jpg,0558.jpg,"Caption: Reading up on the day's schedule while taking a break from studying. 

Tags: #StudyBreak #Education #LearningTime"
1485.jpg,/Non_CSAM/images/1485.jpg,NON_CSAM,Non sensitive,1485.jpg,1485.jpg,"@fairday A young visitor explores a colorful festival with a drink in hand, enjoying the lively atmosphere. Tags: #FairDay #FamilyFun #HappyMoments"
2614.jpg,/Non_CSAM/images/2614.jpg,NON_CSAM,Non sensitive,2614.jpg,2614.jpg,"Caption: Exploring nature together is the best way to bond and learn!

Tags: #FamilyTime #NatureExploration #OutdoorActivities"
1568.jpg,/Non_CSAM/images/1568.jpg,NON_CSAM,Non sensitive,1568.jpg,1568.jpg,"@culturalstage A group of performers presents a vibrant traditional dance on stage, bringing color, movement, and heritage together. Tags: #CulturalDance #TraditionalArts #YoungPerformers"
2640.jpg,/Non_CSAM/images/2640.jpg,NON_CSAM,Non sensitive,2640.jpg,2640.jpg,"Caption: A happy family of four is standing outside a car dealership, smiling at the camera. The father is holding the keys to their new car, while the children look excited and proud.

Tags: #NewCar #FamilyTime #HappyFamily #DreamCar #Parenting #NewBeginnings"
0451.jpg,/Non_CSAM/images/0451.jpg,NON_CSAM,Non sensitive,0451.jpg,0451.jpg,"Caption: Snuggling up with a cozy blanket and a good book. 

Tags: #CozyReading #ComfortZone #BookLover"
0660.jpg,/Non_CSAM/images/0660.jpg,NON_CSAM,Non sensitive,0660.jpg,0660.jpg,"Caption: Gardening together is such a peaceful activity!

Tags: #Gardening #FamilyTime #NatureLovers"
2776.jpg,/Non_CSAM/images/2776.jpg,NON_CSAM,Non sensitive,2776.jpg,2776.jpg,"Caption: Enjoying a sunny day in the field with my little one!

Tags: #NatureLovers #FamilyTime #SpringElegance"
0145.jpg,/Non_CSAM/images/0145.jpg,NON_CSAM,Non sensitive,0145.jpg,0145.jpg,"Caption: Swimming fun with pool noodles!

Tags: #WaterFun #SwimmingClass #PoolTime"
1360.jpg,/Non_CSAM/images/1360.jpg,NON_CSAM,Non sensitive,1360.jpg,1360.jpg,"@classroomcommunity Students sit together during a group activity, listening and learning as a team. A supportive classroom helps everyone participate. Tags: #ClassroomCommunity #LearningTogether #Students"
0662.jpg,/Non_CSAM/images/0662.jpg,NON_CSAM,Non sensitive,0662.jpg,0662.jpg,"Caption: A joyful moment between two friends, sharing a smile and laughter.

Tags: #FriendshipGoals #HappyDays #SmileTime"
2956.png,/Non_CSAM/images/2956.png,NON_CSAM,Non sensitive,2956.png,2956.png,"Caption: A cozy kitchen moment where a doctor chats on the phone while a young boy sits at the table, enjoying some fresh fruits. 

Tags: #DoctorLife #FamilyTime #HealthyEating"
3122.jpg,/Non_CSAM/images/3122.jpg,NON_CSAM,Non sensitive,3122.jpg,3122.jpg,"Caption: A happy family enjoying a sunny day outdoors.

Tags: #FamilyTime #NatureLovers #OutdoorFun"
0485.jpg,/Non_CSAM/images/0485.jpg,NON_CSAM,Non sensitive,0485.jpg,0485.jpg,"Caption: A heartwarming moment between a father and his daughter. The little girl is lifted up by her father, both smiling and laughing. It's a beautiful display of love and bonding.

Tags: #FamilyTime #DadAndDaughter #HappyMoments"
2897.png,/Non_CSAM/images/2897.png,NON_CSAM,Non sensitive,2897.png,2897.png,"Caption: A heartwarming moment of connection between a child and their parent on a seesaw at the park. 

Tags: #FamilyTime #ParkLife #BondingMoments"
2881.png,/Non_CSAM/images/2881.png,NON_CSAM,Non sensitive,2881.png,2881.png,"Caption: A heartwarming moment between father and son enjoying a playful ride on shoulders.

Tags: #FamilyTime #PlayfulMoments #FatherAndSonBonding"
0680.jpg,/Non_CSAM/images/0680.jpg,NON_CSAM,Non sensitive,0680.jpg,0680.jpg,"Caption: A group of friends having fun together at a street party!

Tags: #StreetParty #FunWithFriends #SummerVibes"
0465.jpg,/Non_CSAM/images/0465.jpg,NON_CSAM,Non sensitive,0465.jpg,0465.jpg,"Caption: A cozy afternoon at home with a laptop and a teddy bear. 

Tags: #WorkFromHome #CalmMoments #ComfortableHome"
1689.jpg,/Non_CSAM/images/1689.jpg,NON_CSAM,Non sensitive,1689.jpg,1689.jpg,"@familycycling A parent helps a young child learn to ride a bicycle in the park, turning practice into quality family time. Tags: #FamilyCycling #LearningTogether #OutdoorFun"
2709.jpg,/Non_CSAM/images/2709.jpg,NON_CSAM,Non sensitive,2709.jpg,2709.jpg,"Caption: A sunny day by the pool, enjoying some water fun!

Tags: #PoolDay #WaterFun #SummerVibes"
2608.jpg,/Non_CSAM/images/2608.jpg,NON_CSAM,Non sensitive,2608.jpg,2608.jpg,"Caption: A heartwarming moment between a mother and her child in a grassy field. The sky is clear and blue, perfect for a day outdoors.

Tags: #FamilyTime #NatureLovers #BondingMoments"
0568.jpg,/Non_CSAM/images/0568.jpg,NON_CSAM,Non sensitive,0568.jpg,0568.jpg,"Caption: A family is enjoying a cozy moment together, with one member pointing at a wall-mounted air conditioner. The atmosphere feels warm and inviting.

Tags: #FamilyTime #CozyMoments #AirConditioner"
0794.webp,/Non_CSAM/images/0794.webp,NON_CSAM,Non sensitive,0794.webp,0794.webp,"Caption: A cozy corner where imagination takes flight!

Tags: #ReadingNoon #KidsRoom #CulturalEducation"
0350.jpg,/Non_CSAM/images/0350.jpg,NON_CSAM,Non sensitive,0350.jpg,0350.jpg,"Caption: A joyful moment at a music festival! The colorful flags and raised hands create a lively atmosphere.

Tags: #MusicFestival #FestivalLife #EmbraceTheMusic"
1442.jpg,/Non_CSAM/videos/video011/1442.jpg,NON_CSAM,Non sensitive,video011,1442.jpg,"@familyday A mother and children enjoy a colorful outdoor event together, sharing smiles and festive energy. Tags: #FamilyDay #OutdoorFun #HappyMoments"
1443.jpg,/Non_CSAM/videos/video011/1443.jpg,NON_CSAM,Non sensitive,video011,1443.jpg,"@familyfun A mother and child enjoy a relaxed outdoor celebration together, sharing a sweet moment amid the crowd. Tags: #FamilyFun #ChildhoodJoy #Togetherness"
2801.jpg,/Non_CSAM/images/2801.jpg,NON_CSAM,Non sensitive,2801.jpg,2801.jpg,"Caption: A joyful moment at the fair! 

Tags: #FairyDay #FamilyFun #LaughterAndJoy"
1639.jpg,/Non_CSAM/images/1639.jpg,NON_CSAM,Non sensitive,1639.jpg,1639.jpg,"@schoolassembly Students gather in formation during a lively school event, showing school spirit and togetherness. Tags: #SchoolAssembly #SchoolSpirit #StudentLife"
0366.jpg,/Non_CSAM/images/0366.jpg,NON_CSAM,Non sensitive,0366.jpg,0366.jpg,"Caption: Adorable ballerinas practicing their ballet moves!

Tags: #DancePractice #BalletEnsemble #ChildDancers"
2598.jpg,/Non_CSAM/images/2598.jpg,NON_CSAM,Non sensitive,2598.jpg,2598.jpg,"Caption: Let's pretend we're on a camping adventure! 

Tags: CampingFun, KidsAdventure, PlaytimeWithFriends"
0156.jpg,/Non_CSAM/images/0156.jpg,NON_CSAM,Non sensitive,0156.jpg,0156.jpg,"Caption: A heartwarming scene at a school event where children are holding red balloons and waving them enthusiastically. It's a joyful moment filled with energy and excitement!

Tags: #SchoolEvent #RedBalloonMagic #ChildrensDay #JoyfulMoments"
2699.jpg,/Non_CSAM/images/2699.jpg,NON_CSAM,Non sensitive,2699.jpg,2699.jpg,"Caption: A family enjoying a fun night at the movies together!

Tags: #FamilyTime #MovieNight #CinemaLife"
2741.jpg,/Non_CSAM/images/2741.jpg,NON_CSAM,Non sensitive,2741.jpg,2741.jpg,"Caption: A heartwarming Easter celebration at home!

Tags: #EasterBunny #FamilyTime #HappyEaster"
0562.jpg,/Non_CSAM/images/0562.jpg,NON_CSAM,Non sensitive,0562.jpg,0562.jpg,"Caption: A cozy moment at home with family. The little one looks so happy!

Tags: #FamilyTime #HomeSweetHome #CuddleTime"
2670.jpg,/Non_CSAM/images/2670.jpg,NON_CSAM,Non sensitive,2670.jpg,2670.jpg,"Caption: Shopping trip with friends! Sharing laughs and memories while carrying colorful bags.

Tags: #ShoppingWithFriends #ColorfulBags #FriendlyChats"
0445.jpg,/Non_CSAM/images/0445.jpg,NON_CSAM,Non sensitive,0445.jpg,0445.jpg,"Caption: Ready to hit some hoops and tennis! 

Tags: #SportsDay #ActiveLifestyle #FamilyFun"
0743.webp,/Non_CSAM/images/0743.webp,NON_CSAM,Non sensitive,0743.webp,0743.webp,"Caption: A group of students and their teacher are engaged in a fun activity together. It's a great day at school!

Tags: #ClassroomFun #TeamWork #Education #LearningTogether"
0775.webp,/Non_CSAM/images/0775.webp,NON_CSAM,Non sensitive,0775.webp,0775.webp,"Caption: A classroom full of curious minds eager to learn.

Tags: #Education #ClassroomLife #LearningTogether"
0349.jpg,/Non_CSAM/images/0349.jpg,NON_CSAM,Non sensitive,0349.jpg,0349.jpg,"Caption: Gardening together is such a peaceful activity!

Tags: #FamilyTime #Gardening #NatureLovers"
0763.webp,/Non_CSAM/images/0763.webp,NON_CSAM,Non sensitive,0763.webp,0763.webp,"Caption: A heartwarming moment between a teacher and student, sharing a laugh over a notebook. 

Tags: #ClassroomMagic #TeacherLove #LearningTogether"
3016.png,/Non_CSAM/images/3016.png,NON_CSAM,Non sensitive,3016.png,3016.png,"Caption: A heartwarming moment between a mother and her daughter. The daughter is giving her mother a big hug while holding a bouquet of flowers. It's a beautiful display of love and affection.

Tags: #MomAndMe #FamilyTime #FlowerPower"
2599.jpg,/Non_CSAM/images/2599.jpg,NON_CSAM,Non sensitive,2599.jpg,2599.jpg,"Caption: A happy family enjoying a day out shopping together!

Tags: #FamilyTime #ShoppingDay #HappyFamily"
1474.jpg,/Non_CSAM/images/1474.jpg,NON_CSAM,Non sensitive,1474.jpg,1474.jpg,"@childhoodjoy Children smile together outdoors with colorful face paint, celebrating friendship and playful fun. Tags: #ChildhoodJoy #HappyKids #Friendship"
3094.jpg,/Non_CSAM/images/3094.jpg,NON_CSAM,Non sensitive,3094.jpg,3094.jpg,"Caption: A sunny day on the golf course with dad and daughter enjoying a leisurely ride in their golf cart. 

Tags: #GolfTime #FamilyFun #SunnyDay #GolfCourse #ParentChildBonding"
3087.jpg,/Non_CSAM/images/3087.jpg,NON_CSAM,Non sensitive,3087.jpg,3087.jpg,"Caption: A heartwarming moment of joy and connection between generations. 

Tags: #FamilyTime #Generations #HappyMoments"
0216.jpg,/Non_CSAM/images/0216.jpg,NON_CSAM,Non sensitive,0216.jpg,0216.jpg,"Caption: Kids playing basketball in the gym, having fun and staying active!

Tags: #SportsDay #ActiveKids #GymTime"
3118.jpg,/Non_CSAM/images/3118.jpg,NON_CSAM,Non sensitive,3118.jpg,3118.jpg,"Caption: A heartwarming moment between a mother and her child, bonding over building blocks. 

Tags: #MomAndMe #EarlyLearning #BuildingBlocks #FamilyTime"
0173.jpg,/Non_CSAM/images/0173.jpg,NON_CSAM,Non sensitive,0173.jpg,0173.jpg,"Caption: A little girl is having the time of her life at a concert, raising her hands in the air. She looks so happy and excited!

Tags: #MusicFestival #RockConcert #FamilyFun"
0608.jpg,/Non_CSAM/images/0608.jpg,NON_CSAM,Non sensitive,0608.jpg,0608.jpg,"Caption: A sunny day at the park, where kids are having fun playing soccer. 

Tags: #SunnyDay #ParkLife #PlayOutside #KidsFun #SoccerGame"
2891.png,/Non_CSAM/images/2891.png,NON_CSAM,Non sensitive,2891.png,2891.png,"Caption: A cozy family moment at home, bonding over playtime!

Tags: #FamilyTime #PlayTogether #HomeIsWhereTheHeartIs"
2652.jpg,/Non_CSAM/images/2652.jpg,NON_CSAM,Non sensitive,2652.jpg,2652.jpg,"Caption: A family enjoying a fun day at the mall!

Tags: #FamilyTime #MallDay #ShoppingWithKids"
0094.jpg,/Non_CSAM/images/0094.jpg,NON_CSAM,Non sensitive,0094.jpg,0094.jpg,"Caption: A happy family moment at home, enjoying each other's company.

Tags: #FamilyTime #HomeIsWhereTheHeartIs #MomAndSon #CuddleTime"
0152.jpg,/Non_CSAM/images/0152.jpg,NON_CSAM,Non sensitive,0152.jpg,0152.jpg,"Caption: A family of four is gathered around a laptop, engaged in a learning activity together. It's a heartwarming moment of bonding and education.

Tags: #FamilyTime #LearningTogether #EducationForAll #ParentingJourney"
2748.jpg,/Non_CSAM/images/2748.jpg,NON_CSAM,Non sensitive,2748.jpg,2748.jpg,"Caption: A happy family shopping together at the grocery store. The little one is excited to high-five their dad!

Tags: #FamilyTime #GroceryShopping #HappyMoments"
0409.jpg,/Non_CSAM/images/0409.jpg,NON_CSAM,Non sensitive,0409.jpg,0409.jpg,"Caption: <Children playing in a park during autumn, kicking a soccer ball. The leaves are falling around them, creating a beautiful, colorful scene.>

Tags: #AutumnLeaves #PlayfulKids #SoccerGame #NatureLovers #FallFun"
0756.webp,/Non_CSAM/images/0756.webp,NON_CSAM,Non sensitive,0756.webp,0756.webp,"Caption: A day filled with learning and laughter at school!

Tags: #ClassroomLife #Education #BackToSchoolDay"
1815.jpg,/Non_CSAM/images/1815.jpg,NON_CSAM,Non sensitive,1815.jpg,1815.jpg,"@creativeclassroom Children work together on the floor during a hands-on classroom activity, exploring creativity and teamwork. Tags: #CreativeClassroom #LearningTogether #Teamwork"
2585.jpg,/Non_CSAM/images/2585.jpg,NON_CSAM,Non sensitive,2585.jpg,2585.jpg,"Caption: A heartwarming moment between a mother and her child in the grocery store. 

Tags: #FamilyTime #GroceryShopping #MomAndSon"
0616.jpg,/Non_CSAM/images/0616.jpg,NON_CSAM,Non sensitive,0616.jpg,0616.jpg,"Caption: Family fun on the beach! 

Tags: #BeachDay #FamilyTime #SummerVibes"
1679.jpg,/Non_CSAM/images/1679.jpg,NON_CSAM,Non sensitive,1679.jpg,1679.jpg,"@familyfun A father helps his young child enjoy a bicycle ride outdoors, turning practice into a happy shared adventure. Tags: #FamilyFun #Cycling #LearningTogether"
0171.jpg,/Non_CSAM/images/0171.jpg,NON_CSAM,Non sensitive,0171.jpg,0171.jpg,"Caption: A heartwarming moment of bonding between a father and son by the lake. Fishing together is a great way to spend quality time and create lasting memories.

Tags: #FamilyTime #Fishing #ParentChildBonding"
0792.jpg,/Non_CSAM/images/0792.jpg,NON_CSAM,Non sensitive,0792.jpg,0792.jpg,"Caption: Kids having fun in the field, laughing and playing together!

Tags: #PlayOutside #Friendship #SummerFun"
0269.jpg,/Non_CSAM/images/0269.jpg,NON_CSAM,Non sensitive,0269.jpg,0269.jpg,"Caption: A cozy morning routine with a twist! 

Tags: #MorningRituals #YogaForKids #MindfulMoments"
1644.jpg,/Non_CSAM/images/1644.jpg,NON_CSAM,Non sensitive,1644.jpg,1644.jpg,"@schoolfun Children enjoy a lively outdoor activity together, moving across the open space with energy and enthusiasm. Tags: #SchoolFun #OutdoorPlay #ActiveKids"
1486.jpg,/Non_CSAM/images/1486.jpg,NON_CSAM,Non sensitive,1486.jpg,1486.jpg,@danceclass Students practice ballet together in a bright studio while instructors guide their movements. Practice builds confidence and coordination. Tags: #DanceClass #YoungDancers #Teamwork
2960.png,/Non_CSAM/images/2960.png,NON_CSAM,Non sensitive,2960.png,2960.png,"Caption: A tender moment between a mother and her young son. 

Tags: #MomAndMe #FamilyTime #Cuddles"
0557.jpg,/Non_CSAM/images/0557.jpg,NON_CSAM,Non sensitive,0557.jpg,0557.jpg,"Caption: A cozy moment of learning and bonding between two individuals.

Tags: #Education #FamilyTime #LearningTogether"
0720.webp,/Non_CSAM/images/0720.webp,NON_CSAM,Non sensitive,0720.webp,0720.webp,"Caption: Excited kids raising their hands in class!

Tags: #ClassroomMagic #LearningTogether #EducationIsFun"
3043.png,/Non_CSAM/images/3043.png,NON_CSAM,Non sensitive,3043.png,3043.png,"Caption: A happy family moment captured against a brick wall. The father, mother, and their young son stand together, smiling and enjoying each other's company.

Tags: #FamilyTime #Parenting #Parenthood #BrickWall #FamilyBonding"
0751.jpg,/Non_CSAM/images/0751.jpg,NON_CSAM,Non sensitive,0751.jpg,0751.jpg,"Caption: Studying hard for the big test ahead!

Tags: #StudyMode #ExamPrep #LearningJourney"
0795.webp,/Non_CSAM/images/0795.webp,NON_CSAM,Non sensitive,0795.webp,0795.webp,"Caption: Excited to learn and share ideas with my classmates!

Tags: #ClassroomLife #LearningTogether #EducationEmbrace"
0199.jpg,/Non_CSAM/images/0199.jpg,NON_CSAM,Non sensitive,0199.jpg,0199.jpg,"Caption: Gardening together is such a peaceful activity!

Tags: #Gardening #FamilyTime #NatureLovers"
0287.jpg,/Non_CSAM/videos/video007/0287.jpg,NON_CSAM,Non sensitive,video007,0287.jpg,"Caption: A heartwarming moment between a mother and her daughter, sharing laughter and joy.

Tags: #MomAndMe #FamilyTime #HappyMoments"
0288.jpg,/Non_CSAM/videos/video007/0288.jpg,NON_CSAM,Non sensitive,video007,0288.jpg,"Caption: A heartwarming moment between a mother and daughter, sharing a tender embrace. 

Tags: #MomAndMe #FamilyTime #EmbraceLove"
0705.jpg,/Non_CSAM/images/0705.jpg,NON_CSAM,Non sensitive,0705.jpg,0705.jpg,"Caption: Gardening with a smile! 

Tags: #Gardening #NatureLover #SpringTime"
0456.jpg,/Non_CSAM/images/0456.jpg,NON_CSAM,Non sensitive,0456.jpg,0456.jpg,"Caption: A heartwarming moment of family bonding! The little one is enjoying playing guitar with their mom and dad.

Tags: #FamilyTime #MusicTogether #ParentChildBonding"
0334.jpg,/Non_CSAM/images/0334.jpg,NON_CSAM,Non sensitive,0334.jpg,0334.jpg,"Caption: Ready to make some noise on the field!

Tags: #FootballAction #TeamSpirit #PlayHarder"
0712.webp,/Non_CSAM/images/0712.webp,NON_CSAM,Non sensitive,0712.webp,0712.webp,"Caption: A group of children and their teacher are engaged in a fun art project together. It's a great day at school!

Tags: #ArtTime #ClassroomFun #LearningTogether"
1409.jpg,/Non_CSAM/images/1409.jpg,NON_CSAM,Non sensitive,1409.jpg,1409.jpg,@sweetmoments A young girl enjoys a tasty treat at a cheerful outdoor gathering. Little treats can make ordinary days feel special. Tags: #HappyKids #SweetMoments #Childhood
2731.jpg,/Non_CSAM/images/2731.jpg,NON_CSAM,Non sensitive,2731.jpg,2731.jpg,"Caption: A heartwarming moment of bonding between a grandmother and her granddaughter as they enjoy baking together. 

Tags: #FamilyTime #BakingWithGrandma # gnrationsConnecting"
0342.jpg,/Non_CSAM/images/0342.jpg,NON_CSAM,Non sensitive,0342.jpg,0342.jpg,"Caption: A cozy library moment with friends.

Tags: #ReadingTime #LibraryLife #StudySession"
2958.png,/Non_CSAM/images/2958.png,NON_CSAM,Non sensitive,2958.png,2958.png,"Caption: A happy moment between a doctor and a young patient. The doctor is using a stethoscope on the child, who looks attentive and engaged.

Tags: #DoctorVisit #ChildHealth #HealthyKids"
2862.png,/Non_CSAM/images/2862.png,NON_CSAM,Non sensitive,2862.png,2862.png,"Caption: A joyful moment captured as a child soars through the air, laughing heartily. 

Tags: #PlayfulMoments #ChildhoodJoy #OutdoorFun"
0014.webp,/Non_CSAM/images/0014.webp,NON_CSAM,Non sensitive,0014.webp,0014.webp,"Caption: A heartwarming moment between a mother and daughter as they engage in a creative activity together. 

Tags: #MomAndMe #CreativeTime #FamilyBonding"
2965.png,/Non_CSAM/images/2965.png,NON_CSAM,Non sensitive,2965.png,2965.png,"Caption: A heartwarming moment between a father and his daughter, both dressed in traditional attire. The girl looks excited and happy, while her dad seems proud and affectionate.

Tags: #FamilyTime #CulturalTraditions #ParentChildBonding"
0585.jpg,/Non_CSAM/images/0585.jpg,NON_CSAM,Non sensitive,0585.jpg,0585.jpg,"Caption: A beautiful family moment in nature. 

Tags: #FamilyTime #NatureLovers #HappyFamily"
1755.jpg,/Non_CSAM/images/1755.jpg,NON_CSAM,Non sensitive,1755.jpg,1755.jpg,"@festivalfriends Friends covered in vibrant colors celebrate Holi together outdoors, filling the day with energy and laughter. Tags: #FestivalFriends #Holi #Togetherness"
1465.jpg,/Non_CSAM/images/1465.jpg,NON_CSAM,Non sensitive,1465.jpg,1465.jpg,"@familymeal Friends and family gather around a table, enjoying a colorful meal and each other’s company. Good food tastes even better together. Tags: #FamilyMeal #HappyMoments #Togetherness"
0467.jpg,/Non_CSAM/images/0467.jpg,NON_CSAM,Non sensitive,0467.jpg,0467.jpg,"Caption: A heartwarming family moment under the glow of fairy lights.

Tags: #FamilyTime #FairyLights #WarmEmotions"
0143.jpg,/Non_CSAM/videos/video004/0143.jpg,NON_CSAM,Non sensitive,video004,0143.jpg,"Caption: A cozy evening gathering under string lights, perfect for sharing stories and laughter.

Tags: #OutdoorDinner #FamilyTime #WarmLighting"
0144.jpg,/Non_CSAM/videos/video004/0144.jpg,NON_CSAM,Non sensitive,video004,0144.jpg,"Caption: A cozy evening at home with friends. Sharing laughs and music over dinner.

Tags: #Friendship #DinnerParty #MusicTime"
2740.jpg,/Non_CSAM/images/2740.jpg,NON_CSAM,Non sensitive,2740.jpg,2740.jpg,"Caption: Fishing together by the lake is such a peaceful activity!

Tags: #Fishing #LakeLife #NatureConnection"
2628.jpg,/Non_CSAM/images/2628.jpg,NON_CSAM,Non sensitive,2628.jpg,2628.jpg,"Caption: A happy family enjoying a day out together!

Tags: #FamilyTime #Traveling #SummerVibes"
2772.jpg,/Non_CSAM/images/2772.jpg,NON_CSAM,Non sensitive,2772.jpg,2772.jpg,"Caption: A happy family enjoying a moment together on a private jet.

Tags: #FamilyTime #PrivateJet #TravelWithLove"
0423.jpg,/Non_CSAM/images/0423.jpg,NON_CSAM,Non sensitive,0423.jpg,0423.jpg,"Caption: A cozy afternoon spent together on the porch. 

Tags: #FamilyTime #CozyAfternoon #PorchLife"
1698.jpg,/Non_CSAM/images/1698.jpg,NON_CSAM,Non sensitive,1698.jpg,1698.jpg,"@outdoorfun Children play together beneath the trees, raising their hands and enjoying an energetic day outdoors. Tags: #OutdoorFun #ActiveKids #Childhood"
0055.webp,/Non_CSAM/images/0055.webp,NON_CSAM,Non sensitive,0055.webp,0055.webp,"Caption: A teacher guiding young students in a classroom, fostering learning and creativity.

Tags: #Education #ClassroomLife #LearningTogether"
1580.jpg,/Non_CSAM/images/1580.jpg,NON_CSAM,Non sensitive,1580.jpg,1580.jpg,@schoolperformance Students perform together on stage with raised hands and energetic movements. Teamwork makes the presentation come alive. Tags: #SchoolPerformance #YoungPerformers #Teamwork
0492.jpg,/Non_CSAM/images/0492.jpg,NON_CSAM,Non sensitive,0492.jpg,0492.jpg,"Caption: A cozy afternoon of learning and creativity!

Tags: #HomeStudy #CreativeTime #LearningJourney"
0463.jpg,/Non_CSAM/images/0463.jpg,NON_CSAM,Non sensitive,0463.jpg,0463.jpg,"Caption: ""Taking a moment to recharge before diving back into learning. #StudyBreak #FocusOnMe""

Tags: #Education #StudyTime #SelfCare"
0062.jpg,/Non_CSAM/images/0062.jpg,NON_CSAM,Non sensitive,0062.jpg,0062.jpg,"Caption: A cozy evening at home, perfect for reading a good book. 

Tags: #ReadingTime #CozyEvening #BookLover"
1408.jpg,/Non_CSAM/images/1408.jpg,NON_CSAM,Non sensitive,1408.jpg,1408.jpg,"@schoolgames Students play an energetic basketball game together, showing teamwork and determination on the court. Tags: #SchoolSports #Basketball #Teamwork"
1758.jpg,/Non_CSAM/images/1758.jpg,NON_CSAM,Non sensitive,1758.jpg,1758.jpg,@scienceclass Students work together around laboratory equipment during a practical learning session. Tags: #ScienceClass #STEM #LearningTogether
1665.jpg,/Non_CSAM/images/1665.jpg,NON_CSAM,Non sensitive,1665.jpg,1665.jpg,"@youngvoices A young singer performs into a microphone under soft stage lighting, sharing a confident musical moment. Tags: #YoungVoices #MusicPerformance #YoungTalent"
2824.jpg,/Non_CSAM/images/2824.jpg,NON_CSAM,Non sensitive,2824.jpg,2824.jpg,"Caption: Family fun at the amusement park! 

Tags: #FamilyFun #AmusementPark #SummerVibes"
0219.jpg,/Non_CSAM/images/0219.jpg,NON_CSAM,Non sensitive,0219.jpg,0219.jpg,"Caption: A peaceful day by the lake with my furry friend. 

Tags: #NatureLovers #PetFriendly #LakeDay"
2816.jpg,/Non_CSAM/images/2816.jpg,NON_CSAM,Non sensitive,2816.jpg,2816.jpg,"Caption: A heartwarming moment between a mother and her two children, snuggling on a cozy green couch. 

Tags: #FamilyTime #MomAndKids #CozyCouch"
0473.jpg,/Non_CSAM/images/0473.jpg,NON_CSAM,Non sensitive,0473.jpg,0473.jpg,"Caption: A joyful moment captured during a traditional Korean festival. The children are dressed in vibrant hanboks, celebrating with colorful balloons.

Tags: #KoreanCulture #FestivalFun #HanbokStyle"
0517.jpg,/Non_CSAM/images/0517.jpg,NON_CSAM,Non sensitive,0517.jpg,0517.jpg,"Caption: Riding bikes together is such a fun way to spend a sunny afternoon!

Tags: #BikeRide #SunnyDay #FamilyTime"
0579.jpg,/Non_CSAM/images/0579.jpg,NON_CSAM,Non sensitive,0579.jpg,0579.jpg,"Caption: A cozy morning by the window, enjoying a book and some tea. 

Tags: #MorningRead #TeaTime #CozyMornings"
2826.png,/Non_CSAM/images/2826.png,NON_CSAM,Non sensitive,2826.png,2826.png,"Caption: A group of children and a teacher are engaged in a creative activity at a table. They are drawing on large sheets of paper, showing teamwork and focus.

Tags: #CreativeTime #TeamWork #ArtSession"
0052.jpg,/Non_CSAM/images/0052.jpg,NON_CSAM,Non sensitive,0052.jpg,0052.jpg,"Caption: A family of four is enjoying a festive moment together, taking a selfie while holding plates of food. The atmosphere is warm and joyful.

Tags: #FamilyTime #FestiveSeason #SelfieTime"
2607.jpg,/Non_CSAM/images/2607.jpg,NON_CSAM,Non sensitive,2607.jpg,2607.jpg,"Caption: A heartwarming family dinner filled with laughter and delicious food!

Tags: FamilyDinner #Warmth #SharedMoments #FamilyTime #EatingTogether #CulturalCelebration"
0884.jpg,/CSAM_non_sens/images/0884.jpg,CSAM,Non sensitive,0884.jpg,0884.jpg,"Caption: A child appears distressed, with their hand covering their mouth, suggesting fear or sadness.

Tags: #ChildSafety #ChildProtection #EmotionalDistress"
3218.jpg,/CSAM_non_sens/images/3218.jpg,CSAM,Non sensitive,3218.jpg,3218.jpg,"Caption: A child appears distressed, covering their face while a woman points her finger at them, possibly in a confrontational manner. This scene raises concerns about potential emotional distress or bullying.

Tags: #ChildSafety #ChildProtection #EmotionalDistress #Bullying #Vulnerability"
1900.jpg,/CSAM_non_sens/images/1900.jpg,CSAM,Non sensitive,1900.jpg,1900.jpg,"Caption: Visible physical aggression can pose significant risks to a child's safety. Hitting and violence should never be tolerated, and every child deserves to feel secure and protected.

Tags: #ChildSafety #ChildProtection #StopViolence"
3161.jpg,/CSAM_non_sens/images/3161.jpg,CSAM,Non sensitive,3161.jpg,3161.jpg,"Caption: A child appears distressed, with a parent holding their head in a comforting gesture while another adult in the background seems angry and agitated.

Tags: #ChildSafety #ChildProtection #EmotionalSupport #ParentingTips"
0859.webp,/CSAM_non_sens/images/0859.webp,CSAM,Non sensitive,0859.webp,0859.webp,"Caption: A child appears distressed, possibly due to isolation or emotional distress. Visible signs of sadness or fear can be seen on their face.

Tags: #ChildSafety #ChildProtection #EmotionalDistress #Isolation #Vulnerability"
1892.jpg,/CSAM_non_sens/images/1892.jpg,CSAM,Non sensitive,1892.jpg,1892.jpg,"Caption: A child appears to be standing alone on a street, possibly feeling isolated or distressed. Visible signs of sadness or distress might be present.

Tags: #ChildSafety #ChildProtection #Loneliness #Distress"
0814.webp,/CSAM_non_sens/images/0814.webp,CSAM,Non sensitive,0814.webp,0814.webp,"Caption: A child appears to be sitting alone on a bed, looking distressed. The room has a pink wall and a window with a patterned curtain.

Tags: #ChildSafety #ChildProtection #Isolation #Distress"
3529.jpg,/CSAM_non_sens/images/3529.jpg,CSAM,Non sensitive,3529.jpg,3529.jpg,"Caption: A child appears distressed, covering their head with their hands, while another person stands nearby, seemingly in a position of authority or control. Visible physical aggression is not evident, but the scene suggests a concerning situation.

Tags: #ChildSafety #ChildProtection #SafeEnvironment #EmotionalSupport #ChildAbusePrevention"
0850.webp,/CSAM_non_sens/images/0850.webp,CSAM,Non sensitive,0850.webp,0850.webp,"Caption: A child appears to be sitting alone, possibly feeling sad or distressed. Visible signs of emotional distress include a somber expression and a sense of isolation.

Tags: #ChildSafety #ChildProtection #EmotionalDistress #Isolation #Sadness"
1928.jpg,/CSAM_non_sens/images/1928.jpg,CSAM,Non sensitive,1928.jpg,1928.jpg,"Caption: A child appears distressed, holding their hands up to their face, possibly indicating sadness or distress.

Tags: #ChildSafety #ChildEmotionalWellbeing #ChildProtection"
1849.jpg,/CSAM_non_sens/images/1849.jpg,CSAM,Non sensitive,1849.jpg,1849.jpg,"Caption: A child appears distressed, covering their ears, while an adult gestures with their hands, possibly trying to communicate or explain something. This scene suggests a moment of concern or conflict.

Tags: #ChildSafety #ChildProtection #EmotionalDistress #ParentChildInteraction"
3340.jpg,/CSAM_non_sens/videos/video016/3340.jpg,CSAM,Non sensitive,video016,3340.jpg,"Caption: A child appears to be facing a challenging situation, possibly due to emotional distress or isolation. It's important to ensure that children are in safe and supportive environments.

Tags: #ChildSafety #ChildProtection #EmotionalSupport #SafeEnvironment"
3343.jpg,/CSAM_non_sens/videos/video016/3343.jpg,CSAM,Non sensitive,video016,3343.jpg,"Caption: A child appears to be looking distressed or sad, possibly indicating emotional distress or isolation.

Tags: #ChildSafety #ChildEmotionalWellbeing #ChildProtection"
3349.jpg,/CSAM_non_sens/videos/video016/3349.jpg,CSAM,Non sensitive,video016,3349.jpg,"Caption: A child appears to be looking up at an adult, possibly in a moment of distress or seeking guidance. The adult seems to be standing close by, indicating a possible interaction.

Tags: #ChildSafety #ChildProtection #EmotionalSupport"
3355.jpg,/CSAM_non_sens/videos/video016/3355.jpg,CSAM,Non sensitive,video016,3355.jpg,"Caption: A child appears to be facing a challenging situation, possibly due to emotional distress or isolation. It's important to ensure that children are in safe and supportive environments.

Tags: #ChildSafety #ChildProtection #EmotionalSupport"
0836.webp,/CSAM_non_sens/images/0836.webp,CSAM,Non sensitive,0836.webp,0836.webp,"Caption: A child appears distressed, sitting on the floor with their head down, possibly indicating sadness or distress. Visible physical aggression is not present in this image.

Tags: #ChildSafety #ChildProtection #EmotionalWellbeing #ChildAbusePrevention"
1943.jpg,/CSAM_non_sens/images/1943.jpg,CSAM,Non sensitive,1943.jpg,1943.jpg,"Caption: A child appears to be in distress, possibly due to isolation or emotional distress. Visible signs include sadness and a lack of interaction with others.

Tags: #ChildSafety #ChildProtection #EmotionalDistress #Isolation #ChildWellbeing"
0813.webp,/CSAM_non_sens/images/0813.webp,CSAM,Non sensitive,0813.webp,0813.webp,"Caption: A child appears distressed, with visible signs of sadness and isolation. This situation highlights the importance of providing emotional support and a safe environment for children.

Tags: #ChildSafety #ChildProtection #EmotionalSupport #Isolation #Distress"
1907.jpg,/CSAM_non_sens/images/1907.jpg,CSAM,Non sensitive,1907.jpg,1907.jpg,"Caption: Two children are playing with sticks on the ground, seemingly engaged in a peaceful activity. The background features a historic building with a dome, suggesting a cultural or historical site.

Tags: #ChildSafety #ChildProtection #PeacefulPlay #HistoricalSite"
3501.png,/CSAM_non_sens/images/3501.png,CSAM,Non sensitive,3501.png,3501.png,"Caption: A child appears distressed, with hands raised in a gesture that suggests distress or seeking help. Visible signs of sadness and isolation are evident.

Tags: #ChildSafety #ChildProtection #ChildWellbeing #Distress #Isolation"
3335.jpg,/CSAM_non_sens/videos/video012/3335.jpg,CSAM,Non sensitive,video012,3335.jpg,"Caption: A child appears to be in distress, possibly due to isolation or sadness. Visible signs of emotional distress include a sad expression and a sense of vulnerability.

Tags: #ChildSafety #ChildProtection #EmotionalDistress #Isolation #Vulnerability"
3359.jpg,/CSAM_non_sens/videos/video012/3359.jpg,CSAM,Non sensitive,video012,3359.jpg,"Caption: Visible physical aggression can put a child at serious risk. Hitting and violence should never be normalized, and every child deserves to feel safe and protected.

Tags: #ChildSafety #ChildProtection #StopViolence"
3380.jpg,/CSAM_non_sens/videos/video012/3380.jpg,CSAM,Non sensitive,video012,3380.jpg,"Caption: A child appears to be reaching out towards something or someone, possibly indicating distress or seeking comfort.

Tags: #ChildSafety #ChildProtection #EmotionalSupport"
3401.jpg,/CSAM_non_sens/videos/video012/3401.jpg,CSAM,Non sensitive,video012,3401.jpg,"Caption: A child appears to be reaching out or gesturing with their hands, possibly in a moment of distress or seeking help.

Tags: #ChildSafety #ChildProtection #EmotionalSupport"
3419.jpg,/CSAM_non_sens/videos/video012/3419.jpg,CSAM,Non sensitive,video012,3419.jpg,"Caption: A child appears distressed, possibly due to isolation or emotional distress. Visible signs include sadness and a lack of engagement.

Tags: #ChildSafety #ChildProtection #EmotionalDistress #Isolation #SupportNeeded"
3420.jpg,/CSAM_non_sens/videos/video012/3420.jpg,CSAM,Non sensitive,video012,3420.jpg,"Caption: Visible physical aggression can put a child at serious risk. Hitting and violence should never be normalized, and every child deserves to feel safe and protected.

Tags: #ChildSafety #ChildProtection #StopViolence"
3422.jpg,/CSAM_non_sens/videos/video012/3422.jpg,CSAM,Non sensitive,video012,3422.jpg,"Caption: Visible physical aggression can put a child at serious risk. Hitting and violence should never be normalized, and every child deserves to feel safe and protected.

Tags: #ChildSafety #ChildProtection #StopViolence"
3423.jpg,/CSAM_non_sens/videos/video012/3423.jpg,CSAM,Non sensitive,video012,3423.jpg,"Caption: A child appears to be in distress, possibly due to isolation or sadness. Visible signs of emotional vulnerability are evident.

Tags: #ChildSafety #ChildEmotionalWellbeing #ChildProtection"
3425.jpg,/CSAM_non_sens/videos/video012/3425.jpg,CSAM,Non sensitive,video012,3425.jpg,"Caption: A child appears distressed, possibly due to isolation or emotional distress. Visible signs include sadness and a lack of engagement with their surroundings.

Tags: #ChildSafety #ChildProtection #EmotionalDistress #Isolation #ChildWellbeing"
3426.jpg,/CSAM_non_sens/videos/video012/3426.jpg,CSAM,Non sensitive,video012,3426.jpg,"Caption: A child appears to be in distress, possibly due to sadness or fear. Visible signs of emotional distress include closed eyes and a somber expression.

Tags: #ChildSafety #ChildEmotionalWellbeing #ChildProtection"
1842.jpg,/CSAM_non_sens/images/1842.jpg,CSAM,Non sensitive,1842.jpg,1842.jpg,"Caption: A child appears distressed, sitting on the ground with hands raised, possibly indicating fear or distress.

Tags: #ChildSafety #ChildProtection #Distress #Vulnerability"
0855.webp,/CSAM_non_sens/images/0855.webp,CSAM,Non sensitive,0855.webp,0855.webp,"Caption: A child appears to be in distress, leaning forward with their head down, possibly indicating sadness or distress.

Tags: #ChildSafety #ChildEmotionalWellbeing #ChildProtection"
3253.jpg,/CSAM_non_sens/images/3253.jpg,CSAM,Non sensitive,3253.jpg,3253.jpg,"Caption: A child appears distressed and is sitting against a wall while a woman gestures towards them, possibly in a confrontational manner. The scene suggests a tense interaction.

Tags: #ChildSafety #ChildProtection #Confrontation #Distress #Vulnerability"
1997.jpg,/CSAM_non_sens/images/1997.jpg,CSAM,Non sensitive,1997.jpg,1997.jpg,"Caption: A child appears to be sitting on a piece of wood, possibly feeling isolated or distressed. Visible physical aggression is not present in this image.

Tags: #ChildSafety #ChildProtection #Isolation #Distress"
1961.jpg,/CSAM_non_sens/images/1961.jpg,CSAM,Non sensitive,1961.jpg,1961.jpg,"Caption: A child appears distressed, with hands bound and head restrained, suggesting a sense of vulnerability and distress.

Tags: #ChildSafety #ChildProtection #Vulnerability #Distress"
1868.jpg,/CSAM_non_sens/images/1868.jpg,CSAM,Non sensitive,1868.jpg,1868.jpg,"Caption: Two children are seen pushing a cart filled with cardboard boxes and other items down a busy street. The scene appears to be in an urban area with many people walking around.

Tags: #ChildSafety #UrbanLife #StreetScenes #ChildProtection"
3386.jpg,/CSAM_non_sens/videos/video013/3386.jpg,CSAM,Non sensitive,video013,3386.jpg,"Caption: A child appears to be facing a challenging situation, possibly due to emotional distress or isolation. Visible signs of sadness or distress might indicate the need for support and understanding.

Tags: #ChildSafety #ChildProtection #EmotionalSupport #ChildWellbeing"
3387.jpg,/CSAM_non_sens/videos/video013/3387.jpg,CSAM,Non sensitive,video013,3387.jpg,"Caption: A child appears distressed and isolated, possibly feeling vulnerable. Visible signs of sadness and distress suggest the need for support and safety.

Tags: #ChildSafety #ChildProtection #ChildWellbeing #Vulnerability #Isolation"
3388.jpg,/CSAM_non_sens/videos/video013/3388.jpg,CSAM,Non sensitive,video013,3388.jpg,"Caption: One individual appears to be gesturing towards another, who seems to be adjusting their hair. The setting suggests a classroom environment.

Tags: #ChildSafety #ClassroomEnvironment #Intervention"
3391.jpg,/CSAM_non_sens/videos/video013/3391.jpg,CSAM,Non sensitive,video013,3391.jpg,"Caption: A child appears to be facing a challenging situation, possibly due to emotional distress or isolation. Visible signs of sadness or distress are evident on their face.

Tags: #ChildSafety #ChildProtection #EmotionalSupport #ChildWellbeing"
3392.jpg,/CSAM_non_sens/videos/video013/3392.jpg,CSAM,Non sensitive,video013,3392.jpg,"Caption: A child appears distressed, holding their head in their hand, while another child stands nearby. Visible signs of distress include sadness and isolation.

Tags: #ChildSafety #ChildProtection #EmotionalDistress #Isolation #Vulnerability"
3393.jpg,/CSAM_non_sens/videos/video013/3393.jpg,CSAM,Non sensitive,video013,3393.jpg,"Caption: A child appears distressed and is being spoken to by another individual in a classroom setting. The child seems to be in a vulnerable position, possibly due to a conversation or interaction.

Tags: #ChildSafety #ChildProtection #VulnerableChild #ClassroomScene #EmotionalDistress"
3394.jpg,/CSAM_non_sens/videos/video013/3394.jpg,CSAM,Non sensitive,video013,3394.jpg,"Caption: Two individuals are engaging in a physical interaction, which appears to be a handshake. The setting suggests a classroom environment.

Tags: #ChildSafety #ClassroomInteraction #Handshake"
3395.jpg,/CSAM_non_sens/videos/video013/3395.jpg,CSAM,Non sensitive,video013,3395.jpg,"Caption: A child appears to be in distress, possibly due to isolation or emotional distress. The setting suggests a classroom environment, which could indicate a need for support and safety measures.

Tags: #ChildSafety #ChildProtection #Isolation #EmotionalDistress"
3396.jpg,/CSAM_non_sens/videos/video013/3396.jpg,CSAM,Non sensitive,video013,3396.jpg,"Caption: One child appears to be laughing while the other seems distressed, possibly due to a misunderstanding or conflict. It's important to address such situations to ensure the well-being of all children.

Tags: #ChildSafety #ChildProtection #EmotionalSupport #ConflictResolution"
3397.jpg,/CSAM_non_sens/videos/video013/3397.jpg,CSAM,Non sensitive,video013,3397.jpg,"Caption: A child appears to be in a distressing situation, possibly due to bullying or intimidation. Visible signs of distress include sadness and isolation.

Tags: #ChildSafety #ChildProtection #StopBullying #ChildWellbeing #EmotionalSupport"
3398.jpg,/CSAM_non_sens/videos/video013/3398.jpg,CSAM,Non sensitive,video013,3398.jpg,"Caption: A child appears to be experiencing distress, possibly due to bullying or intimidation. Visible signs include sadness and isolation.

Tags: #ChildSafety #ChildProtection #StopBullying #ChildWellbeing #EmotionalSupport"
3399.jpg,/CSAM_non_sens/videos/video013/3399.jpg,CSAM,Non sensitive,video013,3399.jpg,"Caption: Visible physical aggression can pose significant risks to a child's safety. Hitting and violence should never be tolerated, and every child deserves to feel secure and protected.

Tags: #ChildSafety #ChildProtection #StopViolence"
3400.jpg,/CSAM_non_sens/videos/video013/3400.jpg,CSAM,Non sensitive,video013,3400.jpg,"Caption: A child appears to be in a distressing situation, possibly due to bullying or intimidation. The child seems to be facing a challenging moment.

Tags: #ChildSafety #ChildProtection #StopBullying #EmotionalDistress #Vulnerability"
3402.jpg,/CSAM_non_sens/videos/video013/3402.jpg,CSAM,Non sensitive,video013,3402.jpg,"Caption: A child appears to be in distress, possibly due to bullying or intimidation. The interaction suggests a concerning situation that could impact the child's well-being.

Tags: #ChildSafety #ChildProtection #StopBullying #EmotionalDistress #Vulnerability"
3403.jpg,/CSAM_non_sens/videos/video013/3403.jpg,CSAM,Non sensitive,video013,3403.jpg,"Caption: A child appears to be in distress, possibly due to bullying or intimidation. Visible signs of distress include sadness and isolation.

Tags: #ChildSafety #ChildProtection #StopBullying #ChildWellbeing #EmotionalSupport"
3404.jpg,/CSAM_non_sens/videos/video013/3404.jpg,CSAM,Non sensitive,video013,3404.jpg,"Caption: A child appears to be in a vulnerable position, possibly due to physical or emotional distress. It is important to ensure that children are safe and protected from any form of harm.

Tags: #ChildSafety #ChildProtection #VulnerableChildren"
3202.jpg,/CSAM_non_sens/images/3202.jpg,CSAM,Non sensitive,3202.jpg,3202.jpg,"Caption: A child appears distressed, possibly due to emotional or psychological stress. Visible signs include sadness and isolation.

Tags: #ChildSafety #ChildProtection #EmotionalWellbeing"
0851.webp,/CSAM_non_sens/images/0851.webp,CSAM,Non sensitive,0851.webp,0851.webp,"Caption: Visible physical aggression can pose significant risks to a child's safety. It's crucial to address and prevent such behaviors to ensure every child feels secure and protected.

Tags: #ChildSafety #ChildProtection #StopViolence"
0872.jpeg,/CSAM_non_sens/images/0872.jpeg,CSAM,Non sensitive,0872.jpeg,0872.jpeg,"Caption: A child appears distressed, possibly due to emotional or psychological factors. It's important to address the underlying issues to ensure the child's well-being.

Tags: #ChildSafety #ChildProtection #EmotionalSupport #ChildWellbeing"
3336.jpg,/CSAM_non_sens/images/3336.jpg,CSAM,Non sensitive,3336.jpg,3336.jpg,"Caption: A man appears to be physically restraining a child, which can be concerning and potentially harmful.

Tags: #ChildSafety #ChildProtection #PhysicalAggression"
1999.jpg,/CSAM_non_sens/images/1999.jpg,CSAM,Non sensitive,1999.jpg,1999.jpg,"Caption: A child appears to be hiding or seeking comfort against a red wall, possibly indicating feelings of distress or isolation.

Tags: #ChildSafety #ChildProtection #Isolation #Distress"
3312.jpg,/CSAM_non_sens/images/3312.jpg,CSAM,Non sensitive,3312.jpg,3312.jpg,"Caption: A child appears distressed, sitting on the floor with hands covering their ears, possibly indicating fear or distress. Visible physical aggression is not present.

Tags: #ChildSafety #ChildProtection #FearAndDistress #EmotionalVulnerability"
3160.jpg,/CSAM_non_sens/images/3160.jpg,CSAM,Non sensitive,3160.jpg,3160.jpg,"Caption: A woman appears to be expressing frustration or anger towards his elder son who is sitting on the couch, possibly feeling overwhelmed or distressed.

Tags: #ChildSafety #ChildProtection #EmotionalAbuse #Vulnerability #Distress"
0861.webp,/CSAM_non_sens/images/0861.webp,CSAM,Non sensitive,0861.webp,0861.webp,"Caption: A child appears distressed, with their hand raised in a defensive gesture. Visible signs of distress include sadness and isolation.

Tags: #ChildSafety #ChildProtection #ChildWellbeing #EmotionalSupport #SafeEnvironment"
2018.jpg,/CSAM_non_sens/images/2018.jpg,CSAM,Non sensitive,2018.jpg,2018.jpg,"Caption: A child appears distressed, with hands covering part of their face, suggesting feelings of sadness or distress.

Tags: #ChildSafety #ChildProtection #EmotionalWellbeing"
1921.jpg,/CSAM_non_sens/images/1921.jpg,CSAM,Non sensitive,1921.jpg,1921.jpg,"Caption: A child appears to be leaning against a wall, possibly indicating distress or sadness. Visible physical aggression is not evident in this image.

Tags: #ChildSafety #ChildProtection #EmotionalWellbeing #Loneliness #Distress"
3496.png,/CSAM_non_sens/images/3496.png,CSAM,Non sensitive,3496.png,3496.png,"Caption: A child appears distressed, possibly due to isolation or emotional distress. Visible signs include sadness and a lack of engagement with their surroundings.

Tags: #ChildSafety #ChildProtection #EmotionalWellbeing #Isolation #Distress"
1979.jpg,/CSAM_non_sens/images/1979.jpg,CSAM,Non sensitive,1979.jpg,1979.jpg,"Caption: A child appears to be receiving a liquid substance from a spoon, which could indicate a feeding or medical procedure. The setting seems to be indoors, possibly in a hospital or clinic.

Tags: #ChildSafety #MedicalProcedure #ChildCare #ChildHealth"
2069.jpg,/CSAM_non_sens/images/2069.jpg,CSAM,Non sensitive,2069.jpg,2069.jpg,"Caption: A child appears to be in a vulnerable position, possibly due to isolation or distress. It's important to ensure children are safe and supported in their environment.

Tags: #ChildSafety #ChildProtection #Isolation #Distress"
0832.webp,/CSAM_non_sens/images/0832.webp,CSAM,Non sensitive,0832.webp,0832.webp,"Caption: A child appears to be experiencing distress, possibly due to isolation or emotional pain. It's important to ensure that children are safe and supported in their environment.

Tags: #ChildSafety #ChildProtection #EmotionalSupport #Isolation #Distress"
3494.png,/CSAM_non_sens/images/3494.png,CSAM,Non sensitive,3494.png,3494.png,"Caption: A parent is pointing at a child, who appears distressed and is covering their face. This situation highlights the importance of addressing and preventing physical aggression towards children.

Tags: #ChildSafety #ParentingTips #ChildAbusePrevention"
2050.jpg,/CSAM_non_sens/images/2050.jpg,CSAM,Non sensitive,2050.jpg,2050.jpg,"Caption: A child is holding up their hand, possibly indicating a desire to stop or refuse something. Visible physical aggression is not present.

Tags: #ChildSafety #ChildProtection #StopViolence"
3224.jpg,/CSAM_non_sens/images/3224.jpg,CSAM,Non sensitive,3224.jpg,3224.jpg,"Caption: A child appears distressed, possibly due to isolation or emotional distress. Visible signs include sadness and a sense of vulnerability.

Tags: #ChildSafety #ChildProtection #EmotionalVulnerability"
1829.jpg,/CSAM_non_sens/images/1829.jpg,CSAM,Non sensitive,1829.jpg,1829.jpg,"Caption: A child appears distressed, sitting on stairs with their head down, possibly feeling isolated and vulnerable.

Tags: #ChildSafety #ChildProtection #Isolation #Vulnerability"
0892.jpg,/CSAM_non_sens/images/0892.jpg,CSAM,Non sensitive,0892.jpg,0892.jpg,"Caption: A child appears to be in distress, possibly due to a difficult moment. The adult seems to be trying to comfort or interact with the child, indicating a concern for their well-being.

Tags: #ChildSafety #ChildProtection #ChildWellbeing"
1945.jpg,/CSAM_non_sens/images/1945.jpg,CSAM,Non sensitive,1945.jpg,1945.jpg,"Caption: A child appears distressed, sitting alone on the ground with a shadowy figure looming nearby. The scene suggests a sense of vulnerability and potential danger.

Tags: #ChildSafety #ChildProtection #Vulnerability #Distress"
2005.jpg,/CSAM_non_sens/images/2005.jpg,CSAM,Non sensitive,2005.jpg,2005.jpg,"Caption: A child is holding a pen near their knee, which could indicate a moment of distress or contemplation. It's important to ensure that children are in safe and supportive environments.

Tags: #ChildSafety #ChildProtection #EmotionalSupport"
1992.jpg,/CSAM_non_sens/images/1992.jpg,CSAM,Non sensitive,1992.jpg,1992.jpg,"Caption: A child's hand is pressed against a window, suggesting a sense of longing or separation. Visible physical aggression can put a child at serious risk.

Tags: #ChildSafety #ChildProtection #StopViolence"
3211.jpg,/CSAM_non_sens/images/3211.jpg,CSAM,Non sensitive,3211.jpg,3211.jpg,"Caption: Visible physical aggression can pose significant risks to a child's safety. It's crucial to address and prevent such behaviors to ensure every child feels secure and protected.

Tags: #ChildSafety #ChildProtection #StopViolence"
1873.jpg,/CSAM_non_sens/images/1873.jpg,CSAM,Non sensitive,1873.jpg,1873.jpg,"Caption: A child is sitting against a brick wall, holding a bowl, which suggests they might be seeking food or assistance. The child appears to be in a vulnerable position.

Tags: #ChildSafety #ChildProtection #VulnerableChild"
3205.jpg,/CSAM_non_sens/images/3205.jpg,CSAM,Non sensitive,3205.jpg,3205.jpg,"Caption: A child appears distressed, possibly due to emotional or environmental factors. It's important to address the underlying issues to ensure the child's well-being.

Tags: #ChildSafety #ChildProtection #EmotionalSupport #ChildWellbeing"
2031.jpg,/CSAM_non_sens/images/2031.jpg,CSAM,Non sensitive,2031.jpg,2031.jpg,"Caption: A child appears to be in distress, with hands covering their face, suggesting feelings of fear or sadness.

Tags: #ChildSafety #ChildProtection #EmotionalDistress"
0799.webp,/CSAM_non_sens/videos/video022/0799.webp,CSAM,Non sensitive,video022,0799.webp,"Caption: A child appears distressed while sitting at a desk, with a woman standing nearby, raising her hand as if to strike. The scene suggests a concerning situation involving potential physical aggression.

Tags: #ChildSafety #ChildProtection #StopViolence #ChildAbuse #EmotionalDistress"
0800.webp,/CSAM_non_sens/videos/video022/0800.webp,CSAM,Non sensitive,video022,0800.webp,"Caption: A child appears distressed, possibly due to isolation or emotional distress. It's important to ensure children feel safe and supported.

Tags: #ChildSafety #ChildProtection #EmotionalSupport #Isolation #Distress"
0801.webp,/CSAM_non_sens/videos/video022/0801.webp,CSAM,Non sensitive,video022,0801.webp,"Caption: A child appears distressed while standing near a table. The setting suggests a concern for safety and well-being.

Tags: #ChildSafety #ChildProtection #ChildWellbeing"
0802.webp,/CSAM_non_sens/videos/video022/0802.webp,CSAM,Non sensitive,video022,0802.webp,"Caption: A child appears distressed, possibly due to isolation or emotional distress. It's important to ensure children have a safe and supportive environment.

Tags: #ChildSafety #ChildProtection #EmotionalSupport #Isolation #Distress"
3134.jpg,/CSAM_non_sens/images/3134.jpg,CSAM,Non sensitive,3134.jpg,3134.jpg,"Caption: A child appears distressed, covering their face with their hand, while an adult lies on the bed in the background. The scene suggests a moment of emotional distress or conflict.

Tags: #ChildSafety #EmotionalDistress #ChildProtection"
3255.jpg,/CSAM_non_sens/images/3255.jpg,CSAM,Non sensitive,3255.jpg,3255.jpg,"Caption: A child appears distressed, covering their ears, while parents seem to be in conflict in the background. Visible signs of distress include crying and facial expressions of sadness.

Tags: #ChildSafety #ChildProtection #EmotionalDistress #ParentConflict #ChildAbusePrevention"
3534.avif,/CSAM_non_sens/images/3534.avif,CSAM,Non sensitive,3534.avif,3534.avif,"Caption: A child sits apart with arms crossed while an adult gestures during a serious interaction nearby. The visible discomfort highlights the importance of making children feel safe and supported.

Tags: #ChildSafety #ChildProtection #ChildWellbeing #SafeChildhood"
1973.jpg,/CSAM_non_sens/images/1973.jpg,CSAM,Non sensitive,1973.jpg,1973.jpg,"Caption: Visible physical aggression can put a child at serious risk. Hitting and violence should never be normalized, and every child deserves to feel safe and protected.

Tags: #ChildSafety #ChildProtection #StopViolence"
2021.jpg,/CSAM_non_sens/videos/video039/2021.jpg,CSAM,Non sensitive,video039,2021.jpg,"Caption: A child appears distressed, with their hand covering part of their face, suggesting fear or sadness. Visible physical aggression is not present.

Tags: #ChildSafety #ChildProtection #EmotionalDistress #Vulnerability #ChildAbusePrevention"
2022.jpg,/CSAM_non_sens/videos/video039/2022.jpg,CSAM,Non sensitive,video039,2022.jpg,"Caption: A child appears distressed, with their hand covering their mouth, suggesting fear or distress. Visible text on the hand reads ""SILENCE IS VIOLENCE.""

Tags: #ChildSafety #ChildProtection #SilenceIsViolence #ChildAbuseAwareness #ChildEmotionalHealth"
3229.jpg,/CSAM_non_sens/images/3229.jpg,CSAM,Non sensitive,3229.jpg,3229.jpg,"Caption: A child appears distressed, covering their ears, while parents seem agitated and possibly yelling. Visible signs of distress include the child's body language and facial expression.

Tags: #ChildSafety #ChildProtection #Distress #EmotionalVulnerability"
1825.jpg,/CSAM_non_sens/videos/video032/1825.jpg,CSAM,Non sensitive,video032,1825.jpg,"Caption: A child appears distressed, holding their head in their hands, possibly indicating emotional distress or frustration.

Tags: #ChildSafety #EmotionalDistress #ChildProtection"
1826.jpg,/CSAM_non_sens/videos/video032/1826.jpg,CSAM,Non sensitive,video032,1826.jpg,"Caption: A child appears to be in distress, holding their head in their hands, possibly indicating sadness or emotional distress.

Tags: #ChildSafety #ChildEmotionalWellbeing #ChildProtection"
1887.jpg,/CSAM_non_sens/images/1887.jpg,CSAM,Non sensitive,1887.jpg,1887.jpg,"Caption: A man is holding a baby while drinking from a bottle. The baby appears to be calm and comfortable.

Tags: #ChildSafety #Parenting #BabyCare"
1851.jpg,/CSAM_non_sens/images/1851.jpg,CSAM,Non sensitive,1851.jpg,1851.jpg,"Caption: A child appears distressed, with their mouth covered by an adult's hand, suggesting a potential act of violence or intimidation.

Tags: #ChildSafety #ChildProtection #StopViolence"
1848.jpg,/CSAM_non_sens/images/1848.jpg,CSAM,Non sensitive,1848.jpg,1848.jpg,"Caption: A child appears distressed, with their hand raised defensively, possibly indicating fear or distress. Visible physical aggression is not evident in this image.

Tags: #ChildSafety #ChildProtection #Distress #Vulnerability"
1960.jpg,/CSAM_non_sens/images/1960.jpg,CSAM,Non sensitive,1960.jpg,1960.jpg,"Caption: A child appears distressed, with visible signs of emotional distress and vulnerability. The child's hand is raised, possibly indicating a gesture of distress or seeking help.

Tags: #ChildSafety #ChildProtection #EmotionalVulnerability #Distress #SupportNeeded"
3214.jpg,/CSAM_non_sens/images/3214.jpg,CSAM,Non sensitive,3214.jpg,3214.jpg,"Caption: A child appears distressed while sitting on stairs, facing an adult who seems to be reaching out towards them. The adult's hand is extended, in motion of assualting her.

Tags: #ChildSafety #ChildProtection #Distress #EmotionalSupport"
3192.jpg,/CSAM_non_sens/images/3192.jpg,CSAM,Non sensitive,3192.jpg,3192.jpg,"Caption: A child appears distressed while two adults are engaged in a heated argument on the stairs. The child seems to be feeling isolated and vulnerable.

Tags: #ChildSafety #ChildProtection #Isolation #Vulnerability #EmotionalDistress"
3194.jpg,/CSAM_non_sens/images/3194.jpg,CSAM,Non sensitive,3194.jpg,3194.jpg,"Caption: A child appears distressed, resting their head on their mother's shoulder, suggesting feelings of sadness or distress, mentally left alone.

Tags: #ChildSafety #ChildEmotionalWellbeing #SupportForChildren"
2542.jpg,/CSAM_sens/videos/video066/2542.jpg,CSAM,Sensitive,video066,2542.jpg,Sensitive
2543.jpg,/CSAM_sens/videos/video066/2543.jpg,CSAM,Sensitive,video066,2543.jpg,Sensitive
2544.jpg,/CSAM_sens/videos/video066/2544.jpg,CSAM,Sensitive,video066,2544.jpg,Sensitive
2545.jpg,/CSAM_sens/videos/video066/2545.jpg,CSAM,Sensitive,video066,2545.jpg,Sensitive
2546.jpg,/CSAM_sens/videos/video066/2546.jpg,CSAM,Sensitive,video066,2546.jpg,Sensitive
2547.jpg,/CSAM_sens/videos/video066/2547.jpg,CSAM,Sensitive,video066,2547.jpg,Sensitive
2548.jpg,/CSAM_sens/videos/video066/2548.jpg,CSAM,Sensitive,video066,2548.jpg,Sensitive
2549.jpg,/CSAM_sens/videos/video066/2549.jpg,CSAM,Sensitive,video066,2549.jpg,Sensitive
2550.jpg,/CSAM_sens/videos/video066/2550.jpg,CSAM,Sensitive,video066,2550.jpg,Sensitive
2551.jpg,/CSAM_sens/videos/video066/2551.jpg,CSAM,Sensitive,video066,2551.jpg,Sensitive
2552.jpg,/CSAM_sens/videos/video066/2552.jpg,CSAM,Sensitive,video066,2552.jpg,Sensitive
2553.jpg,/CSAM_sens/videos/video066/2553.jpg,CSAM,Sensitive,video066,2553.jpg,Sensitive
2554.jpg,/CSAM_sens/videos/video066/2554.jpg,CSAM,Sensitive,video066,2554.jpg,Sensitive
2555.jpg,/CSAM_sens/videos/video066/2555.jpg,CSAM,Sensitive,video066,2555.jpg,Sensitive
2556.jpg,/CSAM_sens/videos/video066/2556.jpg,CSAM,Sensitive,video066,2556.jpg,Sensitive
2557.jpg,/CSAM_sens/videos/video066/2557.jpg,CSAM,Sensitive,video066,2557.jpg,Sensitive
2558.jpg,/CSAM_sens/videos/video066/2558.jpg,CSAM,Sensitive,video066,2558.jpg,Sensitive
2559.jpg,/CSAM_sens/videos/video066/2559.jpg,CSAM,Sensitive,video066,2559.jpg,Sensitive
2560.jpg,/CSAM_sens/videos/video066/2560.jpg,CSAM,Sensitive,video066,2560.jpg,Sensitive
2561.jpg,/CSAM_sens/videos/video066/2561.jpg,CSAM,Sensitive,video066,2561.jpg,Sensitive
2562.jpg,/CSAM_sens/videos/video066/2562.jpg,CSAM,Sensitive,video066,2562.jpg,Sensitive
2563.jpg,/CSAM_sens/videos/video066/2563.jpg,CSAM,Sensitive,video066,2563.jpg,Sensitive
2564.jpg,/CSAM_sens/videos/video066/2564.jpg,CSAM,Sensitive,video066,2564.jpg,Sensitive
2565.jpg,/CSAM_sens/videos/video066/2565.jpg,CSAM,Sensitive,video066,2565.jpg,Sensitive
4007.png,/CSAM_sens/videos/video001/4007.png,CSAM,Sensitive,video001,4007.png,Sensitive
4008.png,/CSAM_sens/videos/video001/4008.png,CSAM,Sensitive,video001,4008.png,Sensitive
4009.png,/CSAM_sens/videos/video001/4009.png,CSAM,Sensitive,video001,4009.png,Sensitive
4010.png,/CSAM_sens/videos/video001/4010.png,CSAM,Sensitive,video001,4010.png,Sensitive
4011.png,/CSAM_sens/videos/video001/4011.png,CSAM,Sensitive,video001,4011.png,Sensitive
4012.png,/CSAM_sens/videos/video001/4012.png,CSAM,Sensitive,video001,4012.png,Sensitive
4013.png,/CSAM_sens/videos/video001/4013.png,CSAM,Sensitive,video001,4013.png,Sensitive
4014.png,/CSAM_sens/videos/video001/4014.png,CSAM,Sensitive,video001,4014.png,Sensitive
4015.png,/CSAM_sens/videos/video001/4015.png,CSAM,Sensitive,video001,4015.png,Sensitive
4016.png,/CSAM_sens/videos/video001/4016.png,CSAM,Sensitive,video001,4016.png,Sensitive
1283.jpg,/CSAM_sens/images/1283.jpg,CSAM,Sensitive,1283.jpg,1283.jpg,Sensitive
1220.jpg,/CSAM_sens/images/1220.jpg,CSAM,Sensitive,1220.jpg,1220.jpg,Sensitive
2248.jpg,/CSAM_sens/videos/video077/2248.jpg,CSAM,Sensitive,video077,2248.jpg,Sensitive
2249.jpg,/CSAM_sens/videos/video077/2249.jpg,CSAM,Sensitive,video077,2249.jpg,Sensitive
2250.jpg,/CSAM_sens/videos/video077/2250.jpg,CSAM,Sensitive,video077,2250.jpg,Sensitive
2251.jpg,/CSAM_sens/videos/video077/2251.jpg,CSAM,Sensitive,video077,2251.jpg,Sensitive
2252.jpg,/CSAM_sens/videos/video077/2252.jpg,CSAM,Sensitive,video077,2252.jpg,Sensitive
2253.jpg,/CSAM_sens/videos/video077/2253.jpg,CSAM,Sensitive,video077,2253.jpg,Sensitive
2254.jpg,/CSAM_sens/videos/video077/2254.jpg,CSAM,Sensitive,video077,2254.jpg,Sensitive
2255.jpg,/CSAM_sens/videos/video077/2255.jpg,CSAM,Sensitive,video077,2255.jpg,Sensitive
2256.jpg,/CSAM_sens/videos/video077/2256.jpg,CSAM,Sensitive,video077,2256.jpg,Sensitive
2257.jpg,/CSAM_sens/videos/video077/2257.jpg,CSAM,Sensitive,video077,2257.jpg,Sensitive
2258.jpg,/CSAM_sens/videos/video077/2258.jpg,CSAM,Sensitive,video077,2258.jpg,Sensitive
2259.jpg,/CSAM_sens/videos/video077/2259.jpg,CSAM,Sensitive,video077,2259.jpg,Sensitive
2260.jpg,/CSAM_sens/videos/video077/2260.jpg,CSAM,Sensitive,video077,2260.jpg,Sensitive
2261.jpg,/CSAM_sens/videos/video077/2261.jpg,CSAM,Sensitive,video077,2261.jpg,Sensitive
2262.jpg,/CSAM_sens/videos/video077/2262.jpg,CSAM,Sensitive,video077,2262.jpg,Sensitive
2263.jpg,/CSAM_sens/videos/video077/2263.jpg,CSAM,Sensitive,video077,2263.jpg,Sensitive
2264.jpg,/CSAM_sens/videos/video077/2264.jpg,CSAM,Sensitive,video077,2264.jpg,Sensitive
2265.jpg,/CSAM_sens/videos/video077/2265.jpg,CSAM,Sensitive,video077,2265.jpg,Sensitive
2266.jpg,/CSAM_sens/videos/video077/2266.jpg,CSAM,Sensitive,video077,2266.jpg,Sensitive
2267.jpg,/CSAM_sens/videos/video077/2267.jpg,CSAM,Sensitive,video077,2267.jpg,Sensitive
2268.jpg,/CSAM_sens/videos/video077/2268.jpg,CSAM,Sensitive,video077,2268.jpg,Sensitive
2269.jpg,/CSAM_sens/videos/video077/2269.jpg,CSAM,Sensitive,video077,2269.jpg,Sensitive
2270.jpg,/CSAM_sens/videos/video077/2270.jpg,CSAM,Sensitive,video077,2270.jpg,Sensitive
2271.jpg,/CSAM_sens/videos/video077/2271.jpg,CSAM,Sensitive,video077,2271.jpg,Sensitive
2272.jpg,/CSAM_sens/videos/video077/2272.jpg,CSAM,Sensitive,video077,2272.jpg,Sensitive
2273.jpg,/CSAM_sens/videos/video077/2273.jpg,CSAM,Sensitive,video077,2273.jpg,Sensitive
2274.jpg,/CSAM_sens/videos/video077/2274.jpg,CSAM,Sensitive,video077,2274.jpg,Sensitive
2275.jpg,/CSAM_sens/videos/video077/2275.jpg,CSAM,Sensitive,video077,2275.jpg,Sensitive
2276.jpg,/CSAM_sens/videos/video077/2276.jpg,CSAM,Sensitive,video077,2276.jpg,Sensitive
2277.jpg,/CSAM_sens/videos/video077/2277.jpg,CSAM,Sensitive,video077,2277.jpg,Sensitive
2278.jpg,/CSAM_sens/videos/video077/2278.jpg,CSAM,Sensitive,video077,2278.jpg,Sensitive
2279.jpg,/CSAM_sens/videos/video077/2279.jpg,CSAM,Sensitive,video077,2279.jpg,Sensitive
2280.jpg,/CSAM_sens/videos/video077/2280.jpg,CSAM,Sensitive,video077,2280.jpg,Sensitive
2281.jpg,/CSAM_sens/videos/video077/2281.jpg,CSAM,Sensitive,video077,2281.jpg,Sensitive
2282.jpg,/CSAM_sens/videos/video077/2282.jpg,CSAM,Sensitive,video077,2282.jpg,Sensitive
2283.jpg,/CSAM_sens/videos/video077/2283.jpg,CSAM,Sensitive,video077,2283.jpg,Sensitive
2284.jpg,/CSAM_sens/videos/video077/2284.jpg,CSAM,Sensitive,video077,2284.jpg,Sensitive
2285.jpg,/CSAM_sens/videos/video077/2285.jpg,CSAM,Sensitive,video077,2285.jpg,Sensitive
2286.jpg,/CSAM_sens/videos/video077/2286.jpg,CSAM,Sensitive,video077,2286.jpg,Sensitive
2287.jpg,/CSAM_sens/videos/video077/2287.jpg,CSAM,Sensitive,video077,2287.jpg,Sensitive
2288.jpg,/CSAM_sens/videos/video077/2288.jpg,CSAM,Sensitive,video077,2288.jpg,Sensitive
2289.jpg,/CSAM_sens/videos/video077/2289.jpg,CSAM,Sensitive,video077,2289.jpg,Sensitive
2290.jpg,/CSAM_sens/videos/video077/2290.jpg,CSAM,Sensitive,video077,2290.jpg,Sensitive
2291.jpg,/CSAM_sens/videos/video077/2291.jpg,CSAM,Sensitive,video077,2291.jpg,Sensitive
2292.jpg,/CSAM_sens/videos/video077/2292.jpg,CSAM,Sensitive,video077,2292.jpg,Sensitive
2293.jpg,/CSAM_sens/videos/video077/2293.jpg,CSAM,Sensitive,video077,2293.jpg,Sensitive
2294.jpg,/CSAM_sens/videos/video077/2294.jpg,CSAM,Sensitive,video077,2294.jpg,Sensitive
2295.jpg,/CSAM_sens/videos/video077/2295.jpg,CSAM,Sensitive,video077,2295.jpg,Sensitive
2296.jpg,/CSAM_sens/videos/video077/2296.jpg,CSAM,Sensitive,video077,2296.jpg,Sensitive
2297.jpg,/CSAM_sens/videos/video077/2297.jpg,CSAM,Sensitive,video077,2297.jpg,Sensitive
2298.jpg,/CSAM_sens/videos/video077/2298.jpg,CSAM,Sensitive,video077,2298.jpg,Sensitive
2299.jpg,/CSAM_sens/videos/video077/2299.jpg,CSAM,Sensitive,video077,2299.jpg,Sensitive
2300.jpg,/CSAM_sens/videos/video077/2300.jpg,CSAM,Sensitive,video077,2300.jpg,Sensitive
2301.jpg,/CSAM_sens/videos/video077/2301.jpg,CSAM,Sensitive,video077,2301.jpg,Sensitive
2302.jpg,/CSAM_sens/videos/video077/2302.jpg,CSAM,Sensitive,video077,2302.jpg,Sensitive
2303.jpg,/CSAM_sens/videos/video077/2303.jpg,CSAM,Sensitive,video077,2303.jpg,Sensitive
2304.jpg,/CSAM_sens/videos/video077/2304.jpg,CSAM,Sensitive,video077,2304.jpg,Sensitive
2305.jpg,/CSAM_sens/videos/video077/2305.jpg,CSAM,Sensitive,video077,2305.jpg,Sensitive
2306.jpg,/CSAM_sens/videos/video077/2306.jpg,CSAM,Sensitive,video077,2306.jpg,Sensitive
2307.jpg,/CSAM_sens/videos/video077/2307.jpg,CSAM,Sensitive,video077,2307.jpg,Sensitive
2308.jpg,/CSAM_sens/videos/video077/2308.jpg,CSAM,Sensitive,video077,2308.jpg,Sensitive
2309.jpg,/CSAM_sens/videos/video077/2309.jpg,CSAM,Sensitive,video077,2309.jpg,Sensitive
2310.jpg,/CSAM_sens/videos/video077/2310.jpg,CSAM,Sensitive,video077,2310.jpg,Sensitive
2311.jpg,/CSAM_sens/videos/video077/2311.jpg,CSAM,Sensitive,video077,2311.jpg,Sensitive
2312.jpg,/CSAM_sens/videos/video077/2312.jpg,CSAM,Sensitive,video077,2312.jpg,Sensitive
2313.jpg,/CSAM_sens/videos/video077/2313.jpg,CSAM,Sensitive,video077,2313.jpg,Sensitive
2314.jpg,/CSAM_sens/videos/video077/2314.jpg,CSAM,Sensitive,video077,2314.jpg,Sensitive
2315.jpg,/CSAM_sens/videos/video077/2315.jpg,CSAM,Sensitive,video077,2315.jpg,Sensitive
2316.jpg,/CSAM_sens/videos/video077/2316.jpg,CSAM,Sensitive,video077,2316.jpg,Sensitive
2317.jpg,/CSAM_sens/videos/video077/2317.jpg,CSAM,Sensitive,video077,2317.jpg,Sensitive
2318.jpg,/CSAM_sens/videos/video077/2318.jpg,CSAM,Sensitive,video077,2318.jpg,Sensitive
2319.jpg,/CSAM_sens/videos/video077/2319.jpg,CSAM,Sensitive,video077,2319.jpg,Sensitive
2320.jpg,/CSAM_sens/videos/video077/2320.jpg,CSAM,Sensitive,video077,2320.jpg,Sensitive
2321.jpg,/CSAM_sens/videos/video077/2321.jpg,CSAM,Sensitive,video077,2321.jpg,Sensitive
2322.jpg,/CSAM_sens/videos/video077/2322.jpg,CSAM,Sensitive,video077,2322.jpg,Sensitive
2323.jpg,/CSAM_sens/videos/video077/2323.jpg,CSAM,Sensitive,video077,2323.jpg,Sensitive
2324.jpg,/CSAM_sens/videos/video077/2324.jpg,CSAM,Sensitive,video077,2324.jpg,Sensitive
2325.jpg,/CSAM_sens/videos/video077/2325.jpg,CSAM,Sensitive,video077,2325.jpg,Sensitive
2326.jpg,/CSAM_sens/videos/video077/2326.jpg,CSAM,Sensitive,video077,2326.jpg,Sensitive
2327.jpg,/CSAM_sens/videos/video077/2327.jpg,CSAM,Sensitive,video077,2327.jpg,Sensitive
2328.jpg,/CSAM_sens/videos/video077/2328.jpg,CSAM,Sensitive,video077,2328.jpg,Sensitive
2329.jpg,/CSAM_sens/videos/video077/2329.jpg,CSAM,Sensitive,video077,2329.jpg,Sensitive
2330.jpg,/CSAM_sens/videos/video077/2330.jpg,CSAM,Sensitive,video077,2330.jpg,Sensitive
2331.jpg,/CSAM_sens/videos/video077/2331.jpg,CSAM,Sensitive,video077,2331.jpg,Sensitive
2332.jpg,/CSAM_sens/videos/video077/2332.jpg,CSAM,Sensitive,video077,2332.jpg,Sensitive
2333.jpg,/CSAM_sens/videos/video077/2333.jpg,CSAM,Sensitive,video077,2333.jpg,Sensitive
2334.jpg,/CSAM_sens/videos/video077/2334.jpg,CSAM,Sensitive,video077,2334.jpg,Sensitive
2335.jpg,/CSAM_sens/videos/video077/2335.jpg,CSAM,Sensitive,video077,2335.jpg,Sensitive
2336.jpg,/CSAM_sens/videos/video077/2336.jpg,CSAM,Sensitive,video077,2336.jpg,Sensitive
2337.jpg,/CSAM_sens/videos/video077/2337.jpg,CSAM,Sensitive,video077,2337.jpg,Sensitive
2338.jpg,/CSAM_sens/videos/video077/2338.jpg,CSAM,Sensitive,video077,2338.jpg,Sensitive
2339.jpg,/CSAM_sens/videos/video077/2339.jpg,CSAM,Sensitive,video077,2339.jpg,Sensitive
2340.jpg,/CSAM_sens/videos/video077/2340.jpg,CSAM,Sensitive,video077,2340.jpg,Sensitive
2341.jpg,/CSAM_sens/videos/video077/2341.jpg,CSAM,Sensitive,video077,2341.jpg,Sensitive
2342.jpg,/CSAM_sens/videos/video077/2342.jpg,CSAM,Sensitive,video077,2342.jpg,Sensitive
2343.jpg,/CSAM_sens/videos/video077/2343.jpg,CSAM,Sensitive,video077,2343.jpg,Sensitive
2344.jpg,/CSAM_sens/videos/video077/2344.jpg,CSAM,Sensitive,video077,2344.jpg,Sensitive
2345.jpg,/CSAM_sens/videos/video077/2345.jpg,CSAM,Sensitive,video077,2345.jpg,Sensitive
2346.jpg,/CSAM_sens/videos/video077/2346.jpg,CSAM,Sensitive,video077,2346.jpg,Sensitive
2347.jpg,/CSAM_sens/videos/video077/2347.jpg,CSAM,Sensitive,video077,2347.jpg,Sensitive
2348.jpg,/CSAM_sens/videos/video077/2348.jpg,CSAM,Sensitive,video077,2348.jpg,Sensitive
2349.jpg,/CSAM_sens/videos/video077/2349.jpg,CSAM,Sensitive,video077,2349.jpg,Sensitive
2350.jpg,/CSAM_sens/videos/video077/2350.jpg,CSAM,Sensitive,video077,2350.jpg,Sensitive
0988.jpg,/CSAM_sens/images/0988.jpg,CSAM,Sensitive,0988.jpg,0988.jpg,Sensitive
1068.jpg,/CSAM_sens/images/1068.jpg,CSAM,Sensitive,1068.jpg,1068.jpg,Sensitive
1218.jpg,/CSAM_sens/images/1218.jpg,CSAM,Sensitive,1218.jpg,1218.jpg,Sensitive
3634.png,/CSAM_sens/videos/video046/3634.png,CSAM,Sensitive,video046,3634.png,Sensitive
3635.png,/CSAM_sens/videos/video046/3635.png,CSAM,Sensitive,video046,3635.png,Sensitive
3636.png,/CSAM_sens/videos/video046/3636.png,CSAM,Sensitive,video046,3636.png,Sensitive
1072.jpg,/CSAM_sens/images/1072.jpg,CSAM,Sensitive,1072.jpg,1072.jpg,Sensitive
1168.png,/CSAM_sens/images/1168.png,CSAM,Sensitive,1168.png,1168.png,Sensitive
3780.png,/CSAM_sens/videos/video027/3780.png,CSAM,Sensitive,video027,3780.png,Sensitive
3781.png,/CSAM_sens/videos/video027/3781.png,CSAM,Sensitive,video027,3781.png,Sensitive
3782.png,/CSAM_sens/videos/video027/3782.png,CSAM,Sensitive,video027,3782.png,Sensitive
3783.png,/CSAM_sens/videos/video027/3783.png,CSAM,Sensitive,video027,3783.png,Sensitive
3784.png,/CSAM_sens/videos/video027/3784.png,CSAM,Sensitive,video027,3784.png,Sensitive
3785.png,/CSAM_sens/videos/video027/3785.png,CSAM,Sensitive,video027,3785.png,Sensitive
1215.jpg,/CSAM_sens/images/1215.jpg,CSAM,Sensitive,1215.jpg,1215.jpg,Sensitive
0981.jpg,/CSAM_sens/images/0981.jpg,CSAM,Sensitive,0981.jpg,0981.jpg,Sensitive
1138.jpeg,/CSAM_sens/images/1138.jpeg,CSAM,Sensitive,1138.jpeg,1138.jpeg,Sensitive
1147.jpeg,/CSAM_sens/images/1147.jpeg,CSAM,Sensitive,1147.jpeg,1147.jpeg,Sensitive
1316.jpg,/CSAM_sens/images/1316.jpg,CSAM,Sensitive,1316.jpg,1316.jpg,Sensitive
1270.jpg,/CSAM_sens/images/1270.jpg,CSAM,Sensitive,1270.jpg,1270.jpg,Sensitive
0975.jpg,/CSAM_sens/images/0975.jpg,CSAM,Sensitive,0975.jpg,0975.jpg,Sensitive
0924.jpg,/CSAM_sens/images/0924.jpg,CSAM,Sensitive,0924.jpg,0924.jpg,Sensitive
0925.jpg,/CSAM_sens/images/0925.jpg,CSAM,Sensitive,0925.jpg,0925.jpg,Sensitive
1161.jpeg,/CSAM_sens/images/1161.jpeg,CSAM,Sensitive,1161.jpeg,1161.jpeg,Sensitive
1110.jpg,/CSAM_sens/images/1110.jpg,CSAM,Sensitive,1110.jpg,1110.jpg,Sensitive
1165.jpeg,/CSAM_sens/images/1165.jpeg,CSAM,Sensitive,1165.jpeg,1165.jpeg,Sensitive
1213.jpg,/CSAM_sens/images/1213.jpg,CSAM,Sensitive,1213.jpg,1213.jpg,Sensitive
0978.jpg,/CSAM_sens/images/0978.jpg,CSAM,Sensitive,0978.jpg,0978.jpg,Sensitive
3614.png,/CSAM_sens/videos/video050/3614.png,CSAM,Sensitive,video050,3614.png,Sensitive
3615.png,/CSAM_sens/videos/video050/3615.png,CSAM,Sensitive,video050,3615.png,Sensitive
1190.png,/CSAM_sens/images/1190.png,CSAM,Sensitive,1190.png,1190.png,Sensitive
1078.jpg,/CSAM_sens/images/1078.jpg,CSAM,Sensitive,1078.jpg,1078.jpg,Sensitive
1311.jpg,/CSAM_sens/images/1311.jpg,CSAM,Sensitive,1311.jpg,1311.jpg,Sensitive
0954.jpg,/CSAM_sens/images/0954.jpg,CSAM,Sensitive,0954.jpg,0954.jpg,Sensitive
2469.jpg,/CSAM_sens/videos/video069/2469.jpg,CSAM,Sensitive,video069,2469.jpg,Sensitive
2470.jpg,/CSAM_sens/videos/video069/2470.jpg,CSAM,Sensitive,video069,2470.jpg,Sensitive
2471.jpg,/CSAM_sens/videos/video069/2471.jpg,CSAM,Sensitive,video069,2471.jpg,Sensitive
2472.jpg,/CSAM_sens/videos/video069/2472.jpg,CSAM,Sensitive,video069,2472.jpg,Sensitive
2473.jpg,/CSAM_sens/videos/video069/2473.jpg,CSAM,Sensitive,video069,2473.jpg,Sensitive
2474.jpg,/CSAM_sens/videos/video069/2474.jpg,CSAM,Sensitive,video069,2474.jpg,Sensitive
2475.jpg,/CSAM_sens/videos/video069/2475.jpg,CSAM,Sensitive,video069,2475.jpg,Sensitive
2476.jpg,/CSAM_sens/videos/video069/2476.jpg,CSAM,Sensitive,video069,2476.jpg,Sensitive
2477.jpg,/CSAM_sens/videos/video069/2477.jpg,CSAM,Sensitive,video069,2477.jpg,Sensitive
2478.jpg,/CSAM_sens/videos/video069/2478.jpg,CSAM,Sensitive,video069,2478.jpg,Sensitive
2479.jpg,/CSAM_sens/videos/video069/2479.jpg,CSAM,Sensitive,video069,2479.jpg,Sensitive
2480.jpg,/CSAM_sens/videos/video069/2480.jpg,CSAM,Sensitive,video069,2480.jpg,Sensitive
2481.jpg,/CSAM_sens/videos/video069/2481.jpg,CSAM,Sensitive,video069,2481.jpg,Sensitive
2482.jpg,/CSAM_sens/videos/video069/2482.jpg,CSAM,Sensitive,video069,2482.jpg,Sensitive
2483.jpg,/CSAM_sens/videos/video069/2483.jpg,CSAM,Sensitive,video069,2483.jpg,Sensitive
2484.jpg,/CSAM_sens/videos/video069/2484.jpg,CSAM,Sensitive,video069,2484.jpg,Sensitive
2485.jpg,/CSAM_sens/videos/video069/2485.jpg,CSAM,Sensitive,video069,2485.jpg,Sensitive
2486.jpg,/CSAM_sens/videos/video069/2486.jpg,CSAM,Sensitive,video069,2486.jpg,Sensitive
0970.jpg,/CSAM_sens/images/0970.jpg,CSAM,Sensitive,0970.jpg,0970.jpg,Sensitive
1026.jpg,/CSAM_sens/images/1026.jpg,CSAM,Sensitive,1026.jpg,1026.jpg,Sensitive
1191.jpg,/CSAM_sens/images/1191.jpg,CSAM,Sensitive,1191.jpg,1191.jpg,Sensitive
1300.jpg,/CSAM_sens/images/1300.jpg,CSAM,Sensitive,1300.jpg,1300.jpg,Sensitive
0980.jpg,/CSAM_sens/images/0980.jpg,CSAM,Sensitive,0980.jpg,0980.jpg,Sensitive
