image name,filepath,label,subtype,group_id
3049.png,/Non_CSAM/images/3049.png,NON_CSAM,Non sensitive,3049.png
0255.jpg,/Non_CSAM/images/0255.jpg,NON_CSAM,Non sensitive,0255.jpg
2947.png,/Non_CSAM/images/2947.png,NON_CSAM,Non sensitive,2947.png
1594.jpg,/Non_CSAM/images/1594.jpg,NON_CSAM,Non sensitive,1594.jpg
0373.jpg,/Non_CSAM/images/0373.jpg,NON_CSAM,Non sensitive,0373.jpg
1795.jpg,/Non_CSAM/images/1795.jpg,NON_CSAM,Non sensitive,1795.jpg
3024.png,/Non_CSAM/images/3024.png,NON_CSAM,Non sensitive,3024.png
1618.jpg,/Non_CSAM/images/1618.jpg,NON_CSAM,Non sensitive,1618.jpg
3055.png,/Non_CSAM/images/3055.png,NON_CSAM,Non sensitive,3055.png
1563.jpg,/Non_CSAM/images/1563.jpg,NON_CSAM,Non sensitive,1563.jpg
3117.jpg,/Non_CSAM/images/3117.jpg,NON_CSAM,Non sensitive,3117.jpg
0069.jpg,/Non_CSAM/images/0069.jpg,NON_CSAM,Non sensitive,0069.jpg
2782.jpg,/Non_CSAM/videos/video016/2782.jpg,NON_CSAM,Non sensitive,video016
2783.jpg,/Non_CSAM/videos/video016/2783.jpg,NON_CSAM,Non sensitive,video016
2946.png,/Non_CSAM/images/2946.png,NON_CSAM,Non sensitive,2946.png
1332.jpg,/Non_CSAM/images/1332.jpg,NON_CSAM,Non sensitive,1332.jpg
0278.jpg,/Non_CSAM/images/0278.jpg,NON_CSAM,Non sensitive,0278.jpg
3046.png,/Non_CSAM/images/3046.png,NON_CSAM,Non sensitive,3046.png
2643.jpg,/Non_CSAM/images/2643.jpg,NON_CSAM,Non sensitive,2643.jpg
0786.webp,/Non_CSAM/images/0786.webp,NON_CSAM,Non sensitive,0786.webp
3089.jpg,/Non_CSAM/images/3089.jpg,NON_CSAM,Non sensitive,3089.jpg
1331.jpg,/Non_CSAM/images/1331.jpg,NON_CSAM,Non sensitive,1331.jpg
0589.jpg,/Non_CSAM/images/0589.jpg,NON_CSAM,Non sensitive,0589.jpg
1359.jpg,/Non_CSAM/images/1359.jpg,NON_CSAM,Non sensitive,1359.jpg
2790.jpg,/Non_CSAM/images/2790.jpg,NON_CSAM,Non sensitive,2790.jpg
0358.jpg,/Non_CSAM/images/0358.jpg,NON_CSAM,Non sensitive,0358.jpg
2785.jpg,/Non_CSAM/images/2785.jpg,NON_CSAM,Non sensitive,2785.jpg
1574.jpg,/Non_CSAM/images/1574.jpg,NON_CSAM,Non sensitive,1574.jpg
1528.jpg,/Non_CSAM/images/1528.jpg,NON_CSAM,Non sensitive,1528.jpg
0290.jpg,/Non_CSAM/images/0290.jpg,NON_CSAM,Non sensitive,0290.jpg
1768.jpg,/Non_CSAM/images/1768.jpg,NON_CSAM,Non sensitive,1768.jpg
2940.png,/Non_CSAM/images/2940.png,NON_CSAM,Non sensitive,2940.png
2705.jpg,/Non_CSAM/images/2705.jpg,NON_CSAM,Non sensitive,2705.jpg
1429.jpg,/Non_CSAM/images/1429.jpg,NON_CSAM,Non sensitive,1429.jpg
3001.png,/Non_CSAM/images/3001.png,NON_CSAM,Non sensitive,3001.png
0099.jpg,/Non_CSAM/images/0099.jpg,NON_CSAM,Non sensitive,0099.jpg
1805.jpg,/Non_CSAM/images/1805.jpg,NON_CSAM,Non sensitive,1805.jpg
0384.jpg,/Non_CSAM/images/0384.jpg,NON_CSAM,Non sensitive,0384.jpg
2964.png,/Non_CSAM/images/2964.png,NON_CSAM,Non sensitive,2964.png
1800.jpg,/Non_CSAM/images/1800.jpg,NON_CSAM,Non sensitive,1800.jpg
2666.jpg,/Non_CSAM/images/2666.jpg,NON_CSAM,Non sensitive,2666.jpg
1334.jpg,/Non_CSAM/images/1334.jpg,NON_CSAM,Non sensitive,1334.jpg
1328.jpg,/Non_CSAM/images/1328.jpg,NON_CSAM,Non sensitive,1328.jpg
2738.jpg,/Non_CSAM/videos/video014/2738.jpg,NON_CSAM,Non sensitive,video014
2739.jpg,/Non_CSAM/videos/video014/2739.jpg,NON_CSAM,Non sensitive,video014
1627.jpg,/Non_CSAM/images/1627.jpg,NON_CSAM,Non sensitive,1627.jpg
1621.jpg,/Non_CSAM/images/1621.jpg,NON_CSAM,Non sensitive,1621.jpg
1445.jpg,/Non_CSAM/images/1445.jpg,NON_CSAM,Non sensitive,1445.jpg
2592.jpg,/Non_CSAM/images/2592.jpg,NON_CSAM,Non sensitive,2592.jpg
2761.jpg,/Non_CSAM/images/2761.jpg,NON_CSAM,Non sensitive,2761.jpg
0252.jpg,/Non_CSAM/images/0252.jpg,NON_CSAM,Non sensitive,0252.jpg
2692.jpg,/Non_CSAM/images/2692.jpg,NON_CSAM,Non sensitive,2692.jpg
2864.png,/Non_CSAM/images/2864.png,NON_CSAM,Non sensitive,2864.png
0267.jpg,/Non_CSAM/images/0267.jpg,NON_CSAM,Non sensitive,0267.jpg
1413.jpg,/Non_CSAM/images/1413.jpg,NON_CSAM,Non sensitive,1413.jpg
2936.png,/Non_CSAM/images/2936.png,NON_CSAM,Non sensitive,2936.png
3026.png,/Non_CSAM/images/3026.png,NON_CSAM,Non sensitive,3026.png
0584.jpg,/Non_CSAM/images/0584.jpg,NON_CSAM,Non sensitive,0584.jpg
0400.jpg,/Non_CSAM/images/0400.jpg,NON_CSAM,Non sensitive,0400.jpg
2595.jpg,/Non_CSAM/images/2595.jpg,NON_CSAM,Non sensitive,2595.jpg
0217.jpg,/Non_CSAM/images/0217.jpg,NON_CSAM,Non sensitive,0217.jpg
1779.jpg,/Non_CSAM/images/1779.jpg,NON_CSAM,Non sensitive,1779.jpg
1696.jpg,/Non_CSAM/images/1696.jpg,NON_CSAM,Non sensitive,1696.jpg
1794.jpg,/Non_CSAM/images/1794.jpg,NON_CSAM,Non sensitive,1794.jpg
1523.jpg,/Non_CSAM/images/1523.jpg,NON_CSAM,Non sensitive,1523.jpg
1752.jpg,/Non_CSAM/images/1752.jpg,NON_CSAM,Non sensitive,1752.jpg
0749.webp,/Non_CSAM/images/0749.webp,NON_CSAM,Non sensitive,0749.webp
0415.jpg,/Non_CSAM/images/0415.jpg,NON_CSAM,Non sensitive,0415.jpg
1466.jpg,/Non_CSAM/images/1466.jpg,NON_CSAM,Non sensitive,1466.jpg
2791.jpg,/Non_CSAM/images/2791.jpg,NON_CSAM,Non sensitive,2791.jpg
1494.jpg,/Non_CSAM/images/1494.jpg,NON_CSAM,Non sensitive,1494.jpg
0725.webp,/Non_CSAM/images/0725.webp,NON_CSAM,Non sensitive,0725.webp
0425.jpg,/Non_CSAM/images/0425.jpg,NON_CSAM,Non sensitive,0425.jpg
0043.webp,/Non_CSAM/images/0043.webp,NON_CSAM,Non sensitive,0043.webp
2948.png,/Non_CSAM/images/2948.png,NON_CSAM,Non sensitive,2948.png
0092.jpg,/Non_CSAM/images/0092.jpg,NON_CSAM,Non sensitive,0092.jpg
2568.jpg,/Non_CSAM/images/2568.jpg,NON_CSAM,Non sensitive,2568.jpg
0182.jpg,/Non_CSAM/images/0182.jpg,NON_CSAM,Non sensitive,0182.jpg
0514.jpg,/Non_CSAM/images/0514.jpg,NON_CSAM,Non sensitive,0514.jpg
1537.jpg,/Non_CSAM/images/1537.jpg,NON_CSAM,Non sensitive,1537.jpg
3083.jpg,/Non_CSAM/images/3083.jpg,NON_CSAM,Non sensitive,3083.jpg
0501.jpg,/Non_CSAM/images/0501.jpg,NON_CSAM,Non sensitive,0501.jpg
0443.jpg,/Non_CSAM/images/0443.jpg,NON_CSAM,Non sensitive,0443.jpg
0337.jpg,/Non_CSAM/images/0337.jpg,NON_CSAM,Non sensitive,0337.jpg
0750.jpg,/Non_CSAM/images/0750.jpg,NON_CSAM,Non sensitive,0750.jpg
1620.jpg,/Non_CSAM/images/1620.jpg,NON_CSAM,Non sensitive,1620.jpg
2847.png,/Non_CSAM/images/2847.png,NON_CSAM,Non sensitive,2847.png
0604.jpg,/Non_CSAM/images/0604.jpg,NON_CSAM,Non sensitive,0604.jpg
0459.jpg,/Non_CSAM/images/0459.jpg,NON_CSAM,Non sensitive,0459.jpg
0135.jpg,/Non_CSAM/videos/video003/0135.jpg,NON_CSAM,Non sensitive,video003
0136.jpg,/Non_CSAM/videos/video003/0136.jpg,NON_CSAM,Non sensitive,video003
0591.jpg,/Non_CSAM/images/0591.jpg,NON_CSAM,Non sensitive,0591.jpg
2981.png,/Non_CSAM/images/2981.png,NON_CSAM,Non sensitive,2981.png
0209.jpg,/Non_CSAM/images/0209.jpg,NON_CSAM,Non sensitive,0209.jpg
0755.jpg,/Non_CSAM/images/0755.jpg,NON_CSAM,Non sensitive,0755.jpg
0304.jpg,/Non_CSAM/images/0304.jpg,NON_CSAM,Non sensitive,0304.jpg
2674.jpg,/Non_CSAM/images/2674.jpg,NON_CSAM,Non sensitive,2674.jpg
2911.png,/Non_CSAM/images/2911.png,NON_CSAM,Non sensitive,2911.png
2591.jpg,/Non_CSAM/images/2591.jpg,NON_CSAM,Non sensitive,2591.jpg
0147.jpg,/Non_CSAM/images/0147.jpg,NON_CSAM,Non sensitive,0147.jpg
2954.png,/Non_CSAM/images/2954.png,NON_CSAM,Non sensitive,2954.png
0141.jpg,/Non_CSAM/images/0141.jpg,NON_CSAM,Non sensitive,0141.jpg
3092.jpg,/Non_CSAM/images/3092.jpg,NON_CSAM,Non sensitive,3092.jpg
0025.jpeg,/Non_CSAM/images/0025.jpeg,NON_CSAM,Non sensitive,0025.jpeg
0192.jpg,/Non_CSAM/images/0192.jpg,NON_CSAM,Non sensitive,0192.jpg
3019.png,/Non_CSAM/images/3019.png,NON_CSAM,Non sensitive,3019.png
1622.jpg,/Non_CSAM/images/1622.jpg,NON_CSAM,Non sensitive,1622.jpg
0130.jpg,/Non_CSAM/images/0130.jpg,NON_CSAM,Non sensitive,0130.jpg
0431.jpg,/Non_CSAM/images/0431.jpg,NON_CSAM,Non sensitive,0431.jpg
2925.png,/Non_CSAM/images/2925.png,NON_CSAM,Non sensitive,2925.png
1711.jpg,/Non_CSAM/images/1711.jpg,NON_CSAM,Non sensitive,1711.jpg
0140.jpg,/Non_CSAM/images/0140.jpg,NON_CSAM,Non sensitive,0140.jpg
2983.png,/Non_CSAM/images/2983.png,NON_CSAM,Non sensitive,2983.png
1747.jpg,/Non_CSAM/images/1747.jpg,NON_CSAM,Non sensitive,1747.jpg
0166.jpg,/Non_CSAM/images/0166.jpg,NON_CSAM,Non sensitive,0166.jpg
2679.jpg,/Non_CSAM/images/2679.jpg,NON_CSAM,Non sensitive,2679.jpg
0673.jpg,/Non_CSAM/images/0673.jpg,NON_CSAM,Non sensitive,0673.jpg
0247.jpg,/Non_CSAM/images/0247.jpg,NON_CSAM,Non sensitive,0247.jpg
1602.jpg,/Non_CSAM/images/1602.jpg,NON_CSAM,Non sensitive,1602.jpg
2672.jpg,/Non_CSAM/images/2672.jpg,NON_CSAM,Non sensitive,2672.jpg
0225.jpg,/Non_CSAM/images/0225.jpg,NON_CSAM,Non sensitive,0225.jpg
3030.png,/Non_CSAM/images/3030.png,NON_CSAM,Non sensitive,3030.png
1612.jpg,/Non_CSAM/images/1612.jpg,NON_CSAM,Non sensitive,1612.jpg
2735.jpg,/Non_CSAM/images/2735.jpg,NON_CSAM,Non sensitive,2735.jpg
0197.jpg,/Non_CSAM/images/0197.jpg,NON_CSAM,Non sensitive,0197.jpg
1703.jpg,/Non_CSAM/images/1703.jpg,NON_CSAM,Non sensitive,1703.jpg
1400.jpg,/Non_CSAM/images/1400.jpg,NON_CSAM,Non sensitive,1400.jpg
1539.jpg,/Non_CSAM/images/1539.jpg,NON_CSAM,Non sensitive,1539.jpg
0643.jpg,/Non_CSAM/images/0643.jpg,NON_CSAM,Non sensitive,0643.jpg
1688.jpg,/Non_CSAM/images/1688.jpg,NON_CSAM,Non sensitive,1688.jpg
1535.jpg,/Non_CSAM/images/1535.jpg,NON_CSAM,Non sensitive,1535.jpg
1401.jpg,/Non_CSAM/images/1401.jpg,NON_CSAM,Non sensitive,1401.jpg
1669.jpg,/Non_CSAM/images/1669.jpg,NON_CSAM,Non sensitive,1669.jpg
1412.jpg,/Non_CSAM/images/1412.jpg,NON_CSAM,Non sensitive,1412.jpg
2953.png,/Non_CSAM/images/2953.png,NON_CSAM,Non sensitive,2953.png
3015.png,/Non_CSAM/images/3015.png,NON_CSAM,Non sensitive,3015.png
0239.jpg,/Non_CSAM/images/0239.jpg,NON_CSAM,Non sensitive,0239.jpg
2834.png,/Non_CSAM/images/2834.png,NON_CSAM,Non sensitive,2834.png
1619.jpg,/Non_CSAM/images/1619.jpg,NON_CSAM,Non sensitive,1619.jpg
1567.jpg,/Non_CSAM/images/1567.jpg,NON_CSAM,Non sensitive,1567.jpg
0116.jpg,/Non_CSAM/images/0116.jpg,NON_CSAM,Non sensitive,0116.jpg
2654.jpg,/Non_CSAM/images/2654.jpg,NON_CSAM,Non sensitive,2654.jpg
2821.jpg,/Non_CSAM/images/2821.jpg,NON_CSAM,Non sensitive,2821.jpg
0667.jpg,/Non_CSAM/images/0667.jpg,NON_CSAM,Non sensitive,0667.jpg
0377.jpg,/Non_CSAM/images/0377.jpg,NON_CSAM,Non sensitive,0377.jpg
3070.jpg,/Non_CSAM/images/3070.jpg,NON_CSAM,Non sensitive,3070.jpg
0549.jpg,/Non_CSAM/images/0549.jpg,NON_CSAM,Non sensitive,0549.jpg
0046.webp,/Non_CSAM/images/0046.webp,NON_CSAM,Non sensitive,0046.webp
1705.jpg,/Non_CSAM/images/1705.jpg,NON_CSAM,Non sensitive,1705.jpg
1655.jpg,/Non_CSAM/images/1655.jpg,NON_CSAM,Non sensitive,1655.jpg
1406.jpg,/Non_CSAM/images/1406.jpg,NON_CSAM,Non sensitive,1406.jpg
3036.png,/Non_CSAM/images/3036.png,NON_CSAM,Non sensitive,3036.png
0360.jpg,/Non_CSAM/images/0360.jpg,NON_CSAM,Non sensitive,0360.jpg
0413.jpg,/Non_CSAM/images/0413.jpg,NON_CSAM,Non sensitive,0413.jpg
1814.jpg,/Non_CSAM/images/1814.jpg,NON_CSAM,Non sensitive,1814.jpg
0061.jpg,/Non_CSAM/images/0061.jpg,NON_CSAM,Non sensitive,0061.jpg
0387.jpg,/Non_CSAM/images/0387.jpg,NON_CSAM,Non sensitive,0387.jpg
0744.webp,/Non_CSAM/images/0744.webp,NON_CSAM,Non sensitive,0744.webp
0438.jpg,/Non_CSAM/images/0438.jpg,NON_CSAM,Non sensitive,0438.jpg
1733.jpg,/Non_CSAM/images/1733.jpg,NON_CSAM,Non sensitive,1733.jpg
0221.jpg,/Non_CSAM/videos/video006/0221.jpg,NON_CSAM,Non sensitive,video006
0222.jpg,/Non_CSAM/videos/video006/0222.jpg,NON_CSAM,Non sensitive,video006
0668.jpg,/Non_CSAM/images/0668.jpg,NON_CSAM,Non sensitive,0668.jpg
3011.png,/Non_CSAM/images/3011.png,NON_CSAM,Non sensitive,3011.png
0644.jpg,/Non_CSAM/images/0644.jpg,NON_CSAM,Non sensitive,0644.jpg
2631.jpg,/Non_CSAM/images/2631.jpg,NON_CSAM,Non sensitive,2631.jpg
2811.jpg,/Non_CSAM/images/2811.jpg,NON_CSAM,Non sensitive,2811.jpg
2646.jpg,/Non_CSAM/images/2646.jpg,NON_CSAM,Non sensitive,2646.jpg
1789.jpg,/Non_CSAM/images/1789.jpg,NON_CSAM,Non sensitive,1789.jpg
0087.jpg,/Non_CSAM/images/0087.jpg,NON_CSAM,Non sensitive,0087.jpg
0622.jpg,/Non_CSAM/images/0622.jpg,NON_CSAM,Non sensitive,0622.jpg
2831.png,/Non_CSAM/images/2831.png,NON_CSAM,Non sensitive,2831.png
1578.jpg,/Non_CSAM/images/1578.jpg,NON_CSAM,Non sensitive,1578.jpg
0590.jpg,/Non_CSAM/images/0590.jpg,NON_CSAM,Non sensitive,0590.jpg
0650.jpg,/Non_CSAM/images/0650.jpg,NON_CSAM,Non sensitive,0650.jpg
0371.jpg,/Non_CSAM/images/0371.jpg,NON_CSAM,Non sensitive,0371.jpg
1576.jpg,/Non_CSAM/images/1576.jpg,NON_CSAM,Non sensitive,1576.jpg
0664.jpg,/Non_CSAM/images/0664.jpg,NON_CSAM,Non sensitive,0664.jpg
0028.jpeg,/Non_CSAM/images/0028.jpeg,NON_CSAM,Non sensitive,0028.jpeg
1685.jpg,/Non_CSAM/images/1685.jpg,NON_CSAM,Non sensitive,1685.jpg
2781.jpg,/Non_CSAM/images/2781.jpg,NON_CSAM,Non sensitive,2781.jpg
0566.jpg,/Non_CSAM/images/0566.jpg,NON_CSAM,Non sensitive,0566.jpg
0186.jpg,/Non_CSAM/images/0186.jpg,NON_CSAM,Non sensitive,0186.jpg
2728.jpg,/Non_CSAM/videos/video013/2728.jpg,NON_CSAM,Non sensitive,video013
2729.jpg,/Non_CSAM/videos/video013/2729.jpg,NON_CSAM,Non sensitive,video013
1448.jpg,/Non_CSAM/images/1448.jpg,NON_CSAM,Non sensitive,1448.jpg
1614.jpg,/Non_CSAM/images/1614.jpg,NON_CSAM,Non sensitive,1614.jpg
3071.jpg,/Non_CSAM/images/3071.jpg,NON_CSAM,Non sensitive,3071.jpg
0006.webp,/Non_CSAM/images/0006.webp,NON_CSAM,Non sensitive,0006.webp
0790.jpg,/Non_CSAM/images/0790.jpg,NON_CSAM,Non sensitive,0790.jpg
0700.jpg,/Non_CSAM/images/0700.jpg,NON_CSAM,Non sensitive,0700.jpg
3031.png,/Non_CSAM/images/3031.png,NON_CSAM,Non sensitive,3031.png
0734.webp,/Non_CSAM/images/0734.webp,NON_CSAM,Non sensitive,0734.webp
3057.jpg,/Non_CSAM/images/3057.jpg,NON_CSAM,Non sensitive,3057.jpg
1447.jpg,/Non_CSAM/images/1447.jpg,NON_CSAM,Non sensitive,1447.jpg
2810.jpg,/Non_CSAM/images/2810.jpg,NON_CSAM,Non sensitive,2810.jpg
1382.jpg,/Non_CSAM/images/1382.jpg,NON_CSAM,Non sensitive,1382.jpg
1392.jpg,/Non_CSAM/videos/video008/1392.jpg,NON_CSAM,Non sensitive,video008
1393.jpg,/Non_CSAM/videos/video008/1393.jpg,NON_CSAM,Non sensitive,video008
1394.jpg,/Non_CSAM/videos/video008/1394.jpg,NON_CSAM,Non sensitive,video008
1553.jpg,/Non_CSAM/images/1553.jpg,NON_CSAM,Non sensitive,1553.jpg
0410.jpg,/Non_CSAM/images/0410.jpg,NON_CSAM,Non sensitive,0410.jpg
2658.jpg,/Non_CSAM/images/2658.jpg,NON_CSAM,Non sensitive,2658.jpg
0560.jpg,/Non_CSAM/images/0560.jpg,NON_CSAM,Non sensitive,0560.jpg
2795.jpg,/Non_CSAM/images/2795.jpg,NON_CSAM,Non sensitive,2795.jpg
0494.jpg,/Non_CSAM/images/0494.jpg,NON_CSAM,Non sensitive,0494.jpg
1354.jpg,/Non_CSAM/images/1354.jpg,NON_CSAM,Non sensitive,1354.jpg
0279.jpg,/Non_CSAM/images/0279.jpg,NON_CSAM,Non sensitive,0279.jpg
2642.jpg,/Non_CSAM/images/2642.jpg,NON_CSAM,Non sensitive,2642.jpg
0019.webp,/Non_CSAM/images/0019.webp,NON_CSAM,Non sensitive,0019.webp
1344.jpg,/Non_CSAM/images/1344.jpg,NON_CSAM,Non sensitive,1344.jpg
1677.jpg,/Non_CSAM/images/1677.jpg,NON_CSAM,Non sensitive,1677.jpg
0541.jpg,/Non_CSAM/images/0541.jpg,NON_CSAM,Non sensitive,0541.jpg
1570.jpg,/Non_CSAM/images/1570.jpg,NON_CSAM,Non sensitive,1570.jpg
0716.webp,/Non_CSAM/images/0716.webp,NON_CSAM,Non sensitive,0716.webp
1588.jpg,/Non_CSAM/images/1588.jpg,NON_CSAM,Non sensitive,1588.jpg
0306.jpg,/Non_CSAM/images/0306.jpg,NON_CSAM,Non sensitive,0306.jpg
0478.jpg,/Non_CSAM/images/0478.jpg,NON_CSAM,Non sensitive,0478.jpg
0382.jpg,/Non_CSAM/images/0382.jpg,NON_CSAM,Non sensitive,0382.jpg
1559.jpg,/Non_CSAM/images/1559.jpg,NON_CSAM,Non sensitive,1559.jpg
0398.jpg,/Non_CSAM/images/0398.jpg,NON_CSAM,Non sensitive,0398.jpg
0788.webp,/Non_CSAM/images/0788.webp,NON_CSAM,Non sensitive,0788.webp
1376.jpg,/Non_CSAM/images/1376.jpg,NON_CSAM,Non sensitive,1376.jpg
0403.jpg,/Non_CSAM/images/0403.jpg,NON_CSAM,Non sensitive,0403.jpg
0379.jpg,/Non_CSAM/images/0379.jpg,NON_CSAM,Non sensitive,0379.jpg
1432.jpg,/Non_CSAM/images/1432.jpg,NON_CSAM,Non sensitive,1432.jpg
2859.png,/Non_CSAM/images/2859.png,NON_CSAM,Non sensitive,2859.png
3017.png,/Non_CSAM/images/3017.png,NON_CSAM,Non sensitive,3017.png
0374.jpg,/Non_CSAM/images/0374.jpg,NON_CSAM,Non sensitive,0374.jpg
0758.webp,/Non_CSAM/images/0758.webp,NON_CSAM,Non sensitive,0758.webp
1530.jpg,/Non_CSAM/images/1530.jpg,NON_CSAM,Non sensitive,1530.jpg
1473.jpg,/Non_CSAM/images/1473.jpg,NON_CSAM,Non sensitive,1473.jpg
2900.png,/Non_CSAM/images/2900.png,NON_CSAM,Non sensitive,2900.png
0771.webp,/Non_CSAM/images/0771.webp,NON_CSAM,Non sensitive,0771.webp
0444.jpg,/Non_CSAM/images/0444.jpg,NON_CSAM,Non sensitive,0444.jpg
0302.jpg,/Non_CSAM/images/0302.jpg,NON_CSAM,Non sensitive,0302.jpg
0163.jpg,/Non_CSAM/images/0163.jpg,NON_CSAM,Non sensitive,0163.jpg
1439.jpg,/Non_CSAM/images/1439.jpg,NON_CSAM,Non sensitive,1439.jpg
2627.jpg,/Non_CSAM/images/2627.jpg,NON_CSAM,Non sensitive,2627.jpg
1762.jpg,/Non_CSAM/images/1762.jpg,NON_CSAM,Non sensitive,1762.jpg
3058.jpg,/Non_CSAM/images/3058.jpg,NON_CSAM,Non sensitive,3058.jpg
0764.webp,/Non_CSAM/images/0764.webp,NON_CSAM,Non sensitive,0764.webp
0768.webp,/Non_CSAM/images/0768.webp,NON_CSAM,Non sensitive,0768.webp
0266.jpg,/Non_CSAM/images/0266.jpg,NON_CSAM,Non sensitive,0266.jpg
0161.jpg,/Non_CSAM/images/0161.jpg,NON_CSAM,Non sensitive,0161.jpg
1628.jpg,/Non_CSAM/images/1628.jpg,NON_CSAM,Non sensitive,1628.jpg
0561.jpg,/Non_CSAM/images/0561.jpg,NON_CSAM,Non sensitive,0561.jpg
3028.png,/Non_CSAM/images/3028.png,NON_CSAM,Non sensitive,3028.png
0029.jpeg,/Non_CSAM/images/0029.jpeg,NON_CSAM,Non sensitive,0029.jpeg
1391.jpg,/Non_CSAM/images/1391.jpg,NON_CSAM,Non sensitive,1391.jpg
3079.jpg,/Non_CSAM/images/3079.jpg,NON_CSAM,Non sensitive,3079.jpg
0646.jpg,/Non_CSAM/images/0646.jpg,NON_CSAM,Non sensitive,0646.jpg
2943.png,/Non_CSAM/images/2943.png,NON_CSAM,Non sensitive,2943.png
0701.jpg,/Non_CSAM/images/0701.jpg,NON_CSAM,Non sensitive,0701.jpg
1510.jpg,/Non_CSAM/images/1510.jpg,NON_CSAM,Non sensitive,1510.jpg
2716.jpg,/Non_CSAM/images/2716.jpg,NON_CSAM,Non sensitive,2716.jpg
1716.jpg,/Non_CSAM/images/1716.jpg,NON_CSAM,Non sensitive,1716.jpg
1615.jpg,/Non_CSAM/images/1615.jpg,NON_CSAM,Non sensitive,1615.jpg
1481.jpg,/Non_CSAM/images/1481.jpg,NON_CSAM,Non sensitive,1481.jpg
3119.jpg,/Non_CSAM/images/3119.jpg,NON_CSAM,Non sensitive,3119.jpg
2992.png,/Non_CSAM/images/2992.png,NON_CSAM,Non sensitive,2992.png
1386.jpg,/Non_CSAM/images/1386.jpg,NON_CSAM,Non sensitive,1386.jpg
0538.jpg,/Non_CSAM/images/0538.jpg,NON_CSAM,Non sensitive,0538.jpg
0312.jpg,/Non_CSAM/images/0312.jpg,NON_CSAM,Non sensitive,0312.jpg
0776.webp,/Non_CSAM/images/0776.webp,NON_CSAM,Non sensitive,0776.webp
1587.jpg,/Non_CSAM/images/1587.jpg,NON_CSAM,Non sensitive,1587.jpg
0401.jpg,/Non_CSAM/images/0401.jpg,NON_CSAM,Non sensitive,0401.jpg
3059.jpg,/Non_CSAM/images/3059.jpg,NON_CSAM,Non sensitive,3059.jpg
0326.jpg,/Non_CSAM/images/0326.jpg,NON_CSAM,Non sensitive,0326.jpg
2623.jpg,/Non_CSAM/images/2623.jpg,NON_CSAM,Non sensitive,2623.jpg
0375.jpg,/Non_CSAM/images/0375.jpg,NON_CSAM,Non sensitive,0375.jpg
1720.jpg,/Non_CSAM/images/1720.jpg,NON_CSAM,Non sensitive,1720.jpg
2949.png,/Non_CSAM/images/2949.png,NON_CSAM,Non sensitive,2949.png
2852.png,/Non_CSAM/images/2852.png,NON_CSAM,Non sensitive,2852.png
1804.jpg,/Non_CSAM/images/1804.jpg,NON_CSAM,Non sensitive,1804.jpg
2612.jpg,/Non_CSAM/images/2612.jpg,NON_CSAM,Non sensitive,2612.jpg
2747.jpg,/Non_CSAM/images/2747.jpg,NON_CSAM,Non sensitive,2747.jpg
0778.webp,/Non_CSAM/images/0778.webp,NON_CSAM,Non sensitive,0778.webp
0361.jpg,/Non_CSAM/images/0361.jpg,NON_CSAM,Non sensitive,0361.jpg
2920.png,/Non_CSAM/images/2920.png,NON_CSAM,Non sensitive,2920.png
0507.jpg,/Non_CSAM/images/0507.jpg,NON_CSAM,Non sensitive,0507.jpg
0416.jpg,/Non_CSAM/images/0416.jpg,NON_CSAM,Non sensitive,0416.jpg
2671.jpg,/Non_CSAM/images/2671.jpg,NON_CSAM,Non sensitive,2671.jpg
2659.jpg,/Non_CSAM/images/2659.jpg,NON_CSAM,Non sensitive,2659.jpg
0394.jpg,/Non_CSAM/images/0394.jpg,NON_CSAM,Non sensitive,0394.jpg
1388.jpg,/Non_CSAM/images/1388.jpg,NON_CSAM,Non sensitive,1388.jpg
0652.jpg,/Non_CSAM/images/0652.jpg,NON_CSAM,Non sensitive,0652.jpg
2577.jpg,/Non_CSAM/images/2577.jpg,NON_CSAM,Non sensitive,2577.jpg
0313.jpg,/Non_CSAM/images/0313.jpg,NON_CSAM,Non sensitive,0313.jpg
3109.jpg,/Non_CSAM/images/3109.jpg,NON_CSAM,Non sensitive,3109.jpg
0674.jpg,/Non_CSAM/images/0674.jpg,NON_CSAM,Non sensitive,0674.jpg
1569.jpg,/Non_CSAM/images/1569.jpg,NON_CSAM,Non sensitive,1569.jpg
2719.jpg,/Non_CSAM/images/2719.jpg,NON_CSAM,Non sensitive,2719.jpg
1455.jpg,/Non_CSAM/images/1455.jpg,NON_CSAM,Non sensitive,1455.jpg
0146.jpg,/Non_CSAM/images/0146.jpg,NON_CSAM,Non sensitive,0146.jpg
0534.jpg,/Non_CSAM/images/0534.jpg,NON_CSAM,Non sensitive,0534.jpg
2999.png,/Non_CSAM/images/2999.png,NON_CSAM,Non sensitive,2999.png
2968.png,/Non_CSAM/images/2968.png,NON_CSAM,Non sensitive,2968.png
2690.jpg,/Non_CSAM/images/2690.jpg,NON_CSAM,Non sensitive,2690.jpg
0119.jpg,/Non_CSAM/images/0119.jpg,NON_CSAM,Non sensitive,0119.jpg
2937.png,/Non_CSAM/images/2937.png,NON_CSAM,Non sensitive,2937.png
0365.jpg,/Non_CSAM/images/0365.jpg,NON_CSAM,Non sensitive,0365.jpg
1812.jpg,/Non_CSAM/images/1812.jpg,NON_CSAM,Non sensitive,1812.jpg
0336.jpg,/Non_CSAM/images/0336.jpg,NON_CSAM,Non sensitive,0336.jpg
1398.jpg,/Non_CSAM/images/1398.jpg,NON_CSAM,Non sensitive,1398.jpg
2818.jpg,/Non_CSAM/images/2818.jpg,NON_CSAM,Non sensitive,2818.jpg
3020.png,/Non_CSAM/images/3020.png,NON_CSAM,Non sensitive,3020.png
1364.jpg,/Non_CSAM/images/1364.jpg,NON_CSAM,Non sensitive,1364.jpg
1572.jpg,/Non_CSAM/images/1572.jpg,NON_CSAM,Non sensitive,1572.jpg
2618.jpg,/Non_CSAM/images/2618.jpg,NON_CSAM,Non sensitive,2618.jpg
0273.jpg,/Non_CSAM/images/0273.jpg,NON_CSAM,Non sensitive,0273.jpg
1533.jpg,/Non_CSAM/images/1533.jpg,NON_CSAM,Non sensitive,1533.jpg
0054.webp,/Non_CSAM/images/0054.webp,NON_CSAM,Non sensitive,0054.webp
0190.jpg,/Non_CSAM/images/0190.jpg,NON_CSAM,Non sensitive,0190.jpg
0169.jpg,/Non_CSAM/images/0169.jpg,NON_CSAM,Non sensitive,0169.jpg
0323.jpg,/Non_CSAM/images/0323.jpg,NON_CSAM,Non sensitive,0323.jpg
2860.png,/Non_CSAM/images/2860.png,NON_CSAM,Non sensitive,2860.png
2945.png,/Non_CSAM/images/2945.png,NON_CSAM,Non sensitive,2945.png
2883.png,/Non_CSAM/images/2883.png,NON_CSAM,Non sensitive,2883.png
0191.jpg,/Non_CSAM/images/0191.jpg,NON_CSAM,Non sensitive,0191.jpg
2639.jpg,/Non_CSAM/images/2639.jpg,NON_CSAM,Non sensitive,2639.jpg
2909.png,/Non_CSAM/images/2909.png,NON_CSAM,Non sensitive,2909.png
1668.jpg,/Non_CSAM/images/1668.jpg,NON_CSAM,Non sensitive,1668.jpg
2962.png,/Non_CSAM/images/2962.png,NON_CSAM,Non sensitive,2962.png
2820.jpg,/Non_CSAM/images/2820.jpg,NON_CSAM,Non sensitive,2820.jpg
0490.jpg,/Non_CSAM/images/0490.jpg,NON_CSAM,Non sensitive,0490.jpg
2807.jpg,/Non_CSAM/images/2807.jpg,NON_CSAM,Non sensitive,2807.jpg
2794.jpg,/Non_CSAM/images/2794.jpg,NON_CSAM,Non sensitive,2794.jpg
1691.jpg,/Non_CSAM/images/1691.jpg,NON_CSAM,Non sensitive,1691.jpg
0200.jpg,/Non_CSAM/images/0200.jpg,NON_CSAM,Non sensitive,0200.jpg
3067.jpg,/Non_CSAM/images/3067.jpg,NON_CSAM,Non sensitive,3067.jpg
1529.jpg,/Non_CSAM/images/1529.jpg,NON_CSAM,Non sensitive,1529.jpg
2919.png,/Non_CSAM/images/2919.png,NON_CSAM,Non sensitive,2919.png
2907.png,/Non_CSAM/images/2907.png,NON_CSAM,Non sensitive,2907.png
0711.webp,/Non_CSAM/images/0711.webp,NON_CSAM,Non sensitive,0711.webp
2846.png,/Non_CSAM/images/2846.png,NON_CSAM,Non sensitive,2846.png
0602.jpg,/Non_CSAM/images/0602.jpg,NON_CSAM,Non sensitive,0602.jpg
2593.jpg,/Non_CSAM/images/2593.jpg,NON_CSAM,Non sensitive,2593.jpg
1782.jpg,/Non_CSAM/images/1782.jpg,NON_CSAM,Non sensitive,1782.jpg
2972.png,/Non_CSAM/images/2972.png,NON_CSAM,Non sensitive,2972.png
1532.jpg,/Non_CSAM/images/1532.jpg,NON_CSAM,Non sensitive,1532.jpg
1341.jpg,/Non_CSAM/images/1341.jpg,NON_CSAM,Non sensitive,1341.jpg
2721.jpg,/Non_CSAM/images/2721.jpg,NON_CSAM,Non sensitive,2721.jpg
2611.jpg,/Non_CSAM/images/2611.jpg,NON_CSAM,Non sensitive,2611.jpg
1490.jpg,/Non_CSAM/images/1490.jpg,NON_CSAM,Non sensitive,1490.jpg
2718.jpg,/Non_CSAM/images/2718.jpg,NON_CSAM,Non sensitive,2718.jpg
0370.jpg,/Non_CSAM/images/0370.jpg,NON_CSAM,Non sensitive,0370.jpg
1786.jpg,/Non_CSAM/images/1786.jpg,NON_CSAM,Non sensitive,1786.jpg
0223.jpg,/Non_CSAM/images/0223.jpg,NON_CSAM,Non sensitive,0223.jpg
0747.webp,/Non_CSAM/images/0747.webp,NON_CSAM,Non sensitive,0747.webp
0698.jpg,/Non_CSAM/images/0698.jpg,NON_CSAM,Non sensitive,0698.jpg
0392.jpg,/Non_CSAM/images/0392.jpg,NON_CSAM,Non sensitive,0392.jpg
2715.jpg,/Non_CSAM/images/2715.jpg,NON_CSAM,Non sensitive,2715.jpg
1562.jpg,/Non_CSAM/images/1562.jpg,NON_CSAM,Non sensitive,1562.jpg
3048.png,/Non_CSAM/images/3048.png,NON_CSAM,Non sensitive,3048.png
1483.jpg,/Non_CSAM/images/1483.jpg,NON_CSAM,Non sensitive,1483.jpg
0417.jpg,/Non_CSAM/images/0417.jpg,NON_CSAM,Non sensitive,0417.jpg
2780.jpg,/Non_CSAM/images/2780.jpg,NON_CSAM,Non sensitive,2780.jpg
0233.jpg,/Non_CSAM/images/0233.jpg,NON_CSAM,Non sensitive,0233.jpg
1374.jpg,/Non_CSAM/images/1374.jpg,NON_CSAM,Non sensitive,1374.jpg
0789.webp,/Non_CSAM/images/0789.webp,NON_CSAM,Non sensitive,0789.webp
0474.jpg,/Non_CSAM/images/0474.jpg,NON_CSAM,Non sensitive,0474.jpg
2717.jpg,/Non_CSAM/images/2717.jpg,NON_CSAM,Non sensitive,2717.jpg
0671.jpg,/Non_CSAM/images/0671.jpg,NON_CSAM,Non sensitive,0671.jpg
3045.png,/Non_CSAM/images/3045.png,NON_CSAM,Non sensitive,3045.png
0729.webp,/Non_CSAM/images/0729.webp,NON_CSAM,Non sensitive,0729.webp
0176.jpg,/Non_CSAM/images/0176.jpg,NON_CSAM,Non sensitive,0176.jpg
1507.jpg,/Non_CSAM/images/1507.jpg,NON_CSAM,Non sensitive,1507.jpg
2874.png,/Non_CSAM/images/2874.png,NON_CSAM,Non sensitive,2874.png
2724.jpg,/Non_CSAM/images/2724.jpg,NON_CSAM,Non sensitive,2724.jpg
0335.jpg,/Non_CSAM/images/0335.jpg,NON_CSAM,Non sensitive,0335.jpg
1663.jpg,/Non_CSAM/images/1663.jpg,NON_CSAM,Non sensitive,1663.jpg
0596.jpg,/Non_CSAM/images/0596.jpg,NON_CSAM,Non sensitive,0596.jpg
1418.jpg,/Non_CSAM/images/1418.jpg,NON_CSAM,Non sensitive,1418.jpg
2682.jpg,/Non_CSAM/images/2682.jpg,NON_CSAM,Non sensitive,2682.jpg
2827.png,/Non_CSAM/images/2827.png,NON_CSAM,Non sensitive,2827.png
1324.jpg,/Non_CSAM/images/1324.jpg,NON_CSAM,Non sensitive,1324.jpg
1346.jpg,/Non_CSAM/images/1346.jpg,NON_CSAM,Non sensitive,1346.jpg
0687.jpg,/Non_CSAM/images/0687.jpg,NON_CSAM,Non sensitive,0687.jpg
1449.jpg,/Non_CSAM/images/1449.jpg,NON_CSAM,Non sensitive,1449.jpg
0380.jpg,/Non_CSAM/images/0380.jpg,NON_CSAM,Non sensitive,0380.jpg
0265.jpg,/Non_CSAM/images/0265.jpg,NON_CSAM,Non sensitive,0265.jpg
1353.jpg,/Non_CSAM/images/1353.jpg,NON_CSAM,Non sensitive,1353.jpg
2873.png,/Non_CSAM/images/2873.png,NON_CSAM,Non sensitive,2873.png
1761.jpg,/Non_CSAM/images/1761.jpg,NON_CSAM,Non sensitive,1761.jpg
3090.jpg,/Non_CSAM/images/3090.jpg,NON_CSAM,Non sensitive,3090.jpg
1525.jpg,/Non_CSAM/images/1525.jpg,NON_CSAM,Non sensitive,1525.jpg
1742.jpg,/Non_CSAM/images/1742.jpg,NON_CSAM,Non sensitive,1742.jpg
0677.jpg,/Non_CSAM/images/0677.jpg,NON_CSAM,Non sensitive,0677.jpg
1326.jpg,/Non_CSAM/images/1326.jpg,NON_CSAM,Non sensitive,1326.jpg
2609.jpg,/Non_CSAM/images/2609.jpg,NON_CSAM,Non sensitive,2609.jpg
2695.jpg,/Non_CSAM/images/2695.jpg,NON_CSAM,Non sensitive,2695.jpg
0280.jpg,/Non_CSAM/images/0280.jpg,NON_CSAM,Non sensitive,0280.jpg
2851.png,/Non_CSAM/images/2851.png,NON_CSAM,Non sensitive,2851.png
0563.jpg,/Non_CSAM/images/0563.jpg,NON_CSAM,Non sensitive,0563.jpg
3082.jpg,/Non_CSAM/images/3082.jpg,NON_CSAM,Non sensitive,3082.jpg
2626.jpg,/Non_CSAM/images/2626.jpg,NON_CSAM,Non sensitive,2626.jpg
0117.jpg,/Non_CSAM/images/0117.jpg,NON_CSAM,Non sensitive,0117.jpg
1543.jpg,/Non_CSAM/images/1543.jpg,NON_CSAM,Non sensitive,1543.jpg
2678.jpg,/Non_CSAM/images/2678.jpg,NON_CSAM,Non sensitive,2678.jpg
0779.webp,/Non_CSAM/images/0779.webp,NON_CSAM,Non sensitive,0779.webp
1516.jpg,/Non_CSAM/images/1516.jpg,NON_CSAM,Non sensitive,1516.jpg
2905.png,/Non_CSAM/images/2905.png,NON_CSAM,Non sensitive,2905.png
2885.png,/Non_CSAM/images/2885.png,NON_CSAM,Non sensitive,2885.png
2657.jpg,/Non_CSAM/images/2657.jpg,NON_CSAM,Non sensitive,2657.jpg
0257.jpg,/Non_CSAM/images/0257.jpg,NON_CSAM,Non sensitive,0257.jpg
0033.jpg,/Non_CSAM/images/0033.jpg,NON_CSAM,Non sensitive,0033.jpg
0397.jpg,/Non_CSAM/images/0397.jpg,NON_CSAM,Non sensitive,0397.jpg
2603.jpg,/Non_CSAM/images/2603.jpg,NON_CSAM,Non sensitive,2603.jpg
0283.jpg,/Non_CSAM/images/0283.jpg,NON_CSAM,Non sensitive,0283.jpg
0228.jpg,/Non_CSAM/images/0228.jpg,NON_CSAM,Non sensitive,0228.jpg
0395.jpg,/Non_CSAM/images/0395.jpg,NON_CSAM,Non sensitive,0395.jpg
2788.jpg,/Non_CSAM/images/2788.jpg,NON_CSAM,Non sensitive,2788.jpg
1765.jpg,/Non_CSAM/images/1765.jpg,NON_CSAM,Non sensitive,1765.jpg
2932.png,/Non_CSAM/images/2932.png,NON_CSAM,Non sensitive,2932.png
1651.jpg,/Non_CSAM/images/1651.jpg,NON_CSAM,Non sensitive,1651.jpg
0594.jpg,/Non_CSAM/images/0594.jpg,NON_CSAM,Non sensitive,0594.jpg
1722.jpg,/Non_CSAM/images/1722.jpg,NON_CSAM,Non sensitive,1722.jpg
1565.jpg,/Non_CSAM/images/1565.jpg,NON_CSAM,Non sensitive,1565.jpg
3106.jpg,/Non_CSAM/images/3106.jpg,NON_CSAM,Non sensitive,3106.jpg
1798.jpg,/Non_CSAM/images/1798.jpg,NON_CSAM,Non sensitive,1798.jpg
2664.jpg,/Non_CSAM/images/2664.jpg,NON_CSAM,Non sensitive,2664.jpg
1725.jpg,/Non_CSAM/images/1725.jpg,NON_CSAM,Non sensitive,1725.jpg
2857.png,/Non_CSAM/images/2857.png,NON_CSAM,Non sensitive,2857.png
0068.webp,/Non_CSAM/images/0068.webp,NON_CSAM,Non sensitive,0068.webp
3101.jpg,/Non_CSAM/images/3101.jpg,NON_CSAM,Non sensitive,3101.jpg
1611.jpg,/Non_CSAM/images/1611.jpg,NON_CSAM,Non sensitive,1611.jpg
3051.png,/Non_CSAM/images/3051.png,NON_CSAM,Non sensitive,3051.png
0090.jpg,/Non_CSAM/images/0090.jpg,NON_CSAM,Non sensitive,0090.jpg
1646.jpg,/Non_CSAM/images/1646.jpg,NON_CSAM,Non sensitive,1646.jpg
0133.jpg,/Non_CSAM/images/0133.jpg,NON_CSAM,Non sensitive,0133.jpg
1624.jpg,/Non_CSAM/images/1624.jpg,NON_CSAM,Non sensitive,1624.jpg
1751.jpg,/Non_CSAM/images/1751.jpg,NON_CSAM,Non sensitive,1751.jpg
0075.jpg,/Non_CSAM/images/0075.jpg,NON_CSAM,Non sensitive,0075.jpg
0479.jpg,/Non_CSAM/images/0479.jpg,NON_CSAM,Non sensitive,0479.jpg
0784.webp,/Non_CSAM/images/0784.webp,NON_CSAM,Non sensitive,0784.webp
1460.jpg,/Non_CSAM/images/1460.jpg,NON_CSAM,Non sensitive,1460.jpg
2574.jpg,/Non_CSAM/images/2574.jpg,NON_CSAM,Non sensitive,2574.jpg
0614.jpg,/Non_CSAM/images/0614.jpg,NON_CSAM,Non sensitive,0614.jpg
0412.jpg,/Non_CSAM/images/0412.jpg,NON_CSAM,Non sensitive,0412.jpg
1599.jpg,/Non_CSAM/images/1599.jpg,NON_CSAM,Non sensitive,1599.jpg
0533.jpg,/Non_CSAM/images/0533.jpg,NON_CSAM,Non sensitive,0533.jpg
2759.jpg,/Non_CSAM/images/2759.jpg,NON_CSAM,Non sensitive,2759.jpg
0543.jpg,/Non_CSAM/images/0543.jpg,NON_CSAM,Non sensitive,0543.jpg
0709.jpg,/Non_CSAM/images/0709.jpg,NON_CSAM,Non sensitive,0709.jpg
2808.jpg,/Non_CSAM/images/2808.jpg,NON_CSAM,Non sensitive,2808.jpg
1526.jpg,/Non_CSAM/images/1526.jpg,NON_CSAM,Non sensitive,1526.jpg
0728.webp,/Non_CSAM/images/0728.webp,NON_CSAM,Non sensitive,0728.webp
2589.jpg,/Non_CSAM/images/2589.jpg,NON_CSAM,Non sensitive,2589.jpg
0036.jpg,/Non_CSAM/images/0036.jpg,NON_CSAM,Non sensitive,0036.jpg
1496.jpg,/Non_CSAM/images/1496.jpg,NON_CSAM,Non sensitive,1496.jpg
3052.png,/Non_CSAM/images/3052.png,NON_CSAM,Non sensitive,3052.png
1377.jpg,/Non_CSAM/images/1377.jpg,NON_CSAM,Non sensitive,1377.jpg
2638.jpg,/Non_CSAM/images/2638.jpg,NON_CSAM,Non sensitive,2638.jpg
2573.jpg,/Non_CSAM/images/2573.jpg,NON_CSAM,Non sensitive,2573.jpg
2635.jpg,/Non_CSAM/images/2635.jpg,NON_CSAM,Non sensitive,2635.jpg
0418.jpg,/Non_CSAM/images/0418.jpg,NON_CSAM,Non sensitive,0418.jpg
1637.jpg,/Non_CSAM/images/1637.jpg,NON_CSAM,Non sensitive,1637.jpg
0011.webp,/Non_CSAM/images/0011.webp,NON_CSAM,Non sensitive,0011.webp
0717.webp,/Non_CSAM/images/0717.webp,NON_CSAM,Non sensitive,0717.webp
2977.png,/Non_CSAM/images/2977.png,NON_CSAM,Non sensitive,2977.png
2978.png,/Non_CSAM/images/2978.png,NON_CSAM,Non sensitive,2978.png
0112.jpg,/Non_CSAM/images/0112.jpg,NON_CSAM,Non sensitive,0112.jpg
0690.jpg,/Non_CSAM/images/0690.jpg,NON_CSAM,Non sensitive,0690.jpg
0531.jpg,/Non_CSAM/images/0531.jpg,NON_CSAM,Non sensitive,0531.jpg
3050.png,/Non_CSAM/images/3050.png,NON_CSAM,Non sensitive,3050.png
2703.jpg,/Non_CSAM/images/2703.jpg,NON_CSAM,Non sensitive,2703.jpg
0610.jpg,/Non_CSAM/images/0610.jpg,NON_CSAM,Non sensitive,0610.jpg
0063.webp,/Non_CSAM/images/0063.webp,NON_CSAM,Non sensitive,0063.webp
0098.jpg,/Non_CSAM/images/0098.jpg,NON_CSAM,Non sensitive,0098.jpg
2742.jpg,/Non_CSAM/images/2742.jpg,NON_CSAM,Non sensitive,2742.jpg
1347.jpg,/Non_CSAM/images/1347.jpg,NON_CSAM,Non sensitive,1347.jpg
0032.webp,/Non_CSAM/images/0032.webp,NON_CSAM,Non sensitive,0032.webp
1513.jpg,/Non_CSAM/images/1513.jpg,NON_CSAM,Non sensitive,1513.jpg
2828.png,/Non_CSAM/images/2828.png,NON_CSAM,Non sensitive,2828.png
1423.jpg,/Non_CSAM/images/1423.jpg,NON_CSAM,Non sensitive,1423.jpg
1803.jpg,/Non_CSAM/images/1803.jpg,NON_CSAM,Non sensitive,1803.jpg
1607.jpg,/Non_CSAM/images/1607.jpg,NON_CSAM,Non sensitive,1607.jpg
0367.jpg,/Non_CSAM/images/0367.jpg,NON_CSAM,Non sensitive,0367.jpg
1643.jpg,/Non_CSAM/images/1643.jpg,NON_CSAM,Non sensitive,1643.jpg
2996.png,/Non_CSAM/images/2996.png,NON_CSAM,Non sensitive,2996.png
2586.jpg,/Non_CSAM/images/2586.jpg,NON_CSAM,Non sensitive,2586.jpg
2944.png,/Non_CSAM/images/2944.png,NON_CSAM,Non sensitive,2944.png
0493.jpg,/Non_CSAM/images/0493.jpg,NON_CSAM,Non sensitive,0493.jpg
0241.jpg,/Non_CSAM/images/0241.jpg,NON_CSAM,Non sensitive,0241.jpg
0115.jpg,/Non_CSAM/images/0115.jpg,NON_CSAM,Non sensitive,0115.jpg
1456.jpg,/Non_CSAM/images/1456.jpg,NON_CSAM,Non sensitive,1456.jpg
0612.jpg,/Non_CSAM/images/0612.jpg,NON_CSAM,Non sensitive,0612.jpg
3041.png,/Non_CSAM/images/3041.png,NON_CSAM,Non sensitive,3041.png
2704.jpg,/Non_CSAM/images/2704.jpg,NON_CSAM,Non sensitive,2704.jpg
0672.jpg,/Non_CSAM/images/0672.jpg,NON_CSAM,Non sensitive,0672.jpg
0770.webp,/Non_CSAM/images/0770.webp,NON_CSAM,Non sensitive,0770.webp
0331.jpg,/Non_CSAM/images/0331.jpg,NON_CSAM,Non sensitive,0331.jpg
0637.jpg,/Non_CSAM/images/0637.jpg,NON_CSAM,Non sensitive,0637.jpg
1462.jpg,/Non_CSAM/images/1462.jpg,NON_CSAM,Non sensitive,1462.jpg
2684.jpg,/Non_CSAM/images/2684.jpg,NON_CSAM,Non sensitive,2684.jpg
0539.jpg,/Non_CSAM/images/0539.jpg,NON_CSAM,Non sensitive,0539.jpg
1495.jpg,/Non_CSAM/images/1495.jpg,NON_CSAM,Non sensitive,1495.jpg
2771.jpg,/Non_CSAM/images/2771.jpg,NON_CSAM,Non sensitive,2771.jpg
2620.jpg,/Non_CSAM/images/2620.jpg,NON_CSAM,Non sensitive,2620.jpg
2765.jpg,/Non_CSAM/images/2765.jpg,NON_CSAM,Non sensitive,2765.jpg
3027.png,/Non_CSAM/images/3027.png,NON_CSAM,Non sensitive,3027.png
0642.jpg,/Non_CSAM/images/0642.jpg,NON_CSAM,Non sensitive,0642.jpg
0226.jpg,/Non_CSAM/images/0226.jpg,NON_CSAM,Non sensitive,0226.jpg
0292.jpg,/Non_CSAM/images/0292.jpg,NON_CSAM,Non sensitive,0292.jpg
3108.jpg,/Non_CSAM/images/3108.jpg,NON_CSAM,Non sensitive,3108.jpg
1330.jpg,/Non_CSAM/images/1330.jpg,NON_CSAM,Non sensitive,1330.jpg
0544.jpg,/Non_CSAM/images/0544.jpg,NON_CSAM,Non sensitive,0544.jpg
0502.jpg,/Non_CSAM/images/0502.jpg,NON_CSAM,Non sensitive,0502.jpg
1635.jpg,/Non_CSAM/images/1635.jpg,NON_CSAM,Non sensitive,1635.jpg
2836.png,/Non_CSAM/images/2836.png,NON_CSAM,Non sensitive,2836.png
2915.png,/Non_CSAM/images/2915.png,NON_CSAM,Non sensitive,2915.png
1517.jpg,/Non_CSAM/images/1517.jpg,NON_CSAM,Non sensitive,1517.jpg
0070.jpg,/Non_CSAM/images/0070.jpg,NON_CSAM,Non sensitive,0070.jpg
2651.jpg,/Non_CSAM/images/2651.jpg,NON_CSAM,Non sensitive,2651.jpg
1458.jpg,/Non_CSAM/images/1458.jpg,NON_CSAM,Non sensitive,1458.jpg
0745.jpg,/Non_CSAM/images/0745.jpg,NON_CSAM,Non sensitive,0745.jpg
0050.jpg,/Non_CSAM/images/0050.jpg,NON_CSAM,Non sensitive,0050.jpg
1784.jpg,/Non_CSAM/images/1784.jpg,NON_CSAM,Non sensitive,1784.jpg
2754.jpg,/Non_CSAM/images/2754.jpg,NON_CSAM,Non sensitive,2754.jpg
1713.jpg,/Non_CSAM/images/1713.jpg,NON_CSAM,Non sensitive,1713.jpg
0039.webp,/Non_CSAM/images/0039.webp,NON_CSAM,Non sensitive,0039.webp
1506.jpg,/Non_CSAM/images/1506.jpg,NON_CSAM,Non sensitive,1506.jpg
2571.jpg,/Non_CSAM/images/2571.jpg,NON_CSAM,Non sensitive,2571.jpg
2778.jpg,/Non_CSAM/images/2778.jpg,NON_CSAM,Non sensitive,2778.jpg
1329.jpg,/Non_CSAM/images/1329.jpg,NON_CSAM,Non sensitive,1329.jpg
0607.jpg,/Non_CSAM/images/0607.jpg,NON_CSAM,Non sensitive,0607.jpg
0491.jpg,/Non_CSAM/images/0491.jpg,NON_CSAM,Non sensitive,0491.jpg
2863.png,/Non_CSAM/images/2863.png,NON_CSAM,Non sensitive,2863.png
1564.jpg,/Non_CSAM/images/1564.jpg,NON_CSAM,Non sensitive,1564.jpg
1748.jpg,/Non_CSAM/images/1748.jpg,NON_CSAM,Non sensitive,1748.jpg
2753.jpg,/Non_CSAM/images/2753.jpg,NON_CSAM,Non sensitive,2753.jpg
0498.jpg,/Non_CSAM/images/0498.jpg,NON_CSAM,Non sensitive,0498.jpg
0697.jpg,/Non_CSAM/images/0697.jpg,NON_CSAM,Non sensitive,0697.jpg
2835.png,/Non_CSAM/images/2835.png,NON_CSAM,Non sensitive,2835.png
2763.jpg,/Non_CSAM/images/2763.jpg,NON_CSAM,Non sensitive,2763.jpg
2667.jpg,/Non_CSAM/images/2667.jpg,NON_CSAM,Non sensitive,2667.jpg
3097.jpg,/Non_CSAM/images/3097.jpg,NON_CSAM,Non sensitive,3097.jpg
1557.jpg,/Non_CSAM/images/1557.jpg,NON_CSAM,Non sensitive,1557.jpg
3074.jpg,/Non_CSAM/images/3074.jpg,NON_CSAM,Non sensitive,3074.jpg
0131.jpg,/Non_CSAM/images/0131.jpg,NON_CSAM,Non sensitive,0131.jpg
2819.jpg,/Non_CSAM/images/2819.jpg,NON_CSAM,Non sensitive,2819.jpg
0752.webp,/Non_CSAM/images/0752.webp,NON_CSAM,Non sensitive,0752.webp
0420.jpg,/Non_CSAM/images/0420.jpg,NON_CSAM,Non sensitive,0420.jpg
0577.jpg,/Non_CSAM/images/0577.jpg,NON_CSAM,Non sensitive,0577.jpg
1603.jpg,/Non_CSAM/images/1603.jpg,NON_CSAM,Non sensitive,1603.jpg
2899.png,/Non_CSAM/images/2899.png,NON_CSAM,Non sensitive,2899.png
1457.jpg,/Non_CSAM/images/1457.jpg,NON_CSAM,Non sensitive,1457.jpg
0154.jpg,/Non_CSAM/images/0154.jpg,NON_CSAM,Non sensitive,0154.jpg
0078.jpg,/Non_CSAM/images/0078.jpg,NON_CSAM,Non sensitive,0078.jpg
3068.jpg,/Non_CSAM/images/3068.jpg,NON_CSAM,Non sensitive,3068.jpg
1399.jpg,/Non_CSAM/images/1399.jpg,NON_CSAM,Non sensitive,1399.jpg
1724.jpg,/Non_CSAM/images/1724.jpg,NON_CSAM,Non sensitive,1724.jpg
0576.jpg,/Non_CSAM/images/0576.jpg,NON_CSAM,Non sensitive,0576.jpg
2916.png,/Non_CSAM/images/2916.png,NON_CSAM,Non sensitive,2916.png
0277.jpg,/Non_CSAM/images/0277.jpg,NON_CSAM,Non sensitive,0277.jpg
0178.jpg,/Non_CSAM/images/0178.jpg,NON_CSAM,Non sensitive,0178.jpg
1415.jpg,/Non_CSAM/images/1415.jpg,NON_CSAM,Non sensitive,1415.jpg
0529.jpg,/Non_CSAM/images/0529.jpg,NON_CSAM,Non sensitive,0529.jpg
1461.jpg,/Non_CSAM/images/1461.jpg,NON_CSAM,Non sensitive,1461.jpg
0390.jpg,/Non_CSAM/images/0390.jpg,NON_CSAM,Non sensitive,0390.jpg
1368.jpg,/Non_CSAM/images/1368.jpg,NON_CSAM,Non sensitive,1368.jpg
3012.png,/Non_CSAM/images/3012.png,NON_CSAM,Non sensitive,3012.png
0215.jpg,/Non_CSAM/images/0215.jpg,NON_CSAM,Non sensitive,0215.jpg
1818.jpg,/Non_CSAM/images/1818.jpg,NON_CSAM,Non sensitive,1818.jpg
0737.jpg,/Non_CSAM/images/0737.jpg,NON_CSAM,Non sensitive,0737.jpg
3032.png,/Non_CSAM/images/3032.png,NON_CSAM,Non sensitive,3032.png
1379.jpg,/Non_CSAM/images/1379.jpg,NON_CSAM,Non sensitive,1379.jpg
1617.jpg,/Non_CSAM/images/1617.jpg,NON_CSAM,Non sensitive,1617.jpg
0767.webp,/Non_CSAM/images/0767.webp,NON_CSAM,Non sensitive,0767.webp
0389.jpg,/Non_CSAM/images/0389.jpg,NON_CSAM,Non sensitive,0389.jpg
0035.webp,/Non_CSAM/images/0035.webp,NON_CSAM,Non sensitive,0035.webp
1489.jpg,/Non_CSAM/images/1489.jpg,NON_CSAM,Non sensitive,1489.jpg
2634.jpg,/Non_CSAM/images/2634.jpg,NON_CSAM,Non sensitive,2634.jpg
1813.jpg,/Non_CSAM/images/1813.jpg,NON_CSAM,Non sensitive,1813.jpg
0100.jpg,/Non_CSAM/images/0100.jpg,NON_CSAM,Non sensitive,0100.jpg
1654.jpg,/Non_CSAM/images/1654.jpg,NON_CSAM,Non sensitive,1654.jpg
0715.jpg,/Non_CSAM/images/0715.jpg,NON_CSAM,Non sensitive,0715.jpg
0204.jpg,/Non_CSAM/images/0204.jpg,NON_CSAM,Non sensitive,0204.jpg
2980.png,/Non_CSAM/images/2980.png,NON_CSAM,Non sensitive,2980.png
1548.jpg,/Non_CSAM/images/1548.jpg,NON_CSAM,Non sensitive,1548.jpg
0249.jpg,/Non_CSAM/images/0249.jpg,NON_CSAM,Non sensitive,0249.jpg
0309.jpg,/Non_CSAM/images/0309.jpg,NON_CSAM,Non sensitive,0309.jpg
3040.png,/Non_CSAM/images/3040.png,NON_CSAM,Non sensitive,3040.png
1776.jpg,/Non_CSAM/images/1776.jpg,NON_CSAM,Non sensitive,1776.jpg
0009.webp,/Non_CSAM/images/0009.webp,NON_CSAM,Non sensitive,0009.webp
0297.jpg,/Non_CSAM/images/0297.jpg,NON_CSAM,Non sensitive,0297.jpg
0421.jpg,/Non_CSAM/images/0421.jpg,NON_CSAM,Non sensitive,0421.jpg
0023.jpeg,/Non_CSAM/images/0023.jpeg,NON_CSAM,Non sensitive,0023.jpeg
2707.jpg,/Non_CSAM/images/2707.jpg,NON_CSAM,Non sensitive,2707.jpg
1763.jpg,/Non_CSAM/images/1763.jpg,NON_CSAM,Non sensitive,1763.jpg
3003.png,/Non_CSAM/images/3003.png,NON_CSAM,Non sensitive,3003.png
1499.jpg,/Non_CSAM/images/1499.jpg,NON_CSAM,Non sensitive,1499.jpg
0256.jpg,/Non_CSAM/images/0256.jpg,NON_CSAM,Non sensitive,0256.jpg
0113.jpg,/Non_CSAM/images/0113.jpg,NON_CSAM,Non sensitive,0113.jpg
1700.jpg,/Non_CSAM/images/1700.jpg,NON_CSAM,Non sensitive,1700.jpg
3065.jpg,/Non_CSAM/images/3065.jpg,NON_CSAM,Non sensitive,3065.jpg
0213.jpg,/Non_CSAM/images/0213.jpg,NON_CSAM,Non sensitive,0213.jpg
1512.jpg,/Non_CSAM/images/1512.jpg,NON_CSAM,Non sensitive,1512.jpg
0678.jpg,/Non_CSAM/images/0678.jpg,NON_CSAM,Non sensitive,0678.jpg
1358.jpg,/Non_CSAM/images/1358.jpg,NON_CSAM,Non sensitive,1358.jpg
2750.jpg,/Non_CSAM/images/2750.jpg,NON_CSAM,Non sensitive,2750.jpg
2645.jpg,/Non_CSAM/images/2645.jpg,NON_CSAM,Non sensitive,2645.jpg
2877.png,/Non_CSAM/images/2877.png,NON_CSAM,Non sensitive,2877.png
2908.png,/Non_CSAM/images/2908.png,NON_CSAM,Non sensitive,2908.png
2701.jpg,/Non_CSAM/images/2701.jpg,NON_CSAM,Non sensitive,2701.jpg
2914.png,/Non_CSAM/images/2914.png,NON_CSAM,Non sensitive,2914.png
0575.jpg,/Non_CSAM/images/0575.jpg,NON_CSAM,Non sensitive,0575.jpg
0655.jpg,/Non_CSAM/images/0655.jpg,NON_CSAM,Non sensitive,0655.jpg
3056.png,/Non_CSAM/images/3056.png,NON_CSAM,Non sensitive,3056.png
0010.webp,/Non_CSAM/images/0010.webp,NON_CSAM,Non sensitive,0010.webp
2689.jpg,/Non_CSAM/images/2689.jpg,NON_CSAM,Non sensitive,2689.jpg
0486.jpg,/Non_CSAM/images/0486.jpg,NON_CSAM,Non sensitive,0486.jpg
1810.jpg,/Non_CSAM/images/1810.jpg,NON_CSAM,Non sensitive,1810.jpg
0746.jpg,/Non_CSAM/images/0746.jpg,NON_CSAM,Non sensitive,0746.jpg
1743.jpg,/Non_CSAM/images/1743.jpg,NON_CSAM,Non sensitive,1743.jpg
3039.png,/Non_CSAM/images/3039.png,NON_CSAM,Non sensitive,3039.png
0613.jpg,/Non_CSAM/images/0613.jpg,NON_CSAM,Non sensitive,0613.jpg
2825.png,/Non_CSAM/images/2825.png,NON_CSAM,Non sensitive,2825.png
0260.jpg,/Non_CSAM/images/0260.jpg,NON_CSAM,Non sensitive,0260.jpg
1577.jpg,/Non_CSAM/images/1577.jpg,NON_CSAM,Non sensitive,1577.jpg
0081.jpg,/Non_CSAM/images/0081.jpg,NON_CSAM,Non sensitive,0081.jpg
1343.jpg,/Non_CSAM/images/1343.jpg,NON_CSAM,Non sensitive,1343.jpg
0184.jpg,/Non_CSAM/images/0184.jpg,NON_CSAM,Non sensitive,0184.jpg
0194.jpg,/Non_CSAM/images/0194.jpg,NON_CSAM,Non sensitive,0194.jpg
0595.jpg,/Non_CSAM/images/0595.jpg,NON_CSAM,Non sensitive,0595.jpg
2630.jpg,/Non_CSAM/images/2630.jpg,NON_CSAM,Non sensitive,2630.jpg
1554.jpg,/Non_CSAM/images/1554.jpg,NON_CSAM,Non sensitive,1554.jpg
0264.jpg,/Non_CSAM/images/0264.jpg,NON_CSAM,Non sensitive,0264.jpg
1772.jpg,/Non_CSAM/images/1772.jpg,NON_CSAM,Non sensitive,1772.jpg
0457.jpg,/Non_CSAM/images/0457.jpg,NON_CSAM,Non sensitive,0457.jpg
0399.jpg,/Non_CSAM/images/0399.jpg,NON_CSAM,Non sensitive,0399.jpg
2886.png,/Non_CSAM/images/2886.png,NON_CSAM,Non sensitive,2886.png
0316.jpg,/Non_CSAM/images/0316.jpg,NON_CSAM,Non sensitive,0316.jpg
0058.webp,/Non_CSAM/images/0058.webp,NON_CSAM,Non sensitive,0058.webp
2632.jpg,/Non_CSAM/images/2632.jpg,NON_CSAM,Non sensitive,2632.jpg
0048.webp,/Non_CSAM/images/0048.webp,NON_CSAM,Non sensitive,0048.webp
0760.webp,/Non_CSAM/images/0760.webp,NON_CSAM,Non sensitive,0760.webp
0322.jpg,/Non_CSAM/images/0322.jpg,NON_CSAM,Non sensitive,0322.jpg
0180.jpg,/Non_CSAM/images/0180.jpg,NON_CSAM,Non sensitive,0180.jpg
0470.jpg,/Non_CSAM/images/0470.jpg,NON_CSAM,Non sensitive,0470.jpg
3023.png,/Non_CSAM/images/3023.png,NON_CSAM,Non sensitive,3023.png
0104.jpg,/Non_CSAM/images/0104.jpg,NON_CSAM,Non sensitive,0104.jpg
0460.jpg,/Non_CSAM/images/0460.jpg,NON_CSAM,Non sensitive,0460.jpg
0093.jpg,/Non_CSAM/images/0093.jpg,NON_CSAM,Non sensitive,0093.jpg
1641.jpg,/Non_CSAM/images/1641.jpg,NON_CSAM,Non sensitive,1641.jpg
0765.webp,/Non_CSAM/images/0765.webp,NON_CSAM,Non sensitive,0765.webp
0254.jpg,/Non_CSAM/images/0254.jpg,NON_CSAM,Non sensitive,0254.jpg
0071.jpg,/Non_CSAM/images/0071.jpg,NON_CSAM,Non sensitive,0071.jpg
0648.jpg,/Non_CSAM/images/0648.jpg,NON_CSAM,Non sensitive,0648.jpg
0037.webp,/Non_CSAM/images/0037.webp,NON_CSAM,Non sensitive,0037.webp
0570.jpg,/Non_CSAM/images/0570.jpg,NON_CSAM,Non sensitive,0570.jpg
3069.jpg,/Non_CSAM/images/3069.jpg,NON_CSAM,Non sensitive,3069.jpg
0657.jpg,/Non_CSAM/images/0657.jpg,NON_CSAM,Non sensitive,0657.jpg
0340.jpg,/Non_CSAM/images/0340.jpg,NON_CSAM,Non sensitive,0340.jpg
1454.jpg,/Non_CSAM/images/1454.jpg,NON_CSAM,Non sensitive,1454.jpg
3009.png,/Non_CSAM/images/3009.png,NON_CSAM,Non sensitive,3009.png
0352.jpg,/Non_CSAM/images/0352.jpg,NON_CSAM,Non sensitive,0352.jpg
2757.jpg,/Non_CSAM/images/2757.jpg,NON_CSAM,Non sensitive,2757.jpg
1778.jpg,/Non_CSAM/images/1778.jpg,NON_CSAM,Non sensitive,1778.jpg
2700.jpg,/Non_CSAM/images/2700.jpg,NON_CSAM,Non sensitive,2700.jpg
0362.jpg,/Non_CSAM/images/0362.jpg,NON_CSAM,Non sensitive,0362.jpg
2892.png,/Non_CSAM/images/2892.png,NON_CSAM,Non sensitive,2892.png
2928.png,/Non_CSAM/images/2928.png,NON_CSAM,Non sensitive,2928.png
2572.jpg,/Non_CSAM/images/2572.jpg,NON_CSAM,Non sensitive,2572.jpg
2582.jpg,/Non_CSAM/images/2582.jpg,NON_CSAM,Non sensitive,2582.jpg
0435.jpg,/Non_CSAM/images/0435.jpg,NON_CSAM,Non sensitive,0435.jpg
0157.jpg,/Non_CSAM/images/0157.jpg,NON_CSAM,Non sensitive,0157.jpg
0016.webp,/Non_CSAM/images/0016.webp,NON_CSAM,Non sensitive,0016.webp
0733.webp,/Non_CSAM/images/0733.webp,NON_CSAM,Non sensitive,0733.webp
2994.png,/Non_CSAM/images/2994.png,NON_CSAM,Non sensitive,2994.png
0682.jpg,/Non_CSAM/images/0682.jpg,NON_CSAM,Non sensitive,0682.jpg
0466.jpg,/Non_CSAM/images/0466.jpg,NON_CSAM,Non sensitive,0466.jpg
1534.jpg,/Non_CSAM/images/1534.jpg,NON_CSAM,Non sensitive,1534.jpg
0355.jpg,/Non_CSAM/images/0355.jpg,NON_CSAM,Non sensitive,0355.jpg
0620.jpg,/Non_CSAM/images/0620.jpg,NON_CSAM,Non sensitive,0620.jpg
2675.jpg,/Non_CSAM/images/2675.jpg,NON_CSAM,Non sensitive,2675.jpg
1501.jpg,/Non_CSAM/images/1501.jpg,NON_CSAM,Non sensitive,1501.jpg
1591.jpg,/Non_CSAM/images/1591.jpg,NON_CSAM,Non sensitive,1591.jpg
1662.jpg,/Non_CSAM/images/1662.jpg,NON_CSAM,Non sensitive,1662.jpg
1472.jpg,/Non_CSAM/images/1472.jpg,NON_CSAM,Non sensitive,1472.jpg
1340.jpg,/Non_CSAM/images/1340.jpg,NON_CSAM,Non sensitive,1340.jpg
2955.png,/Non_CSAM/images/2955.png,NON_CSAM,Non sensitive,2955.png
0406.jpg,/Non_CSAM/images/0406.jpg,NON_CSAM,Non sensitive,0406.jpg
2984.png,/Non_CSAM/images/2984.png,NON_CSAM,Non sensitive,2984.png
1740.jpg,/Non_CSAM/images/1740.jpg,NON_CSAM,Non sensitive,1740.jpg
0045.webp,/Non_CSAM/images/0045.webp,NON_CSAM,Non sensitive,0045.webp
0436.jpg,/Non_CSAM/images/0436.jpg,NON_CSAM,Non sensitive,0436.jpg
3096.jpg,/Non_CSAM/images/3096.jpg,NON_CSAM,Non sensitive,3096.jpg
2993.png,/Non_CSAM/images/2993.png,NON_CSAM,Non sensitive,2993.png
1728.jpg,/Non_CSAM/images/1728.jpg,NON_CSAM,Non sensitive,1728.jpg
0258.jpg,/Non_CSAM/images/0258.jpg,NON_CSAM,Non sensitive,0258.jpg
2844.png,/Non_CSAM/images/2844.png,NON_CSAM,Non sensitive,2844.png
0345.jpg,/Non_CSAM/images/0345.jpg,NON_CSAM,Non sensitive,0345.jpg
2613.jpg,/Non_CSAM/images/2613.jpg,NON_CSAM,Non sensitive,2613.jpg
0402.jpg,/Non_CSAM/images/0402.jpg,NON_CSAM,Non sensitive,0402.jpg
1726.jpg,/Non_CSAM/images/1726.jpg,NON_CSAM,Non sensitive,1726.jpg
3085.jpg,/Non_CSAM/images/3085.jpg,NON_CSAM,Non sensitive,3085.jpg
2804.jpg,/Non_CSAM/images/2804.jpg,NON_CSAM,Non sensitive,2804.jpg
0369.jpg,/Non_CSAM/images/0369.jpg,NON_CSAM,Non sensitive,0369.jpg
1527.jpg,/Non_CSAM/images/1527.jpg,NON_CSAM,Non sensitive,1527.jpg
0567.jpg,/Non_CSAM/images/0567.jpg,NON_CSAM,Non sensitive,0567.jpg
1656.jpg,/Non_CSAM/videos/video010/1656.jpg,NON_CSAM,Non sensitive,video010
1657.jpg,/Non_CSAM/videos/video010/1657.jpg,NON_CSAM,Non sensitive,video010
1658.jpg,/Non_CSAM/videos/video010/1658.jpg,NON_CSAM,Non sensitive,video010
1709.jpg,/Non_CSAM/images/1709.jpg,NON_CSAM,Non sensitive,1709.jpg
1774.jpg,/Non_CSAM/images/1774.jpg,NON_CSAM,Non sensitive,1774.jpg
0691.jpg,/Non_CSAM/images/0691.jpg,NON_CSAM,Non sensitive,0691.jpg
0609.jpg,/Non_CSAM/images/0609.jpg,NON_CSAM,Non sensitive,0609.jpg
1352.jpg,/Non_CSAM/images/1352.jpg,NON_CSAM,Non sensitive,1352.jpg
2655.jpg,/Non_CSAM/images/2655.jpg,NON_CSAM,Non sensitive,2655.jpg
1760.jpg,/Non_CSAM/images/1760.jpg,NON_CSAM,Non sensitive,1760.jpg
1425.jpg,/Non_CSAM/images/1425.jpg,NON_CSAM,Non sensitive,1425.jpg
1361.jpg,/Non_CSAM/images/1361.jpg,NON_CSAM,Non sensitive,1361.jpg
0535.jpg,/Non_CSAM/images/0535.jpg,NON_CSAM,Non sensitive,0535.jpg
2616.jpg,/Non_CSAM/images/2616.jpg,NON_CSAM,Non sensitive,2616.jpg
0440.jpg,/Non_CSAM/images/0440.jpg,NON_CSAM,Non sensitive,0440.jpg
0298.jpg,/Non_CSAM/images/0298.jpg,NON_CSAM,Non sensitive,0298.jpg
0072.jpg,/Non_CSAM/images/0072.jpg,NON_CSAM,Non sensitive,0072.jpg
2760.jpg,/Non_CSAM/images/2760.jpg,NON_CSAM,Non sensitive,2760.jpg
0536.jpg,/Non_CSAM/images/0536.jpg,NON_CSAM,Non sensitive,0536.jpg
3080.jpg,/Non_CSAM/images/3080.jpg,NON_CSAM,Non sensitive,3080.jpg
0205.jpg,/Non_CSAM/images/0205.jpg,NON_CSAM,Non sensitive,0205.jpg
1809.jpg,/Non_CSAM/images/1809.jpg,NON_CSAM,Non sensitive,1809.jpg
2723.jpg,/Non_CSAM/images/2723.jpg,NON_CSAM,Non sensitive,2723.jpg
0753.webp,/Non_CSAM/images/0753.webp,NON_CSAM,Non sensitive,0753.webp
0483.jpg,/Non_CSAM/images/0483.jpg,NON_CSAM,Non sensitive,0483.jpg
1561.jpg,/Non_CSAM/images/1561.jpg,NON_CSAM,Non sensitive,1561.jpg
0499.jpg,/Non_CSAM/images/0499.jpg,NON_CSAM,Non sensitive,0499.jpg
2769.jpg,/Non_CSAM/images/2769.jpg,NON_CSAM,Non sensitive,2769.jpg
0441.jpg,/Non_CSAM/images/0441.jpg,NON_CSAM,Non sensitive,0441.jpg
0295.jpg,/Non_CSAM/images/0295.jpg,NON_CSAM,Non sensitive,0295.jpg
0738.webp,/Non_CSAM/images/0738.webp,NON_CSAM,Non sensitive,0738.webp
2580.jpg,/Non_CSAM/images/2580.jpg,NON_CSAM,Non sensitive,2580.jpg
2660.jpg,/Non_CSAM/images/2660.jpg,NON_CSAM,Non sensitive,2660.jpg
1440.jpg,/Non_CSAM/images/1440.jpg,NON_CSAM,Non sensitive,1440.jpg
0167.jpg,/Non_CSAM/images/0167.jpg,NON_CSAM,Non sensitive,0167.jpg
1739.jpg,/Non_CSAM/images/1739.jpg,NON_CSAM,Non sensitive,1739.jpg
2798.jpg,/Non_CSAM/images/2798.jpg,NON_CSAM,Non sensitive,2798.jpg
0488.jpg,/Non_CSAM/images/0488.jpg,NON_CSAM,Non sensitive,0488.jpg
2725.jpg,/Non_CSAM/images/2725.jpg,NON_CSAM,Non sensitive,2725.jpg
1397.jpg,/Non_CSAM/images/1397.jpg,NON_CSAM,Non sensitive,1397.jpg
1566.jpg,/Non_CSAM/images/1566.jpg,NON_CSAM,Non sensitive,1566.jpg
0433.jpg,/Non_CSAM/images/0433.jpg,NON_CSAM,Non sensitive,0433.jpg
1428.jpg,/Non_CSAM/images/1428.jpg,NON_CSAM,Non sensitive,1428.jpg
1511.jpg,/Non_CSAM/images/1511.jpg,NON_CSAM,Non sensitive,1511.jpg
0580.jpg,/Non_CSAM/images/0580.jpg,NON_CSAM,Non sensitive,0580.jpg
2686.jpg,/Non_CSAM/images/2686.jpg,NON_CSAM,Non sensitive,2686.jpg
0172.jpg,/Non_CSAM/images/0172.jpg,NON_CSAM,Non sensitive,0172.jpg
1583.jpg,/Non_CSAM/images/1583.jpg,NON_CSAM,Non sensitive,1583.jpg
1430.jpg,/Non_CSAM/images/1430.jpg,NON_CSAM,Non sensitive,1430.jpg
0639.jpg,/Non_CSAM/images/0639.jpg,NON_CSAM,Non sensitive,0639.jpg
0661.jpg,/Non_CSAM/images/0661.jpg,NON_CSAM,Non sensitive,0661.jpg
0030.jpeg,/Non_CSAM/images/0030.jpeg,NON_CSAM,Non sensitive,0030.jpeg
2775.jpg,/Non_CSAM/images/2775.jpg,NON_CSAM,Non sensitive,2775.jpg
0512.jpg,/Non_CSAM/images/0512.jpg,NON_CSAM,Non sensitive,0512.jpg
0731.webp,/Non_CSAM/images/0731.webp,NON_CSAM,Non sensitive,0731.webp
1366.jpg,/Non_CSAM/images/1366.jpg,NON_CSAM,Non sensitive,1366.jpg
0310.jpg,/Non_CSAM/images/0310.jpg,NON_CSAM,Non sensitive,0310.jpg
0142.jpg,/Non_CSAM/images/0142.jpg,NON_CSAM,Non sensitive,0142.jpg
3066.jpg,/Non_CSAM/images/3066.jpg,NON_CSAM,Non sensitive,3066.jpg
1750.jpg,/Non_CSAM/images/1750.jpg,NON_CSAM,Non sensitive,1750.jpg
1623.jpg,/Non_CSAM/images/1623.jpg,NON_CSAM,Non sensitive,1623.jpg
3077.jpg,/Non_CSAM/images/3077.jpg,NON_CSAM,Non sensitive,3077.jpg
1339.jpg,/Non_CSAM/images/1339.jpg,NON_CSAM,Non sensitive,1339.jpg
1808.jpg,/Non_CSAM/images/1808.jpg,NON_CSAM,Non sensitive,1808.jpg
2875.png,/Non_CSAM/images/2875.png,NON_CSAM,Non sensitive,2875.png
2927.png,/Non_CSAM/images/2927.png,NON_CSAM,Non sensitive,2927.png
0386.jpg,/Non_CSAM/images/0386.jpg,NON_CSAM,Non sensitive,0386.jpg
1737.jpg,/Non_CSAM/images/1737.jpg,NON_CSAM,Non sensitive,1737.jpg
0202.jpg,/Non_CSAM/images/0202.jpg,NON_CSAM,Non sensitive,0202.jpg
1505.jpg,/Non_CSAM/images/1505.jpg,NON_CSAM,Non sensitive,1505.jpg
1707.jpg,/Non_CSAM/images/1707.jpg,NON_CSAM,Non sensitive,1707.jpg
1719.jpg,/Non_CSAM/images/1719.jpg,NON_CSAM,Non sensitive,1719.jpg
0571.jpg,/Non_CSAM/images/0571.jpg,NON_CSAM,Non sensitive,0571.jpg
0689.jpg,/Non_CSAM/images/0689.jpg,NON_CSAM,Non sensitive,0689.jpg
2926.png,/Non_CSAM/images/2926.png,NON_CSAM,Non sensitive,2926.png
0542.jpg,/Non_CSAM/images/0542.jpg,NON_CSAM,Non sensitive,0542.jpg
0429.jpg,/Non_CSAM/images/0429.jpg,NON_CSAM,Non sensitive,0429.jpg
2917.png,/Non_CSAM/images/2917.png,NON_CSAM,Non sensitive,2917.png
0347.jpg,/Non_CSAM/images/0347.jpg,NON_CSAM,Non sensitive,0347.jpg
3002.png,/Non_CSAM/images/3002.png,NON_CSAM,Non sensitive,3002.png
2767.jpg,/Non_CSAM/images/2767.jpg,NON_CSAM,Non sensitive,2767.jpg
2579.jpg,/Non_CSAM/images/2579.jpg,NON_CSAM,Non sensitive,2579.jpg
0481.jpg,/Non_CSAM/images/0481.jpg,NON_CSAM,Non sensitive,0481.jpg
0038.webp,/Non_CSAM/images/0038.webp,NON_CSAM,Non sensitive,0038.webp
1550.jpg,/Non_CSAM/images/1550.jpg,NON_CSAM,Non sensitive,1550.jpg
1479.jpg,/Non_CSAM/images/1479.jpg,NON_CSAM,Non sensitive,1479.jpg
2600.jpg,/Non_CSAM/images/2600.jpg,NON_CSAM,Non sensitive,2600.jpg
1378.jpg,/Non_CSAM/images/1378.jpg,NON_CSAM,Non sensitive,1378.jpg
2880.png,/Non_CSAM/images/2880.png,NON_CSAM,Non sensitive,2880.png
0726.jpg,/Non_CSAM/images/0726.jpg,NON_CSAM,Non sensitive,0726.jpg
0437.jpg,/Non_CSAM/images/0437.jpg,NON_CSAM,Non sensitive,0437.jpg
2797.jpg,/Non_CSAM/images/2797.jpg,NON_CSAM,Non sensitive,2797.jpg
2764.jpg,/Non_CSAM/images/2764.jpg,NON_CSAM,Non sensitive,2764.jpg
0111.jpg,/Non_CSAM/images/0111.jpg,NON_CSAM,Non sensitive,0111.jpg
1783.jpg,/Non_CSAM/images/1783.jpg,NON_CSAM,Non sensitive,1783.jpg
0344.jpg,/Non_CSAM/images/0344.jpg,NON_CSAM,Non sensitive,0344.jpg
0357.jpg,/Non_CSAM/images/0357.jpg,NON_CSAM,Non sensitive,0357.jpg
1792.jpg,/Non_CSAM/images/1792.jpg,NON_CSAM,Non sensitive,1792.jpg
1806.jpg,/Non_CSAM/images/1806.jpg,NON_CSAM,Non sensitive,1806.jpg
1342.jpg,/Non_CSAM/images/1342.jpg,NON_CSAM,Non sensitive,1342.jpg
2888.png,/Non_CSAM/images/2888.png,NON_CSAM,Non sensitive,2888.png
1771.jpg,/Non_CSAM/images/1771.jpg,NON_CSAM,Non sensitive,1771.jpg
0666.jpg,/Non_CSAM/images/0666.jpg,NON_CSAM,Non sensitive,0666.jpg
1681.jpg,/Non_CSAM/images/1681.jpg,NON_CSAM,Non sensitive,1681.jpg
0615.jpg,/Non_CSAM/images/0615.jpg,NON_CSAM,Non sensitive,0615.jpg
0195.jpg,/Non_CSAM/images/0195.jpg,NON_CSAM,Non sensitive,0195.jpg
0300.jpg,/Non_CSAM/images/0300.jpg,NON_CSAM,Non sensitive,0300.jpg
0468.jpg,/Non_CSAM/images/0468.jpg,NON_CSAM,Non sensitive,0468.jpg
0683.jpg,/Non_CSAM/images/0683.jpg,NON_CSAM,Non sensitive,0683.jpg
0547.jpg,/Non_CSAM/images/0547.jpg,NON_CSAM,Non sensitive,0547.jpg
1420.jpg,/Non_CSAM/images/1420.jpg,NON_CSAM,Non sensitive,1420.jpg
0189.jpg,/Non_CSAM/images/0189.jpg,NON_CSAM,Non sensitive,0189.jpg
0791.jpg,/Non_CSAM/images/0791.jpg,NON_CSAM,Non sensitive,0791.jpg
1438.jpg,/Non_CSAM/images/1438.jpg,NON_CSAM,Non sensitive,1438.jpg
2959.png,/Non_CSAM/images/2959.png,NON_CSAM,Non sensitive,2959.png
1476.jpg,/Non_CSAM/images/1476.jpg,NON_CSAM,Non sensitive,1476.jpg
2963.png,/Non_CSAM/images/2963.png,NON_CSAM,Non sensitive,2963.png
1590.jpg,/Non_CSAM/images/1590.jpg,NON_CSAM,Non sensitive,1590.jpg
2832.png,/Non_CSAM/images/2832.png,NON_CSAM,Non sensitive,2832.png
0022.jpeg,/Non_CSAM/images/0022.jpeg,NON_CSAM,Non sensitive,0022.jpeg
2952.png,/Non_CSAM/images/2952.png,NON_CSAM,Non sensitive,2952.png
0605.jpg,/Non_CSAM/images/0605.jpg,NON_CSAM,Non sensitive,0605.jpg
0706.jpg,/Non_CSAM/images/0706.jpg,NON_CSAM,Non sensitive,0706.jpg
1634.jpg,/Non_CSAM/images/1634.jpg,NON_CSAM,Non sensitive,1634.jpg
3062.jpg,/Non_CSAM/images/3062.jpg,NON_CSAM,Non sensitive,3062.jpg
0027.jpeg,/Non_CSAM/images/0027.jpeg,NON_CSAM,Non sensitive,0027.jpeg
0270.jpg,/Non_CSAM/images/0270.jpg,NON_CSAM,Non sensitive,0270.jpg
0634.jpg,/Non_CSAM/images/0634.jpg,NON_CSAM,Non sensitive,0634.jpg
2663.jpg,/Non_CSAM/images/2663.jpg,NON_CSAM,Non sensitive,2663.jpg
0769.webp,/Non_CSAM/images/0769.webp,NON_CSAM,Non sensitive,0769.webp
0458.jpg,/Non_CSAM/images/0458.jpg,NON_CSAM,Non sensitive,0458.jpg
1704.jpg,/Non_CSAM/images/1704.jpg,NON_CSAM,Non sensitive,1704.jpg
0628.jpg,/Non_CSAM/images/0628.jpg,NON_CSAM,Non sensitive,0628.jpg
2995.png,/Non_CSAM/images/2995.png,NON_CSAM,Non sensitive,2995.png
1759.jpg,/Non_CSAM/images/1759.jpg,NON_CSAM,Non sensitive,1759.jpg
2998.png,/Non_CSAM/images/2998.png,NON_CSAM,Non sensitive,2998.png
3029.png,/Non_CSAM/images/3029.png,NON_CSAM,Non sensitive,3029.png
0528.jpg,/Non_CSAM/images/0528.jpg,NON_CSAM,Non sensitive,0528.jpg
0294.jpg,/Non_CSAM/images/0294.jpg,NON_CSAM,Non sensitive,0294.jpg
0428.jpg,/Non_CSAM/images/0428.jpg,NON_CSAM,Non sensitive,0428.jpg
1723.jpg,/Non_CSAM/images/1723.jpg,NON_CSAM,Non sensitive,1723.jpg
1468.jpg,/Non_CSAM/images/1468.jpg,NON_CSAM,Non sensitive,1468.jpg
1422.jpg,/Non_CSAM/images/1422.jpg,NON_CSAM,Non sensitive,1422.jpg
0495.jpg,/Non_CSAM/images/0495.jpg,NON_CSAM,Non sensitive,0495.jpg
1708.jpg,/Non_CSAM/images/1708.jpg,NON_CSAM,Non sensitive,1708.jpg
1692.jpg,/Non_CSAM/images/1692.jpg,NON_CSAM,Non sensitive,1692.jpg
1416.jpg,/Non_CSAM/images/1416.jpg,NON_CSAM,Non sensitive,1416.jpg
1730.jpg,/Non_CSAM/images/1730.jpg,NON_CSAM,Non sensitive,1730.jpg
0783.jpg,/Non_CSAM/images/0783.jpg,NON_CSAM,Non sensitive,0783.jpg
0625.jpg,/Non_CSAM/images/0625.jpg,NON_CSAM,Non sensitive,0625.jpg
0330.jpg,/Non_CSAM/images/0330.jpg,NON_CSAM,Non sensitive,0330.jpg
3005.png,/Non_CSAM/images/3005.png,NON_CSAM,Non sensitive,3005.png
0179.jpg,/Non_CSAM/images/0179.jpg,NON_CSAM,Non sensitive,0179.jpg
1444.jpg,/Non_CSAM/images/1444.jpg,NON_CSAM,Non sensitive,1444.jpg
2787.jpg,/Non_CSAM/images/2787.jpg,NON_CSAM,Non sensitive,2787.jpg
2861.png,/Non_CSAM/images/2861.png,NON_CSAM,Non sensitive,2861.png
1387.jpg,/Non_CSAM/images/1387.jpg,NON_CSAM,Non sensitive,1387.jpg
0286.jpg,/Non_CSAM/images/0286.jpg,NON_CSAM,Non sensitive,0286.jpg
1471.jpg,/Non_CSAM/images/1471.jpg,NON_CSAM,Non sensitive,1471.jpg
2924.png,/Non_CSAM/images/2924.png,NON_CSAM,Non sensitive,2924.png
0244.jpg,/Non_CSAM/images/0244.jpg,NON_CSAM,Non sensitive,0244.jpg
2685.jpg,/Non_CSAM/images/2685.jpg,NON_CSAM,Non sensitive,2685.jpg
2773.jpg,/Non_CSAM/images/2773.jpg,NON_CSAM,Non sensitive,2773.jpg
1552.jpg,/Non_CSAM/images/1552.jpg,NON_CSAM,Non sensitive,1552.jpg
0212.jpg,/Non_CSAM/images/0212.jpg,NON_CSAM,Non sensitive,0212.jpg
1362.jpg,/Non_CSAM/images/1362.jpg,NON_CSAM,Non sensitive,1362.jpg
1712.jpg,/Non_CSAM/images/1712.jpg,NON_CSAM,Non sensitive,1712.jpg
1524.jpg,/Non_CSAM/images/1524.jpg,NON_CSAM,Non sensitive,1524.jpg
1600.jpg,/Non_CSAM/images/1600.jpg,NON_CSAM,Non sensitive,1600.jpg
2732.jpg,/Non_CSAM/images/2732.jpg,NON_CSAM,Non sensitive,2732.jpg
3072.jpg,/Non_CSAM/images/3072.jpg,NON_CSAM,Non sensitive,3072.jpg
2951.png,/Non_CSAM/images/2951.png,NON_CSAM,Non sensitive,2951.png
0253.jpg,/Non_CSAM/images/0253.jpg,NON_CSAM,Non sensitive,0253.jpg
0719.webp,/Non_CSAM/images/0719.webp,NON_CSAM,Non sensitive,0719.webp
0073.jpg,/Non_CSAM/images/0073.jpg,NON_CSAM,Non sensitive,0073.jpg
1573.jpg,/Non_CSAM/images/1573.jpg,NON_CSAM,Non sensitive,1573.jpg
1547.jpg,/Non_CSAM/images/1547.jpg,NON_CSAM,Non sensitive,1547.jpg
1520.jpg,/Non_CSAM/images/1520.jpg,NON_CSAM,Non sensitive,1520.jpg
0739.webp,/Non_CSAM/images/0739.webp,NON_CSAM,Non sensitive,0739.webp
0311.jpg,/Non_CSAM/images/0311.jpg,NON_CSAM,Non sensitive,0311.jpg
0251.jpg,/Non_CSAM/images/0251.jpg,NON_CSAM,Non sensitive,0251.jpg
0034.jpg,/Non_CSAM/images/0034.jpg,NON_CSAM,Non sensitive,0034.jpg
0314.jpg,/Non_CSAM/images/0314.jpg,NON_CSAM,Non sensitive,0314.jpg
3116.jpg,/Non_CSAM/images/3116.jpg,NON_CSAM,Non sensitive,3116.jpg
0624.jpg,/Non_CSAM/images/0624.jpg,NON_CSAM,Non sensitive,0624.jpg
0721.jpg,/Non_CSAM/images/0721.jpg,NON_CSAM,Non sensitive,0721.jpg
2813.jpg,/Non_CSAM/images/2813.jpg,NON_CSAM,Non sensitive,2813.jpg
2737.jpg,/Non_CSAM/images/2737.jpg,NON_CSAM,Non sensitive,2737.jpg
0003.webp,/Non_CSAM/images/0003.webp,NON_CSAM,Non sensitive,0003.webp
1609.jpg,/Non_CSAM/images/1609.jpg,NON_CSAM,Non sensitive,1609.jpg
0077.jpg,/Non_CSAM/images/0077.jpg,NON_CSAM,Non sensitive,0077.jpg
2746.jpg,/Non_CSAM/images/2746.jpg,NON_CSAM,Non sensitive,2746.jpg
1596.jpg,/Non_CSAM/images/1596.jpg,NON_CSAM,Non sensitive,1596.jpg
2756.jpg,/Non_CSAM/images/2756.jpg,NON_CSAM,Non sensitive,2756.jpg
0170.jpg,/Non_CSAM/images/0170.jpg,NON_CSAM,Non sensitive,0170.jpg
0084.jpg,/Non_CSAM/images/0084.jpg,NON_CSAM,Non sensitive,0084.jpg
2720.jpg,/Non_CSAM/images/2720.jpg,NON_CSAM,Non sensitive,2720.jpg
2853.png,/Non_CSAM/images/2853.png,NON_CSAM,Non sensitive,2853.png
2576.jpg,/Non_CSAM/images/2576.jpg,NON_CSAM,Non sensitive,2576.jpg
0656.jpg,/Non_CSAM/images/0656.jpg,NON_CSAM,Non sensitive,0656.jpg
2694.jpg,/Non_CSAM/images/2694.jpg,NON_CSAM,Non sensitive,2694.jpg
2970.png,/Non_CSAM/images/2970.png,NON_CSAM,Non sensitive,2970.png
0105.jpg,/Non_CSAM/images/0105.jpg,NON_CSAM,Non sensitive,0105.jpg
0774.webp,/Non_CSAM/images/0774.webp,NON_CSAM,Non sensitive,0774.webp
0640.jpg,/Non_CSAM/images/0640.jpg,NON_CSAM,Non sensitive,0640.jpg
3121.jpg,/Non_CSAM/images/3121.jpg,NON_CSAM,Non sensitive,3121.jpg
1780.jpg,/Non_CSAM/images/1780.jpg,NON_CSAM,Non sensitive,1780.jpg
0598.jpg,/Non_CSAM/images/0598.jpg,NON_CSAM,Non sensitive,0598.jpg
2601.jpg,/Non_CSAM/images/2601.jpg,NON_CSAM,Non sensitive,2601.jpg
0455.jpg,/Non_CSAM/images/0455.jpg,NON_CSAM,Non sensitive,0455.jpg
0618.jpg,/Non_CSAM/images/0618.jpg,NON_CSAM,Non sensitive,0618.jpg
1797.jpg,/Non_CSAM/images/1797.jpg,NON_CSAM,Non sensitive,1797.jpg
0320.jpg,/Non_CSAM/images/0320.jpg,NON_CSAM,Non sensitive,0320.jpg
0469.jpg,/Non_CSAM/images/0469.jpg,NON_CSAM,Non sensitive,0469.jpg
0477.jpg,/Non_CSAM/images/0477.jpg,NON_CSAM,Non sensitive,0477.jpg
2581.jpg,/Non_CSAM/images/2581.jpg,NON_CSAM,Non sensitive,2581.jpg
0551.jpg,/Non_CSAM/images/0551.jpg,NON_CSAM,Non sensitive,0551.jpg
1333.jpg,/Non_CSAM/images/1333.jpg,NON_CSAM,Non sensitive,1333.jpg
0245.jpg,/Non_CSAM/images/0245.jpg,NON_CSAM,Non sensitive,0245.jpg
1816.jpg,/Non_CSAM/images/1816.jpg,NON_CSAM,Non sensitive,1816.jpg
1348.jpg,/Non_CSAM/images/1348.jpg,NON_CSAM,Non sensitive,1348.jpg
0626.jpg,/Non_CSAM/images/0626.jpg,NON_CSAM,Non sensitive,0626.jpg
0636.jpg,/Non_CSAM/images/0636.jpg,NON_CSAM,Non sensitive,0636.jpg
0442.jpg,/Non_CSAM/images/0442.jpg,NON_CSAM,Non sensitive,0442.jpg
1321.jpg,/Non_CSAM/images/1321.jpg,NON_CSAM,Non sensitive,1321.jpg
1595.jpg,/Non_CSAM/images/1595.jpg,NON_CSAM,Non sensitive,1595.jpg
0125.jpg,/Non_CSAM/images/0125.jpg,NON_CSAM,Non sensitive,0125.jpg
0268.jpg,/Non_CSAM/images/0268.jpg,NON_CSAM,Non sensitive,0268.jpg
0088.jpg,/Non_CSAM/images/0088.jpg,NON_CSAM,Non sensitive,0088.jpg
0327.jpg,/Non_CSAM/images/0327.jpg,NON_CSAM,Non sensitive,0327.jpg
0592.jpg,/Non_CSAM/images/0592.jpg,NON_CSAM,Non sensitive,0592.jpg
1369.jpg,/Non_CSAM/images/1369.jpg,NON_CSAM,Non sensitive,1369.jpg
0162.jpg,/Non_CSAM/images/0162.jpg,NON_CSAM,Non sensitive,0162.jpg
1625.jpg,/Non_CSAM/images/1625.jpg,NON_CSAM,Non sensitive,1625.jpg
3115.jpg,/Non_CSAM/images/3115.jpg,NON_CSAM,Non sensitive,3115.jpg
2681.jpg,/Non_CSAM/images/2681.jpg,NON_CSAM,Non sensitive,2681.jpg
3008.png,/Non_CSAM/images/3008.png,NON_CSAM,Non sensitive,3008.png
0606.jpg,/Non_CSAM/images/0606.jpg,NON_CSAM,Non sensitive,0606.jpg
0076.jpg,/Non_CSAM/images/0076.jpg,NON_CSAM,Non sensitive,0076.jpg
0519.jpg,/Non_CSAM/images/0519.jpg,NON_CSAM,Non sensitive,0519.jpg
0426.jpg,/Non_CSAM/images/0426.jpg,NON_CSAM,Non sensitive,0426.jpg
0067.jpg,/Non_CSAM/images/0067.jpg,NON_CSAM,Non sensitive,0067.jpg
2838.png,/Non_CSAM/images/2838.png,NON_CSAM,Non sensitive,2838.png
2890.png,/Non_CSAM/images/2890.png,NON_CSAM,Non sensitive,2890.png
1732.jpg,/Non_CSAM/images/1732.jpg,NON_CSAM,Non sensitive,1732.jpg
2841.png,/Non_CSAM/images/2841.png,NON_CSAM,Non sensitive,2841.png
1642.jpg,/Non_CSAM/images/1642.jpg,NON_CSAM,Non sensitive,1642.jpg
1630.jpg,/Non_CSAM/images/1630.jpg,NON_CSAM,Non sensitive,1630.jpg
0198.jpg,/Non_CSAM/images/0198.jpg,NON_CSAM,Non sensitive,0198.jpg
0364.jpg,/Non_CSAM/images/0364.jpg,NON_CSAM,Non sensitive,0364.jpg
1694.jpg,/Non_CSAM/images/1694.jpg,NON_CSAM,Non sensitive,1694.jpg
2918.png,/Non_CSAM/images/2918.png,NON_CSAM,Non sensitive,2918.png
2969.png,/Non_CSAM/images/2969.png,NON_CSAM,Non sensitive,2969.png
0307.jpg,/Non_CSAM/images/0307.jpg,NON_CSAM,Non sensitive,0307.jpg
1799.jpg,/Non_CSAM/images/1799.jpg,NON_CSAM,Non sensitive,1799.jpg
1701.jpg,/Non_CSAM/images/1701.jpg,NON_CSAM,Non sensitive,1701.jpg
2939.png,/Non_CSAM/images/2939.png,NON_CSAM,Non sensitive,2939.png
0109.jpg,/Non_CSAM/images/0109.jpg,NON_CSAM,Non sensitive,0109.jpg
1597.jpg,/Non_CSAM/images/1597.jpg,NON_CSAM,Non sensitive,1597.jpg
0787.webp,/Non_CSAM/images/0787.webp,NON_CSAM,Non sensitive,0787.webp
2867.png,/Non_CSAM/images/2867.png,NON_CSAM,Non sensitive,2867.png
0669.jpg,/Non_CSAM/images/0669.jpg,NON_CSAM,Non sensitive,0669.jpg
1508.jpg,/Non_CSAM/images/1508.jpg,NON_CSAM,Non sensitive,1508.jpg
2711.jpg,/Non_CSAM/images/2711.jpg,NON_CSAM,Non sensitive,2711.jpg
0315.jpg,/Non_CSAM/images/0315.jpg,NON_CSAM,Non sensitive,0315.jpg
1555.jpg,/Non_CSAM/images/1555.jpg,NON_CSAM,Non sensitive,1555.jpg
2661.jpg,/Non_CSAM/images/2661.jpg,NON_CSAM,Non sensitive,2661.jpg
0047.webp,/Non_CSAM/images/0047.webp,NON_CSAM,Non sensitive,0047.webp
0296.jpg,/Non_CSAM/images/0296.jpg,NON_CSAM,Non sensitive,0296.jpg
0137.jpg,/Non_CSAM/images/0137.jpg,NON_CSAM,Non sensitive,0137.jpg
2624.jpg,/Non_CSAM/images/2624.jpg,NON_CSAM,Non sensitive,2624.jpg
2840.png,/Non_CSAM/images/2840.png,NON_CSAM,Non sensitive,2840.png
2870.png,/Non_CSAM/images/2870.png,NON_CSAM,Non sensitive,2870.png
0325.jpg,/Non_CSAM/images/0325.jpg,NON_CSAM,Non sensitive,0325.jpg
0193.jpg,/Non_CSAM/images/0193.jpg,NON_CSAM,Non sensitive,0193.jpg
0385.jpg,/Non_CSAM/images/0385.jpg,NON_CSAM,Non sensitive,0385.jpg
0246.jpg,/Non_CSAM/images/0246.jpg,NON_CSAM,Non sensitive,0246.jpg
2904.png,/Non_CSAM/images/2904.png,NON_CSAM,Non sensitive,2904.png
2843.png,/Non_CSAM/images/2843.png,NON_CSAM,Non sensitive,2843.png
1396.jpg,/Non_CSAM/images/1396.jpg,NON_CSAM,Non sensitive,1396.jpg
1672.jpg,/Non_CSAM/images/1672.jpg,NON_CSAM,Non sensitive,1672.jpg
0305.jpg,/Non_CSAM/images/0305.jpg,NON_CSAM,Non sensitive,0305.jpg
1699.jpg,/Non_CSAM/images/1699.jpg,NON_CSAM,Non sensitive,1699.jpg
0553.jpg,/Non_CSAM/images/0553.jpg,NON_CSAM,Non sensitive,0553.jpg
3054.png,/Non_CSAM/images/3054.png,NON_CSAM,Non sensitive,3054.png
0619.jpg,/Non_CSAM/images/0619.jpg,NON_CSAM,Non sensitive,0619.jpg
1608.jpg,/Non_CSAM/images/1608.jpg,NON_CSAM,Non sensitive,1608.jpg
1721.jpg,/Non_CSAM/images/1721.jpg,NON_CSAM,Non sensitive,1721.jpg
0511.jpg,/Non_CSAM/images/0511.jpg,NON_CSAM,Non sensitive,0511.jpg
3061.jpg,/Non_CSAM/images/3061.jpg,NON_CSAM,Non sensitive,3061.jpg
1631.jpg,/Non_CSAM/images/1631.jpg,NON_CSAM,Non sensitive,1631.jpg
0206.jpg,/Non_CSAM/images/0206.jpg,NON_CSAM,Non sensitive,0206.jpg
2730.jpg,/Non_CSAM/images/2730.jpg,NON_CSAM,Non sensitive,2730.jpg
0722.jpg,/Non_CSAM/images/0722.jpg,NON_CSAM,Non sensitive,0722.jpg
1319.jpg,/Non_CSAM/images/1319.jpg,NON_CSAM,Non sensitive,1319.jpg
1773.jpg,/Non_CSAM/images/1773.jpg,NON_CSAM,Non sensitive,1773.jpg
3013.png,/Non_CSAM/images/3013.png,NON_CSAM,Non sensitive,3013.png
0777.webp,/Non_CSAM/images/0777.webp,NON_CSAM,Non sensitive,0777.webp
0126.jpg,/Non_CSAM/images/0126.jpg,NON_CSAM,Non sensitive,0126.jpg
2706.jpg,/Non_CSAM/images/2706.jpg,NON_CSAM,Non sensitive,2706.jpg
0207.jpg,/Non_CSAM/images/0207.jpg,NON_CSAM,Non sensitive,0207.jpg
0754.webp,/Non_CSAM/images/0754.webp,NON_CSAM,Non sensitive,0754.webp
0127.jpg,/Non_CSAM/images/0127.jpg,NON_CSAM,Non sensitive,0127.jpg
2584.jpg,/Non_CSAM/images/2584.jpg,NON_CSAM,Non sensitive,2584.jpg
2906.png,/Non_CSAM/images/2906.png,NON_CSAM,Non sensitive,2906.png
1560.jpg,/Non_CSAM/images/1560.jpg,NON_CSAM,Non sensitive,1560.jpg
1675.jpg,/Non_CSAM/images/1675.jpg,NON_CSAM,Non sensitive,1675.jpg
0480.jpg,/Non_CSAM/images/0480.jpg,NON_CSAM,Non sensitive,0480.jpg
2604.jpg,/Non_CSAM/images/2604.jpg,NON_CSAM,Non sensitive,2604.jpg
1604.jpg,/Non_CSAM/images/1604.jpg,NON_CSAM,Non sensitive,1604.jpg
1811.jpg,/Non_CSAM/images/1811.jpg,NON_CSAM,Non sensitive,1811.jpg
2687.jpg,/Non_CSAM/videos/video012/2687.jpg,NON_CSAM,Non sensitive,video012
2688.jpg,/Non_CSAM/videos/video012/2688.jpg,NON_CSAM,Non sensitive,video012
0780.webp,/Non_CSAM/images/0780.webp,NON_CSAM,Non sensitive,0780.webp
3007.png,/Non_CSAM/images/3007.png,NON_CSAM,Non sensitive,3007.png
0368.jpg,/Non_CSAM/images/0368.jpg,NON_CSAM,Non sensitive,0368.jpg
2594.jpg,/Non_CSAM/images/2594.jpg,NON_CSAM,Non sensitive,2594.jpg
3044.png,/Non_CSAM/images/3044.png,NON_CSAM,Non sensitive,3044.png
2809.jpg,/Non_CSAM/images/2809.jpg,NON_CSAM,Non sensitive,2809.jpg
0393.jpg,/Non_CSAM/images/0393.jpg,NON_CSAM,Non sensitive,0393.jpg
0611.jpg,/Non_CSAM/images/0611.jpg,NON_CSAM,Non sensitive,0611.jpg
0695.jpg,/Non_CSAM/images/0695.jpg,NON_CSAM,Non sensitive,0695.jpg
1757.jpg,/Non_CSAM/images/1757.jpg,NON_CSAM,Non sensitive,1757.jpg
0263.jpg,/Non_CSAM/images/0263.jpg,NON_CSAM,Non sensitive,0263.jpg
0724.webp,/Non_CSAM/images/0724.webp,NON_CSAM,Non sensitive,0724.webp
0430.jpg,/Non_CSAM/images/0430.jpg,NON_CSAM,Non sensitive,0430.jpg
0240.jpg,/Non_CSAM/images/0240.jpg,NON_CSAM,Non sensitive,0240.jpg
1777.jpg,/Non_CSAM/images/1777.jpg,NON_CSAM,Non sensitive,1777.jpg
0096.jpg,/Non_CSAM/images/0096.jpg,NON_CSAM,Non sensitive,0096.jpg
0018.webp,/Non_CSAM/images/0018.webp,NON_CSAM,Non sensitive,0018.webp
1350.jpg,/Non_CSAM/images/1350.jpg,NON_CSAM,Non sensitive,1350.jpg
1463.jpg,/Non_CSAM/images/1463.jpg,NON_CSAM,Non sensitive,1463.jpg
1551.jpg,/Non_CSAM/images/1551.jpg,NON_CSAM,Non sensitive,1551.jpg
1521.jpg,/Non_CSAM/images/1521.jpg,NON_CSAM,Non sensitive,1521.jpg
0508.jpg,/Non_CSAM/images/0508.jpg,NON_CSAM,Non sensitive,0508.jpg
2676.jpg,/Non_CSAM/images/2676.jpg,NON_CSAM,Non sensitive,2676.jpg
2997.png,/Non_CSAM/images/2997.png,NON_CSAM,Non sensitive,2997.png
0510.jpg,/Non_CSAM/images/0510.jpg,NON_CSAM,Non sensitive,0510.jpg
2913.png,/Non_CSAM/images/2913.png,NON_CSAM,Non sensitive,2913.png
0407.jpg,/Non_CSAM/images/0407.jpg,NON_CSAM,Non sensitive,0407.jpg
0021.webp,/Non_CSAM/images/0021.webp,NON_CSAM,Non sensitive,0021.webp
0581.jpg,/Non_CSAM/images/0581.jpg,NON_CSAM,Non sensitive,0581.jpg
0588.jpg,/Non_CSAM/images/0588.jpg,NON_CSAM,Non sensitive,0588.jpg
0713.webp,/Non_CSAM/images/0713.webp,NON_CSAM,Non sensitive,0713.webp
0545.jpg,/Non_CSAM/images/0545.jpg,NON_CSAM,Non sensitive,0545.jpg
0742.webp,/Non_CSAM/images/0742.webp,NON_CSAM,Non sensitive,0742.webp
0450.jpg,/Non_CSAM/images/0450.jpg,NON_CSAM,Non sensitive,0450.jpg
1544.jpg,/Non_CSAM/images/1544.jpg,NON_CSAM,Non sensitive,1544.jpg
1673.jpg,/Non_CSAM/images/1673.jpg,NON_CSAM,Non sensitive,1673.jpg
0681.jpg,/Non_CSAM/images/0681.jpg,NON_CSAM,Non sensitive,0681.jpg
2752.jpg,/Non_CSAM/images/2752.jpg,NON_CSAM,Non sensitive,2752.jpg
0059.webp,/Non_CSAM/images/0059.webp,NON_CSAM,Non sensitive,0059.webp
1686.jpg,/Non_CSAM/images/1686.jpg,NON_CSAM,Non sensitive,1686.jpg
1664.jpg,/Non_CSAM/images/1664.jpg,NON_CSAM,Non sensitive,1664.jpg
1749.jpg,/Non_CSAM/images/1749.jpg,NON_CSAM,Non sensitive,1749.jpg
1764.jpg,/Non_CSAM/images/1764.jpg,NON_CSAM,Non sensitive,1764.jpg
1469.jpg,/Non_CSAM/images/1469.jpg,NON_CSAM,Non sensitive,1469.jpg
2605.jpg,/Non_CSAM/images/2605.jpg,NON_CSAM,Non sensitive,2605.jpg
0187.jpg,/Non_CSAM/images/0187.jpg,NON_CSAM,Non sensitive,0187.jpg
0518.jpg,/Non_CSAM/images/0518.jpg,NON_CSAM,Non sensitive,0518.jpg
0676.jpg,/Non_CSAM/images/0676.jpg,NON_CSAM,Non sensitive,0676.jpg
0565.jpg,/Non_CSAM/images/0565.jpg,NON_CSAM,Non sensitive,0565.jpg
2872.png,/Non_CSAM/images/2872.png,NON_CSAM,Non sensitive,2872.png
1638.jpg,/Non_CSAM/images/1638.jpg,NON_CSAM,Non sensitive,1638.jpg
1536.jpg,/Non_CSAM/images/1536.jpg,NON_CSAM,Non sensitive,1536.jpg
0569.jpg,/Non_CSAM/images/0569.jpg,NON_CSAM,Non sensitive,0569.jpg
0128.jpg,/Non_CSAM/videos/video002/0128.jpg,NON_CSAM,Non sensitive,video002
0134.jpg,/Non_CSAM/videos/video002/0134.jpg,NON_CSAM,Non sensitive,video002
1435.jpg,/Non_CSAM/images/1435.jpg,NON_CSAM,Non sensitive,1435.jpg
2933.png,/Non_CSAM/images/2933.png,NON_CSAM,Non sensitive,2933.png
1487.jpg,/Non_CSAM/images/1487.jpg,NON_CSAM,Non sensitive,1487.jpg
2988.png,/Non_CSAM/images/2988.png,NON_CSAM,Non sensitive,2988.png
1431.jpg,/Non_CSAM/images/1431.jpg,NON_CSAM,Non sensitive,1431.jpg
0229.jpg,/Non_CSAM/images/0229.jpg,NON_CSAM,Non sensitive,0229.jpg
1549.jpg,/Non_CSAM/images/1549.jpg,NON_CSAM,Non sensitive,1549.jpg
2745.jpg,/Non_CSAM/images/2745.jpg,NON_CSAM,Non sensitive,2745.jpg
0026.jpeg,/Non_CSAM/images/0026.jpeg,NON_CSAM,Non sensitive,0026.jpeg
0714.webp,/Non_CSAM/images/0714.webp,NON_CSAM,Non sensitive,0714.webp
2714.jpg,/Non_CSAM/images/2714.jpg,NON_CSAM,Non sensitive,2714.jpg
2910.png,/Non_CSAM/images/2910.png,NON_CSAM,Non sensitive,2910.png
3047.png,/Non_CSAM/images/3047.png,NON_CSAM,Non sensitive,3047.png
2812.jpg,/Non_CSAM/images/2812.jpg,NON_CSAM,Non sensitive,2812.jpg
0727.webp,/Non_CSAM/images/0727.webp,NON_CSAM,Non sensitive,0727.webp
0085.jpg,/Non_CSAM/images/0085.jpg,NON_CSAM,Non sensitive,0085.jpg
3022.png,/Non_CSAM/images/3022.png,NON_CSAM,Non sensitive,3022.png
0633.jpg,/Non_CSAM/images/0633.jpg,NON_CSAM,Non sensitive,0633.jpg
0218.jpg,/Non_CSAM/images/0218.jpg,NON_CSAM,Non sensitive,0218.jpg
2848.png,/Non_CSAM/images/2848.png,NON_CSAM,Non sensitive,2848.png
0165.jpg,/Non_CSAM/images/0165.jpg,NON_CSAM,Non sensitive,0165.jpg
0422.jpg,/Non_CSAM/images/0422.jpg,NON_CSAM,Non sensitive,0422.jpg
1351.jpg,/Non_CSAM/images/1351.jpg,NON_CSAM,Non sensitive,1351.jpg
0785.webp,/Non_CSAM/images/0785.webp,NON_CSAM,Non sensitive,0785.webp
2889.png,/Non_CSAM/images/2889.png,NON_CSAM,Non sensitive,2889.png
0053.jpg,/Non_CSAM/images/0053.jpg,NON_CSAM,Non sensitive,0053.jpg
2622.jpg,/Non_CSAM/images/2622.jpg,NON_CSAM,Non sensitive,2622.jpg
0653.jpg,/Non_CSAM/images/0653.jpg,NON_CSAM,Non sensitive,0653.jpg
0351.jpg,/Non_CSAM/images/0351.jpg,NON_CSAM,Non sensitive,0351.jpg
1640.jpg,/Non_CSAM/images/1640.jpg,NON_CSAM,Non sensitive,1640.jpg
0359.jpg,/Non_CSAM/images/0359.jpg,NON_CSAM,Non sensitive,0359.jpg
0772.webp,/Non_CSAM/images/0772.webp,NON_CSAM,Non sensitive,0772.webp
0540.jpg,/Non_CSAM/images/0540.jpg,NON_CSAM,Non sensitive,0540.jpg
1793.jpg,/Non_CSAM/images/1793.jpg,NON_CSAM,Non sensitive,1793.jpg
0462.jpg,/Non_CSAM/images/0462.jpg,NON_CSAM,Non sensitive,0462.jpg
2961.png,/Non_CSAM/images/2961.png,NON_CSAM,Non sensitive,2961.png
1788.jpg,/Non_CSAM/images/1788.jpg,NON_CSAM,Non sensitive,1788.jpg
0272.jpg,/Non_CSAM/images/0272.jpg,NON_CSAM,Non sensitive,0272.jpg
2734.jpg,/Non_CSAM/images/2734.jpg,NON_CSAM,Non sensitive,2734.jpg
1717.jpg,/Non_CSAM/images/1717.jpg,NON_CSAM,Non sensitive,1717.jpg
0042.webp,/Non_CSAM/images/0042.webp,NON_CSAM,Non sensitive,0042.webp
2617.jpg,/Non_CSAM/images/2617.jpg,NON_CSAM,Non sensitive,2617.jpg
2935.png,/Non_CSAM/images/2935.png,NON_CSAM,Non sensitive,2935.png
0064.webp,/Non_CSAM/images/0064.webp,NON_CSAM,Non sensitive,0064.webp
0083.jpg,/Non_CSAM/images/0083.jpg,NON_CSAM,Non sensitive,0083.jpg
2710.jpg,/Non_CSAM/images/2710.jpg,NON_CSAM,Non sensitive,2710.jpg
0475.jpg,/Non_CSAM/images/0475.jpg,NON_CSAM,Non sensitive,0475.jpg
2615.jpg,/Non_CSAM/images/2615.jpg,NON_CSAM,Non sensitive,2615.jpg
0110.jpg,/Non_CSAM/images/0110.jpg,NON_CSAM,Non sensitive,0110.jpg
2894.png,/Non_CSAM/images/2894.png,NON_CSAM,Non sensitive,2894.png
2922.png,/Non_CSAM/images/2922.png,NON_CSAM,Non sensitive,2922.png
2727.jpg,/Non_CSAM/images/2727.jpg,NON_CSAM,Non sensitive,2727.jpg
2749.jpg,/Non_CSAM/images/2749.jpg,NON_CSAM,Non sensitive,2749.jpg
0532.jpg,/Non_CSAM/images/0532.jpg,NON_CSAM,Non sensitive,0532.jpg
1407.jpg,/Non_CSAM/images/1407.jpg,NON_CSAM,Non sensitive,1407.jpg
3053.png,/Non_CSAM/images/3053.png,NON_CSAM,Non sensitive,3053.png
1670.jpg,/Non_CSAM/images/1670.jpg,NON_CSAM,Non sensitive,1670.jpg
0707.jpg,/Non_CSAM/images/0707.jpg,NON_CSAM,Non sensitive,0707.jpg
0685.jpg,/Non_CSAM/images/0685.jpg,NON_CSAM,Non sensitive,0685.jpg
2792.jpg,/Non_CSAM/images/2792.jpg,NON_CSAM,Non sensitive,2792.jpg
2896.png,/Non_CSAM/images/2896.png,NON_CSAM,Non sensitive,2896.png
0686.jpg,/Non_CSAM/images/0686.jpg,NON_CSAM,Non sensitive,0686.jpg
1807.jpg,/Non_CSAM/images/1807.jpg,NON_CSAM,Non sensitive,1807.jpg
0548.jpg,/Non_CSAM/images/0548.jpg,NON_CSAM,Non sensitive,0548.jpg
3105.jpg,/Non_CSAM/images/3105.jpg,NON_CSAM,Non sensitive,3105.jpg
0388.jpg,/Non_CSAM/images/0388.jpg,NON_CSAM,Non sensitive,0388.jpg
1491.jpg,/Non_CSAM/images/1491.jpg,NON_CSAM,Non sensitive,1491.jpg
0293.jpg,/Non_CSAM/images/0293.jpg,NON_CSAM,Non sensitive,0293.jpg
3018.png,/Non_CSAM/images/3018.png,NON_CSAM,Non sensitive,3018.png
0181.jpg,/Non_CSAM/images/0181.jpg,NON_CSAM,Non sensitive,0181.jpg
2650.jpg,/Non_CSAM/images/2650.jpg,NON_CSAM,Non sensitive,2650.jpg
1345.jpg,/Non_CSAM/images/1345.jpg,NON_CSAM,Non sensitive,1345.jpg
0056.webp,/Non_CSAM/images/0056.webp,NON_CSAM,Non sensitive,0056.webp
3035.png,/Non_CSAM/images/3035.png,NON_CSAM,Non sensitive,3035.png
2842.png,/Non_CSAM/images/2842.png,NON_CSAM,Non sensitive,2842.png
1503.jpg,/Non_CSAM/images/1503.jpg,NON_CSAM,Non sensitive,1503.jpg
2901.png,/Non_CSAM/images/2901.png,NON_CSAM,Non sensitive,2901.png
1367.jpg,/Non_CSAM/images/1367.jpg,NON_CSAM,Non sensitive,1367.jpg
0704.jpg,/Non_CSAM/images/0704.jpg,NON_CSAM,Non sensitive,0704.jpg
1335.jpg,/Non_CSAM/images/1335.jpg,NON_CSAM,Non sensitive,1335.jpg
0060.webp,/Non_CSAM/images/0060.webp,NON_CSAM,Non sensitive,0060.webp
2893.png,/Non_CSAM/images/2893.png,NON_CSAM,Non sensitive,2893.png
1436.jpg,/Non_CSAM/images/1436.jpg,NON_CSAM,Non sensitive,1436.jpg
0574.jpg,/Non_CSAM/images/0574.jpg,NON_CSAM,Non sensitive,0574.jpg
2987.png,/Non_CSAM/images/2987.png,NON_CSAM,Non sensitive,2987.png
1545.jpg,/Non_CSAM/images/1545.jpg,NON_CSAM,Non sensitive,1545.jpg
3091.jpg,/Non_CSAM/images/3091.jpg,NON_CSAM,Non sensitive,3091.jpg
1667.jpg,/Non_CSAM/images/1667.jpg,NON_CSAM,Non sensitive,1667.jpg
2575.jpg,/Non_CSAM/images/2575.jpg,NON_CSAM,Non sensitive,2575.jpg
3064.jpg,/Non_CSAM/images/3064.jpg,NON_CSAM,Non sensitive,3064.jpg
1337.jpg,/Non_CSAM/images/1337.jpg,NON_CSAM,Non sensitive,1337.jpg
2938.png,/Non_CSAM/images/2938.png,NON_CSAM,Non sensitive,2938.png
0736.webp,/Non_CSAM/images/0736.webp,NON_CSAM,Non sensitive,0736.webp
0013.webp,/Non_CSAM/images/0013.webp,NON_CSAM,Non sensitive,0013.webp
2770.jpg,/Non_CSAM/images/2770.jpg,NON_CSAM,Non sensitive,2770.jpg
1318.jpg,/Non_CSAM/images/1318.jpg,NON_CSAM,Non sensitive,1318.jpg
0041.jpg,/Non_CSAM/images/0041.jpg,NON_CSAM,Non sensitive,0041.jpg
1336.jpg,/Non_CSAM/images/1336.jpg,NON_CSAM,Non sensitive,1336.jpg
1404.jpg,/Non_CSAM/images/1404.jpg,NON_CSAM,Non sensitive,1404.jpg
0439.jpg,/Non_CSAM/images/0439.jpg,NON_CSAM,Non sensitive,0439.jpg
0132.jpg,/Non_CSAM/images/0132.jpg,NON_CSAM,Non sensitive,0132.jpg
1395.jpg,/Non_CSAM/images/1395.jpg,NON_CSAM,Non sensitive,1395.jpg
1500.jpg,/Non_CSAM/images/1500.jpg,NON_CSAM,Non sensitive,1500.jpg
1660.jpg,/Non_CSAM/images/1660.jpg,NON_CSAM,Non sensitive,1660.jpg
0693.jpg,/Non_CSAM/images/0693.jpg,NON_CSAM,Non sensitive,0693.jpg
1373.jpg,/Non_CSAM/images/1373.jpg,NON_CSAM,Non sensitive,1373.jpg
1390.jpg,/Non_CSAM/images/1390.jpg,NON_CSAM,Non sensitive,1390.jpg
2878.png,/Non_CSAM/images/2878.png,NON_CSAM,Non sensitive,2878.png
2982.png,/Non_CSAM/images/2982.png,NON_CSAM,Non sensitive,2982.png
0328.jpg,/Non_CSAM/images/0328.jpg,NON_CSAM,Non sensitive,0328.jpg
1323.jpg,/Non_CSAM/images/1323.jpg,NON_CSAM,Non sensitive,1323.jpg
0489.jpg,/Non_CSAM/images/0489.jpg,NON_CSAM,Non sensitive,0489.jpg
0324.jpg,/Non_CSAM/images/0324.jpg,NON_CSAM,Non sensitive,0324.jpg
2986.png,/Non_CSAM/images/2986.png,NON_CSAM,Non sensitive,2986.png
0175.jpg,/Non_CSAM/images/0175.jpg,NON_CSAM,Non sensitive,0175.jpg
1652.jpg,/Non_CSAM/images/1652.jpg,NON_CSAM,Non sensitive,1652.jpg
0670.jpg,/Non_CSAM/images/0670.jpg,NON_CSAM,Non sensitive,0670.jpg
0703.jpg,/Non_CSAM/images/0703.jpg,NON_CSAM,Non sensitive,0703.jpg
0572.jpg,/Non_CSAM/images/0572.jpg,NON_CSAM,Non sensitive,0572.jpg
0496.jpg,/Non_CSAM/images/0496.jpg,NON_CSAM,Non sensitive,0496.jpg
0601.jpg,/Non_CSAM/images/0601.jpg,NON_CSAM,Non sensitive,0601.jpg
0168.jpg,/Non_CSAM/images/0168.jpg,NON_CSAM,Non sensitive,0168.jpg
1446.jpg,/Non_CSAM/images/1446.jpg,NON_CSAM,Non sensitive,1446.jpg
0578.jpg,/Non_CSAM/images/0578.jpg,NON_CSAM,Non sensitive,0578.jpg
0505.jpg,/Non_CSAM/images/0505.jpg,NON_CSAM,Non sensitive,0505.jpg
1538.jpg,/Non_CSAM/images/1538.jpg,NON_CSAM,Non sensitive,1538.jpg
1613.jpg,/Non_CSAM/images/1613.jpg,NON_CSAM,Non sensitive,1613.jpg
0583.jpg,/Non_CSAM/images/0583.jpg,NON_CSAM,Non sensitive,0583.jpg
0522.jpg,/Non_CSAM/images/0522.jpg,NON_CSAM,Non sensitive,0522.jpg
0546.jpg,/Non_CSAM/images/0546.jpg,NON_CSAM,Non sensitive,0546.jpg
1467.jpg,/Non_CSAM/images/1467.jpg,NON_CSAM,Non sensitive,1467.jpg
1518.jpg,/Non_CSAM/images/1518.jpg,NON_CSAM,Non sensitive,1518.jpg
0341.jpg,/Non_CSAM/images/0341.jpg,NON_CSAM,Non sensitive,0341.jpg
1459.jpg,/Non_CSAM/images/1459.jpg,NON_CSAM,Non sensitive,1459.jpg
1802.jpg,/Non_CSAM/images/1802.jpg,NON_CSAM,Non sensitive,1802.jpg
1417.jpg,/Non_CSAM/images/1417.jpg,NON_CSAM,Non sensitive,1417.jpg
1579.jpg,/Non_CSAM/images/1579.jpg,NON_CSAM,Non sensitive,1579.jpg
1452.jpg,/Non_CSAM/images/1452.jpg,NON_CSAM,Non sensitive,1452.jpg
0665.jpg,/Non_CSAM/images/0665.jpg,NON_CSAM,Non sensitive,0665.jpg
1693.jpg,/Non_CSAM/images/1693.jpg,NON_CSAM,Non sensitive,1693.jpg
2768.jpg,/Non_CSAM/images/2768.jpg,NON_CSAM,Non sensitive,2768.jpg
1756.jpg,/Non_CSAM/images/1756.jpg,NON_CSAM,Non sensitive,1756.jpg
0289.jpg,/Non_CSAM/images/0289.jpg,NON_CSAM,Non sensitive,0289.jpg
1480.jpg,/Non_CSAM/images/1480.jpg,NON_CSAM,Non sensitive,1480.jpg
0262.jpg,/Non_CSAM/images/0262.jpg,NON_CSAM,Non sensitive,0262.jpg
0526.jpg,/Non_CSAM/images/0526.jpg,NON_CSAM,Non sensitive,0526.jpg
1690.jpg,/Non_CSAM/images/1690.jpg,NON_CSAM,Non sensitive,1690.jpg
3112.jpg,/Non_CSAM/images/3112.jpg,NON_CSAM,Non sensitive,3112.jpg
1497.jpg,/Non_CSAM/images/1497.jpg,NON_CSAM,Non sensitive,1497.jpg
1606.jpg,/Non_CSAM/images/1606.jpg,NON_CSAM,Non sensitive,1606.jpg
0376.jpg,/Non_CSAM/images/0376.jpg,NON_CSAM,Non sensitive,0376.jpg
0464.jpg,/Non_CSAM/images/0464.jpg,NON_CSAM,Non sensitive,0464.jpg
1414.jpg,/Non_CSAM/images/1414.jpg,NON_CSAM,Non sensitive,1414.jpg
0231.jpg,/Non_CSAM/images/0231.jpg,NON_CSAM,Non sensitive,0231.jpg
0012.webp,/Non_CSAM/images/0012.webp,NON_CSAM,Non sensitive,0012.webp
0318.jpg,/Non_CSAM/images/0318.jpg,NON_CSAM,Non sensitive,0318.jpg
0515.jpg,/Non_CSAM/images/0515.jpg,NON_CSAM,Non sensitive,0515.jpg
2698.jpg,/Non_CSAM/images/2698.jpg,NON_CSAM,Non sensitive,2698.jpg
1558.jpg,/Non_CSAM/images/1558.jpg,NON_CSAM,Non sensitive,1558.jpg
1325.jpg,/Non_CSAM/images/1325.jpg,NON_CSAM,Non sensitive,1325.jpg
0414.jpg,/Non_CSAM/images/0414.jpg,NON_CSAM,Non sensitive,0414.jpg
1727.jpg,/Non_CSAM/images/1727.jpg,NON_CSAM,Non sensitive,1727.jpg
1389.jpg,/Non_CSAM/images/1389.jpg,NON_CSAM,Non sensitive,1389.jpg
1478.jpg,/Non_CSAM/images/1478.jpg,NON_CSAM,Non sensitive,1478.jpg
0159.jpg,/Non_CSAM/images/0159.jpg,NON_CSAM,Non sensitive,0159.jpg
2903.png,/Non_CSAM/images/2903.png,NON_CSAM,Non sensitive,2903.png
3033.png,/Non_CSAM/images/3033.png,NON_CSAM,Non sensitive,3033.png
0095.jpg,/Non_CSAM/images/0095.jpg,NON_CSAM,Non sensitive,0095.jpg
2629.jpg,/Non_CSAM/images/2629.jpg,NON_CSAM,Non sensitive,2629.jpg
0317.jpg,/Non_CSAM/images/0317.jpg,NON_CSAM,Non sensitive,0317.jpg
2934.png,/Non_CSAM/images/2934.png,NON_CSAM,Non sensitive,2934.png
2879.png,/Non_CSAM/images/2879.png,NON_CSAM,Non sensitive,2879.png
0651.jpg,/Non_CSAM/images/0651.jpg,NON_CSAM,Non sensitive,0651.jpg
2758.jpg,/Non_CSAM/images/2758.jpg,NON_CSAM,Non sensitive,2758.jpg
2912.png,/Non_CSAM/images/2912.png,NON_CSAM,Non sensitive,2912.png
0702.jpg,/Non_CSAM/images/0702.jpg,NON_CSAM,Non sensitive,0702.jpg
1601.jpg,/Non_CSAM/images/1601.jpg,NON_CSAM,Non sensitive,1601.jpg
0597.jpg,/Non_CSAM/images/0597.jpg,NON_CSAM,Non sensitive,0597.jpg
0183.jpg,/Non_CSAM/images/0183.jpg,NON_CSAM,Non sensitive,0183.jpg
0363.jpg,/Non_CSAM/images/0363.jpg,NON_CSAM,Non sensitive,0363.jpg
1515.jpg,/Non_CSAM/images/1515.jpg,NON_CSAM,Non sensitive,1515.jpg
1592.jpg,/Non_CSAM/images/1592.jpg,NON_CSAM,Non sensitive,1592.jpg
2800.jpg,/Non_CSAM/images/2800.jpg,NON_CSAM,Non sensitive,2800.jpg
1451.jpg,/Non_CSAM/images/1451.jpg,NON_CSAM,Non sensitive,1451.jpg
2662.jpg,/Non_CSAM/images/2662.jpg,NON_CSAM,Non sensitive,2662.jpg
1498.jpg,/Non_CSAM/images/1498.jpg,NON_CSAM,Non sensitive,1498.jpg
0675.jpg,/Non_CSAM/images/0675.jpg,NON_CSAM,Non sensitive,0675.jpg
2898.png,/Non_CSAM/images/2898.png,NON_CSAM,Non sensitive,2898.png
1736.jpg,/Non_CSAM/images/1736.jpg,NON_CSAM,Non sensitive,1736.jpg
2648.jpg,/Non_CSAM/images/2648.jpg,NON_CSAM,Non sensitive,2648.jpg
2641.jpg,/Non_CSAM/images/2641.jpg,NON_CSAM,Non sensitive,2641.jpg
0603.jpg,/Non_CSAM/images/0603.jpg,NON_CSAM,Non sensitive,0603.jpg
0638.jpg,/Non_CSAM/images/0638.jpg,NON_CSAM,Non sensitive,0638.jpg
0001.webp,/Non_CSAM/images/0001.webp,NON_CSAM,Non sensitive,0001.webp
1671.jpg,/Non_CSAM/images/1671.jpg,NON_CSAM,Non sensitive,1671.jpg
1370.jpg,/Non_CSAM/images/1370.jpg,NON_CSAM,Non sensitive,1370.jpg
0632.jpg,/Non_CSAM/images/0632.jpg,NON_CSAM,Non sensitive,0632.jpg
1714.jpg,/Non_CSAM/images/1714.jpg,NON_CSAM,Non sensitive,1714.jpg
0372.jpg,/Non_CSAM/images/0372.jpg,NON_CSAM,Non sensitive,0372.jpg
2796.jpg,/Non_CSAM/images/2796.jpg,NON_CSAM,Non sensitive,2796.jpg
1405.jpg,/Non_CSAM/images/1405.jpg,NON_CSAM,Non sensitive,1405.jpg
0227.jpg,/Non_CSAM/videos/video005/0227.jpg,NON_CSAM,Non sensitive,video005
0234.jpg,/Non_CSAM/videos/video005/0234.jpg,NON_CSAM,Non sensitive,video005
0274.jpg,/Non_CSAM/images/0274.jpg,NON_CSAM,Non sensitive,0274.jpg
2697.jpg,/Non_CSAM/images/2697.jpg,NON_CSAM,Non sensitive,2697.jpg
0621.jpg,/Non_CSAM/images/0621.jpg,NON_CSAM,Non sensitive,0621.jpg
2829.png,/Non_CSAM/images/2829.png,NON_CSAM,Non sensitive,2829.png
0684.jpg,/Non_CSAM/images/0684.jpg,NON_CSAM,Non sensitive,0684.jpg
1375.jpg,/Non_CSAM/images/1375.jpg,NON_CSAM,Non sensitive,1375.jpg
0649.jpg,/Non_CSAM/images/0649.jpg,NON_CSAM,Non sensitive,0649.jpg
1584.jpg,/Non_CSAM/images/1584.jpg,NON_CSAM,Non sensitive,1584.jpg
0631.jpg,/Non_CSAM/images/0631.jpg,NON_CSAM,Non sensitive,0631.jpg
3075.jpg,/Non_CSAM/images/3075.jpg,NON_CSAM,Non sensitive,3075.jpg
2588.jpg,/Non_CSAM/images/2588.jpg,NON_CSAM,Non sensitive,2588.jpg
3100.jpg,/Non_CSAM/images/3100.jpg,NON_CSAM,Non sensitive,3100.jpg
0153.jpg,/Non_CSAM/images/0153.jpg,NON_CSAM,Non sensitive,0153.jpg
1427.jpg,/Non_CSAM/images/1427.jpg,NON_CSAM,Non sensitive,1427.jpg
0761.webp,/Non_CSAM/images/0761.webp,NON_CSAM,Non sensitive,0761.webp
0419.jpg,/Non_CSAM/images/0419.jpg,NON_CSAM,Non sensitive,0419.jpg
1648.jpg,/Non_CSAM/images/1648.jpg,NON_CSAM,Non sensitive,1648.jpg
1610.jpg,/Non_CSAM/images/1610.jpg,NON_CSAM,Non sensitive,1610.jpg
0004.webp,/Non_CSAM/images/0004.webp,NON_CSAM,Non sensitive,0004.webp
2587.jpg,/Non_CSAM/images/2587.jpg,NON_CSAM,Non sensitive,2587.jpg
2736.jpg,/Non_CSAM/images/2736.jpg,NON_CSAM,Non sensitive,2736.jpg
0537.jpg,/Non_CSAM/images/0537.jpg,NON_CSAM,Non sensitive,0537.jpg
1941.jpg,/CSAM_non_sens/images/1941.jpg,CSAM,Non sensitive,1941.jpg
2024.jpg,/CSAM_non_sens/images/2024.jpg,CSAM,Non sensitive,2024.jpg
3213.jpg,/CSAM_non_sens/images/3213.jpg,CSAM,Non sensitive,3213.jpg
3215.jpg,/CSAM_non_sens/images/3215.jpg,CSAM,Non sensitive,3215.jpg
0829.webp,/CSAM_non_sens/images/0829.webp,CSAM,Non sensitive,0829.webp
3390.jpg,/CSAM_non_sens/images/3390.jpg,CSAM,Non sensitive,3390.jpg
1982.jpg,/CSAM_non_sens/images/1982.jpg,CSAM,Non sensitive,1982.jpg
1837.jpg,/CSAM_non_sens/images/1837.jpg,CSAM,Non sensitive,1837.jpg
1952.jpg,/CSAM_non_sens/images/1952.jpg,CSAM,Non sensitive,1952.jpg
3129.jpg,/CSAM_non_sens/images/3129.jpg,CSAM,Non sensitive,3129.jpg
3180.jpg,/CSAM_non_sens/images/3180.jpg,CSAM,Non sensitive,3180.jpg
3384.png,/CSAM_non_sens/images/3384.png,CSAM,Non sensitive,3384.png
1966.jpg,/CSAM_non_sens/images/1966.jpg,CSAM,Non sensitive,1966.jpg
0804.jpg,/CSAM_non_sens/images/0804.jpg,CSAM,Non sensitive,0804.jpg
3379.png,/CSAM_non_sens/videos/video010/3379.png,CSAM,Non sensitive,video010
3439.jpg,/CSAM_non_sens/videos/video010/3439.jpg,CSAM,Non sensitive,video010
3440.jpg,/CSAM_non_sens/videos/video010/3440.jpg,CSAM,Non sensitive,video010
3441.jpg,/CSAM_non_sens/videos/video010/3441.jpg,CSAM,Non sensitive,video010
3442.jpg,/CSAM_non_sens/videos/video010/3442.jpg,CSAM,Non sensitive,video010
3444.jpg,/CSAM_non_sens/videos/video010/3444.jpg,CSAM,Non sensitive,video010
3445.jpg,/CSAM_non_sens/videos/video010/3445.jpg,CSAM,Non sensitive,video010
3446.jpg,/CSAM_non_sens/videos/video010/3446.jpg,CSAM,Non sensitive,video010
3447.jpg,/CSAM_non_sens/videos/video010/3447.jpg,CSAM,Non sensitive,video010
3448.jpg,/CSAM_non_sens/videos/video010/3448.jpg,CSAM,Non sensitive,video010
3449.jpg,/CSAM_non_sens/videos/video010/3449.jpg,CSAM,Non sensitive,video010
3450.jpg,/CSAM_non_sens/videos/video010/3450.jpg,CSAM,Non sensitive,video010
3451.jpg,/CSAM_non_sens/videos/video010/3451.jpg,CSAM,Non sensitive,video010
3452.jpg,/CSAM_non_sens/videos/video010/3452.jpg,CSAM,Non sensitive,video010
3453.jpg,/CSAM_non_sens/videos/video010/3453.jpg,CSAM,Non sensitive,video010
3455.jpg,/CSAM_non_sens/videos/video010/3455.jpg,CSAM,Non sensitive,video010
3456.jpg,/CSAM_non_sens/videos/video010/3456.jpg,CSAM,Non sensitive,video010
3457.jpg,/CSAM_non_sens/videos/video010/3457.jpg,CSAM,Non sensitive,video010
3458.jpg,/CSAM_non_sens/videos/video010/3458.jpg,CSAM,Non sensitive,video010
3459.jpg,/CSAM_non_sens/videos/video010/3459.jpg,CSAM,Non sensitive,video010
3460.jpg,/CSAM_non_sens/videos/video010/3460.jpg,CSAM,Non sensitive,video010
3461.jpg,/CSAM_non_sens/videos/video010/3461.jpg,CSAM,Non sensitive,video010
3462.jpg,/CSAM_non_sens/videos/video010/3462.jpg,CSAM,Non sensitive,video010
3208.jpg,/CSAM_non_sens/images/3208.jpg,CSAM,Non sensitive,3208.jpg
3164.jpg,/CSAM_non_sens/images/3164.jpg,CSAM,Non sensitive,3164.jpg
3179.jpg,/CSAM_non_sens/images/3179.jpg,CSAM,Non sensitive,3179.jpg
1846.jpg,/CSAM_non_sens/images/1846.jpg,CSAM,Non sensitive,1846.jpg
1937.jpg,/CSAM_non_sens/images/1937.jpg,CSAM,Non sensitive,1937.jpg
2017.jpg,/CSAM_non_sens/images/2017.jpg,CSAM,Non sensitive,2017.jpg
1882.jpg,/CSAM_non_sens/images/1882.jpg,CSAM,Non sensitive,1882.jpg
0854.webp,/CSAM_non_sens/images/0854.webp,CSAM,Non sensitive,0854.webp
0897.jpg,/CSAM_non_sens/images/0897.jpg,CSAM,Non sensitive,0897.jpg
2058.jpg,/CSAM_non_sens/images/2058.jpg,CSAM,Non sensitive,2058.jpg
1840.jpg,/CSAM_non_sens/images/1840.jpg,CSAM,Non sensitive,1840.jpg
3377.png,/CSAM_non_sens/images/3377.png,CSAM,Non sensitive,3377.png
2057.jpg,/CSAM_non_sens/images/2057.jpg,CSAM,Non sensitive,2057.jpg
1891.jpg,/CSAM_non_sens/images/1891.jpg,CSAM,Non sensitive,1891.jpg
3230.jpg,/CSAM_non_sens/videos/video001/3230.jpg,CSAM,Non sensitive,video001
3237.jpg,/CSAM_non_sens/videos/video001/3237.jpg,CSAM,Non sensitive,video001
3239.jpg,/CSAM_non_sens/videos/video001/3239.jpg,CSAM,Non sensitive,video001
3247.jpg,/CSAM_non_sens/videos/video001/3247.jpg,CSAM,Non sensitive,video001
3257.jpg,/CSAM_non_sens/videos/video001/3257.jpg,CSAM,Non sensitive,video001
3258.jpg,/CSAM_non_sens/videos/video001/3258.jpg,CSAM,Non sensitive,video001
3259.jpg,/CSAM_non_sens/videos/video001/3259.jpg,CSAM,Non sensitive,video001
3260.jpg,/CSAM_non_sens/videos/video001/3260.jpg,CSAM,Non sensitive,video001
3261.jpg,/CSAM_non_sens/videos/video001/3261.jpg,CSAM,Non sensitive,video001
3262.jpg,/CSAM_non_sens/videos/video001/3262.jpg,CSAM,Non sensitive,video001
3265.jpg,/CSAM_non_sens/videos/video001/3265.jpg,CSAM,Non sensitive,video001
3266.jpg,/CSAM_non_sens/videos/video001/3266.jpg,CSAM,Non sensitive,video001
3267.jpg,/CSAM_non_sens/videos/video001/3267.jpg,CSAM,Non sensitive,video001
3268.jpg,/CSAM_non_sens/videos/video001/3268.jpg,CSAM,Non sensitive,video001
3269.jpg,/CSAM_non_sens/videos/video001/3269.jpg,CSAM,Non sensitive,video001
3270.jpg,/CSAM_non_sens/videos/video001/3270.jpg,CSAM,Non sensitive,video001
3271.jpg,/CSAM_non_sens/videos/video001/3271.jpg,CSAM,Non sensitive,video001
3272.jpg,/CSAM_non_sens/videos/video001/3272.jpg,CSAM,Non sensitive,video001
3273.jpg,/CSAM_non_sens/videos/video001/3273.jpg,CSAM,Non sensitive,video001
3274.jpg,/CSAM_non_sens/videos/video001/3274.jpg,CSAM,Non sensitive,video001
3277.jpg,/CSAM_non_sens/videos/video001/3277.jpg,CSAM,Non sensitive,video001
3508.jpg,/CSAM_non_sens/videos/video001/3508.jpg,CSAM,Non sensitive,video001
3510.jpg,/CSAM_non_sens/videos/video001/3510.jpg,CSAM,Non sensitive,video001
3511.jpg,/CSAM_non_sens/videos/video001/3511.jpg,CSAM,Non sensitive,video001
3512.jpg,/CSAM_non_sens/videos/video001/3512.jpg,CSAM,Non sensitive,video001
3513.jpg,/CSAM_non_sens/videos/video001/3513.jpg,CSAM,Non sensitive,video001
3515.jpg,/CSAM_non_sens/videos/video001/3515.jpg,CSAM,Non sensitive,video001
3516.jpg,/CSAM_non_sens/videos/video001/3516.jpg,CSAM,Non sensitive,video001
3517.jpg,/CSAM_non_sens/videos/video001/3517.jpg,CSAM,Non sensitive,video001
3519.jpg,/CSAM_non_sens/videos/video001/3519.jpg,CSAM,Non sensitive,video001
3520.jpg,/CSAM_non_sens/videos/video001/3520.jpg,CSAM,Non sensitive,video001
3521.jpg,/CSAM_non_sens/videos/video001/3521.jpg,CSAM,Non sensitive,video001
3522.jpg,/CSAM_non_sens/videos/video001/3522.jpg,CSAM,Non sensitive,video001
3523.jpg,/CSAM_non_sens/videos/video001/3523.jpg,CSAM,Non sensitive,video001
3524.jpg,/CSAM_non_sens/videos/video001/3524.jpg,CSAM,Non sensitive,video001
3525.jpg,/CSAM_non_sens/videos/video001/3525.jpg,CSAM,Non sensitive,video001
3526.jpg,/CSAM_non_sens/videos/video001/3526.jpg,CSAM,Non sensitive,video001
0864.webp,/CSAM_non_sens/images/0864.webp,CSAM,Non sensitive,0864.webp
0858.webp,/CSAM_non_sens/images/0858.webp,CSAM,Non sensitive,0858.webp
0901.jpg,/CSAM_non_sens/images/0901.jpg,CSAM,Non sensitive,0901.jpg
1866.jpg,/CSAM_non_sens/images/1866.jpg,CSAM,Non sensitive,1866.jpg
0831.webp,/CSAM_non_sens/images/0831.webp,CSAM,Non sensitive,0831.webp
3127.jpg,/CSAM_non_sens/images/3127.jpg,CSAM,Non sensitive,3127.jpg
0797.webp,/CSAM_non_sens/images/0797.webp,CSAM,Non sensitive,0797.webp
2011.jpg,/CSAM_non_sens/images/2011.jpg,CSAM,Non sensitive,2011.jpg
1845.jpg,/CSAM_non_sens/images/1845.jpg,CSAM,Non sensitive,1845.jpg
1923.jpg,/CSAM_non_sens/images/1923.jpg,CSAM,Non sensitive,1923.jpg
1847.jpg,/CSAM_non_sens/images/1847.jpg,CSAM,Non sensitive,1847.jpg
2042.jpg,/CSAM_non_sens/images/2042.jpg,CSAM,Non sensitive,2042.jpg
3203.jpg,/CSAM_non_sens/images/3203.jpg,CSAM,Non sensitive,3203.jpg
0857.webp,/CSAM_non_sens/images/0857.webp,CSAM,Non sensitive,0857.webp
0812.webp,/CSAM_non_sens/images/0812.webp,CSAM,Non sensitive,0812.webp
0874.jpeg,/CSAM_non_sens/images/0874.jpeg,CSAM,Non sensitive,0874.jpeg
0845.webp,/CSAM_non_sens/images/0845.webp,CSAM,Non sensitive,0845.webp
1853.jpg,/CSAM_non_sens/images/1853.jpg,CSAM,Non sensitive,1853.jpg
1888.jpg,/CSAM_non_sens/images/1888.jpg,CSAM,Non sensitive,1888.jpg
2065.jpg,/CSAM_non_sens/images/2065.jpg,CSAM,Non sensitive,2065.jpg
1821.jpg,/CSAM_non_sens/images/1821.jpg,CSAM,Non sensitive,1821.jpg
1924.jpg,/CSAM_non_sens/images/1924.jpg,CSAM,Non sensitive,1924.jpg
2047.jpg,/CSAM_non_sens/images/2047.jpg,CSAM,Non sensitive,2047.jpg
3226.jpg,/CSAM_non_sens/images/3226.jpg,CSAM,Non sensitive,3226.jpg
1841.jpg,/CSAM_non_sens/images/1841.jpg,CSAM,Non sensitive,1841.jpg
1904.jpg,/CSAM_non_sens/images/1904.jpg,CSAM,Non sensitive,1904.jpg
0900.jpg,/CSAM_non_sens/images/0900.jpg,CSAM,Non sensitive,0900.jpg
3206.jpg,/CSAM_non_sens/images/3206.jpg,CSAM,Non sensitive,3206.jpg
0837.webp,/CSAM_non_sens/images/0837.webp,CSAM,Non sensitive,0837.webp
1993.jpg,/CSAM_non_sens/images/1993.jpg,CSAM,Non sensitive,1993.jpg
3252.jpg,/CSAM_non_sens/images/3252.jpg,CSAM,Non sensitive,3252.jpg
3250.jpg,/CSAM_non_sens/videos/video040/3250.jpg,CSAM,Non sensitive,video040
3251.jpg,/CSAM_non_sens/videos/video040/3251.jpg,CSAM,Non sensitive,video040
1996.jpg,/CSAM_non_sens/images/1996.jpg,CSAM,Non sensitive,1996.jpg
2072.jpg,/CSAM_non_sens/images/2072.jpg,CSAM,Non sensitive,2072.jpg
3383.png,/CSAM_non_sens/images/3383.png,CSAM,Non sensitive,3383.png
3150.jpg,/CSAM_non_sens/images/3150.jpg,CSAM,Non sensitive,3150.jpg
1988.jpg,/CSAM_non_sens/images/1988.jpg,CSAM,Non sensitive,1988.jpg
1916.jpg,/CSAM_non_sens/images/1916.jpg,CSAM,Non sensitive,1916.jpg
3158.jpg,/CSAM_non_sens/images/3158.jpg,CSAM,Non sensitive,3158.jpg
3278.jpg,/CSAM_non_sens/videos/video019/3278.jpg,CSAM,Non sensitive,video019
3279.jpg,/CSAM_non_sens/videos/video019/3279.jpg,CSAM,Non sensitive,video019
3280.jpg,/CSAM_non_sens/videos/video019/3280.jpg,CSAM,Non sensitive,video019
3281.jpg,/CSAM_non_sens/videos/video019/3281.jpg,CSAM,Non sensitive,video019
3282.jpg,/CSAM_non_sens/videos/video019/3282.jpg,CSAM,Non sensitive,video019
3283.jpg,/CSAM_non_sens/videos/video019/3283.jpg,CSAM,Non sensitive,video019
3284.jpg,/CSAM_non_sens/videos/video019/3284.jpg,CSAM,Non sensitive,video019
3285.jpg,/CSAM_non_sens/videos/video019/3285.jpg,CSAM,Non sensitive,video019
3286.jpg,/CSAM_non_sens/videos/video019/3286.jpg,CSAM,Non sensitive,video019
3289.jpg,/CSAM_non_sens/videos/video019/3289.jpg,CSAM,Non sensitive,video019
3290.jpg,/CSAM_non_sens/videos/video019/3290.jpg,CSAM,Non sensitive,video019
3291.jpg,/CSAM_non_sens/videos/video019/3291.jpg,CSAM,Non sensitive,video019
1920.jpg,/CSAM_non_sens/images/1920.jpg,CSAM,Non sensitive,1920.jpg
3299.jpg,/CSAM_non_sens/videos/video003/3299.jpg,CSAM,Non sensitive,video003
3323.jpg,/CSAM_non_sens/videos/video003/3323.jpg,CSAM,Non sensitive,video003
3412.jpg,/CSAM_non_sens/videos/video003/3412.jpg,CSAM,Non sensitive,video003
3414.jpg,/CSAM_non_sens/videos/video003/3414.jpg,CSAM,Non sensitive,video003
3415.jpg,/CSAM_non_sens/videos/video003/3415.jpg,CSAM,Non sensitive,video003
3416.jpg,/CSAM_non_sens/videos/video003/3416.jpg,CSAM,Non sensitive,video003
3424.jpg,/CSAM_non_sens/videos/video003/3424.jpg,CSAM,Non sensitive,video003
3443.jpg,/CSAM_non_sens/videos/video003/3443.jpg,CSAM,Non sensitive,video003
3509.jpg,/CSAM_non_sens/videos/video003/3509.jpg,CSAM,Non sensitive,video003
1983.jpg,/CSAM_non_sens/images/1983.jpg,CSAM,Non sensitive,1983.jpg
3132.jpg,/CSAM_non_sens/videos/video009/3132.jpg,CSAM,Non sensitive,video009
3382.png,/CSAM_non_sens/videos/video009/3382.png,CSAM,Non sensitive,video009
3463.jpg,/CSAM_non_sens/videos/video009/3463.jpg,CSAM,Non sensitive,video009
3464.jpg,/CSAM_non_sens/videos/video009/3464.jpg,CSAM,Non sensitive,video009
3466.jpg,/CSAM_non_sens/videos/video009/3466.jpg,CSAM,Non sensitive,video009
3467.jpg,/CSAM_non_sens/videos/video009/3467.jpg,CSAM,Non sensitive,video009
3468.jpg,/CSAM_non_sens/videos/video009/3468.jpg,CSAM,Non sensitive,video009
3469.jpg,/CSAM_non_sens/videos/video009/3469.jpg,CSAM,Non sensitive,video009
3470.jpg,/CSAM_non_sens/videos/video009/3470.jpg,CSAM,Non sensitive,video009
3471.jpg,/CSAM_non_sens/videos/video009/3471.jpg,CSAM,Non sensitive,video009
3472.jpg,/CSAM_non_sens/videos/video009/3472.jpg,CSAM,Non sensitive,video009
3473.jpg,/CSAM_non_sens/videos/video009/3473.jpg,CSAM,Non sensitive,video009
3474.jpg,/CSAM_non_sens/videos/video009/3474.jpg,CSAM,Non sensitive,video009
3475.jpg,/CSAM_non_sens/videos/video009/3475.jpg,CSAM,Non sensitive,video009
3478.jpg,/CSAM_non_sens/videos/video009/3478.jpg,CSAM,Non sensitive,video009
3479.jpg,/CSAM_non_sens/videos/video009/3479.jpg,CSAM,Non sensitive,video009
3480.jpg,/CSAM_non_sens/videos/video009/3480.jpg,CSAM,Non sensitive,video009
3481.jpg,/CSAM_non_sens/videos/video009/3481.jpg,CSAM,Non sensitive,video009
0868.webp,/CSAM_non_sens/images/0868.webp,CSAM,Non sensitive,0868.webp
2010.jpg,/CSAM_non_sens/images/2010.jpg,CSAM,Non sensitive,2010.jpg
3146.jpg,/CSAM_non_sens/images/3146.jpg,CSAM,Non sensitive,3146.jpg
3195.jpg,/CSAM_non_sens/images/3195.jpg,CSAM,Non sensitive,3195.jpg
3221.jpg,/CSAM_non_sens/images/3221.jpg,CSAM,Non sensitive,3221.jpg
0807.webp,/CSAM_non_sens/images/0807.webp,CSAM,Non sensitive,0807.webp
3222.jpg,/CSAM_non_sens/images/3222.jpg,CSAM,Non sensitive,3222.jpg
0867.webp,/CSAM_non_sens/images/0867.webp,CSAM,Non sensitive,0867.webp
0896.jpg,/CSAM_non_sens/images/0896.jpg,CSAM,Non sensitive,0896.jpg
3530.jpg,/CSAM_non_sens/images/3530.jpg,CSAM,Non sensitive,3530.jpg
1871.jpg,/CSAM_non_sens/images/1871.jpg,CSAM,Non sensitive,1871.jpg
0870.jpg,/CSAM_non_sens/images/0870.jpg,CSAM,Non sensitive,0870.jpg
1940.jpg,/CSAM_non_sens/images/1940.jpg,CSAM,Non sensitive,1940.jpg
2060.jpg,/CSAM_non_sens/images/2060.jpg,CSAM,Non sensitive,2060.jpg
0846.webp,/CSAM_non_sens/images/0846.webp,CSAM,Non sensitive,0846.webp
2067.jpg,/CSAM_non_sens/images/2067.jpg,CSAM,Non sensitive,2067.jpg
3130.jpg,/CSAM_non_sens/images/3130.jpg,CSAM,Non sensitive,3130.jpg
2007.jpg,/CSAM_non_sens/images/2007.jpg,CSAM,Non sensitive,2007.jpg
1833.jpg,/CSAM_non_sens/images/1833.jpg,CSAM,Non sensitive,1833.jpg
1884.jpg,/CSAM_non_sens/images/1884.jpg,CSAM,Non sensitive,1884.jpg
1932.jpg,/CSAM_non_sens/images/1932.jpg,CSAM,Non sensitive,1932.jpg
3162.jpg,/CSAM_non_sens/images/3162.jpg,CSAM,Non sensitive,3162.jpg
1827.jpg,/CSAM_non_sens/images/1827.jpg,CSAM,Non sensitive,1827.jpg
3154.jpg,/CSAM_non_sens/videos/video005/3154.jpg,CSAM,Non sensitive,video005
3165.jpg,/CSAM_non_sens/videos/video005/3165.jpg,CSAM,Non sensitive,video005
3176.jpg,/CSAM_non_sens/videos/video005/3176.jpg,CSAM,Non sensitive,video005
3219.jpg,/CSAM_non_sens/videos/video005/3219.jpg,CSAM,Non sensitive,video005
3482.jpg,/CSAM_non_sens/videos/video005/3482.jpg,CSAM,Non sensitive,video005
3483.jpg,/CSAM_non_sens/videos/video005/3483.jpg,CSAM,Non sensitive,video005
3486.jpg,/CSAM_non_sens/videos/video005/3486.jpg,CSAM,Non sensitive,video005
3488.jpg,/CSAM_non_sens/videos/video005/3488.jpg,CSAM,Non sensitive,video005
3493.jpg,/CSAM_non_sens/videos/video005/3493.jpg,CSAM,Non sensitive,video005
3497.jpg,/CSAM_non_sens/videos/video005/3497.jpg,CSAM,Non sensitive,video005
0893.jpg,/CSAM_non_sens/images/0893.jpg,CSAM,Non sensitive,0893.jpg
1901.jpg,/CSAM_non_sens/images/1901.jpg,CSAM,Non sensitive,1901.jpg
1942.jpg,/CSAM_non_sens/images/1942.jpg,CSAM,Non sensitive,1942.jpg
1985.jpg,/CSAM_non_sens/images/1985.jpg,CSAM,Non sensitive,1985.jpg
1835.jpg,/CSAM_non_sens/videos/video041/1835.jpg,CSAM,Non sensitive,video041
1836.jpg,/CSAM_non_sens/videos/video041/1836.jpg,CSAM,Non sensitive,video041
1838.jpg,/CSAM_non_sens/images/1838.jpg,CSAM,Non sensitive,1838.jpg
3148.jpg,/CSAM_non_sens/images/3148.jpg,CSAM,Non sensitive,3148.jpg
0803.webp,/CSAM_non_sens/images/0803.webp,CSAM,Non sensitive,0803.webp
1889.jpg,/CSAM_non_sens/images/1889.jpg,CSAM,Non sensitive,1889.jpg
0805.webp,/CSAM_non_sens/images/0805.webp,CSAM,Non sensitive,0805.webp
1862.jpg,/CSAM_non_sens/images/1862.jpg,CSAM,Non sensitive,1862.jpg
1834.jpg,/CSAM_non_sens/images/1834.jpg,CSAM,Non sensitive,1834.jpg
3532.jpg,/CSAM_non_sens/images/3532.jpg,CSAM,Non sensitive,3532.jpg
2045.jpg,/CSAM_non_sens/images/2045.jpg,CSAM,Non sensitive,2045.jpg
3185.jpg,/CSAM_non_sens/images/3185.jpg,CSAM,Non sensitive,3185.jpg
3233.jpg,/CSAM_non_sens/images/3233.jpg,CSAM,Non sensitive,3233.jpg
0894.jpg,/CSAM_non_sens/images/0894.jpg,CSAM,Non sensitive,0894.jpg
1881.jpg,/CSAM_non_sens/images/1881.jpg,CSAM,Non sensitive,1881.jpg
2071.jpg,/CSAM_non_sens/images/2071.jpg,CSAM,Non sensitive,2071.jpg
3136.jpg,/CSAM_non_sens/images/3136.jpg,CSAM,Non sensitive,3136.jpg
3498.png,/CSAM_non_sens/images/3498.png,CSAM,Non sensitive,3498.png
2006.jpg,/CSAM_non_sens/images/2006.jpg,CSAM,Non sensitive,2006.jpg
2030.jpg,/CSAM_non_sens/images/2030.jpg,CSAM,Non sensitive,2030.jpg
2040.jpg,/CSAM_non_sens/images/2040.jpg,CSAM,Non sensitive,2040.jpg
0811.webp,/CSAM_non_sens/images/0811.webp,CSAM,Non sensitive,0811.webp
3123.jpg,/CSAM_non_sens/images/3123.jpg,CSAM,Non sensitive,3123.jpg
0888.jpg,/CSAM_non_sens/images/0888.jpg,CSAM,Non sensitive,0888.jpg
2001.jpg,/CSAM_non_sens/images/2001.jpg,CSAM,Non sensitive,2001.jpg
1964.jpg,/CSAM_non_sens/images/1964.jpg,CSAM,Non sensitive,1964.jpg
3181.jpg,/CSAM_non_sens/images/3181.jpg,CSAM,Non sensitive,3181.jpg
3246.jpg,/CSAM_non_sens/images/3246.jpg,CSAM,Non sensitive,3246.jpg
2025.jpg,/CSAM_non_sens/videos/video028/2025.jpg,CSAM,Non sensitive,video028
2026.jpg,/CSAM_non_sens/videos/video028/2026.jpg,CSAM,Non sensitive,video028
3348.jpg,/CSAM_non_sens/images/3348.jpg,CSAM,Non sensitive,3348.jpg
0826.webp,/CSAM_non_sens/images/0826.webp,CSAM,Non sensitive,0826.webp
0881.jpg,/CSAM_non_sens/images/0881.jpg,CSAM,Non sensitive,0881.jpg
1877.jpg,/CSAM_non_sens/images/1877.jpg,CSAM,Non sensitive,1877.jpg
2019.jpg,/CSAM_non_sens/images/2019.jpg,CSAM,Non sensitive,2019.jpg
1918.jpg,/CSAM_non_sens/images/1918.jpg,CSAM,Non sensitive,1918.jpg
3505.png,/CSAM_non_sens/images/3505.png,CSAM,Non sensitive,3505.png
3300.jpg,/CSAM_non_sens/images/3300.jpg,CSAM,Non sensitive,3300.jpg
2029.jpg,/CSAM_non_sens/images/2029.jpg,CSAM,Non sensitive,2029.jpg
0887.jpg,/CSAM_non_sens/images/0887.jpg,CSAM,Non sensitive,0887.jpg
3187.jpg,/CSAM_non_sens/videos/video002/3187.jpg,CSAM,Non sensitive,video002
3275.jpg,/CSAM_non_sens/videos/video002/3275.jpg,CSAM,Non sensitive,video002
3287.jpg,/CSAM_non_sens/videos/video002/3287.jpg,CSAM,Non sensitive,video002
3311.jpg,/CSAM_non_sens/videos/video002/3311.jpg,CSAM,Non sensitive,video002
3371.jpg,/CSAM_non_sens/videos/video002/3371.jpg,CSAM,Non sensitive,video002
3389.jpg,/CSAM_non_sens/videos/video002/3389.jpg,CSAM,Non sensitive,video002
3405.jpg,/CSAM_non_sens/videos/video002/3405.jpg,CSAM,Non sensitive,video002
3407.jpg,/CSAM_non_sens/videos/video002/3407.jpg,CSAM,Non sensitive,video002
3408.jpg,/CSAM_non_sens/videos/video002/3408.jpg,CSAM,Non sensitive,video002
3410.jpg,/CSAM_non_sens/videos/video002/3410.jpg,CSAM,Non sensitive,video002
3411.jpg,/CSAM_non_sens/videos/video002/3411.jpg,CSAM,Non sensitive,video002
3413.jpg,/CSAM_non_sens/videos/video002/3413.jpg,CSAM,Non sensitive,video002
3421.jpg,/CSAM_non_sens/videos/video002/3421.jpg,CSAM,Non sensitive,video002
3432.jpg,/CSAM_non_sens/videos/video002/3432.jpg,CSAM,Non sensitive,video002
3454.jpg,/CSAM_non_sens/videos/video002/3454.jpg,CSAM,Non sensitive,video002
3465.jpg,/CSAM_non_sens/videos/video002/3465.jpg,CSAM,Non sensitive,video002
3476.jpg,/CSAM_non_sens/videos/video002/3476.jpg,CSAM,Non sensitive,video002
3518.jpg,/CSAM_non_sens/videos/video002/3518.jpg,CSAM,Non sensitive,video002
2020.jpg,/CSAM_non_sens/images/2020.jpg,CSAM,Non sensitive,2020.jpg
1946.jpg,/CSAM_non_sens/images/1946.jpg,CSAM,Non sensitive,1946.jpg
3264.jpg,/CSAM_non_sens/images/3264.jpg,CSAM,Non sensitive,3264.jpg
3499.png,/CSAM_non_sens/videos/video006/3499.png,CSAM,Non sensitive,video006
3502.png,/CSAM_non_sens/videos/video006/3502.png,CSAM,Non sensitive,video006
3220.jpg,/CSAM_non_sens/images/3220.jpg,CSAM,Non sensitive,3220.jpg
1897.jpg,/CSAM_non_sens/images/1897.jpg,CSAM,Non sensitive,1897.jpg
3492.png,/CSAM_non_sens/images/3492.png,CSAM,Non sensitive,3492.png
3193.jpg,/CSAM_non_sens/images/3193.jpg,CSAM,Non sensitive,3193.jpg
3217.jpg,/CSAM_non_sens/images/3217.jpg,CSAM,Non sensitive,3217.jpg
1927.jpg,/CSAM_non_sens/images/1927.jpg,CSAM,Non sensitive,1927.jpg
3156.jpg,/CSAM_non_sens/images/3156.jpg,CSAM,Non sensitive,3156.jpg
2039.jpg,/CSAM_non_sens/images/2039.jpg,CSAM,Non sensitive,2039.jpg
2041.jpg,/CSAM_non_sens/images/2041.jpg,CSAM,Non sensitive,2041.jpg
1886.jpg,/CSAM_non_sens/images/1886.jpg,CSAM,Non sensitive,1886.jpg
2028.jpg,/CSAM_non_sens/images/2028.jpg,CSAM,Non sensitive,2028.jpg
3138.jpg,/CSAM_non_sens/images/3138.jpg,CSAM,Non sensitive,3138.jpg
1936.jpg,/CSAM_non_sens/images/1936.jpg,CSAM,Non sensitive,1936.jpg
3292.jpg,/CSAM_non_sens/videos/video018/3292.jpg,CSAM,Non sensitive,video018
3293.jpg,/CSAM_non_sens/videos/video018/3293.jpg,CSAM,Non sensitive,video018
3294.jpg,/CSAM_non_sens/videos/video018/3294.jpg,CSAM,Non sensitive,video018
3295.jpg,/CSAM_non_sens/videos/video018/3295.jpg,CSAM,Non sensitive,video018
3296.jpg,/CSAM_non_sens/videos/video018/3296.jpg,CSAM,Non sensitive,video018
3297.jpg,/CSAM_non_sens/videos/video018/3297.jpg,CSAM,Non sensitive,video018
3298.jpg,/CSAM_non_sens/videos/video018/3298.jpg,CSAM,Non sensitive,video018
3301.jpg,/CSAM_non_sens/videos/video018/3301.jpg,CSAM,Non sensitive,video018
3302.jpg,/CSAM_non_sens/videos/video018/3302.jpg,CSAM,Non sensitive,video018
3303.jpg,/CSAM_non_sens/videos/video018/3303.jpg,CSAM,Non sensitive,video018
3304.jpg,/CSAM_non_sens/videos/video018/3304.jpg,CSAM,Non sensitive,video018
3305.jpg,/CSAM_non_sens/videos/video018/3305.jpg,CSAM,Non sensitive,video018
3306.jpg,/CSAM_non_sens/videos/video018/3306.jpg,CSAM,Non sensitive,video018
3307.jpg,/CSAM_non_sens/videos/video018/3307.jpg,CSAM,Non sensitive,video018
3308.jpg,/CSAM_non_sens/videos/video018/3308.jpg,CSAM,Non sensitive,video018
3309.jpg,/CSAM_non_sens/videos/video018/3309.jpg,CSAM,Non sensitive,video018
3310.jpg,/CSAM_non_sens/videos/video018/3310.jpg,CSAM,Non sensitive,video018
3313.jpg,/CSAM_non_sens/videos/video018/3313.jpg,CSAM,Non sensitive,video018
3314.jpg,/CSAM_non_sens/videos/video018/3314.jpg,CSAM,Non sensitive,video018
3315.jpg,/CSAM_non_sens/videos/video018/3315.jpg,CSAM,Non sensitive,video018
3316.jpg,/CSAM_non_sens/videos/video018/3316.jpg,CSAM,Non sensitive,video018
3317.jpg,/CSAM_non_sens/videos/video018/3317.jpg,CSAM,Non sensitive,video018
1831.jpg,/CSAM_non_sens/images/1831.jpg,CSAM,Non sensitive,1831.jpg
1832.jpg,/CSAM_non_sens/images/1832.jpg,CSAM,Non sensitive,1832.jpg
1863.jpg,/CSAM_non_sens/images/1863.jpg,CSAM,Non sensitive,1863.jpg
3204.jpg,/CSAM_non_sens/images/3204.jpg,CSAM,Non sensitive,3204.jpg
1965.jpg,/CSAM_non_sens/images/1965.jpg,CSAM,Non sensitive,1965.jpg
0889.jpg,/CSAM_non_sens/images/0889.jpg,CSAM,Non sensitive,0889.jpg
1925.jpg,/CSAM_non_sens/images/1925.jpg,CSAM,Non sensitive,1925.jpg
1931.jpg,/CSAM_non_sens/images/1931.jpg,CSAM,Non sensitive,1931.jpg
3381.jpg,/CSAM_non_sens/images/3381.jpg,CSAM,Non sensitive,3381.jpg
0842.webp,/CSAM_non_sens/images/0842.webp,CSAM,Non sensitive,0842.webp
1977.jpg,/CSAM_non_sens/images/1977.jpg,CSAM,Non sensitive,1977.jpg
3166.jpg,/CSAM_non_sens/videos/video037/3166.jpg,CSAM,Non sensitive,video037
3167.jpg,/CSAM_non_sens/videos/video037/3167.jpg,CSAM,Non sensitive,video037
3477.png,/CSAM_non_sens/images/3477.png,CSAM,Non sensitive,3477.png
3227.jpg,/CSAM_non_sens/videos/video021/3227.jpg,CSAM,Non sensitive,video021
3238.jpg,/CSAM_non_sens/videos/video021/3238.jpg,CSAM,Non sensitive,video021
3240.jpg,/CSAM_non_sens/videos/video021/3240.jpg,CSAM,Non sensitive,video021
3241.jpg,/CSAM_non_sens/videos/video021/3241.jpg,CSAM,Non sensitive,video021
3242.jpg,/CSAM_non_sens/videos/video021/3242.jpg,CSAM,Non sensitive,video021
3243.jpg,/CSAM_non_sens/videos/video021/3243.jpg,CSAM,Non sensitive,video021
3244.jpg,/CSAM_non_sens/videos/video021/3244.jpg,CSAM,Non sensitive,video021
3245.jpg,/CSAM_non_sens/videos/video021/3245.jpg,CSAM,Non sensitive,video021
1870.jpg,/CSAM_non_sens/images/1870.jpg,CSAM,Non sensitive,1870.jpg
1912.jpg,/CSAM_non_sens/images/1912.jpg,CSAM,Non sensitive,1912.jpg
1957.jpg,/CSAM_non_sens/images/1957.jpg,CSAM,Non sensitive,1957.jpg
1855.jpg,/CSAM_non_sens/images/1855.jpg,CSAM,Non sensitive,1855.jpg
0869.jpg,/CSAM_non_sens/images/0869.jpg,CSAM,Non sensitive,0869.jpg
1968.jpg,/CSAM_non_sens/images/1968.jpg,CSAM,Non sensitive,1968.jpg
1939.jpg,/CSAM_non_sens/images/1939.jpg,CSAM,Non sensitive,1939.jpg
3168.jpg,/CSAM_non_sens/images/3168.jpg,CSAM,Non sensitive,3168.jpg
0866.webp,/CSAM_non_sens/images/0866.webp,CSAM,Non sensitive,0866.webp
1859.jpg,/CSAM_non_sens/images/1859.jpg,CSAM,Non sensitive,1859.jpg
1986.jpg,/CSAM_non_sens/images/1986.jpg,CSAM,Non sensitive,1986.jpg
3216.jpg,/CSAM_non_sens/images/3216.jpg,CSAM,Non sensitive,3216.jpg
3256.jpg,/CSAM_non_sens/images/3256.jpg,CSAM,Non sensitive,3256.jpg
3196.jpg,/CSAM_non_sens/videos/video036/3196.jpg,CSAM,Non sensitive,video036
3197.jpg,/CSAM_non_sens/videos/video036/3197.jpg,CSAM,Non sensitive,video036
1971.jpg,/CSAM_non_sens/images/1971.jpg,CSAM,Non sensitive,1971.jpg
3360.jpg,/CSAM_non_sens/images/3360.jpg,CSAM,Non sensitive,3360.jpg
2016.jpg,/CSAM_non_sens/images/2016.jpg,CSAM,Non sensitive,2016.jpg
3249.jpg,/CSAM_non_sens/images/3249.jpg,CSAM,Non sensitive,3249.jpg
3248.jpg,/CSAM_non_sens/images/3248.jpg,CSAM,Non sensitive,3248.jpg
1867.jpg,/CSAM_non_sens/images/1867.jpg,CSAM,Non sensitive,1867.jpg
3159.jpg,/CSAM_non_sens/images/3159.jpg,CSAM,Non sensitive,3159.jpg
0822.webp,/CSAM_non_sens/images/0822.webp,CSAM,Non sensitive,0822.webp
1910.jpg,/CSAM_non_sens/images/1910.jpg,CSAM,Non sensitive,1910.jpg
0898.jpg,/CSAM_non_sens/images/0898.jpg,CSAM,Non sensitive,0898.jpg
3124.jpg,/CSAM_non_sens/images/3124.jpg,CSAM,Non sensitive,3124.jpg
3225.jpg,/CSAM_non_sens/images/3225.jpg,CSAM,Non sensitive,3225.jpg
1903.jpg,/CSAM_non_sens/images/1903.jpg,CSAM,Non sensitive,1903.jpg
2061.jpg,/CSAM_non_sens/images/2061.jpg,CSAM,Non sensitive,2061.jpg
1972.jpg,/CSAM_non_sens/images/1972.jpg,CSAM,Non sensitive,1972.jpg
2048.jpg,/CSAM_non_sens/images/2048.jpg,CSAM,Non sensitive,2048.jpg
0853.webp,/CSAM_non_sens/images/0853.webp,CSAM,Non sensitive,0853.webp
1984.jpg,/CSAM_non_sens/images/1984.jpg,CSAM,Non sensitive,1984.jpg
2051.jpg,/CSAM_non_sens/images/2051.jpg,CSAM,Non sensitive,2051.jpg
1991.jpg,/CSAM_non_sens/images/1991.jpg,CSAM,Non sensitive,1991.jpg
0840.jpg,/CSAM_non_sens/images/0840.jpg,CSAM,Non sensitive,0840.jpg
0860.jpg,/CSAM_non_sens/images/0860.jpg,CSAM,Non sensitive,0860.jpg
1854.jpg,/CSAM_non_sens/images/1854.jpg,CSAM,Non sensitive,1854.jpg
1906.jpg,/CSAM_non_sens/images/1906.jpg,CSAM,Non sensitive,1906.jpg
1995.jpg,/CSAM_non_sens/images/1995.jpg,CSAM,Non sensitive,1995.jpg
2054.jpg,/CSAM_non_sens/images/2054.jpg,CSAM,Non sensitive,2054.jpg
0863.webp,/CSAM_non_sens/images/0863.webp,CSAM,Non sensitive,0863.webp
3276.jpg,/CSAM_non_sens/images/3276.jpg,CSAM,Non sensitive,3276.jpg
3151.jpg,/CSAM_non_sens/videos/video031/3151.jpg,CSAM,Non sensitive,video031
3152.jpg,/CSAM_non_sens/videos/video031/3152.jpg,CSAM,Non sensitive,video031
0875.jpeg,/CSAM_non_sens/images/0875.jpeg,CSAM,Non sensitive,0875.jpeg
3137.jpg,/CSAM_non_sens/images/3137.jpg,CSAM,Non sensitive,3137.jpg
0876.jpg,/CSAM_non_sens/images/0876.jpg,CSAM,Non sensitive,0876.jpg
0839.webp,/CSAM_non_sens/images/0839.webp,CSAM,Non sensitive,0839.webp
1872.jpg,/CSAM_non_sens/images/1872.jpg,CSAM,Non sensitive,1872.jpg
1913.jpg,/CSAM_non_sens/videos/video027/1913.jpg,CSAM,Non sensitive,video027
1914.jpg,/CSAM_non_sens/videos/video027/1914.jpg,CSAM,Non sensitive,video027
1861.jpg,/CSAM_non_sens/images/1861.jpg,CSAM,Non sensitive,1861.jpg
1856.jpg,/CSAM_non_sens/images/1856.jpg,CSAM,Non sensitive,1856.jpg
0856.webp,/CSAM_non_sens/images/0856.webp,CSAM,Non sensitive,0856.webp
2032.jpg,/CSAM_non_sens/images/2032.jpg,CSAM,Non sensitive,2032.jpg
0806.webp,/CSAM_non_sens/images/0806.webp,CSAM,Non sensitive,0806.webp
2002.jpg,/CSAM_non_sens/images/2002.jpg,CSAM,Non sensitive,2002.jpg
2044.jpg,/CSAM_non_sens/images/2044.jpg,CSAM,Non sensitive,2044.jpg
3232.jpg,/CSAM_non_sens/images/3232.jpg,CSAM,Non sensitive,3232.jpg
1895.jpg,/CSAM_non_sens/images/1895.jpg,CSAM,Non sensitive,1895.jpg
0890.jpg,/CSAM_non_sens/images/0890.jpg,CSAM,Non sensitive,0890.jpg
1828.jpg,/CSAM_non_sens/images/1828.jpg,CSAM,Non sensitive,1828.jpg
1987.jpg,/CSAM_non_sens/images/1987.jpg,CSAM,Non sensitive,1987.jpg
1864.jpg,/CSAM_non_sens/images/1864.jpg,CSAM,Non sensitive,1864.jpg
0844.webp,/CSAM_non_sens/images/0844.webp,CSAM,Non sensitive,0844.webp
2049.jpg,/CSAM_non_sens/images/2049.jpg,CSAM,Non sensitive,2049.jpg
3236.jpg,/CSAM_non_sens/images/3236.jpg,CSAM,Non sensitive,3236.jpg
3318.jpg,/CSAM_non_sens/videos/video017/3318.jpg,CSAM,Non sensitive,video017
3319.jpg,/CSAM_non_sens/videos/video017/3319.jpg,CSAM,Non sensitive,video017
3320.jpg,/CSAM_non_sens/videos/video017/3320.jpg,CSAM,Non sensitive,video017
3321.jpg,/CSAM_non_sens/videos/video017/3321.jpg,CSAM,Non sensitive,video017
3322.jpg,/CSAM_non_sens/videos/video017/3322.jpg,CSAM,Non sensitive,video017
3325.jpg,/CSAM_non_sens/videos/video017/3325.jpg,CSAM,Non sensitive,video017
3326.jpg,/CSAM_non_sens/videos/video017/3326.jpg,CSAM,Non sensitive,video017
3327.jpg,/CSAM_non_sens/videos/video017/3327.jpg,CSAM,Non sensitive,video017
3328.jpg,/CSAM_non_sens/videos/video017/3328.jpg,CSAM,Non sensitive,video017
3329.jpg,/CSAM_non_sens/videos/video017/3329.jpg,CSAM,Non sensitive,video017
3330.jpg,/CSAM_non_sens/videos/video017/3330.jpg,CSAM,Non sensitive,video017
3331.jpg,/CSAM_non_sens/videos/video017/3331.jpg,CSAM,Non sensitive,video017
3332.jpg,/CSAM_non_sens/videos/video017/3332.jpg,CSAM,Non sensitive,video017
3333.jpg,/CSAM_non_sens/videos/video017/3333.jpg,CSAM,Non sensitive,video017
3334.jpg,/CSAM_non_sens/videos/video017/3334.jpg,CSAM,Non sensitive,video017
3337.jpg,/CSAM_non_sens/videos/video017/3337.jpg,CSAM,Non sensitive,video017
3338.jpg,/CSAM_non_sens/videos/video017/3338.jpg,CSAM,Non sensitive,video017
3490.png,/CSAM_non_sens/images/3490.png,CSAM,Non sensitive,3490.png
2035.jpg,/CSAM_non_sens/images/2035.jpg,CSAM,Non sensitive,2035.jpg
1819.jpg,/CSAM_non_sens/images/1819.jpg,CSAM,Non sensitive,1819.jpg
2053.jpg,/CSAM_non_sens/images/2053.jpg,CSAM,Non sensitive,2053.jpg
1844.jpg,/CSAM_non_sens/images/1844.jpg,CSAM,Non sensitive,1844.jpg
3125.jpg,/CSAM_non_sens/images/3125.jpg,CSAM,Non sensitive,3125.jpg
0848.webp,/CSAM_non_sens/images/0848.webp,CSAM,Non sensitive,0848.webp
3207.jpg,/CSAM_non_sens/images/3207.jpg,CSAM,Non sensitive,3207.jpg
0833.webp,/CSAM_non_sens/videos/video025/0833.webp,CSAM,Non sensitive,video025
0834.webp,/CSAM_non_sens/videos/video025/0834.webp,CSAM,Non sensitive,video025
3527.webp,/CSAM_non_sens/images/3527.webp,CSAM,Non sensitive,3527.webp
1976.jpg,/CSAM_non_sens/images/1976.jpg,CSAM,Non sensitive,1976.jpg
1823.jpg,/CSAM_non_sens/images/1823.jpg,CSAM,Non sensitive,1823.jpg
2023.jpg,/CSAM_non_sens/images/2023.jpg,CSAM,Non sensitive,2023.jpg
3506.png,/CSAM_non_sens/images/3506.png,CSAM,Non sensitive,3506.png
1894.jpg,/CSAM_non_sens/images/1894.jpg,CSAM,Non sensitive,1894.jpg
3147.jpg,/CSAM_non_sens/images/3147.jpg,CSAM,Non sensitive,3147.jpg
3324.jpg,/CSAM_non_sens/images/3324.jpg,CSAM,Non sensitive,3324.jpg
3131.jpg,/CSAM_non_sens/images/3131.jpg,CSAM,Non sensitive,3131.jpg
0873.jpeg,/CSAM_non_sens/images/0873.jpeg,CSAM,Non sensitive,0873.jpeg
0823.webp,/CSAM_non_sens/images/0823.webp,CSAM,Non sensitive,0823.webp
1955.jpg,/CSAM_non_sens/images/1955.jpg,CSAM,Non sensitive,1955.jpg
3182.jpg,/CSAM_non_sens/images/3182.jpg,CSAM,Non sensitive,3182.jpg
0817.webp,/CSAM_non_sens/images/0817.webp,CSAM,Non sensitive,0817.webp
0891.jpg,/CSAM_non_sens/images/0891.jpg,CSAM,Non sensitive,0891.jpg
3500.png,/CSAM_non_sens/images/3500.png,CSAM,Non sensitive,3500.png
1917.jpg,/CSAM_non_sens/images/1917.jpg,CSAM,Non sensitive,1917.jpg
1938.jpg,/CSAM_non_sens/images/1938.jpg,CSAM,Non sensitive,1938.jpg
0847.webp,/CSAM_non_sens/images/0847.webp,CSAM,Non sensitive,0847.webp
0838.jpg,/CSAM_non_sens/images/0838.jpg,CSAM,Non sensitive,0838.jpg
1869.jpg,/CSAM_non_sens/images/1869.jpg,CSAM,Non sensitive,1869.jpg
1953.jpg,/CSAM_non_sens/images/1953.jpg,CSAM,Non sensitive,1953.jpg
2076.jpg,/CSAM_non_sens/images/2076.jpg,CSAM,Non sensitive,2076.jpg
3201.jpg,/CSAM_non_sens/images/3201.jpg,CSAM,Non sensitive,3201.jpg
2012.jpg,/CSAM_non_sens/images/2012.jpg,CSAM,Non sensitive,2012.jpg
1908.jpg,/CSAM_non_sens/images/1908.jpg,CSAM,Non sensitive,1908.jpg
1958.jpg,/CSAM_non_sens/images/1958.jpg,CSAM,Non sensitive,1958.jpg
0895.jpg,/CSAM_non_sens/images/0895.jpg,CSAM,Non sensitive,0895.jpg
1949.jpg,/CSAM_non_sens/images/1949.jpg,CSAM,Non sensitive,1949.jpg
1959.jpg,/CSAM_non_sens/images/1959.jpg,CSAM,Non sensitive,1959.jpg
1885.jpg,/CSAM_non_sens/images/1885.jpg,CSAM,Non sensitive,1885.jpg
1880.jpg,/CSAM_non_sens/images/1880.jpg,CSAM,Non sensitive,1880.jpg
1896.jpg,/CSAM_non_sens/images/1896.jpg,CSAM,Non sensitive,1896.jpg
2027.jpg,/CSAM_non_sens/images/2027.jpg,CSAM,Non sensitive,2027.jpg
3533.avif,/CSAM_non_sens/images/3533.avif,CSAM,Non sensitive,3533.avif
1893.jpg,/CSAM_non_sens/images/1893.jpg,CSAM,Non sensitive,1893.jpg
2063.jpg,/CSAM_non_sens/images/2063.jpg,CSAM,Non sensitive,2063.jpg
2075.jpg,/CSAM_non_sens/images/2075.jpg,CSAM,Non sensitive,2075.jpg
0902.jpg,/CSAM_non_sens/images/0902.jpg,CSAM,Non sensitive,0902.jpg
1951.jpg,/CSAM_non_sens/images/1951.jpg,CSAM,Non sensitive,1951.jpg
3223.jpg,/CSAM_non_sens/images/3223.jpg,CSAM,Non sensitive,3223.jpg
1948.jpg,/CSAM_non_sens/images/1948.jpg,CSAM,Non sensitive,1948.jpg
3507.png,/CSAM_non_sens/images/3507.png,CSAM,Non sensitive,3507.png
1865.jpg,/CSAM_non_sens/images/1865.jpg,CSAM,Non sensitive,1865.jpg
2000.jpg,/CSAM_non_sens/images/2000.jpg,CSAM,Non sensitive,2000.jpg
2043.jpg,/CSAM_non_sens/images/2043.jpg,CSAM,Non sensitive,2043.jpg
2034.jpg,/CSAM_non_sens/images/2034.jpg,CSAM,Non sensitive,2034.jpg
1989.jpg,/CSAM_non_sens/images/1989.jpg,CSAM,Non sensitive,1989.jpg
3183.jpg,/CSAM_non_sens/images/3183.jpg,CSAM,Non sensitive,3183.jpg
2074.jpg,/CSAM_non_sens/images/2074.jpg,CSAM,Non sensitive,2074.jpg
3531.jpg,/CSAM_non_sens/images/3531.jpg,CSAM,Non sensitive,3531.jpg
0818.webp,/CSAM_non_sens/videos/video024/0818.webp,CSAM,Non sensitive,video024
0819.webp,/CSAM_non_sens/videos/video024/0819.webp,CSAM,Non sensitive,video024
1935.jpg,/CSAM_non_sens/images/1935.jpg,CSAM,Non sensitive,1935.jpg
3143.jpg,/CSAM_non_sens/videos/video007/3143.jpg,CSAM,Non sensitive,video007
3198.jpg,/CSAM_non_sens/videos/video007/3198.jpg,CSAM,Non sensitive,video007
3209.jpg,/CSAM_non_sens/videos/video007/3209.jpg,CSAM,Non sensitive,video007
3484.jpg,/CSAM_non_sens/videos/video007/3484.jpg,CSAM,Non sensitive,video007
3485.jpg,/CSAM_non_sens/videos/video007/3485.jpg,CSAM,Non sensitive,video007
3489.jpg,/CSAM_non_sens/videos/video007/3489.jpg,CSAM,Non sensitive,video007
3491.jpg,/CSAM_non_sens/videos/video007/3491.jpg,CSAM,Non sensitive,video007
3495.jpg,/CSAM_non_sens/videos/video007/3495.jpg,CSAM,Non sensitive,video007
0883.jpg,/CSAM_non_sens/videos/video026/0883.jpg,CSAM,Non sensitive,video026
0904.jpg,/CSAM_non_sens/videos/video026/0904.jpg,CSAM,Non sensitive,video026
3528.jpg,/CSAM_non_sens/images/3528.jpg,CSAM,Non sensitive,3528.jpg
3504.png,/CSAM_non_sens/images/3504.png,CSAM,Non sensitive,3504.png
1898.jpg,/CSAM_non_sens/images/1898.jpg,CSAM,Non sensitive,1898.jpg
3514.png,/CSAM_non_sens/videos/video020/3514.png,CSAM,Non sensitive,video020
3133.jpg,/CSAM_non_sens/images/3133.jpg,CSAM,Non sensitive,3133.jpg
3235.jpg,/CSAM_non_sens/images/3235.jpg,CSAM,Non sensitive,3235.jpg
1822.jpg,/CSAM_non_sens/images/1822.jpg,CSAM,Non sensitive,1822.jpg
3503.png,/CSAM_non_sens/videos/video004/3503.png,CSAM,Non sensitive,video004
3135.jpg,/CSAM_non_sens/images/3135.jpg,CSAM,Non sensitive,3135.jpg
1975.jpg,/CSAM_non_sens/images/1975.jpg,CSAM,Non sensitive,1975.jpg
3155.jpg,/CSAM_non_sens/images/3155.jpg,CSAM,Non sensitive,3155.jpg
1934.jpg,/CSAM_non_sens/images/1934.jpg,CSAM,Non sensitive,1934.jpg
3186.jpg,/CSAM_non_sens/images/3186.jpg,CSAM,Non sensitive,3186.jpg
1980.jpg,/CSAM_non_sens/videos/video034/1980.jpg,CSAM,Non sensitive,video034
1981.jpg,/CSAM_non_sens/videos/video034/1981.jpg,CSAM,Non sensitive,video034
1890.jpg,/CSAM_non_sens/images/1890.jpg,CSAM,Non sensitive,1890.jpg
0827.webp,/CSAM_non_sens/images/0827.webp,CSAM,Non sensitive,0827.webp
3385.png,/CSAM_non_sens/videos/video011/3385.png,CSAM,Non sensitive,video011
3254.jpg,/CSAM_non_sens/images/3254.jpg,CSAM,Non sensitive,3254.jpg
1830.jpg,/CSAM_non_sens/images/1830.jpg,CSAM,Non sensitive,1830.jpg
1879.jpg,/CSAM_non_sens/images/1879.jpg,CSAM,Non sensitive,1879.jpg
0824.webp,/CSAM_non_sens/images/0824.webp,CSAM,Non sensitive,0824.webp
3231.jpg,/CSAM_non_sens/images/3231.jpg,CSAM,Non sensitive,3231.jpg
3199.jpg,/CSAM_non_sens/images/3199.jpg,CSAM,Non sensitive,3199.jpg
0878.jpg,/CSAM_non_sens/images/0878.jpg,CSAM,Non sensitive,0878.jpg
0903.jpg,/CSAM_non_sens/images/0903.jpg,CSAM,Non sensitive,0903.jpg
3188.jpg,/CSAM_non_sens/images/3188.jpg,CSAM,Non sensitive,3188.jpg
1978.jpg,/CSAM_non_sens/images/1978.jpg,CSAM,Non sensitive,1978.jpg
1970.jpg,/CSAM_non_sens/images/1970.jpg,CSAM,Non sensitive,1970.jpg
0899.jpg,/CSAM_non_sens/images/0899.jpg,CSAM,Non sensitive,0899.jpg
2070.jpg,/CSAM_non_sens/images/2070.jpg,CSAM,Non sensitive,2070.jpg
1902.jpg,/CSAM_non_sens/images/1902.jpg,CSAM,Non sensitive,1902.jpg
2014.jpg,/CSAM_non_sens/images/2014.jpg,CSAM,Non sensitive,2014.jpg
3170.jpg,/CSAM_non_sens/images/3170.jpg,CSAM,Non sensitive,3170.jpg
3145.jpg,/CSAM_non_sens/images/3145.jpg,CSAM,Non sensitive,3145.jpg
0877.jpg,/CSAM_non_sens/images/0877.jpg,CSAM,Non sensitive,0877.jpg
1899.jpg,/CSAM_non_sens/images/1899.jpg,CSAM,Non sensitive,1899.jpg
2036.jpg,/CSAM_non_sens/images/2036.jpg,CSAM,Non sensitive,2036.jpg
0862.webp,/CSAM_non_sens/images/0862.webp,CSAM,Non sensitive,0862.webp
2062.jpg,/CSAM_non_sens/images/2062.jpg,CSAM,Non sensitive,2062.jpg
2077.jpg,/CSAM_non_sens/images/2077.jpg,CSAM,Non sensitive,2077.jpg
3169.jpg,/CSAM_non_sens/images/3169.jpg,CSAM,Non sensitive,3169.jpg
1905.jpg,/CSAM_non_sens/images/1905.jpg,CSAM,Non sensitive,1905.jpg
1962.jpg,/CSAM_non_sens/videos/video033/1962.jpg,CSAM,Non sensitive,video033
1963.jpg,/CSAM_non_sens/videos/video033/1963.jpg,CSAM,Non sensitive,video033
1911.jpg,/CSAM_non_sens/images/1911.jpg,CSAM,Non sensitive,1911.jpg
3191.jpg,/CSAM_non_sens/images/3191.jpg,CSAM,Non sensitive,3191.jpg
1858.jpg,/CSAM_non_sens/images/1858.jpg,CSAM,Non sensitive,1858.jpg
3288.jpg,/CSAM_non_sens/images/3288.jpg,CSAM,Non sensitive,3288.jpg
1929.jpg,/CSAM_non_sens/images/1929.jpg,CSAM,Non sensitive,1929.jpg
2066.jpg,/CSAM_non_sens/images/2066.jpg,CSAM,Non sensitive,2066.jpg
0828.webp,/CSAM_non_sens/images/0828.webp,CSAM,Non sensitive,0828.webp
3228.jpg,/CSAM_non_sens/images/3228.jpg,CSAM,Non sensitive,3228.jpg
1930.jpg,/CSAM_non_sens/images/1930.jpg,CSAM,Non sensitive,1930.jpg
0810.webp,/CSAM_non_sens/images/0810.webp,CSAM,Non sensitive,0810.webp
2037.jpg,/CSAM_non_sens/videos/video029/2037.jpg,CSAM,Non sensitive,video029
2038.jpg,/CSAM_non_sens/videos/video029/2038.jpg,CSAM,Non sensitive,video029
3153.jpg,/CSAM_non_sens/images/3153.jpg,CSAM,Non sensitive,3153.jpg
1994.jpg,/CSAM_non_sens/images/1994.jpg,CSAM,Non sensitive,1994.jpg
2013.jpg,/CSAM_non_sens/images/2013.jpg,CSAM,Non sensitive,2013.jpg
2004.jpg,/CSAM_non_sens/images/2004.jpg,CSAM,Non sensitive,2004.jpg
1310.jpg,/CSAM_sens/images/1310.jpg,CSAM,Sensitive,1310.jpg
1122.jpg,/CSAM_sens/images/1122.jpg,CSAM,Sensitive,1122.jpg
2229.jpg,/CSAM_sens/videos/video078/2229.jpg,CSAM,Sensitive,video078
2230.jpg,/CSAM_sens/videos/video078/2230.jpg,CSAM,Sensitive,video078
2231.jpg,/CSAM_sens/videos/video078/2231.jpg,CSAM,Sensitive,video078
2232.jpg,/CSAM_sens/videos/video078/2232.jpg,CSAM,Sensitive,video078
2233.jpg,/CSAM_sens/videos/video078/2233.jpg,CSAM,Sensitive,video078
2234.jpg,/CSAM_sens/videos/video078/2234.jpg,CSAM,Sensitive,video078
2235.jpg,/CSAM_sens/videos/video078/2235.jpg,CSAM,Sensitive,video078
2236.jpg,/CSAM_sens/videos/video078/2236.jpg,CSAM,Sensitive,video078
2237.jpg,/CSAM_sens/videos/video078/2237.jpg,CSAM,Sensitive,video078
2238.jpg,/CSAM_sens/videos/video078/2238.jpg,CSAM,Sensitive,video078
2239.jpg,/CSAM_sens/videos/video078/2239.jpg,CSAM,Sensitive,video078
2240.jpg,/CSAM_sens/videos/video078/2240.jpg,CSAM,Sensitive,video078
2241.jpg,/CSAM_sens/videos/video078/2241.jpg,CSAM,Sensitive,video078
2242.jpg,/CSAM_sens/videos/video078/2242.jpg,CSAM,Sensitive,video078
2243.jpg,/CSAM_sens/videos/video078/2243.jpg,CSAM,Sensitive,video078
2244.jpg,/CSAM_sens/videos/video078/2244.jpg,CSAM,Sensitive,video078
2245.jpg,/CSAM_sens/videos/video078/2245.jpg,CSAM,Sensitive,video078
2246.jpg,/CSAM_sens/videos/video078/2246.jpg,CSAM,Sensitive,video078
2247.jpg,/CSAM_sens/videos/video078/2247.jpg,CSAM,Sensitive,video078
1284.jpg,/CSAM_sens/images/1284.jpg,CSAM,Sensitive,1284.jpg
0941.jpeg,/CSAM_sens/images/0941.jpeg,CSAM,Sensitive,0941.jpeg
3952.png,/CSAM_sens/videos/video005/3952.png,CSAM,Sensitive,video005
3953.png,/CSAM_sens/videos/video005/3953.png,CSAM,Sensitive,video005
3954.png,/CSAM_sens/videos/video005/3954.png,CSAM,Sensitive,video005
3955.png,/CSAM_sens/videos/video005/3955.png,CSAM,Sensitive,video005
3956.png,/CSAM_sens/videos/video005/3956.png,CSAM,Sensitive,video005
3957.png,/CSAM_sens/videos/video005/3957.png,CSAM,Sensitive,video005
3958.png,/CSAM_sens/videos/video005/3958.png,CSAM,Sensitive,video005
3959.png,/CSAM_sens/videos/video005/3959.png,CSAM,Sensitive,video005
3960.png,/CSAM_sens/videos/video005/3960.png,CSAM,Sensitive,video005
3961.png,/CSAM_sens/videos/video005/3961.png,CSAM,Sensitive,video005
3962.png,/CSAM_sens/videos/video005/3962.png,CSAM,Sensitive,video005
3963.png,/CSAM_sens/videos/video005/3963.png,CSAM,Sensitive,video005
3964.png,/CSAM_sens/videos/video005/3964.png,CSAM,Sensitive,video005
3965.png,/CSAM_sens/videos/video005/3965.png,CSAM,Sensitive,video005
3966.png,/CSAM_sens/videos/video005/3966.png,CSAM,Sensitive,video005
3967.png,/CSAM_sens/videos/video005/3967.png,CSAM,Sensitive,video005
3968.png,/CSAM_sens/videos/video005/3968.png,CSAM,Sensitive,video005
1264.jpg,/CSAM_sens/images/1264.jpg,CSAM,Sensitive,1264.jpg
1262.jpg,/CSAM_sens/images/1262.jpg,CSAM,Sensitive,1262.jpg
1207.jpg,/CSAM_sens/images/1207.jpg,CSAM,Sensitive,1207.jpg
1309.jpg,/CSAM_sens/images/1309.jpg,CSAM,Sensitive,1309.jpg
2383.jpg,/CSAM_sens/videos/video074/2383.jpg,CSAM,Sensitive,video074
2384.jpg,/CSAM_sens/videos/video074/2384.jpg,CSAM,Sensitive,video074
2385.jpg,/CSAM_sens/videos/video074/2385.jpg,CSAM,Sensitive,video074
2386.jpg,/CSAM_sens/videos/video074/2386.jpg,CSAM,Sensitive,video074
2387.jpg,/CSAM_sens/videos/video074/2387.jpg,CSAM,Sensitive,video074
2388.jpg,/CSAM_sens/videos/video074/2388.jpg,CSAM,Sensitive,video074
2389.jpg,/CSAM_sens/videos/video074/2389.jpg,CSAM,Sensitive,video074
2390.jpg,/CSAM_sens/videos/video074/2390.jpg,CSAM,Sensitive,video074
2391.jpg,/CSAM_sens/videos/video074/2391.jpg,CSAM,Sensitive,video074
2392.jpg,/CSAM_sens/videos/video074/2392.jpg,CSAM,Sensitive,video074
2393.jpg,/CSAM_sens/videos/video074/2393.jpg,CSAM,Sensitive,video074
2394.jpg,/CSAM_sens/videos/video074/2394.jpg,CSAM,Sensitive,video074
2395.jpg,/CSAM_sens/videos/video074/2395.jpg,CSAM,Sensitive,video074
2396.jpg,/CSAM_sens/videos/video074/2396.jpg,CSAM,Sensitive,video074
2397.jpg,/CSAM_sens/videos/video074/2397.jpg,CSAM,Sensitive,video074
2398.jpg,/CSAM_sens/videos/video074/2398.jpg,CSAM,Sensitive,video074
2399.jpg,/CSAM_sens/videos/video074/2399.jpg,CSAM,Sensitive,video074
2400.jpg,/CSAM_sens/videos/video074/2400.jpg,CSAM,Sensitive,video074
2401.jpg,/CSAM_sens/videos/video074/2401.jpg,CSAM,Sensitive,video074
2402.jpg,/CSAM_sens/videos/video074/2402.jpg,CSAM,Sensitive,video074
2403.jpg,/CSAM_sens/videos/video074/2403.jpg,CSAM,Sensitive,video074
2404.jpg,/CSAM_sens/videos/video074/2404.jpg,CSAM,Sensitive,video074
3820.png,/CSAM_sens/videos/video023/3820.png,CSAM,Sensitive,video023
3821.png,/CSAM_sens/videos/video023/3821.png,CSAM,Sensitive,video023
3822.png,/CSAM_sens/videos/video023/3822.png,CSAM,Sensitive,video023
3823.png,/CSAM_sens/videos/video023/3823.png,CSAM,Sensitive,video023
1087.jpeg,/CSAM_sens/images/1087.jpeg,CSAM,Sensitive,1087.jpeg
0915.jpg,/CSAM_sens/images/0915.jpg,CSAM,Sensitive,0915.jpg
1126.jpeg,/CSAM_sens/images/1126.jpeg,CSAM,Sensitive,1126.jpeg
0986.jpg,/CSAM_sens/images/0986.jpg,CSAM,Sensitive,0986.jpg
3667.png,/CSAM_sens/images/3667.png,CSAM,Sensitive,3667.png
1120.jpg,/CSAM_sens/images/1120.jpg,CSAM,Sensitive,1120.jpg
1241.jpg,/CSAM_sens/images/1241.jpg,CSAM,Sensitive,1241.jpg
1101.jpeg,/CSAM_sens/images/1101.jpeg,CSAM,Sensitive,1101.jpeg
1061.jpg,/CSAM_sens/images/1061.jpg,CSAM,Sensitive,1061.jpg
3851.png,/CSAM_sens/videos/video017/3851.png,CSAM,Sensitive,video017
3852.png,/CSAM_sens/videos/video017/3852.png,CSAM,Sensitive,video017
3853.png,/CSAM_sens/videos/video017/3853.png,CSAM,Sensitive,video017
3854.png,/CSAM_sens/videos/video017/3854.png,CSAM,Sensitive,video017
1073.jpg,/CSAM_sens/images/1073.jpg,CSAM,Sensitive,1073.jpg
3876.png,/CSAM_sens/videos/video013/3876.png,CSAM,Sensitive,video013
3877.png,/CSAM_sens/videos/video013/3877.png,CSAM,Sensitive,video013
3878.png,/CSAM_sens/videos/video013/3878.png,CSAM,Sensitive,video013
3879.png,/CSAM_sens/videos/video013/3879.png,CSAM,Sensitive,video013
3880.png,/CSAM_sens/videos/video013/3880.png,CSAM,Sensitive,video013
3881.png,/CSAM_sens/videos/video013/3881.png,CSAM,Sensitive,video013
3585.png,/CSAM_sens/videos/video054/3585.png,CSAM,Sensitive,video054
3586.png,/CSAM_sens/videos/video054/3586.png,CSAM,Sensitive,video054
3587.png,/CSAM_sens/videos/video054/3587.png,CSAM,Sensitive,video054
3588.png,/CSAM_sens/videos/video054/3588.png,CSAM,Sensitive,video054
3589.png,/CSAM_sens/videos/video054/3589.png,CSAM,Sensitive,video054
3590.png,/CSAM_sens/videos/video054/3590.png,CSAM,Sensitive,video054
3591.png,/CSAM_sens/videos/video054/3591.png,CSAM,Sensitive,video054
3592.png,/CSAM_sens/videos/video054/3592.png,CSAM,Sensitive,video054
3593.png,/CSAM_sens/videos/video054/3593.png,CSAM,Sensitive,video054
3594.png,/CSAM_sens/videos/video054/3594.png,CSAM,Sensitive,video054
3595.png,/CSAM_sens/videos/video054/3595.png,CSAM,Sensitive,video054
3596.png,/CSAM_sens/videos/video054/3596.png,CSAM,Sensitive,video054
3597.png,/CSAM_sens/videos/video054/3597.png,CSAM,Sensitive,video054
1156.jpeg,/CSAM_sens/images/1156.jpeg,CSAM,Sensitive,1156.jpeg
0937.jpeg,/CSAM_sens/images/0937.jpeg,CSAM,Sensitive,0937.jpeg
1229.jpg,/CSAM_sens/images/1229.jpg,CSAM,Sensitive,1229.jpg
1022.jpg,/CSAM_sens/images/1022.jpg,CSAM,Sensitive,1022.jpg
1055.jpg,/CSAM_sens/images/1055.jpg,CSAM,Sensitive,1055.jpg
0996.jpg,/CSAM_sens/images/0996.jpg,CSAM,Sensitive,0996.jpg
1254.jpg,/CSAM_sens/images/1254.jpg,CSAM,Sensitive,1254.jpg
1127.jpeg,/CSAM_sens/images/1127.jpeg,CSAM,Sensitive,1127.jpeg
1028.jpg,/CSAM_sens/images/1028.jpg,CSAM,Sensitive,1028.jpg
1142.jpeg,/CSAM_sens/images/1142.jpeg,CSAM,Sensitive,1142.jpeg
1032.jpg,/CSAM_sens/images/1032.jpg,CSAM,Sensitive,1032.jpg
3650.png,/CSAM_sens/images/3650.png,CSAM,Sensitive,3650.png
1005.jpg,/CSAM_sens/images/1005.jpg,CSAM,Sensitive,1005.jpg
0966.jpg,/CSAM_sens/images/0966.jpg,CSAM,Sensitive,0966.jpg
3535.png,/CSAM_sens/images/3535.png,CSAM,Sensitive,3535.png
1041.jpg,/CSAM_sens/images/1041.jpg,CSAM,Sensitive,1041.jpg
2115.jpg,/CSAM_sens/videos/video083/2115.jpg,CSAM,Sensitive,video083
2116.jpg,/CSAM_sens/videos/video083/2116.jpg,CSAM,Sensitive,video083
2117.jpg,/CSAM_sens/videos/video083/2117.jpg,CSAM,Sensitive,video083
2118.jpg,/CSAM_sens/videos/video083/2118.jpg,CSAM,Sensitive,video083
2119.jpg,/CSAM_sens/videos/video083/2119.jpg,CSAM,Sensitive,video083
2120.jpg,/CSAM_sens/videos/video083/2120.jpg,CSAM,Sensitive,video083
2121.jpg,/CSAM_sens/videos/video083/2121.jpg,CSAM,Sensitive,video083
2122.jpg,/CSAM_sens/videos/video083/2122.jpg,CSAM,Sensitive,video083
2123.jpg,/CSAM_sens/videos/video083/2123.jpg,CSAM,Sensitive,video083
2124.jpg,/CSAM_sens/videos/video083/2124.jpg,CSAM,Sensitive,video083
2125.jpg,/CSAM_sens/videos/video083/2125.jpg,CSAM,Sensitive,video083
2126.jpg,/CSAM_sens/videos/video083/2126.jpg,CSAM,Sensitive,video083
2127.jpg,/CSAM_sens/videos/video083/2127.jpg,CSAM,Sensitive,video083
2128.jpg,/CSAM_sens/videos/video083/2128.jpg,CSAM,Sensitive,video083
2129.jpg,/CSAM_sens/videos/video083/2129.jpg,CSAM,Sensitive,video083
2130.jpg,/CSAM_sens/videos/video083/2130.jpg,CSAM,Sensitive,video083
1129.jpeg,/CSAM_sens/images/1129.jpeg,CSAM,Sensitive,1129.jpeg
1167.png,/CSAM_sens/images/1167.png,CSAM,Sensitive,1167.png
1037.jpg,/CSAM_sens/images/1037.jpg,CSAM,Sensitive,1037.jpg
1125.jpeg,/CSAM_sens/images/1125.jpeg,CSAM,Sensitive,1125.jpeg
1134.jpeg,/CSAM_sens/images/1134.jpeg,CSAM,Sensitive,1134.jpeg
1223.jpg,/CSAM_sens/images/1223.jpg,CSAM,Sensitive,1223.jpg
1204.jpg,/CSAM_sens/images/1204.jpg,CSAM,Sensitive,1204.jpg
1216.jpg,/CSAM_sens/images/1216.jpg,CSAM,Sensitive,1216.jpg
3771.png,/CSAM_sens/videos/video029/3771.png,CSAM,Sensitive,video029
3772.png,/CSAM_sens/videos/video029/3772.png,CSAM,Sensitive,video029
3773.png,/CSAM_sens/videos/video029/3773.png,CSAM,Sensitive,video029
1256.jpg,/CSAM_sens/images/1256.jpg,CSAM,Sensitive,1256.jpg
0948.jpg,/CSAM_sens/images/0948.jpg,CSAM,Sensitive,0948.jpg
1010.jpg,/CSAM_sens/images/1010.jpg,CSAM,Sensitive,1010.jpg
1211.jpg,/CSAM_sens/images/1211.jpg,CSAM,Sensitive,1211.jpg
0952.jpg,/CSAM_sens/images/0952.jpg,CSAM,Sensitive,0952.jpg
3888.png,/CSAM_sens/videos/video011/3888.png,CSAM,Sensitive,video011
3889.png,/CSAM_sens/videos/video011/3889.png,CSAM,Sensitive,video011
3890.png,/CSAM_sens/videos/video011/3890.png,CSAM,Sensitive,video011
3891.png,/CSAM_sens/videos/video011/3891.png,CSAM,Sensitive,video011
3892.png,/CSAM_sens/videos/video011/3892.png,CSAM,Sensitive,video011
3893.png,/CSAM_sens/videos/video011/3893.png,CSAM,Sensitive,video011
3894.png,/CSAM_sens/videos/video011/3894.png,CSAM,Sensitive,video011
3895.png,/CSAM_sens/videos/video011/3895.png,CSAM,Sensitive,video011
3896.png,/CSAM_sens/videos/video011/3896.png,CSAM,Sensitive,video011
3897.png,/CSAM_sens/videos/video011/3897.png,CSAM,Sensitive,video011
3898.png,/CSAM_sens/videos/video011/3898.png,CSAM,Sensitive,video011
3899.png,/CSAM_sens/videos/video011/3899.png,CSAM,Sensitive,video011
3900.png,/CSAM_sens/videos/video011/3900.png,CSAM,Sensitive,video011
3901.png,/CSAM_sens/videos/video011/3901.png,CSAM,Sensitive,video011
3902.png,/CSAM_sens/videos/video011/3902.png,CSAM,Sensitive,video011
3903.png,/CSAM_sens/videos/video011/3903.png,CSAM,Sensitive,video011
3904.png,/CSAM_sens/videos/video011/3904.png,CSAM,Sensitive,video011
3905.png,/CSAM_sens/videos/video011/3905.png,CSAM,Sensitive,video011
3906.png,/CSAM_sens/videos/video011/3906.png,CSAM,Sensitive,video011
3907.png,/CSAM_sens/videos/video011/3907.png,CSAM,Sensitive,video011
3908.png,/CSAM_sens/videos/video011/3908.png,CSAM,Sensitive,video011
1219.jpg,/CSAM_sens/images/1219.jpg,CSAM,Sensitive,1219.jpg
1154.jpeg,/CSAM_sens/images/1154.jpeg,CSAM,Sensitive,1154.jpeg
0908.jpg,/CSAM_sens/images/0908.jpg,CSAM,Sensitive,0908.jpg
0977.jpg,/CSAM_sens/images/0977.jpg,CSAM,Sensitive,0977.jpg
1004.jpg,/CSAM_sens/images/1004.jpg,CSAM,Sensitive,1004.jpg
1189.png,/CSAM_sens/images/1189.png,CSAM,Sensitive,1189.png
1292.jpg,/CSAM_sens/images/1292.jpg,CSAM,Sensitive,1292.jpg
1104.jpeg,/CSAM_sens/images/1104.jpeg,CSAM,Sensitive,1104.jpeg
1016.jpg,/CSAM_sens/images/1016.jpg,CSAM,Sensitive,1016.jpg
1169.png,/CSAM_sens/images/1169.png,CSAM,Sensitive,1169.png
0946.jpg,/CSAM_sens/images/0946.jpg,CSAM,Sensitive,0946.jpg
1132.jpeg,/CSAM_sens/images/1132.jpeg,CSAM,Sensitive,1132.jpeg
1159.jpeg,/CSAM_sens/images/1159.jpeg,CSAM,Sensitive,1159.jpeg
0942.jpeg,/CSAM_sens/images/0942.jpeg,CSAM,Sensitive,0942.jpeg
0969.jpg,/CSAM_sens/images/0969.jpg,CSAM,Sensitive,0969.jpg
1046.jpg,/CSAM_sens/images/1046.jpg,CSAM,Sensitive,1046.jpg
1279.jpg,/CSAM_sens/images/1279.jpg,CSAM,Sensitive,1279.jpg
0932.jpeg,/CSAM_sens/images/0932.jpeg,CSAM,Sensitive,0932.jpeg
3607.png,/CSAM_sens/videos/video052/3607.png,CSAM,Sensitive,video052
3608.png,/CSAM_sens/videos/video052/3608.png,CSAM,Sensitive,video052
3609.png,/CSAM_sens/videos/video052/3609.png,CSAM,Sensitive,video052
1245.jpg,/CSAM_sens/images/1245.jpg,CSAM,Sensitive,1245.jpg
3946.png,/CSAM_sens/videos/video006/3946.png,CSAM,Sensitive,video006
3947.png,/CSAM_sens/videos/video006/3947.png,CSAM,Sensitive,video006
3948.png,/CSAM_sens/videos/video006/3948.png,CSAM,Sensitive,video006
3949.png,/CSAM_sens/videos/video006/3949.png,CSAM,Sensitive,video006
3950.png,/CSAM_sens/videos/video006/3950.png,CSAM,Sensitive,video006
3951.png,/CSAM_sens/videos/video006/3951.png,CSAM,Sensitive,video006
3796.png,/CSAM_sens/videos/video025/3796.png,CSAM,Sensitive,video025
3797.png,/CSAM_sens/videos/video025/3797.png,CSAM,Sensitive,video025
3798.png,/CSAM_sens/videos/video025/3798.png,CSAM,Sensitive,video025
3799.png,/CSAM_sens/videos/video025/3799.png,CSAM,Sensitive,video025
3800.png,/CSAM_sens/videos/video025/3800.png,CSAM,Sensitive,video025
3801.png,/CSAM_sens/videos/video025/3801.png,CSAM,Sensitive,video025
3802.png,/CSAM_sens/videos/video025/3802.png,CSAM,Sensitive,video025
3803.png,/CSAM_sens/videos/video025/3803.png,CSAM,Sensitive,video025
3804.png,/CSAM_sens/videos/video025/3804.png,CSAM,Sensitive,video025
3805.png,/CSAM_sens/videos/video025/3805.png,CSAM,Sensitive,video025
3806.png,/CSAM_sens/videos/video025/3806.png,CSAM,Sensitive,video025
3807.png,/CSAM_sens/videos/video025/3807.png,CSAM,Sensitive,video025
3808.png,/CSAM_sens/videos/video025/3808.png,CSAM,Sensitive,video025
3809.png,/CSAM_sens/videos/video025/3809.png,CSAM,Sensitive,video025
3810.png,/CSAM_sens/videos/video025/3810.png,CSAM,Sensitive,video025
3811.png,/CSAM_sens/videos/video025/3811.png,CSAM,Sensitive,video025
3812.png,/CSAM_sens/videos/video025/3812.png,CSAM,Sensitive,video025
1059.jpg,/CSAM_sens/images/1059.jpg,CSAM,Sensitive,1059.jpg
1212.jpg,/CSAM_sens/images/1212.jpg,CSAM,Sensitive,1212.jpg
0911.jpg,/CSAM_sens/images/0911.jpg,CSAM,Sensitive,0911.jpg
0990.jpg,/CSAM_sens/images/0990.jpg,CSAM,Sensitive,0990.jpg
1179.png,/CSAM_sens/images/1179.png,CSAM,Sensitive,1179.png
1121.jpg,/CSAM_sens/images/1121.jpg,CSAM,Sensitive,1121.jpg
3600.png,/CSAM_sens/videos/video053/3600.png,CSAM,Sensitive,video053
3601.png,/CSAM_sens/videos/video053/3601.png,CSAM,Sensitive,video053
3602.png,/CSAM_sens/videos/video053/3602.png,CSAM,Sensitive,video053
3603.png,/CSAM_sens/videos/video053/3603.png,CSAM,Sensitive,video053
3604.png,/CSAM_sens/videos/video053/3604.png,CSAM,Sensitive,video053
3605.png,/CSAM_sens/videos/video053/3605.png,CSAM,Sensitive,video053
0917.jpg,/CSAM_sens/images/0917.jpg,CSAM,Sensitive,0917.jpg
1181.png,/CSAM_sens/images/1181.png,CSAM,Sensitive,1181.png
1225.jpg,/CSAM_sens/images/1225.jpg,CSAM,Sensitive,1225.jpg
1124.jpeg,/CSAM_sens/images/1124.jpeg,CSAM,Sensitive,1124.jpeg
1017.jpg,/CSAM_sens/images/1017.jpg,CSAM,Sensitive,1017.jpg
2425.jpg,/CSAM_sens/videos/video072/2425.jpg,CSAM,Sensitive,video072
2426.jpg,/CSAM_sens/videos/video072/2426.jpg,CSAM,Sensitive,video072
2427.jpg,/CSAM_sens/videos/video072/2427.jpg,CSAM,Sensitive,video072
2428.jpg,/CSAM_sens/videos/video072/2428.jpg,CSAM,Sensitive,video072
2429.jpg,/CSAM_sens/videos/video072/2429.jpg,CSAM,Sensitive,video072
2430.jpg,/CSAM_sens/videos/video072/2430.jpg,CSAM,Sensitive,video072
2431.jpg,/CSAM_sens/videos/video072/2431.jpg,CSAM,Sensitive,video072
2432.jpg,/CSAM_sens/videos/video072/2432.jpg,CSAM,Sensitive,video072
2433.jpg,/CSAM_sens/videos/video072/2433.jpg,CSAM,Sensitive,video072
2434.jpg,/CSAM_sens/videos/video072/2434.jpg,CSAM,Sensitive,video072
2435.jpg,/CSAM_sens/videos/video072/2435.jpg,CSAM,Sensitive,video072
2436.jpg,/CSAM_sens/videos/video072/2436.jpg,CSAM,Sensitive,video072
2437.jpg,/CSAM_sens/videos/video072/2437.jpg,CSAM,Sensitive,video072
2438.jpg,/CSAM_sens/videos/video072/2438.jpg,CSAM,Sensitive,video072
2439.jpg,/CSAM_sens/videos/video072/2439.jpg,CSAM,Sensitive,video072
0958.jpg,/CSAM_sens/images/0958.jpg,CSAM,Sensitive,0958.jpg
1214.jpg,/CSAM_sens/images/1214.jpg,CSAM,Sensitive,1214.jpg
3754.png,/CSAM_sens/videos/video030/3754.png,CSAM,Sensitive,video030
3755.png,/CSAM_sens/videos/video030/3755.png,CSAM,Sensitive,video030
3756.png,/CSAM_sens/videos/video030/3756.png,CSAM,Sensitive,video030
3757.png,/CSAM_sens/videos/video030/3757.png,CSAM,Sensitive,video030
3758.png,/CSAM_sens/videos/video030/3758.png,CSAM,Sensitive,video030
3759.png,/CSAM_sens/videos/video030/3759.png,CSAM,Sensitive,video030
3760.png,/CSAM_sens/videos/video030/3760.png,CSAM,Sensitive,video030
3761.png,/CSAM_sens/videos/video030/3761.png,CSAM,Sensitive,video030
3762.png,/CSAM_sens/videos/video030/3762.png,CSAM,Sensitive,video030
3763.png,/CSAM_sens/videos/video030/3763.png,CSAM,Sensitive,video030
3764.png,/CSAM_sens/videos/video030/3764.png,CSAM,Sensitive,video030
3765.png,/CSAM_sens/videos/video030/3765.png,CSAM,Sensitive,video030
3766.png,/CSAM_sens/videos/video030/3766.png,CSAM,Sensitive,video030
3767.png,/CSAM_sens/videos/video030/3767.png,CSAM,Sensitive,video030
3768.png,/CSAM_sens/videos/video030/3768.png,CSAM,Sensitive,video030
3769.png,/CSAM_sens/videos/video030/3769.png,CSAM,Sensitive,video030
3770.png,/CSAM_sens/videos/video030/3770.png,CSAM,Sensitive,video030
1063.jpg,/CSAM_sens/images/1063.jpg,CSAM,Sensitive,1063.jpg
1109.jpeg,/CSAM_sens/images/1109.jpeg,CSAM,Sensitive,1109.jpeg
0929.jpeg,/CSAM_sens/images/0929.jpeg,CSAM,Sensitive,0929.jpeg
0940.jpeg,/CSAM_sens/images/0940.jpeg,CSAM,Sensitive,0940.jpeg
1091.jpeg,/CSAM_sens/images/1091.jpeg,CSAM,Sensitive,1091.jpeg
1230.jpg,/CSAM_sens/images/1230.jpg,CSAM,Sensitive,1230.jpg
0963.jpg,/CSAM_sens/images/0963.jpg,CSAM,Sensitive,0963.jpg
1303.jpg,/CSAM_sens/images/1303.jpg,CSAM,Sensitive,1303.jpg
1172.png,/CSAM_sens/images/1172.png,CSAM,Sensitive,1172.png
1187.png,/CSAM_sens/images/1187.png,CSAM,Sensitive,1187.png
2154.jpg,/CSAM_sens/videos/video081/2154.jpg,CSAM,Sensitive,video081
2155.jpg,/CSAM_sens/videos/video081/2155.jpg,CSAM,Sensitive,video081
2156.jpg,/CSAM_sens/videos/video081/2156.jpg,CSAM,Sensitive,video081
2157.jpg,/CSAM_sens/videos/video081/2157.jpg,CSAM,Sensitive,video081
2158.jpg,/CSAM_sens/videos/video081/2158.jpg,CSAM,Sensitive,video081
2159.jpg,/CSAM_sens/videos/video081/2159.jpg,CSAM,Sensitive,video081
2160.jpg,/CSAM_sens/videos/video081/2160.jpg,CSAM,Sensitive,video081
2161.jpg,/CSAM_sens/videos/video081/2161.jpg,CSAM,Sensitive,video081
2162.jpg,/CSAM_sens/videos/video081/2162.jpg,CSAM,Sensitive,video081
2163.jpg,/CSAM_sens/videos/video081/2163.jpg,CSAM,Sensitive,video081
2164.jpg,/CSAM_sens/videos/video081/2164.jpg,CSAM,Sensitive,video081
2165.jpg,/CSAM_sens/videos/video081/2165.jpg,CSAM,Sensitive,video081
2166.jpg,/CSAM_sens/videos/video081/2166.jpg,CSAM,Sensitive,video081
2167.jpg,/CSAM_sens/videos/video081/2167.jpg,CSAM,Sensitive,video081
1261.jpg,/CSAM_sens/images/1261.jpg,CSAM,Sensitive,1261.jpg
0974.jpg,/CSAM_sens/images/0974.jpg,CSAM,Sensitive,0974.jpg
2440.jpg,/CSAM_sens/videos/video071/2440.jpg,CSAM,Sensitive,video071
2441.jpg,/CSAM_sens/videos/video071/2441.jpg,CSAM,Sensitive,video071
2442.jpg,/CSAM_sens/videos/video071/2442.jpg,CSAM,Sensitive,video071
2443.jpg,/CSAM_sens/videos/video071/2443.jpg,CSAM,Sensitive,video071
2444.jpg,/CSAM_sens/videos/video071/2444.jpg,CSAM,Sensitive,video071
2445.jpg,/CSAM_sens/videos/video071/2445.jpg,CSAM,Sensitive,video071
2446.jpg,/CSAM_sens/videos/video071/2446.jpg,CSAM,Sensitive,video071
2447.jpg,/CSAM_sens/videos/video071/2447.jpg,CSAM,Sensitive,video071
2448.jpg,/CSAM_sens/videos/video071/2448.jpg,CSAM,Sensitive,video071
2449.jpg,/CSAM_sens/videos/video071/2449.jpg,CSAM,Sensitive,video071
2450.jpg,/CSAM_sens/videos/video071/2450.jpg,CSAM,Sensitive,video071
2451.jpg,/CSAM_sens/videos/video071/2451.jpg,CSAM,Sensitive,video071
2452.jpg,/CSAM_sens/videos/video071/2452.jpg,CSAM,Sensitive,video071
2453.jpg,/CSAM_sens/videos/video071/2453.jpg,CSAM,Sensitive,video071
2454.jpg,/CSAM_sens/videos/video071/2454.jpg,CSAM,Sensitive,video071
2455.jpg,/CSAM_sens/videos/video071/2455.jpg,CSAM,Sensitive,video071
2456.jpg,/CSAM_sens/videos/video071/2456.jpg,CSAM,Sensitive,video071
2457.jpg,/CSAM_sens/videos/video071/2457.jpg,CSAM,Sensitive,video071
0991.jpg,/CSAM_sens/images/0991.jpg,CSAM,Sensitive,0991.jpg
0964.jpg,/CSAM_sens/images/0964.jpg,CSAM,Sensitive,0964.jpg
1228.jpg,/CSAM_sens/images/1228.jpg,CSAM,Sensitive,1228.jpg
1143.jpeg,/CSAM_sens/images/1143.jpeg,CSAM,Sensitive,1143.jpeg
1286.jpg,/CSAM_sens/images/1286.jpg,CSAM,Sensitive,1286.jpg
1171.png,/CSAM_sens/images/1171.png,CSAM,Sensitive,1171.png
1066.jpg,/CSAM_sens/images/1066.jpg,CSAM,Sensitive,1066.jpg
1089.jpeg,/CSAM_sens/images/1089.jpeg,CSAM,Sensitive,1089.jpeg
0998.jpg,/CSAM_sens/images/0998.jpg,CSAM,Sensitive,0998.jpg
1064.jpg,/CSAM_sens/images/1064.jpg,CSAM,Sensitive,1064.jpg
0972.jpg,/CSAM_sens/images/0972.jpg,CSAM,Sensitive,0972.jpg
0955.jpg,/CSAM_sens/images/0955.jpg,CSAM,Sensitive,0955.jpg
1242.jpg,/CSAM_sens/images/1242.jpg,CSAM,Sensitive,1242.jpg
0927.webp,/CSAM_sens/images/0927.webp,CSAM,Sensitive,0927.webp
1275.jpg,/CSAM_sens/images/1275.jpg,CSAM,Sensitive,1275.jpg
3701.png,/CSAM_sens/videos/video034/3701.png,CSAM,Sensitive,video034
3702.png,/CSAM_sens/videos/video034/3702.png,CSAM,Sensitive,video034
3703.png,/CSAM_sens/videos/video034/3703.png,CSAM,Sensitive,video034
3704.png,/CSAM_sens/videos/video034/3704.png,CSAM,Sensitive,video034
3705.png,/CSAM_sens/videos/video034/3705.png,CSAM,Sensitive,video034
3706.png,/CSAM_sens/videos/video034/3706.png,CSAM,Sensitive,video034
3707.png,/CSAM_sens/videos/video034/3707.png,CSAM,Sensitive,video034
3708.png,/CSAM_sens/videos/video034/3708.png,CSAM,Sensitive,video034
3709.png,/CSAM_sens/videos/video034/3709.png,CSAM,Sensitive,video034
1015.jpg,/CSAM_sens/images/1015.jpg,CSAM,Sensitive,1015.jpg
1317.jpeg,/CSAM_sens/images/1317.jpeg,CSAM,Sensitive,1317.jpeg
1094.jpeg,/CSAM_sens/images/1094.jpeg,CSAM,Sensitive,1094.jpeg
1151.jpeg,/CSAM_sens/images/1151.jpeg,CSAM,Sensitive,1151.jpeg
1141.jpeg,/CSAM_sens/images/1141.jpeg,CSAM,Sensitive,1141.jpeg
1001.jpg,/CSAM_sens/images/1001.jpg,CSAM,Sensitive,1001.jpg
1297.jpg,/CSAM_sens/images/1297.jpg,CSAM,Sensitive,1297.jpg
3536.png,/CSAM_sens/images/3536.png,CSAM,Sensitive,3536.png
1111.jpeg,/CSAM_sens/images/1111.jpeg,CSAM,Sensitive,1111.jpeg
1012.jpg,/CSAM_sens/images/1012.jpg,CSAM,Sensitive,1012.jpg
1117.jpg,/CSAM_sens/images/1117.jpg,CSAM,Sensitive,1117.jpg
0951.jpg,/CSAM_sens/images/0951.jpg,CSAM,Sensitive,0951.jpg
2365.jpg,/CSAM_sens/videos/video075/2365.jpg,CSAM,Sensitive,video075
2366.jpg,/CSAM_sens/videos/video075/2366.jpg,CSAM,Sensitive,video075
2367.jpg,/CSAM_sens/videos/video075/2367.jpg,CSAM,Sensitive,video075
2368.jpg,/CSAM_sens/videos/video075/2368.jpg,CSAM,Sensitive,video075
2369.jpg,/CSAM_sens/videos/video075/2369.jpg,CSAM,Sensitive,video075
2370.jpg,/CSAM_sens/videos/video075/2370.jpg,CSAM,Sensitive,video075
2371.jpg,/CSAM_sens/videos/video075/2371.jpg,CSAM,Sensitive,video075
2372.jpg,/CSAM_sens/videos/video075/2372.jpg,CSAM,Sensitive,video075
2373.jpg,/CSAM_sens/videos/video075/2373.jpg,CSAM,Sensitive,video075
2374.jpg,/CSAM_sens/videos/video075/2374.jpg,CSAM,Sensitive,video075
2375.jpg,/CSAM_sens/videos/video075/2375.jpg,CSAM,Sensitive,video075
2376.jpg,/CSAM_sens/videos/video075/2376.jpg,CSAM,Sensitive,video075
2377.jpg,/CSAM_sens/videos/video075/2377.jpg,CSAM,Sensitive,video075
2378.jpg,/CSAM_sens/videos/video075/2378.jpg,CSAM,Sensitive,video075
2379.jpg,/CSAM_sens/videos/video075/2379.jpg,CSAM,Sensitive,video075
2380.jpg,/CSAM_sens/videos/video075/2380.jpg,CSAM,Sensitive,video075
2381.jpg,/CSAM_sens/videos/video075/2381.jpg,CSAM,Sensitive,video075
2382.jpg,/CSAM_sens/videos/video075/2382.jpg,CSAM,Sensitive,video075
2187.jpg,/CSAM_sens/videos/video079/2187.jpg,CSAM,Sensitive,video079
2188.jpg,/CSAM_sens/videos/video079/2188.jpg,CSAM,Sensitive,video079
2189.jpg,/CSAM_sens/videos/video079/2189.jpg,CSAM,Sensitive,video079
2190.jpg,/CSAM_sens/videos/video079/2190.jpg,CSAM,Sensitive,video079
2191.jpg,/CSAM_sens/videos/video079/2191.jpg,CSAM,Sensitive,video079
2192.jpg,/CSAM_sens/videos/video079/2192.jpg,CSAM,Sensitive,video079
2193.jpg,/CSAM_sens/videos/video079/2193.jpg,CSAM,Sensitive,video079
2194.jpg,/CSAM_sens/videos/video079/2194.jpg,CSAM,Sensitive,video079
2195.jpg,/CSAM_sens/videos/video079/2195.jpg,CSAM,Sensitive,video079
2196.jpg,/CSAM_sens/videos/video079/2196.jpg,CSAM,Sensitive,video079
2197.jpg,/CSAM_sens/videos/video079/2197.jpg,CSAM,Sensitive,video079
2198.jpg,/CSAM_sens/videos/video079/2198.jpg,CSAM,Sensitive,video079
2199.jpg,/CSAM_sens/videos/video079/2199.jpg,CSAM,Sensitive,video079
2200.jpg,/CSAM_sens/videos/video079/2200.jpg,CSAM,Sensitive,video079
2201.jpg,/CSAM_sens/videos/video079/2201.jpg,CSAM,Sensitive,video079
2202.jpg,/CSAM_sens/videos/video079/2202.jpg,CSAM,Sensitive,video079
2203.jpg,/CSAM_sens/videos/video079/2203.jpg,CSAM,Sensitive,video079
2204.jpg,/CSAM_sens/videos/video079/2204.jpg,CSAM,Sensitive,video079
2205.jpg,/CSAM_sens/videos/video079/2205.jpg,CSAM,Sensitive,video079
2206.jpg,/CSAM_sens/videos/video079/2206.jpg,CSAM,Sensitive,video079
2207.jpg,/CSAM_sens/videos/video079/2207.jpg,CSAM,Sensitive,video079
2208.jpg,/CSAM_sens/videos/video079/2208.jpg,CSAM,Sensitive,video079
2209.jpg,/CSAM_sens/videos/video079/2209.jpg,CSAM,Sensitive,video079
2210.jpg,/CSAM_sens/videos/video079/2210.jpg,CSAM,Sensitive,video079
2211.jpg,/CSAM_sens/videos/video079/2211.jpg,CSAM,Sensitive,video079
2212.jpg,/CSAM_sens/videos/video079/2212.jpg,CSAM,Sensitive,video079
2213.jpg,/CSAM_sens/videos/video079/2213.jpg,CSAM,Sensitive,video079
2214.jpg,/CSAM_sens/videos/video079/2214.jpg,CSAM,Sensitive,video079
2215.jpg,/CSAM_sens/videos/video079/2215.jpg,CSAM,Sensitive,video079
2216.jpg,/CSAM_sens/videos/video079/2216.jpg,CSAM,Sensitive,video079
2217.jpg,/CSAM_sens/videos/video079/2217.jpg,CSAM,Sensitive,video079
2218.jpg,/CSAM_sens/videos/video079/2218.jpg,CSAM,Sensitive,video079
2219.jpg,/CSAM_sens/videos/video079/2219.jpg,CSAM,Sensitive,video079
2220.jpg,/CSAM_sens/videos/video079/2220.jpg,CSAM,Sensitive,video079
2221.jpg,/CSAM_sens/videos/video079/2221.jpg,CSAM,Sensitive,video079
2222.jpg,/CSAM_sens/videos/video079/2222.jpg,CSAM,Sensitive,video079
2223.jpg,/CSAM_sens/videos/video079/2223.jpg,CSAM,Sensitive,video079
2224.jpg,/CSAM_sens/videos/video079/2224.jpg,CSAM,Sensitive,video079
2225.jpg,/CSAM_sens/videos/video079/2225.jpg,CSAM,Sensitive,video079
2226.jpg,/CSAM_sens/videos/video079/2226.jpg,CSAM,Sensitive,video079
2227.jpg,/CSAM_sens/videos/video079/2227.jpg,CSAM,Sensitive,video079
2228.jpg,/CSAM_sens/videos/video079/2228.jpg,CSAM,Sensitive,video079
3786.png,/CSAM_sens/videos/video026/3786.png,CSAM,Sensitive,video026
3787.png,/CSAM_sens/videos/video026/3787.png,CSAM,Sensitive,video026
3788.png,/CSAM_sens/videos/video026/3788.png,CSAM,Sensitive,video026
3789.png,/CSAM_sens/videos/video026/3789.png,CSAM,Sensitive,video026
3790.png,/CSAM_sens/videos/video026/3790.png,CSAM,Sensitive,video026
3791.png,/CSAM_sens/videos/video026/3791.png,CSAM,Sensitive,video026
3792.png,/CSAM_sens/videos/video026/3792.png,CSAM,Sensitive,video026
3793.png,/CSAM_sens/videos/video026/3793.png,CSAM,Sensitive,video026
3794.png,/CSAM_sens/videos/video026/3794.png,CSAM,Sensitive,video026
3795.png,/CSAM_sens/videos/video026/3795.png,CSAM,Sensitive,video026
3651.png,/CSAM_sens/videos/video041/3651.png,CSAM,Sensitive,video041
3652.png,/CSAM_sens/videos/video041/3652.png,CSAM,Sensitive,video041
3653.png,/CSAM_sens/videos/video041/3653.png,CSAM,Sensitive,video041
3654.png,/CSAM_sens/videos/video041/3654.png,CSAM,Sensitive,video041
3655.png,/CSAM_sens/videos/video041/3655.png,CSAM,Sensitive,video041
3656.png,/CSAM_sens/videos/video041/3656.png,CSAM,Sensitive,video041
3657.png,/CSAM_sens/videos/video041/3657.png,CSAM,Sensitive,video041
3658.png,/CSAM_sens/videos/video041/3658.png,CSAM,Sensitive,video041
3659.png,/CSAM_sens/videos/video041/3659.png,CSAM,Sensitive,video041
3660.png,/CSAM_sens/videos/video041/3660.png,CSAM,Sensitive,video041
0922.jpg,/CSAM_sens/images/0922.jpg,CSAM,Sensitive,0922.jpg
1088.jpeg,/CSAM_sens/images/1088.jpeg,CSAM,Sensitive,1088.jpeg
1238.jpg,/CSAM_sens/images/1238.jpg,CSAM,Sensitive,1238.jpg
3554.png,/CSAM_sens/images/3554.png,CSAM,Sensitive,3554.png
2458.jpg,/CSAM_sens/videos/video070/2458.jpg,CSAM,Sensitive,video070
2459.jpg,/CSAM_sens/videos/video070/2459.jpg,CSAM,Sensitive,video070
2460.jpg,/CSAM_sens/videos/video070/2460.jpg,CSAM,Sensitive,video070
2461.jpg,/CSAM_sens/videos/video070/2461.jpg,CSAM,Sensitive,video070
2462.jpg,/CSAM_sens/videos/video070/2462.jpg,CSAM,Sensitive,video070
2463.jpg,/CSAM_sens/videos/video070/2463.jpg,CSAM,Sensitive,video070
2464.jpg,/CSAM_sens/videos/video070/2464.jpg,CSAM,Sensitive,video070
2465.jpg,/CSAM_sens/videos/video070/2465.jpg,CSAM,Sensitive,video070
2466.jpg,/CSAM_sens/videos/video070/2466.jpg,CSAM,Sensitive,video070
2467.jpg,/CSAM_sens/videos/video070/2467.jpg,CSAM,Sensitive,video070
2468.jpg,/CSAM_sens/videos/video070/2468.jpg,CSAM,Sensitive,video070
1013.jpg,/CSAM_sens/images/1013.jpg,CSAM,Sensitive,1013.jpg
0916.jpg,/CSAM_sens/images/0916.jpg,CSAM,Sensitive,0916.jpg
1199.jpg,/CSAM_sens/images/1199.jpg,CSAM,Sensitive,1199.jpg
1195.jpg,/CSAM_sens/images/1195.jpg,CSAM,Sensitive,1195.jpg
1103.jpeg,/CSAM_sens/images/1103.jpeg,CSAM,Sensitive,1103.jpeg
0905.jpg,/CSAM_sens/images/0905.jpg,CSAM,Sensitive,0905.jpg
2168.jpg,/CSAM_sens/videos/video080/2168.jpg,CSAM,Sensitive,video080
2169.jpg,/CSAM_sens/videos/video080/2169.jpg,CSAM,Sensitive,video080
2170.jpg,/CSAM_sens/videos/video080/2170.jpg,CSAM,Sensitive,video080
2171.jpg,/CSAM_sens/videos/video080/2171.jpg,CSAM,Sensitive,video080
2172.jpg,/CSAM_sens/videos/video080/2172.jpg,CSAM,Sensitive,video080
2173.jpg,/CSAM_sens/videos/video080/2173.jpg,CSAM,Sensitive,video080
2174.jpg,/CSAM_sens/videos/video080/2174.jpg,CSAM,Sensitive,video080
2175.jpg,/CSAM_sens/videos/video080/2175.jpg,CSAM,Sensitive,video080
2176.jpg,/CSAM_sens/videos/video080/2176.jpg,CSAM,Sensitive,video080
2177.jpg,/CSAM_sens/videos/video080/2177.jpg,CSAM,Sensitive,video080
2178.jpg,/CSAM_sens/videos/video080/2178.jpg,CSAM,Sensitive,video080
2179.jpg,/CSAM_sens/videos/video080/2179.jpg,CSAM,Sensitive,video080
2180.jpg,/CSAM_sens/videos/video080/2180.jpg,CSAM,Sensitive,video080
2181.jpg,/CSAM_sens/videos/video080/2181.jpg,CSAM,Sensitive,video080
2182.jpg,/CSAM_sens/videos/video080/2182.jpg,CSAM,Sensitive,video080
2183.jpg,/CSAM_sens/videos/video080/2183.jpg,CSAM,Sensitive,video080
2184.jpg,/CSAM_sens/videos/video080/2184.jpg,CSAM,Sensitive,video080
2185.jpg,/CSAM_sens/videos/video080/2185.jpg,CSAM,Sensitive,video080
2186.jpg,/CSAM_sens/videos/video080/2186.jpg,CSAM,Sensitive,video080
2487.jpg,/CSAM_sens/videos/video068/2487.jpg,CSAM,Sensitive,video068
2488.jpg,/CSAM_sens/videos/video068/2488.jpg,CSAM,Sensitive,video068
2489.jpg,/CSAM_sens/videos/video068/2489.jpg,CSAM,Sensitive,video068
2490.jpg,/CSAM_sens/videos/video068/2490.jpg,CSAM,Sensitive,video068
2491.jpg,/CSAM_sens/videos/video068/2491.jpg,CSAM,Sensitive,video068
2492.jpg,/CSAM_sens/videos/video068/2492.jpg,CSAM,Sensitive,video068
2493.jpg,/CSAM_sens/videos/video068/2493.jpg,CSAM,Sensitive,video068
2494.jpg,/CSAM_sens/videos/video068/2494.jpg,CSAM,Sensitive,video068
2495.jpg,/CSAM_sens/videos/video068/2495.jpg,CSAM,Sensitive,video068
2496.jpg,/CSAM_sens/videos/video068/2496.jpg,CSAM,Sensitive,video068
2497.jpg,/CSAM_sens/videos/video068/2497.jpg,CSAM,Sensitive,video068
2498.jpg,/CSAM_sens/videos/video068/2498.jpg,CSAM,Sensitive,video068
2499.jpg,/CSAM_sens/videos/video068/2499.jpg,CSAM,Sensitive,video068
2500.jpg,/CSAM_sens/videos/video068/2500.jpg,CSAM,Sensitive,video068
2501.jpg,/CSAM_sens/videos/video068/2501.jpg,CSAM,Sensitive,video068
2502.jpg,/CSAM_sens/videos/video068/2502.jpg,CSAM,Sensitive,video068
2503.jpg,/CSAM_sens/videos/video068/2503.jpg,CSAM,Sensitive,video068
2504.jpg,/CSAM_sens/videos/video068/2504.jpg,CSAM,Sensitive,video068
2505.jpg,/CSAM_sens/videos/video068/2505.jpg,CSAM,Sensitive,video068
2506.jpg,/CSAM_sens/videos/video068/2506.jpg,CSAM,Sensitive,video068
2507.jpg,/CSAM_sens/videos/video068/2507.jpg,CSAM,Sensitive,video068
2508.jpg,/CSAM_sens/videos/video068/2508.jpg,CSAM,Sensitive,video068
2509.jpg,/CSAM_sens/videos/video068/2509.jpg,CSAM,Sensitive,video068
2510.jpg,/CSAM_sens/videos/video068/2510.jpg,CSAM,Sensitive,video068
2511.jpg,/CSAM_sens/videos/video068/2511.jpg,CSAM,Sensitive,video068
2512.jpg,/CSAM_sens/videos/video068/2512.jpg,CSAM,Sensitive,video068
2513.jpg,/CSAM_sens/videos/video068/2513.jpg,CSAM,Sensitive,video068
2514.jpg,/CSAM_sens/videos/video068/2514.jpg,CSAM,Sensitive,video068
2515.jpg,/CSAM_sens/videos/video068/2515.jpg,CSAM,Sensitive,video068
2516.jpg,/CSAM_sens/videos/video068/2516.jpg,CSAM,Sensitive,video068
0910.jpg,/CSAM_sens/images/0910.jpg,CSAM,Sensitive,0910.jpg
1133.jpeg,/CSAM_sens/images/1133.jpeg,CSAM,Sensitive,1133.jpeg
1232.jpg,/CSAM_sens/images/1232.jpg,CSAM,Sensitive,1232.jpg
1048.jpg,/CSAM_sens/images/1048.jpg,CSAM,Sensitive,1048.jpg
1070.jpg,/CSAM_sens/images/1070.jpg,CSAM,Sensitive,1070.jpg
1145.jpeg,/CSAM_sens/images/1145.jpeg,CSAM,Sensitive,1145.jpeg
3882.png,/CSAM_sens/videos/video012/3882.png,CSAM,Sensitive,video012
3883.png,/CSAM_sens/videos/video012/3883.png,CSAM,Sensitive,video012
3884.png,/CSAM_sens/videos/video012/3884.png,CSAM,Sensitive,video012
3885.png,/CSAM_sens/videos/video012/3885.png,CSAM,Sensitive,video012
3886.png,/CSAM_sens/videos/video012/3886.png,CSAM,Sensitive,video012
3887.png,/CSAM_sens/videos/video012/3887.png,CSAM,Sensitive,video012
3679.png,/CSAM_sens/videos/video036/3679.png,CSAM,Sensitive,video036
3680.png,/CSAM_sens/videos/video036/3680.png,CSAM,Sensitive,video036
3681.png,/CSAM_sens/videos/video036/3681.png,CSAM,Sensitive,video036
3682.png,/CSAM_sens/videos/video036/3682.png,CSAM,Sensitive,video036
3683.png,/CSAM_sens/videos/video036/3683.png,CSAM,Sensitive,video036
3684.png,/CSAM_sens/videos/video036/3684.png,CSAM,Sensitive,video036
3685.png,/CSAM_sens/videos/video036/3685.png,CSAM,Sensitive,video036
3686.png,/CSAM_sens/videos/video036/3686.png,CSAM,Sensitive,video036
3687.png,/CSAM_sens/videos/video036/3687.png,CSAM,Sensitive,video036
3688.png,/CSAM_sens/videos/video036/3688.png,CSAM,Sensitive,video036
1175.png,/CSAM_sens/images/1175.png,CSAM,Sensitive,1175.png
0938.jpeg,/CSAM_sens/images/0938.jpeg,CSAM,Sensitive,0938.jpeg
1114.jpg,/CSAM_sens/images/1114.jpg,CSAM,Sensitive,1114.jpg
0919.jpg,/CSAM_sens/images/0919.jpg,CSAM,Sensitive,0919.jpg
1095.jpeg,/CSAM_sens/images/1095.jpeg,CSAM,Sensitive,1095.jpeg
1035.jpg,/CSAM_sens/images/1035.jpg,CSAM,Sensitive,1035.jpg
3548.png,/CSAM_sens/videos/video062/3548.png,CSAM,Sensitive,video062
3549.png,/CSAM_sens/videos/video062/3549.png,CSAM,Sensitive,video062
3550.png,/CSAM_sens/videos/video062/3550.png,CSAM,Sensitive,video062
3551.png,/CSAM_sens/videos/video062/3551.png,CSAM,Sensitive,video062
3552.png,/CSAM_sens/videos/video062/3552.png,CSAM,Sensitive,video062
1030.jpg,/CSAM_sens/images/1030.jpg,CSAM,Sensitive,1030.jpg
1221.jpg,/CSAM_sens/images/1221.jpg,CSAM,Sensitive,1221.jpg
0957.jpg,/CSAM_sens/images/0957.jpg,CSAM,Sensitive,0957.jpg
0934.jpeg,/CSAM_sens/images/0934.jpeg,CSAM,Sensitive,0934.jpeg
1018.jpg,/CSAM_sens/images/1018.jpg,CSAM,Sensitive,1018.jpg
1038.jpg,/CSAM_sens/images/1038.jpg,CSAM,Sensitive,1038.jpg
1289.jpg,/CSAM_sens/images/1289.jpg,CSAM,Sensitive,1289.jpg
0947.jpg,/CSAM_sens/images/0947.jpg,CSAM,Sensitive,0947.jpg
0943.jpeg,/CSAM_sens/images/0943.jpeg,CSAM,Sensitive,0943.jpeg
1105.jpeg,/CSAM_sens/images/1105.jpeg,CSAM,Sensitive,1105.jpeg
1197.jpg,/CSAM_sens/images/1197.jpg,CSAM,Sensitive,1197.jpg
1233.jpg,/CSAM_sens/images/1233.jpg,CSAM,Sensitive,1233.jpg
1034.jpg,/CSAM_sens/images/1034.jpg,CSAM,Sensitive,1034.jpg
1206.jpg,/CSAM_sens/images/1206.jpg,CSAM,Sensitive,1206.jpg
1188.png,/CSAM_sens/images/1188.png,CSAM,Sensitive,1188.png
0933.jpg,/CSAM_sens/images/0933.jpg,CSAM,Sensitive,0933.jpg
1049.jpg,/CSAM_sens/images/1049.jpg,CSAM,Sensitive,1049.jpg
1194.jpg,/CSAM_sens/images/1194.jpg,CSAM,Sensitive,1194.jpg
1290.jpg,/CSAM_sens/images/1290.jpg,CSAM,Sensitive,1290.jpg
1128.jpeg,/CSAM_sens/images/1128.jpeg,CSAM,Sensitive,1128.jpeg
1280.jpg,/CSAM_sens/images/1280.jpg,CSAM,Sensitive,1280.jpg
1278.jpg,/CSAM_sens/images/1278.jpg,CSAM,Sensitive,1278.jpg
1039.jpg,/CSAM_sens/images/1039.jpg,CSAM,Sensitive,1039.jpg
3544.png,/CSAM_sens/videos/video063/3544.png,CSAM,Sensitive,video063
3545.png,/CSAM_sens/videos/video063/3545.png,CSAM,Sensitive,video063
3546.png,/CSAM_sens/videos/video063/3546.png,CSAM,Sensitive,video063
3547.png,/CSAM_sens/videos/video063/3547.png,CSAM,Sensitive,video063
1237.jpg,/CSAM_sens/images/1237.jpg,CSAM,Sensitive,1237.jpg
3640.png,/CSAM_sens/videos/video043/3640.png,CSAM,Sensitive,video043
3641.png,/CSAM_sens/videos/video043/3641.png,CSAM,Sensitive,video043
3642.png,/CSAM_sens/videos/video043/3642.png,CSAM,Sensitive,video043
1079.jpeg,/CSAM_sens/images/1079.jpeg,CSAM,Sensitive,1079.jpeg
1185.png,/CSAM_sens/images/1185.png,CSAM,Sensitive,1185.png
1100.jpeg,/CSAM_sens/images/1100.jpeg,CSAM,Sensitive,1100.jpeg
1282.jpg,/CSAM_sens/images/1282.jpg,CSAM,Sensitive,1282.jpg
1136.jpeg,/CSAM_sens/images/1136.jpeg,CSAM,Sensitive,1136.jpeg
1042.jpg,/CSAM_sens/images/1042.jpg,CSAM,Sensitive,1042.jpg
1098.jpeg,/CSAM_sens/images/1098.jpeg,CSAM,Sensitive,1098.jpeg
1025.jpg,/CSAM_sens/images/1025.jpg,CSAM,Sensitive,1025.jpg
1260.jpg,/CSAM_sens/images/1260.jpg,CSAM,Sensitive,1260.jpg
1084.jpeg,/CSAM_sens/images/1084.jpeg,CSAM,Sensitive,1084.jpeg
1268.jpg,/CSAM_sens/images/1268.jpg,CSAM,Sensitive,1268.jpg
1294.jpg,/CSAM_sens/images/1294.jpg,CSAM,Sensitive,1294.jpg
1060.jpg,/CSAM_sens/images/1060.jpg,CSAM,Sensitive,1060.jpg
2351.jpg,/CSAM_sens/videos/video076/2351.jpg,CSAM,Sensitive,video076
2352.jpg,/CSAM_sens/videos/video076/2352.jpg,CSAM,Sensitive,video076
2353.jpg,/CSAM_sens/videos/video076/2353.jpg,CSAM,Sensitive,video076
2354.jpg,/CSAM_sens/videos/video076/2354.jpg,CSAM,Sensitive,video076
2355.jpg,/CSAM_sens/videos/video076/2355.jpg,CSAM,Sensitive,video076
2356.jpg,/CSAM_sens/videos/video076/2356.jpg,CSAM,Sensitive,video076
2357.jpg,/CSAM_sens/videos/video076/2357.jpg,CSAM,Sensitive,video076
2358.jpg,/CSAM_sens/videos/video076/2358.jpg,CSAM,Sensitive,video076
2359.jpg,/CSAM_sens/videos/video076/2359.jpg,CSAM,Sensitive,video076
2360.jpg,/CSAM_sens/videos/video076/2360.jpg,CSAM,Sensitive,video076
2361.jpg,/CSAM_sens/videos/video076/2361.jpg,CSAM,Sensitive,video076
2362.jpg,/CSAM_sens/videos/video076/2362.jpg,CSAM,Sensitive,video076
2363.jpg,/CSAM_sens/videos/video076/2363.jpg,CSAM,Sensitive,video076
2364.jpg,/CSAM_sens/videos/video076/2364.jpg,CSAM,Sensitive,video076
3969.png,/CSAM_sens/videos/video004/3969.png,CSAM,Sensitive,video004
3970.png,/CSAM_sens/videos/video004/3970.png,CSAM,Sensitive,video004
3971.png,/CSAM_sens/videos/video004/3971.png,CSAM,Sensitive,video004
3972.png,/CSAM_sens/videos/video004/3972.png,CSAM,Sensitive,video004
3973.png,/CSAM_sens/videos/video004/3973.png,CSAM,Sensitive,video004
3974.png,/CSAM_sens/videos/video004/3974.png,CSAM,Sensitive,video004
3975.png,/CSAM_sens/videos/video004/3975.png,CSAM,Sensitive,video004
3976.png,/CSAM_sens/videos/video004/3976.png,CSAM,Sensitive,video004
3977.png,/CSAM_sens/videos/video004/3977.png,CSAM,Sensitive,video004
3978.png,/CSAM_sens/videos/video004/3978.png,CSAM,Sensitive,video004
3979.png,/CSAM_sens/videos/video004/3979.png,CSAM,Sensitive,video004
3980.png,/CSAM_sens/videos/video004/3980.png,CSAM,Sensitive,video004
3981.png,/CSAM_sens/videos/video004/3981.png,CSAM,Sensitive,video004
0944.jpg,/CSAM_sens/images/0944.jpg,CSAM,Sensitive,0944.jpg
1231.jpg,/CSAM_sens/images/1231.jpg,CSAM,Sensitive,1231.jpg
0939.jpeg,/CSAM_sens/images/0939.jpeg,CSAM,Sensitive,0939.jpeg
1315.jpg,/CSAM_sens/images/1315.jpg,CSAM,Sensitive,1315.jpg
3542.png,/CSAM_sens/images/3542.png,CSAM,Sensitive,3542.png
3845.png,/CSAM_sens/videos/video019/3845.png,CSAM,Sensitive,video019
3846.png,/CSAM_sens/videos/video019/3846.png,CSAM,Sensitive,video019
3847.png,/CSAM_sens/videos/video019/3847.png,CSAM,Sensitive,video019
1162.jpeg,/CSAM_sens/images/1162.jpeg,CSAM,Sensitive,1162.jpeg
3598.png,/CSAM_sens/images/3598.png,CSAM,Sensitive,3598.png
3637.png,/CSAM_sens/videos/video045/3637.png,CSAM,Sensitive,video045
3638.png,/CSAM_sens/videos/video045/3638.png,CSAM,Sensitive,video045
3639.png,/CSAM_sens/videos/video045/3639.png,CSAM,Sensitive,video045
1135.jpeg,/CSAM_sens/images/1135.jpeg,CSAM,Sensitive,1135.jpeg
1252.jpg,/CSAM_sens/images/1252.jpg,CSAM,Sensitive,1252.jpg
0984.jpg,/CSAM_sens/images/0984.jpg,CSAM,Sensitive,0984.jpg
1102.jpeg,/CSAM_sens/images/1102.jpeg,CSAM,Sensitive,1102.jpeg
1085.jpeg,/CSAM_sens/images/1085.jpeg,CSAM,Sensitive,1085.jpeg
1033.jpg,/CSAM_sens/images/1033.jpg,CSAM,Sensitive,1033.jpg
1288.jpg,/CSAM_sens/images/1288.jpg,CSAM,Sensitive,1288.jpg
1296.jpg,/CSAM_sens/images/1296.jpg,CSAM,Sensitive,1296.jpg
1247.jpg,/CSAM_sens/images/1247.jpg,CSAM,Sensitive,1247.jpg
0983.jpg,/CSAM_sens/images/0983.jpg,CSAM,Sensitive,0983.jpg
1226.jpg,/CSAM_sens/images/1226.jpg,CSAM,Sensitive,1226.jpg
3671.png,/CSAM_sens/videos/video038/3671.png,CSAM,Sensitive,video038
3672.png,/CSAM_sens/videos/video038/3672.png,CSAM,Sensitive,video038
3569.png,/CSAM_sens/videos/video058/3569.png,CSAM,Sensitive,video058
3570.png,/CSAM_sens/videos/video058/3570.png,CSAM,Sensitive,video058
3571.png,/CSAM_sens/videos/video058/3571.png,CSAM,Sensitive,video058
0920.jpg,/CSAM_sens/images/0920.jpg,CSAM,Sensitive,0920.jpg
1153.jpeg,/CSAM_sens/images/1153.jpeg,CSAM,Sensitive,1153.jpeg
1246.jpg,/CSAM_sens/images/1246.jpg,CSAM,Sensitive,1246.jpg
0997.jpg,/CSAM_sens/images/0997.jpg,CSAM,Sensitive,0997.jpg
1166.jpeg,/CSAM_sens/images/1166.jpeg,CSAM,Sensitive,1166.jpeg
3943.png,/CSAM_sens/videos/video007/3943.png,CSAM,Sensitive,video007
3944.png,/CSAM_sens/videos/video007/3944.png,CSAM,Sensitive,video007
3945.png,/CSAM_sens/videos/video007/3945.png,CSAM,Sensitive,video007
1307.jpg,/CSAM_sens/images/1307.jpg,CSAM,Sensitive,1307.jpg
1209.jpg,/CSAM_sens/images/1209.jpg,CSAM,Sensitive,1209.jpg
1090.jpeg,/CSAM_sens/images/1090.jpeg,CSAM,Sensitive,1090.jpeg
1054.jpg,/CSAM_sens/images/1054.jpg,CSAM,Sensitive,1054.jpg
1314.jpg,/CSAM_sens/images/1314.jpg,CSAM,Sensitive,1314.jpg
0989.jpg,/CSAM_sens/images/0989.jpg,CSAM,Sensitive,0989.jpg
1160.jpeg,/CSAM_sens/images/1160.jpeg,CSAM,Sensitive,1160.jpeg
1287.jpg,/CSAM_sens/images/1287.jpg,CSAM,Sensitive,1287.jpg
1293.jpg,/CSAM_sens/images/1293.jpg,CSAM,Sensitive,1293.jpg
1019.jpg,/CSAM_sens/images/1019.jpg,CSAM,Sensitive,1019.jpg
0965.jpg,/CSAM_sens/images/0965.jpg,CSAM,Sensitive,0965.jpg
2090.jpg,/CSAM_sens/videos/video084/2090.jpg,CSAM,Sensitive,video084
2091.jpg,/CSAM_sens/videos/video084/2091.jpg,CSAM,Sensitive,video084
2092.jpg,/CSAM_sens/videos/video084/2092.jpg,CSAM,Sensitive,video084
2093.jpg,/CSAM_sens/videos/video084/2093.jpg,CSAM,Sensitive,video084
2094.jpg,/CSAM_sens/videos/video084/2094.jpg,CSAM,Sensitive,video084
2095.jpg,/CSAM_sens/videos/video084/2095.jpg,CSAM,Sensitive,video084
2096.jpg,/CSAM_sens/videos/video084/2096.jpg,CSAM,Sensitive,video084
2097.jpg,/CSAM_sens/videos/video084/2097.jpg,CSAM,Sensitive,video084
2098.jpg,/CSAM_sens/videos/video084/2098.jpg,CSAM,Sensitive,video084
2099.jpg,/CSAM_sens/videos/video084/2099.jpg,CSAM,Sensitive,video084
2100.jpg,/CSAM_sens/videos/video084/2100.jpg,CSAM,Sensitive,video084
2101.jpg,/CSAM_sens/videos/video084/2101.jpg,CSAM,Sensitive,video084
2102.jpg,/CSAM_sens/videos/video084/2102.jpg,CSAM,Sensitive,video084
2103.jpg,/CSAM_sens/videos/video084/2103.jpg,CSAM,Sensitive,video084
2104.jpg,/CSAM_sens/videos/video084/2104.jpg,CSAM,Sensitive,video084
2105.jpg,/CSAM_sens/videos/video084/2105.jpg,CSAM,Sensitive,video084
2106.jpg,/CSAM_sens/videos/video084/2106.jpg,CSAM,Sensitive,video084
2107.jpg,/CSAM_sens/videos/video084/2107.jpg,CSAM,Sensitive,video084
2108.jpg,/CSAM_sens/videos/video084/2108.jpg,CSAM,Sensitive,video084
2109.jpg,/CSAM_sens/videos/video084/2109.jpg,CSAM,Sensitive,video084
2110.jpg,/CSAM_sens/videos/video084/2110.jpg,CSAM,Sensitive,video084
2111.jpg,/CSAM_sens/videos/video084/2111.jpg,CSAM,Sensitive,video084
2112.jpg,/CSAM_sens/videos/video084/2112.jpg,CSAM,Sensitive,video084
2113.jpg,/CSAM_sens/videos/video084/2113.jpg,CSAM,Sensitive,video084
2114.jpg,/CSAM_sens/videos/video084/2114.jpg,CSAM,Sensitive,video084
0971.jpg,/CSAM_sens/images/0971.jpg,CSAM,Sensitive,0971.jpg
0906.jpg,/CSAM_sens/images/0906.jpg,CSAM,Sensitive,0906.jpg
0968.jpg,/CSAM_sens/images/0968.jpg,CSAM,Sensitive,0968.jpg
1182.png,/CSAM_sens/images/1182.png,CSAM,Sensitive,1182.png
0987.jpg,/CSAM_sens/images/0987.jpg,CSAM,Sensitive,0987.jpg
2517.jpg,/CSAM_sens/videos/video067/2517.jpg,CSAM,Sensitive,video067
2518.jpg,/CSAM_sens/videos/video067/2518.jpg,CSAM,Sensitive,video067
2519.jpg,/CSAM_sens/videos/video067/2519.jpg,CSAM,Sensitive,video067
2520.jpg,/CSAM_sens/videos/video067/2520.jpg,CSAM,Sensitive,video067
2521.jpg,/CSAM_sens/videos/video067/2521.jpg,CSAM,Sensitive,video067
2522.jpg,/CSAM_sens/videos/video067/2522.jpg,CSAM,Sensitive,video067
2523.jpg,/CSAM_sens/videos/video067/2523.jpg,CSAM,Sensitive,video067
2524.jpg,/CSAM_sens/videos/video067/2524.jpg,CSAM,Sensitive,video067
2525.jpg,/CSAM_sens/videos/video067/2525.jpg,CSAM,Sensitive,video067
2526.jpg,/CSAM_sens/videos/video067/2526.jpg,CSAM,Sensitive,video067
2527.jpg,/CSAM_sens/videos/video067/2527.jpg,CSAM,Sensitive,video067
2528.jpg,/CSAM_sens/videos/video067/2528.jpg,CSAM,Sensitive,video067
2529.jpg,/CSAM_sens/videos/video067/2529.jpg,CSAM,Sensitive,video067
2530.jpg,/CSAM_sens/videos/video067/2530.jpg,CSAM,Sensitive,video067
2531.jpg,/CSAM_sens/videos/video067/2531.jpg,CSAM,Sensitive,video067
2532.jpg,/CSAM_sens/videos/video067/2532.jpg,CSAM,Sensitive,video067
2533.jpg,/CSAM_sens/videos/video067/2533.jpg,CSAM,Sensitive,video067
2534.jpg,/CSAM_sens/videos/video067/2534.jpg,CSAM,Sensitive,video067
2535.jpg,/CSAM_sens/videos/video067/2535.jpg,CSAM,Sensitive,video067
2536.jpg,/CSAM_sens/videos/video067/2536.jpg,CSAM,Sensitive,video067
2537.jpg,/CSAM_sens/videos/video067/2537.jpg,CSAM,Sensitive,video067
2538.jpg,/CSAM_sens/videos/video067/2538.jpg,CSAM,Sensitive,video067
2539.jpg,/CSAM_sens/videos/video067/2539.jpg,CSAM,Sensitive,video067
2540.jpg,/CSAM_sens/videos/video067/2540.jpg,CSAM,Sensitive,video067
2541.jpg,/CSAM_sens/videos/video067/2541.jpg,CSAM,Sensitive,video067
3616.png,/CSAM_sens/videos/video049/3616.png,CSAM,Sensitive,video049
3617.png,/CSAM_sens/videos/video049/3617.png,CSAM,Sensitive,video049
3618.png,/CSAM_sens/videos/video049/3618.png,CSAM,Sensitive,video049
0999.jpg,/CSAM_sens/images/0999.jpg,CSAM,Sensitive,0999.jpg
0953.jpg,/CSAM_sens/images/0953.jpg,CSAM,Sensitive,0953.jpg
2566.jpg,/CSAM_sens/videos/video065/2566.jpg,CSAM,Sensitive,video065
2567.jpg,/CSAM_sens/videos/video065/2567.jpg,CSAM,Sensitive,video065
0949.jpg,/CSAM_sens/images/0949.jpg,CSAM,Sensitive,0949.jpg
3619.png,/CSAM_sens/videos/video048/3619.png,CSAM,Sensitive,video048
3620.png,/CSAM_sens/videos/video048/3620.png,CSAM,Sensitive,video048
3621.png,/CSAM_sens/videos/video048/3621.png,CSAM,Sensitive,video048
3622.png,/CSAM_sens/videos/video048/3622.png,CSAM,Sensitive,video048
1123.jpg,/CSAM_sens/images/1123.jpg,CSAM,Sensitive,1123.jpg
1112.jpeg,/CSAM_sens/images/1112.jpeg,CSAM,Sensitive,1112.jpeg
1202.jpg,/CSAM_sens/images/1202.jpg,CSAM,Sensitive,1202.jpg
1239.jpg,/CSAM_sens/images/1239.jpg,CSAM,Sensitive,1239.jpg
1056.jpg,/CSAM_sens/images/1056.jpg,CSAM,Sensitive,1056.jpg
3673.png,/CSAM_sens/videos/video037/3673.png,CSAM,Sensitive,video037
3674.png,/CSAM_sens/videos/video037/3674.png,CSAM,Sensitive,video037
3675.png,/CSAM_sens/videos/video037/3675.png,CSAM,Sensitive,video037
3676.png,/CSAM_sens/videos/video037/3676.png,CSAM,Sensitive,video037
3677.png,/CSAM_sens/videos/video037/3677.png,CSAM,Sensitive,video037
3678.png,/CSAM_sens/videos/video037/3678.png,CSAM,Sensitive,video037
0912.jpg,/CSAM_sens/images/0912.jpg,CSAM,Sensitive,0912.jpg
1196.jpg,/CSAM_sens/images/1196.jpg,CSAM,Sensitive,1196.jpg
1243.jpg,/CSAM_sens/images/1243.jpg,CSAM,Sensitive,1243.jpg
1139.jpeg,/CSAM_sens/images/1139.jpeg,CSAM,Sensitive,1139.jpeg
3644.png,/CSAM_sens/videos/video044/3644.png,CSAM,Sensitive,video044
3645.png,/CSAM_sens/videos/video044/3645.png,CSAM,Sensitive,video044
3610.png,/CSAM_sens/images/3610.png,CSAM,Sensitive,3610.png
0962.jpg,/CSAM_sens/images/0962.jpg,CSAM,Sensitive,0962.jpg
1304.jpg,/CSAM_sens/images/1304.jpg,CSAM,Sensitive,1304.jpg
1236.jpg,/CSAM_sens/images/1236.jpg,CSAM,Sensitive,1236.jpg
1144.jpeg,/CSAM_sens/images/1144.jpeg,CSAM,Sensitive,1144.jpeg
1163.jpeg,/CSAM_sens/images/1163.jpeg,CSAM,Sensitive,1163.jpeg
0973.jpg,/CSAM_sens/images/0973.jpg,CSAM,Sensitive,0973.jpg
1157.jpeg,/CSAM_sens/images/1157.jpeg,CSAM,Sensitive,1157.jpeg
3666.png,/CSAM_sens/images/3666.png,CSAM,Sensitive,3666.png
1255.jpg,/CSAM_sens/images/1255.jpg,CSAM,Sensitive,1255.jpg
1137.jpeg,/CSAM_sens/images/1137.jpeg,CSAM,Sensitive,1137.jpeg
1050.jpg,/CSAM_sens/images/1050.jpg,CSAM,Sensitive,1050.jpg
1076.jpg,/CSAM_sens/images/1076.jpg,CSAM,Sensitive,1076.jpg
0959.jpg,/CSAM_sens/images/0959.jpg,CSAM,Sensitive,0959.jpg
1271.jpg,/CSAM_sens/images/1271.jpg,CSAM,Sensitive,1271.jpg
0909.jpg,/CSAM_sens/images/0909.jpg,CSAM,Sensitive,0909.jpg
3661.png,/CSAM_sens/videos/video040/3661.png,CSAM,Sensitive,video040
3662.png,/CSAM_sens/videos/video040/3662.png,CSAM,Sensitive,video040
3663.png,/CSAM_sens/videos/video040/3663.png,CSAM,Sensitive,video040
3664.png,/CSAM_sens/videos/video040/3664.png,CSAM,Sensitive,video040
3665.png,/CSAM_sens/videos/video040/3665.png,CSAM,Sensitive,video040
1250.jpg,/CSAM_sens/images/1250.jpg,CSAM,Sensitive,1250.jpg
1000.jpg,/CSAM_sens/images/1000.jpg,CSAM,Sensitive,1000.jpg
1158.jpeg,/CSAM_sens/images/1158.jpeg,CSAM,Sensitive,1158.jpeg
1108.jpeg,/CSAM_sens/images/1108.jpeg,CSAM,Sensitive,1108.jpeg
0923.jpg,/CSAM_sens/images/0923.jpg,CSAM,Sensitive,0923.jpg
0995.jpg,/CSAM_sens/images/0995.jpg,CSAM,Sensitive,0995.jpg
3832.png,/CSAM_sens/videos/video021/3832.png,CSAM,Sensitive,video021
3833.png,/CSAM_sens/videos/video021/3833.png,CSAM,Sensitive,video021
3834.png,/CSAM_sens/videos/video021/3834.png,CSAM,Sensitive,video021
3835.png,/CSAM_sens/videos/video021/3835.png,CSAM,Sensitive,video021
3836.png,/CSAM_sens/videos/video021/3836.png,CSAM,Sensitive,video021
3837.png,/CSAM_sens/videos/video021/3837.png,CSAM,Sensitive,video021
0994.jpg,/CSAM_sens/images/0994.jpg,CSAM,Sensitive,0994.jpg
3555.png,/CSAM_sens/videos/video061/3555.png,CSAM,Sensitive,video061
3556.png,/CSAM_sens/videos/video061/3556.png,CSAM,Sensitive,video061
3557.png,/CSAM_sens/videos/video061/3557.png,CSAM,Sensitive,video061
1178.png,/CSAM_sens/images/1178.png,CSAM,Sensitive,1178.png
1023.jpg,/CSAM_sens/images/1023.jpg,CSAM,Sensitive,1023.jpg
3863.png,/CSAM_sens/videos/video015/3863.png,CSAM,Sensitive,video015
3864.png,/CSAM_sens/videos/video015/3864.png,CSAM,Sensitive,video015
3865.png,/CSAM_sens/videos/video015/3865.png,CSAM,Sensitive,video015
3866.png,/CSAM_sens/videos/video015/3866.png,CSAM,Sensitive,video015
3867.png,/CSAM_sens/videos/video015/3867.png,CSAM,Sensitive,video015
3868.png,/CSAM_sens/videos/video015/3868.png,CSAM,Sensitive,video015
3869.png,/CSAM_sens/videos/video015/3869.png,CSAM,Sensitive,video015
3870.png,/CSAM_sens/videos/video015/3870.png,CSAM,Sensitive,video015
3871.png,/CSAM_sens/videos/video015/3871.png,CSAM,Sensitive,video015
3872.png,/CSAM_sens/videos/video015/3872.png,CSAM,Sensitive,video015
3873.png,/CSAM_sens/videos/video015/3873.png,CSAM,Sensitive,video015
0950.jpg,/CSAM_sens/images/0950.jpg,CSAM,Sensitive,0950.jpg
0935.jpeg,/CSAM_sens/images/0935.jpeg,CSAM,Sensitive,0935.jpeg
1051.jpg,/CSAM_sens/images/1051.jpg,CSAM,Sensitive,1051.jpg
1069.jpg,/CSAM_sens/images/1069.jpg,CSAM,Sensitive,1069.jpg
1248.jpg,/CSAM_sens/images/1248.jpg,CSAM,Sensitive,1248.jpg
1007.jpg,/CSAM_sens/images/1007.jpg,CSAM,Sensitive,1007.jpg
1295.jpg,/CSAM_sens/images/1295.jpg,CSAM,Sensitive,1295.jpg
3774.png,/CSAM_sens/videos/video028/3774.png,CSAM,Sensitive,video028
3775.png,/CSAM_sens/videos/video028/3775.png,CSAM,Sensitive,video028
3776.png,/CSAM_sens/videos/video028/3776.png,CSAM,Sensitive,video028
3777.png,/CSAM_sens/videos/video028/3777.png,CSAM,Sensitive,video028
3778.png,/CSAM_sens/videos/video028/3778.png,CSAM,Sensitive,video028
3779.png,/CSAM_sens/videos/video028/3779.png,CSAM,Sensitive,video028
1113.jpeg,/CSAM_sens/images/1113.jpeg,CSAM,Sensitive,1113.jpeg
0985.jpg,/CSAM_sens/images/0985.jpg,CSAM,Sensitive,0985.jpg
1186.png,/CSAM_sens/images/1186.png,CSAM,Sensitive,1186.png
0907.jpg,/CSAM_sens/images/0907.jpg,CSAM,Sensitive,0907.jpg
1235.jpg,/CSAM_sens/images/1235.jpg,CSAM,Sensitive,1235.jpg
1224.jpg,/CSAM_sens/images/1224.jpg,CSAM,Sensitive,1224.jpg
1306.jpg,/CSAM_sens/images/1306.jpg,CSAM,Sensitive,1306.jpg
3813.png,/CSAM_sens/videos/video024/3813.png,CSAM,Sensitive,video024
3814.png,/CSAM_sens/videos/video024/3814.png,CSAM,Sensitive,video024
3815.png,/CSAM_sens/videos/video024/3815.png,CSAM,Sensitive,video024
3816.png,/CSAM_sens/videos/video024/3816.png,CSAM,Sensitive,video024
3817.png,/CSAM_sens/videos/video024/3817.png,CSAM,Sensitive,video024
3818.png,/CSAM_sens/videos/video024/3818.png,CSAM,Sensitive,video024
3819.png,/CSAM_sens/videos/video024/3819.png,CSAM,Sensitive,video024
1313.jpg,/CSAM_sens/images/1313.jpg,CSAM,Sensitive,1313.jpg
0956.jpg,/CSAM_sens/images/0956.jpg,CSAM,Sensitive,0956.jpg
3993.png,/CSAM_sens/videos/video002/3993.png,CSAM,Sensitive,video002
3994.png,/CSAM_sens/videos/video002/3994.png,CSAM,Sensitive,video002
3995.png,/CSAM_sens/videos/video002/3995.png,CSAM,Sensitive,video002
3996.png,/CSAM_sens/videos/video002/3996.png,CSAM,Sensitive,video002
3997.png,/CSAM_sens/videos/video002/3997.png,CSAM,Sensitive,video002
3998.png,/CSAM_sens/videos/video002/3998.png,CSAM,Sensitive,video002
3999.png,/CSAM_sens/videos/video002/3999.png,CSAM,Sensitive,video002
4000.png,/CSAM_sens/videos/video002/4000.png,CSAM,Sensitive,video002
4001.png,/CSAM_sens/videos/video002/4001.png,CSAM,Sensitive,video002
4002.png,/CSAM_sens/videos/video002/4002.png,CSAM,Sensitive,video002
4003.png,/CSAM_sens/videos/video002/4003.png,CSAM,Sensitive,video002
4004.png,/CSAM_sens/videos/video002/4004.png,CSAM,Sensitive,video002
4005.png,/CSAM_sens/videos/video002/4005.png,CSAM,Sensitive,video002
4006.png,/CSAM_sens/videos/video002/4006.png,CSAM,Sensitive,video002
1024.jpg,/CSAM_sens/images/1024.jpg,CSAM,Sensitive,1024.jpg
1272.jpg,/CSAM_sens/images/1272.jpg,CSAM,Sensitive,1272.jpg
1176.png,/CSAM_sens/images/1176.png,CSAM,Sensitive,1176.png
0930.jpeg,/CSAM_sens/images/0930.jpeg,CSAM,Sensitive,0930.jpeg
3558.png,/CSAM_sens/images/3558.png,CSAM,Sensitive,3558.png
1027.jpg,/CSAM_sens/images/1027.jpg,CSAM,Sensitive,1027.jpg
1205.jpg,/CSAM_sens/images/1205.jpg,CSAM,Sensitive,1205.jpg
3646.png,/CSAM_sens/videos/video042/3646.png,CSAM,Sensitive,video042
3647.png,/CSAM_sens/videos/video042/3647.png,CSAM,Sensitive,video042
3648.png,/CSAM_sens/videos/video042/3648.png,CSAM,Sensitive,video042
3649.png,/CSAM_sens/videos/video042/3649.png,CSAM,Sensitive,video042
0960.jpg,/CSAM_sens/images/0960.jpg,CSAM,Sensitive,0960.jpg
1308.jpg,/CSAM_sens/images/1308.jpg,CSAM,Sensitive,1308.jpg
1044.jpg,/CSAM_sens/images/1044.jpg,CSAM,Sensitive,1044.jpg
1298.jpg,/CSAM_sens/images/1298.jpg,CSAM,Sensitive,1298.jpg
1043.jpg,/CSAM_sens/images/1043.jpg,CSAM,Sensitive,1043.jpg
1180.png,/CSAM_sens/images/1180.png,CSAM,Sensitive,1180.png
1008.jpg,/CSAM_sens/images/1008.jpg,CSAM,Sensitive,1008.jpg
1014.jpg,/CSAM_sens/images/1014.jpg,CSAM,Sensitive,1014.jpg
3543.png,/CSAM_sens/images/3543.png,CSAM,Sensitive,3543.png
1036.jpg,/CSAM_sens/images/1036.jpg,CSAM,Sensitive,1036.jpg
3921.png,/CSAM_sens/videos/video009/3921.png,CSAM,Sensitive,video009
3922.png,/CSAM_sens/videos/video009/3922.png,CSAM,Sensitive,video009
3923.png,/CSAM_sens/videos/video009/3923.png,CSAM,Sensitive,video009
3924.png,/CSAM_sens/videos/video009/3924.png,CSAM,Sensitive,video009
3925.png,/CSAM_sens/videos/video009/3925.png,CSAM,Sensitive,video009
3926.png,/CSAM_sens/videos/video009/3926.png,CSAM,Sensitive,video009
3927.png,/CSAM_sens/videos/video009/3927.png,CSAM,Sensitive,video009
3928.png,/CSAM_sens/videos/video009/3928.png,CSAM,Sensitive,video009
1131.jpeg,/CSAM_sens/images/1131.jpeg,CSAM,Sensitive,1131.jpeg
1082.jpeg,/CSAM_sens/images/1082.jpeg,CSAM,Sensitive,1082.jpeg
0945.jpg,/CSAM_sens/images/0945.jpg,CSAM,Sensitive,0945.jpg
3929.png,/CSAM_sens/videos/video008/3929.png,CSAM,Sensitive,video008
3930.png,/CSAM_sens/videos/video008/3930.png,CSAM,Sensitive,video008
3931.png,/CSAM_sens/videos/video008/3931.png,CSAM,Sensitive,video008
3932.png,/CSAM_sens/videos/video008/3932.png,CSAM,Sensitive,video008
3933.png,/CSAM_sens/videos/video008/3933.png,CSAM,Sensitive,video008
3934.png,/CSAM_sens/videos/video008/3934.png,CSAM,Sensitive,video008
3935.png,/CSAM_sens/videos/video008/3935.png,CSAM,Sensitive,video008
3936.png,/CSAM_sens/videos/video008/3936.png,CSAM,Sensitive,video008
3937.png,/CSAM_sens/videos/video008/3937.png,CSAM,Sensitive,video008
3938.png,/CSAM_sens/videos/video008/3938.png,CSAM,Sensitive,video008
3939.png,/CSAM_sens/videos/video008/3939.png,CSAM,Sensitive,video008
3940.png,/CSAM_sens/videos/video008/3940.png,CSAM,Sensitive,video008
3941.png,/CSAM_sens/videos/video008/3941.png,CSAM,Sensitive,video008
3942.png,/CSAM_sens/videos/video008/3942.png,CSAM,Sensitive,video008
0926.webp,/CSAM_sens/images/0926.webp,CSAM,Sensitive,0926.webp
1053.jpg,/CSAM_sens/images/1053.jpg,CSAM,Sensitive,1053.jpg
0979.jpg,/CSAM_sens/images/0979.jpg,CSAM,Sensitive,0979.jpg
1081.jpeg,/CSAM_sens/images/1081.jpeg,CSAM,Sensitive,1081.jpeg
1107.jpeg,/CSAM_sens/images/1107.jpeg,CSAM,Sensitive,1107.jpeg
3599.png,/CSAM_sens/images/3599.png,CSAM,Sensitive,3599.png
1183.png,/CSAM_sens/images/1183.png,CSAM,Sensitive,1183.png
1285.jpg,/CSAM_sens/images/1285.jpg,CSAM,Sensitive,1285.jpg
3611.png,/CSAM_sens/videos/video051/3611.png,CSAM,Sensitive,video051
3612.png,/CSAM_sens/videos/video051/3612.png,CSAM,Sensitive,video051
3613.png,/CSAM_sens/videos/video051/3613.png,CSAM,Sensitive,video051
0967.jpg,/CSAM_sens/images/0967.jpg,CSAM,Sensitive,0967.jpg
3567.png,/CSAM_sens/videos/video059/3567.png,CSAM,Sensitive,video059
3568.png,/CSAM_sens/videos/video059/3568.png,CSAM,Sensitive,video059
1045.jpg,/CSAM_sens/images/1045.jpg,CSAM,Sensitive,1045.jpg
2131.jpg,/CSAM_sens/videos/video082/2131.jpg,CSAM,Sensitive,video082
2132.jpg,/CSAM_sens/videos/video082/2132.jpg,CSAM,Sensitive,video082
2133.jpg,/CSAM_sens/videos/video082/2133.jpg,CSAM,Sensitive,video082
2134.jpg,/CSAM_sens/videos/video082/2134.jpg,CSAM,Sensitive,video082
2135.jpg,/CSAM_sens/videos/video082/2135.jpg,CSAM,Sensitive,video082
2136.jpg,/CSAM_sens/videos/video082/2136.jpg,CSAM,Sensitive,video082
2137.jpg,/CSAM_sens/videos/video082/2137.jpg,CSAM,Sensitive,video082
2138.jpg,/CSAM_sens/videos/video082/2138.jpg,CSAM,Sensitive,video082
2139.jpg,/CSAM_sens/videos/video082/2139.jpg,CSAM,Sensitive,video082
2140.jpg,/CSAM_sens/videos/video082/2140.jpg,CSAM,Sensitive,video082
2141.jpg,/CSAM_sens/videos/video082/2141.jpg,CSAM,Sensitive,video082
2142.jpg,/CSAM_sens/videos/video082/2142.jpg,CSAM,Sensitive,video082
2143.jpg,/CSAM_sens/videos/video082/2143.jpg,CSAM,Sensitive,video082
2144.jpg,/CSAM_sens/videos/video082/2144.jpg,CSAM,Sensitive,video082
2145.jpg,/CSAM_sens/videos/video082/2145.jpg,CSAM,Sensitive,video082
2146.jpg,/CSAM_sens/videos/video082/2146.jpg,CSAM,Sensitive,video082
2147.jpg,/CSAM_sens/videos/video082/2147.jpg,CSAM,Sensitive,video082
2148.jpg,/CSAM_sens/videos/video082/2148.jpg,CSAM,Sensitive,video082
2149.jpg,/CSAM_sens/videos/video082/2149.jpg,CSAM,Sensitive,video082
2150.jpg,/CSAM_sens/videos/video082/2150.jpg,CSAM,Sensitive,video082
2151.jpg,/CSAM_sens/videos/video082/2151.jpg,CSAM,Sensitive,video082
2152.jpg,/CSAM_sens/videos/video082/2152.jpg,CSAM,Sensitive,video082
2153.jpg,/CSAM_sens/videos/video082/2153.jpg,CSAM,Sensitive,video082
1083.jpg,/CSAM_sens/images/1083.jpg,CSAM,Sensitive,1083.jpg
3831.png,/CSAM_sens/images/3831.png,CSAM,Sensitive,3831.png
1067.jpg,/CSAM_sens/images/1067.jpg,CSAM,Sensitive,1067.jpg
3736.png,/CSAM_sens/videos/video032/3736.png,CSAM,Sensitive,video032
3737.png,/CSAM_sens/videos/video032/3737.png,CSAM,Sensitive,video032
3738.png,/CSAM_sens/videos/video032/3738.png,CSAM,Sensitive,video032
3739.png,/CSAM_sens/videos/video032/3739.png,CSAM,Sensitive,video032
3740.png,/CSAM_sens/videos/video032/3740.png,CSAM,Sensitive,video032
3741.png,/CSAM_sens/videos/video032/3741.png,CSAM,Sensitive,video032
3742.png,/CSAM_sens/videos/video032/3742.png,CSAM,Sensitive,video032
3743.png,/CSAM_sens/videos/video032/3743.png,CSAM,Sensitive,video032
3744.png,/CSAM_sens/videos/video032/3744.png,CSAM,Sensitive,video032
3745.png,/CSAM_sens/videos/video032/3745.png,CSAM,Sensitive,video032
3746.png,/CSAM_sens/videos/video032/3746.png,CSAM,Sensitive,video032
3747.png,/CSAM_sens/videos/video032/3747.png,CSAM,Sensitive,video032
3748.png,/CSAM_sens/videos/video032/3748.png,CSAM,Sensitive,video032
3749.png,/CSAM_sens/videos/video032/3749.png,CSAM,Sensitive,video032
1269.jpg,/CSAM_sens/images/1269.jpg,CSAM,Sensitive,1269.jpg
3848.png,/CSAM_sens/videos/video018/3848.png,CSAM,Sensitive,video018
3849.png,/CSAM_sens/videos/video018/3849.png,CSAM,Sensitive,video018
3850.png,/CSAM_sens/videos/video018/3850.png,CSAM,Sensitive,video018
1299.jpg,/CSAM_sens/images/1299.jpg,CSAM,Sensitive,1299.jpg
1265.jpg,/CSAM_sens/images/1265.jpg,CSAM,Sensitive,1265.jpg
1052.jpg,/CSAM_sens/images/1052.jpg,CSAM,Sensitive,1052.jpg
1273.jpg,/CSAM_sens/images/1273.jpg,CSAM,Sensitive,1273.jpg
1020.jpg,/CSAM_sens/images/1020.jpg,CSAM,Sensitive,1020.jpg
1057.jpg,/CSAM_sens/images/1057.jpg,CSAM,Sensitive,1057.jpg
2405.jpg,/CSAM_sens/videos/video073/2405.jpg,CSAM,Sensitive,video073
2406.jpg,/CSAM_sens/videos/video073/2406.jpg,CSAM,Sensitive,video073
2407.jpg,/CSAM_sens/videos/video073/2407.jpg,CSAM,Sensitive,video073
2408.jpg,/CSAM_sens/videos/video073/2408.jpg,CSAM,Sensitive,video073
2409.jpg,/CSAM_sens/videos/video073/2409.jpg,CSAM,Sensitive,video073
2410.jpg,/CSAM_sens/videos/video073/2410.jpg,CSAM,Sensitive,video073
2411.jpg,/CSAM_sens/videos/video073/2411.jpg,CSAM,Sensitive,video073
2412.jpg,/CSAM_sens/videos/video073/2412.jpg,CSAM,Sensitive,video073
2413.jpg,/CSAM_sens/videos/video073/2413.jpg,CSAM,Sensitive,video073
2414.jpg,/CSAM_sens/videos/video073/2414.jpg,CSAM,Sensitive,video073
2415.jpg,/CSAM_sens/videos/video073/2415.jpg,CSAM,Sensitive,video073
2416.jpg,/CSAM_sens/videos/video073/2416.jpg,CSAM,Sensitive,video073
2417.jpg,/CSAM_sens/videos/video073/2417.jpg,CSAM,Sensitive,video073
2418.jpg,/CSAM_sens/videos/video073/2418.jpg,CSAM,Sensitive,video073
2419.jpg,/CSAM_sens/videos/video073/2419.jpg,CSAM,Sensitive,video073
2420.jpg,/CSAM_sens/videos/video073/2420.jpg,CSAM,Sensitive,video073
2421.jpg,/CSAM_sens/videos/video073/2421.jpg,CSAM,Sensitive,video073
2422.jpg,/CSAM_sens/videos/video073/2422.jpg,CSAM,Sensitive,video073
2423.jpg,/CSAM_sens/videos/video073/2423.jpg,CSAM,Sensitive,video073
2424.jpg,/CSAM_sens/videos/video073/2424.jpg,CSAM,Sensitive,video073
1047.jpg,/CSAM_sens/images/1047.jpg,CSAM,Sensitive,1047.jpg
1031.jpg,/CSAM_sens/images/1031.jpg,CSAM,Sensitive,1031.jpg
1003.jpg,/CSAM_sens/images/1003.jpg,CSAM,Sensitive,1003.jpg
1152.jpeg,/CSAM_sens/images/1152.jpeg,CSAM,Sensitive,1152.jpeg
1217.jpg,/CSAM_sens/images/1217.jpg,CSAM,Sensitive,1217.jpg
1259.jpg,/CSAM_sens/images/1259.jpg,CSAM,Sensitive,1259.jpg
1234.jpg,/CSAM_sens/images/1234.jpg,CSAM,Sensitive,1234.jpg
3566.png,/CSAM_sens/images/3566.png,CSAM,Sensitive,3566.png
3643.png,/CSAM_sens/images/3643.png,CSAM,Sensitive,3643.png
1251.jpg,/CSAM_sens/images/1251.jpg,CSAM,Sensitive,1251.jpg
1086.jpeg,/CSAM_sens/images/1086.jpeg,CSAM,Sensitive,1086.jpeg
2823.jpg,/Non_CSAM/images/2823.jpg,NON_CSAM,Non sensitive,2823.jpg
2850.png,/Non_CSAM/images/2850.png,NON_CSAM,Non sensitive,2850.png
2971.png,/Non_CSAM/images/2971.png,NON_CSAM,Non sensitive,2971.png
3037.png,/Non_CSAM/images/3037.png,NON_CSAM,Non sensitive,3037.png
1593.jpg,/Non_CSAM/images/1593.jpg,NON_CSAM,Non sensitive,1593.jpg
1790.jpg,/Non_CSAM/images/1790.jpg,NON_CSAM,Non sensitive,1790.jpg
1437.jpg,/Non_CSAM/images/1437.jpg,NON_CSAM,Non sensitive,1437.jpg
2774.jpg,/Non_CSAM/images/2774.jpg,NON_CSAM,Non sensitive,2774.jpg
0723.jpg,/Non_CSAM/images/0723.jpg,NON_CSAM,Non sensitive,0723.jpg
1433.jpg,/Non_CSAM/images/1433.jpg,NON_CSAM,Non sensitive,1433.jpg
2973.png,/Non_CSAM/images/2973.png,NON_CSAM,Non sensitive,2973.png
0236.jpg,/Non_CSAM/images/0236.jpg,NON_CSAM,Non sensitive,0236.jpg
0079.jpg,/Non_CSAM/images/0079.jpg,NON_CSAM,Non sensitive,0079.jpg
2713.jpg,/Non_CSAM/images/2713.jpg,NON_CSAM,Non sensitive,2713.jpg
1738.jpg,/Non_CSAM/images/1738.jpg,NON_CSAM,Non sensitive,1738.jpg
2942.png,/Non_CSAM/images/2942.png,NON_CSAM,Non sensitive,2942.png
3110.jpg,/Non_CSAM/images/3110.jpg,NON_CSAM,Non sensitive,3110.jpg
2691.jpg,/Non_CSAM/images/2691.jpg,NON_CSAM,Non sensitive,2691.jpg
0057.webp,/Non_CSAM/images/0057.webp,NON_CSAM,Non sensitive,0057.webp
0694.jpg,/Non_CSAM/images/0694.jpg,NON_CSAM,Non sensitive,0694.jpg
2822.jpg,/Non_CSAM/images/2822.jpg,NON_CSAM,Non sensitive,2822.jpg
1357.jpg,/Non_CSAM/images/1357.jpg,NON_CSAM,Non sensitive,1357.jpg
2985.png,/Non_CSAM/images/2985.png,NON_CSAM,Non sensitive,2985.png
0735.jpg,/Non_CSAM/images/0735.jpg,NON_CSAM,Non sensitive,0735.jpg
0587.jpg,/Non_CSAM/images/0587.jpg,NON_CSAM,Non sensitive,0587.jpg
3063.jpg,/Non_CSAM/images/3063.jpg,NON_CSAM,Non sensitive,3063.jpg
2817.jpg,/Non_CSAM/images/2817.jpg,NON_CSAM,Non sensitive,2817.jpg
0688.jpg,/Non_CSAM/images/0688.jpg,NON_CSAM,Non sensitive,0688.jpg
1355.jpg,/Non_CSAM/images/1355.jpg,NON_CSAM,Non sensitive,1355.jpg
0411.jpg,/Non_CSAM/images/0411.jpg,NON_CSAM,Non sensitive,0411.jpg
0049.webp,/Non_CSAM/images/0049.webp,NON_CSAM,Non sensitive,0049.webp
0472.jpg,/Non_CSAM/images/0472.jpg,NON_CSAM,Non sensitive,0472.jpg
3060.jpg,/Non_CSAM/images/3060.jpg,NON_CSAM,Non sensitive,3060.jpg
0641.jpg,/Non_CSAM/images/0641.jpg,NON_CSAM,Non sensitive,0641.jpg
0732.jpg,/Non_CSAM/images/0732.jpg,NON_CSAM,Non sensitive,0732.jpg
1488.jpg,/Non_CSAM/images/1488.jpg,NON_CSAM,Non sensitive,1488.jpg
0424.jpg,/Non_CSAM/images/0424.jpg,NON_CSAM,Non sensitive,0424.jpg
0471.jpg,/Non_CSAM/images/0471.jpg,NON_CSAM,Non sensitive,0471.jpg
1509.jpg,/Non_CSAM/images/1509.jpg,NON_CSAM,Non sensitive,1509.jpg
0080.jpg,/Non_CSAM/images/0080.jpg,NON_CSAM,Non sensitive,0080.jpg
1322.jpg,/Non_CSAM/images/1322.jpg,NON_CSAM,Non sensitive,1322.jpg
0235.jpg,/Non_CSAM/images/0235.jpg,NON_CSAM,Non sensitive,0235.jpg
3098.jpg,/Non_CSAM/images/3098.jpg,NON_CSAM,Non sensitive,3098.jpg
2957.png,/Non_CSAM/images/2957.png,NON_CSAM,Non sensitive,2957.png
0524.jpg,/Non_CSAM/images/0524.jpg,NON_CSAM,Non sensitive,0524.jpg
1384.jpg,/Non_CSAM/images/1384.jpg,NON_CSAM,Non sensitive,1384.jpg
0696.jpg,/Non_CSAM/images/0696.jpg,NON_CSAM,Non sensitive,0696.jpg
0383.jpg,/Non_CSAM/images/0383.jpg,NON_CSAM,Non sensitive,0383.jpg
0051.webp,/Non_CSAM/images/0051.webp,NON_CSAM,Non sensitive,0051.webp
1385.jpg,/Non_CSAM/images/1385.jpg,NON_CSAM,Non sensitive,1385.jpg
0378.jpg,/Non_CSAM/images/0378.jpg,NON_CSAM,Non sensitive,0378.jpg
0348.jpg,/Non_CSAM/images/0348.jpg,NON_CSAM,Non sensitive,0348.jpg
2805.jpg,/Non_CSAM/images/2805.jpg,NON_CSAM,Non sensitive,2805.jpg
0332.jpg,/Non_CSAM/images/0332.jpg,NON_CSAM,Non sensitive,0332.jpg
2569.jpg,/Non_CSAM/images/2569.jpg,NON_CSAM,Non sensitive,2569.jpg
2803.jpg,/Non_CSAM/images/2803.jpg,NON_CSAM,Non sensitive,2803.jpg
1695.jpg,/Non_CSAM/images/1695.jpg,NON_CSAM,Non sensitive,1695.jpg
0740.jpg,/Non_CSAM/images/0740.jpg,NON_CSAM,Non sensitive,0740.jpg
0220.jpg,/Non_CSAM/images/0220.jpg,NON_CSAM,Non sensitive,0220.jpg
2815.jpg,/Non_CSAM/images/2815.jpg,NON_CSAM,Non sensitive,2815.jpg
0446.jpg,/Non_CSAM/images/0446.jpg,NON_CSAM,Non sensitive,0446.jpg
0748.webp,/Non_CSAM/images/0748.webp,NON_CSAM,Non sensitive,0748.webp
2751.jpg,/Non_CSAM/images/2751.jpg,NON_CSAM,Non sensitive,2751.jpg
0762.webp,/Non_CSAM/images/0762.webp,NON_CSAM,Non sensitive,0762.webp
0647.jpg,/Non_CSAM/images/0647.jpg,NON_CSAM,Non sensitive,0647.jpg
0086.jpg,/Non_CSAM/images/0086.jpg,NON_CSAM,Non sensitive,0086.jpg
0275.jpg,/Non_CSAM/images/0275.jpg,NON_CSAM,Non sensitive,0275.jpg
1424.jpg,/Non_CSAM/images/1424.jpg,NON_CSAM,Non sensitive,1424.jpg
0319.jpg,/Non_CSAM/images/0319.jpg,NON_CSAM,Non sensitive,0319.jpg
1680.jpg,/Non_CSAM/images/1680.jpg,NON_CSAM,Non sensitive,1680.jpg
1741.jpg,/Non_CSAM/images/1741.jpg,NON_CSAM,Non sensitive,1741.jpg
2708.jpg,/Non_CSAM/images/2708.jpg,NON_CSAM,Non sensitive,2708.jpg
0074.jpg,/Non_CSAM/images/0074.jpg,NON_CSAM,Non sensitive,0074.jpg
1666.jpg,/Non_CSAM/images/1666.jpg,NON_CSAM,Non sensitive,1666.jpg
0321.jpg,/Non_CSAM/images/0321.jpg,NON_CSAM,Non sensitive,0321.jpg
2814.jpg,/Non_CSAM/images/2814.jpg,NON_CSAM,Non sensitive,2814.jpg
2921.png,/Non_CSAM/images/2921.png,NON_CSAM,Non sensitive,2921.png
2722.jpg,/Non_CSAM/images/2722.jpg,NON_CSAM,Non sensitive,2722.jpg
1697.jpg,/Non_CSAM/images/1697.jpg,NON_CSAM,Non sensitive,1697.jpg
1419.jpg,/Non_CSAM/images/1419.jpg,NON_CSAM,Non sensitive,1419.jpg
1678.jpg,/Non_CSAM/images/1678.jpg,NON_CSAM,Non sensitive,1678.jpg
1450.jpg,/Non_CSAM/images/1450.jpg,NON_CSAM,Non sensitive,1450.jpg
2976.png,/Non_CSAM/images/2976.png,NON_CSAM,Non sensitive,2976.png
0552.jpg,/Non_CSAM/images/0552.jpg,NON_CSAM,Non sensitive,0552.jpg
2602.jpg,/Non_CSAM/images/2602.jpg,NON_CSAM,Non sensitive,2602.jpg
0281.jpg,/Non_CSAM/images/0281.jpg,NON_CSAM,Non sensitive,0281.jpg
0699.jpg,/Non_CSAM/images/0699.jpg,NON_CSAM,Non sensitive,0699.jpg
0008.webp,/Non_CSAM/images/0008.webp,NON_CSAM,Non sensitive,0008.webp
0091.jpg,/Non_CSAM/images/0091.jpg,NON_CSAM,Non sensitive,0091.jpg
0582.jpg,/Non_CSAM/images/0582.jpg,NON_CSAM,Non sensitive,0582.jpg
2839.png,/Non_CSAM/images/2839.png,NON_CSAM,Non sensitive,2839.png
2597.jpg,/Non_CSAM/images/2597.jpg,NON_CSAM,Non sensitive,2597.jpg
3102.jpg,/Non_CSAM/images/3102.jpg,NON_CSAM,Non sensitive,3102.jpg
0108.jpg,/Non_CSAM/images/0108.jpg,NON_CSAM,Non sensitive,0108.jpg
2966.png,/Non_CSAM/images/2966.png,NON_CSAM,Non sensitive,2966.png
2923.png,/Non_CSAM/images/2923.png,NON_CSAM,Non sensitive,2923.png
1581.jpg,/Non_CSAM/images/1581.jpg,NON_CSAM,Non sensitive,1581.jpg
0556.jpg,/Non_CSAM/images/0556.jpg,NON_CSAM,Non sensitive,0556.jpg
2596.jpg,/Non_CSAM/images/2596.jpg,NON_CSAM,Non sensitive,2596.jpg
0432.jpg,/Non_CSAM/images/0432.jpg,NON_CSAM,Non sensitive,0432.jpg
0718.webp,/Non_CSAM/images/0718.webp,NON_CSAM,Non sensitive,0718.webp
0447.jpg,/Non_CSAM/images/0447.jpg,NON_CSAM,Non sensitive,0447.jpg
1787.jpg,/Non_CSAM/images/1787.jpg,NON_CSAM,Non sensitive,1787.jpg
0593.jpg,/Non_CSAM/images/0593.jpg,NON_CSAM,Non sensitive,0593.jpg
0573.jpg,/Non_CSAM/images/0573.jpg,NON_CSAM,Non sensitive,0573.jpg
3093.jpg,/Non_CSAM/images/3093.jpg,NON_CSAM,Non sensitive,3093.jpg
3103.jpg,/Non_CSAM/images/3103.jpg,NON_CSAM,Non sensitive,3103.jpg
0232.jpg,/Non_CSAM/images/0232.jpg,NON_CSAM,Non sensitive,0232.jpg
0250.jpg,/Non_CSAM/images/0250.jpg,NON_CSAM,Non sensitive,0250.jpg
3081.jpg,/Non_CSAM/images/3081.jpg,NON_CSAM,Non sensitive,3081.jpg
0291.jpg,/Non_CSAM/images/0291.jpg,NON_CSAM,Non sensitive,0291.jpg
0224.jpg,/Non_CSAM/images/0224.jpg,NON_CSAM,Non sensitive,0224.jpg
2656.jpg,/Non_CSAM/images/2656.jpg,NON_CSAM,Non sensitive,2656.jpg
0629.jpg,/Non_CSAM/images/0629.jpg,NON_CSAM,Non sensitive,0629.jpg
1684.jpg,/Non_CSAM/images/1684.jpg,NON_CSAM,Non sensitive,1684.jpg
2665.jpg,/Non_CSAM/images/2665.jpg,NON_CSAM,Non sensitive,2665.jpg
0017.webp,/Non_CSAM/images/0017.webp,NON_CSAM,Non sensitive,0017.webp
2967.png,/Non_CSAM/images/2967.png,NON_CSAM,Non sensitive,2967.png
2637.jpg,/Non_CSAM/images/2637.jpg,NON_CSAM,Non sensitive,2637.jpg
1801.jpg,/Non_CSAM/images/1801.jpg,NON_CSAM,Non sensitive,1801.jpg
0635.jpg,/Non_CSAM/images/0635.jpg,NON_CSAM,Non sensitive,0635.jpg
1661.jpg,/Non_CSAM/images/1661.jpg,NON_CSAM,Non sensitive,1661.jpg
2884.png,/Non_CSAM/images/2884.png,NON_CSAM,Non sensitive,2884.png
2950.png,/Non_CSAM/images/2950.png,NON_CSAM,Non sensitive,2950.png
0599.jpg,/Non_CSAM/images/0599.jpg,NON_CSAM,Non sensitive,0599.jpg
0773.webp,/Non_CSAM/images/0773.webp,NON_CSAM,Non sensitive,0773.webp
0516.jpg,/Non_CSAM/images/0516.jpg,NON_CSAM,Non sensitive,0516.jpg
2762.jpg,/Non_CSAM/images/2762.jpg,NON_CSAM,Non sensitive,2762.jpg
0730.webp,/Non_CSAM/images/0730.webp,NON_CSAM,Non sensitive,0730.webp
0285.jpg,/Non_CSAM/images/0285.jpg,NON_CSAM,Non sensitive,0285.jpg
2733.jpg,/Non_CSAM/images/2733.jpg,NON_CSAM,Non sensitive,2733.jpg
1582.jpg,/Non_CSAM/images/1582.jpg,NON_CSAM,Non sensitive,1582.jpg
0452.jpg,/Non_CSAM/images/0452.jpg,NON_CSAM,Non sensitive,0452.jpg
1647.jpg,/Non_CSAM/images/1647.jpg,NON_CSAM,Non sensitive,1647.jpg
0160.jpg,/Non_CSAM/images/0160.jpg,NON_CSAM,Non sensitive,0160.jpg
0214.jpg,/Non_CSAM/images/0214.jpg,NON_CSAM,Non sensitive,0214.jpg
1702.jpg,/Non_CSAM/images/1702.jpg,NON_CSAM,Non sensitive,1702.jpg
2570.jpg,/Non_CSAM/images/2570.jpg,NON_CSAM,Non sensitive,2570.jpg
1484.jpg,/Non_CSAM/images/1484.jpg,NON_CSAM,Non sensitive,1484.jpg
0020.webp,/Non_CSAM/images/0020.webp,NON_CSAM,Non sensitive,0020.webp
0158.jpg,/Non_CSAM/images/0158.jpg,NON_CSAM,Non sensitive,0158.jpg
3042.png,/Non_CSAM/images/3042.png,NON_CSAM,Non sensitive,3042.png
1482.jpg,/Non_CSAM/images/1482.jpg,NON_CSAM,Non sensitive,1482.jpg
0630.jpg,/Non_CSAM/images/0630.jpg,NON_CSAM,Non sensitive,0630.jpg
2619.jpg,/Non_CSAM/images/2619.jpg,NON_CSAM,Non sensitive,2619.jpg
2887.png,/Non_CSAM/images/2887.png,NON_CSAM,Non sensitive,2887.png
0282.jpg,/Non_CSAM/images/0282.jpg,NON_CSAM,Non sensitive,0282.jpg
3004.png,/Non_CSAM/images/3004.png,NON_CSAM,Non sensitive,3004.png
2793.jpg,/Non_CSAM/images/2793.jpg,NON_CSAM,Non sensitive,2793.jpg
0504.jpg,/Non_CSAM/images/0504.jpg,NON_CSAM,Non sensitive,0504.jpg
0659.jpg,/Non_CSAM/images/0659.jpg,NON_CSAM,Non sensitive,0659.jpg
2669.jpg,/Non_CSAM/images/2669.jpg,NON_CSAM,Non sensitive,2669.jpg
0434.jpg,/Non_CSAM/images/0434.jpg,NON_CSAM,Non sensitive,0434.jpg
0550.jpg,/Non_CSAM/images/0550.jpg,NON_CSAM,Non sensitive,0550.jpg
0663.jpg,/Non_CSAM/images/0663.jpg,NON_CSAM,Non sensitive,0663.jpg
1616.jpg,/Non_CSAM/images/1616.jpg,NON_CSAM,Non sensitive,1616.jpg
1706.jpg,/Non_CSAM/images/1706.jpg,NON_CSAM,Non sensitive,1706.jpg
2990.png,/Non_CSAM/images/2990.png,NON_CSAM,Non sensitive,2990.png
2644.jpg,/Non_CSAM/images/2644.jpg,NON_CSAM,Non sensitive,2644.jpg
1402.jpg,/Non_CSAM/images/1402.jpg,NON_CSAM,Non sensitive,1402.jpg
0177.jpg,/Non_CSAM/images/0177.jpg,NON_CSAM,Non sensitive,0177.jpg
1817.jpg,/Non_CSAM/images/1817.jpg,NON_CSAM,Non sensitive,1817.jpg
0082.jpg,/Non_CSAM/images/0082.jpg,NON_CSAM,Non sensitive,0082.jpg
1766.jpg,/Non_CSAM/images/1766.jpg,NON_CSAM,Non sensitive,1766.jpg
1734.jpg,/Non_CSAM/images/1734.jpg,NON_CSAM,Non sensitive,1734.jpg
0520.jpg,/Non_CSAM/images/0520.jpg,NON_CSAM,Non sensitive,0520.jpg
1715.jpg,/Non_CSAM/images/1715.jpg,NON_CSAM,Non sensitive,1715.jpg
0259.jpg,/Non_CSAM/images/0259.jpg,NON_CSAM,Non sensitive,0259.jpg
1365.jpg,/Non_CSAM/images/1365.jpg,NON_CSAM,Non sensitive,1365.jpg
0497.jpg,/Non_CSAM/images/0497.jpg,NON_CSAM,Non sensitive,0497.jpg
2680.jpg,/Non_CSAM/images/2680.jpg,NON_CSAM,Non sensitive,2680.jpg
0149.jpg,/Non_CSAM/images/0149.jpg,NON_CSAM,Non sensitive,0149.jpg
1767.jpg,/Non_CSAM/images/1767.jpg,NON_CSAM,Non sensitive,1767.jpg
0150.jpg,/Non_CSAM/images/0150.jpg,NON_CSAM,Non sensitive,0150.jpg
0396.jpg,/Non_CSAM/images/0396.jpg,NON_CSAM,Non sensitive,0396.jpg
0174.jpg,/Non_CSAM/images/0174.jpg,NON_CSAM,Non sensitive,0174.jpg
1586.jpg,/Non_CSAM/images/1586.jpg,NON_CSAM,Non sensitive,1586.jpg
0120.jpg,/Non_CSAM/images/0120.jpg,NON_CSAM,Non sensitive,0120.jpg
0338.jpg,/Non_CSAM/images/0338.jpg,NON_CSAM,Non sensitive,0338.jpg
1633.jpg,/Non_CSAM/images/1633.jpg,NON_CSAM,Non sensitive,1633.jpg
1575.jpg,/Non_CSAM/images/1575.jpg,NON_CSAM,Non sensitive,1575.jpg
1522.jpg,/Non_CSAM/images/1522.jpg,NON_CSAM,Non sensitive,1522.jpg
1745.jpg,/Non_CSAM/images/1745.jpg,NON_CSAM,Non sensitive,1745.jpg
0106.jpg,/Non_CSAM/images/0106.jpg,NON_CSAM,Non sensitive,0106.jpg
0121.jpg,/Non_CSAM/images/0121.jpg,NON_CSAM,Non sensitive,0121.jpg
0658.jpg,/Non_CSAM/images/0658.jpg,NON_CSAM,Non sensitive,0658.jpg
2830.png,/Non_CSAM/images/2830.png,NON_CSAM,Non sensitive,2830.png
1659.jpg,/Non_CSAM/images/1659.jpg,NON_CSAM,Non sensitive,1659.jpg
1735.jpg,/Non_CSAM/images/1735.jpg,NON_CSAM,Non sensitive,1735.jpg
0123.jpg,/Non_CSAM/images/0123.jpg,NON_CSAM,Non sensitive,0123.jpg
0461.jpg,/Non_CSAM/images/0461.jpg,NON_CSAM,Non sensitive,0461.jpg
0623.jpg,/Non_CSAM/images/0623.jpg,NON_CSAM,Non sensitive,0623.jpg
0404.jpg,/Non_CSAM/images/0404.jpg,NON_CSAM,Non sensitive,0404.jpg
0333.jpg,/Non_CSAM/images/0333.jpg,NON_CSAM,Non sensitive,0333.jpg
1542.jpg,/Non_CSAM/images/1542.jpg,NON_CSAM,Non sensitive,1542.jpg
2777.jpg,/Non_CSAM/images/2777.jpg,NON_CSAM,Non sensitive,2777.jpg
2653.jpg,/Non_CSAM/images/2653.jpg,NON_CSAM,Non sensitive,2653.jpg
1687.jpg,/Non_CSAM/images/1687.jpg,NON_CSAM,Non sensitive,1687.jpg
2726.jpg,/Non_CSAM/images/2726.jpg,NON_CSAM,Non sensitive,2726.jpg
3021.png,/Non_CSAM/images/3021.png,NON_CSAM,Non sensitive,3021.png
0600.jpg,/Non_CSAM/images/0600.jpg,NON_CSAM,Non sensitive,0600.jpg
1477.jpg,/Non_CSAM/images/1477.jpg,NON_CSAM,Non sensitive,1477.jpg
0559.jpg,/Non_CSAM/images/0559.jpg,NON_CSAM,Non sensitive,0559.jpg
1338.jpg,/Non_CSAM/images/1338.jpg,NON_CSAM,Non sensitive,1338.jpg
0005.webp,/Non_CSAM/images/0005.webp,NON_CSAM,Non sensitive,0005.webp
0793.jpg,/Non_CSAM/images/0793.jpg,NON_CSAM,Non sensitive,0793.jpg
0353.jpg,/Non_CSAM/images/0353.jpg,NON_CSAM,Non sensitive,0353.jpg
2866.png,/Non_CSAM/images/2866.png,NON_CSAM,Non sensitive,2866.png
3014.png,/Non_CSAM/images/3014.png,NON_CSAM,Non sensitive,3014.png
0453.jpg,/Non_CSAM/images/0453.jpg,NON_CSAM,Non sensitive,0453.jpg
1531.jpg,/Non_CSAM/images/1531.jpg,NON_CSAM,Non sensitive,1531.jpg
2856.png,/Non_CSAM/images/2856.png,NON_CSAM,Non sensitive,2856.png
1371.jpg,/Non_CSAM/images/1371.jpg,NON_CSAM,Non sensitive,1371.jpg
0356.jpg,/Non_CSAM/images/0356.jpg,NON_CSAM,Non sensitive,0356.jpg
0500.jpg,/Non_CSAM/images/0500.jpg,NON_CSAM,Non sensitive,0500.jpg
3120.jpg,/Non_CSAM/images/3120.jpg,NON_CSAM,Non sensitive,3120.jpg
0031.jpg,/Non_CSAM/images/0031.jpg,NON_CSAM,Non sensitive,0031.jpg
1653.jpg,/Non_CSAM/images/1653.jpg,NON_CSAM,Non sensitive,1653.jpg
2633.jpg,/Non_CSAM/images/2633.jpg,NON_CSAM,Non sensitive,2633.jpg
0107.jpg,/Non_CSAM/images/0107.jpg,NON_CSAM,Non sensitive,0107.jpg
0210.jpg,/Non_CSAM/images/0210.jpg,NON_CSAM,Non sensitive,0210.jpg
1676.jpg,/Non_CSAM/images/1676.jpg,NON_CSAM,Non sensitive,1676.jpg
1453.jpg,/Non_CSAM/images/1453.jpg,NON_CSAM,Non sensitive,1453.jpg
0164.jpg,/Non_CSAM/images/0164.jpg,NON_CSAM,Non sensitive,0164.jpg
0527.jpg,/Non_CSAM/images/0527.jpg,NON_CSAM,Non sensitive,0527.jpg
1493.jpg,/Non_CSAM/images/1493.jpg,NON_CSAM,Non sensitive,1493.jpg
2858.png,/Non_CSAM/images/2858.png,NON_CSAM,Non sensitive,2858.png
0391.jpg,/Non_CSAM/images/0391.jpg,NON_CSAM,Non sensitive,0391.jpg
2974.png,/Non_CSAM/images/2974.png,NON_CSAM,Non sensitive,2974.png
0303.jpg,/Non_CSAM/images/0303.jpg,NON_CSAM,Non sensitive,0303.jpg
1464.jpg,/Non_CSAM/images/1464.jpg,NON_CSAM,Non sensitive,1464.jpg
3076.jpg,/Non_CSAM/images/3076.jpg,NON_CSAM,Non sensitive,3076.jpg
3099.jpg,/Non_CSAM/images/3099.jpg,NON_CSAM,Non sensitive,3099.jpg
0408.jpg,/Non_CSAM/images/0408.jpg,NON_CSAM,Non sensitive,0408.jpg
0525.jpg,/Non_CSAM/images/0525.jpg,NON_CSAM,Non sensitive,0525.jpg
0237.jpg,/Non_CSAM/images/0237.jpg,NON_CSAM,Non sensitive,0237.jpg
0710.jpg,/Non_CSAM/images/0710.jpg,NON_CSAM,Non sensitive,0710.jpg
2799.jpg,/Non_CSAM/images/2799.jpg,NON_CSAM,Non sensitive,2799.jpg
1363.jpg,/Non_CSAM/images/1363.jpg,NON_CSAM,Non sensitive,1363.jpg
0129.jpg,/Non_CSAM/images/0129.jpg,NON_CSAM,Non sensitive,0129.jpg
0211.jpg,/Non_CSAM/images/0211.jpg,NON_CSAM,Non sensitive,0211.jpg
2621.jpg,/Non_CSAM/images/2621.jpg,NON_CSAM,Non sensitive,2621.jpg
2636.jpg,/Non_CSAM/images/2636.jpg,NON_CSAM,Non sensitive,2636.jpg
2677.jpg,/Non_CSAM/images/2677.jpg,NON_CSAM,Non sensitive,2677.jpg
0114.jpg,/Non_CSAM/images/0114.jpg,NON_CSAM,Non sensitive,0114.jpg
3034.png,/Non_CSAM/images/3034.png,NON_CSAM,Non sensitive,3034.png
1502.jpg,/Non_CSAM/images/1502.jpg,NON_CSAM,Non sensitive,1502.jpg
1380.jpg,/Non_CSAM/images/1380.jpg,NON_CSAM,Non sensitive,1380.jpg
1411.jpg,/Non_CSAM/images/1411.jpg,NON_CSAM,Non sensitive,1411.jpg
0741.webp,/Non_CSAM/images/0741.webp,NON_CSAM,Non sensitive,0741.webp
1426.jpg,/Non_CSAM/images/1426.jpg,NON_CSAM,Non sensitive,1426.jpg
2647.jpg,/Non_CSAM/images/2647.jpg,NON_CSAM,Non sensitive,2647.jpg
3086.jpg,/Non_CSAM/images/3086.jpg,NON_CSAM,Non sensitive,3086.jpg
0203.jpg,/Non_CSAM/images/0203.jpg,NON_CSAM,Non sensitive,0203.jpg
0405.jpg,/Non_CSAM/images/0405.jpg,NON_CSAM,Non sensitive,0405.jpg
1372.jpg,/Non_CSAM/images/1372.jpg,NON_CSAM,Non sensitive,1372.jpg
2849.png,/Non_CSAM/images/2849.png,NON_CSAM,Non sensitive,2849.png
0513.jpg,/Non_CSAM/images/0513.jpg,NON_CSAM,Non sensitive,0513.jpg
1514.jpg,/Non_CSAM/images/1514.jpg,NON_CSAM,Non sensitive,1514.jpg
1729.jpg,/Non_CSAM/images/1729.jpg,NON_CSAM,Non sensitive,1729.jpg
1718.jpg,/Non_CSAM/images/1718.jpg,NON_CSAM,Non sensitive,1718.jpg
2789.jpg,/Non_CSAM/images/2789.jpg,NON_CSAM,Non sensitive,2789.jpg
0284.jpg,/Non_CSAM/images/0284.jpg,NON_CSAM,Non sensitive,0284.jpg
2895.png,/Non_CSAM/images/2895.png,NON_CSAM,Non sensitive,2895.png
0454.jpg,/Non_CSAM/images/0454.jpg,NON_CSAM,Non sensitive,0454.jpg
1540.jpg,/Non_CSAM/images/1540.jpg,NON_CSAM,Non sensitive,1540.jpg
2668.jpg,/Non_CSAM/images/2668.jpg,NON_CSAM,Non sensitive,2668.jpg
0586.jpg,/Non_CSAM/images/0586.jpg,NON_CSAM,Non sensitive,0586.jpg
0503.jpg,/Non_CSAM/images/0503.jpg,NON_CSAM,Non sensitive,0503.jpg
1598.jpg,/Non_CSAM/images/1598.jpg,NON_CSAM,Non sensitive,1598.jpg
2931.png,/Non_CSAM/images/2931.png,NON_CSAM,Non sensitive,2931.png
0692.jpg,/Non_CSAM/images/0692.jpg,NON_CSAM,Non sensitive,0692.jpg
0065.jpg,/Non_CSAM/images/0065.jpg,NON_CSAM,Non sensitive,0065.jpg
0148.jpg,/Non_CSAM/images/0148.jpg,NON_CSAM,Non sensitive,0148.jpg
0484.jpg,/Non_CSAM/images/0484.jpg,NON_CSAM,Non sensitive,0484.jpg
0124.jpg,/Non_CSAM/images/0124.jpg,NON_CSAM,Non sensitive,0124.jpg
2590.jpg,/Non_CSAM/images/2590.jpg,NON_CSAM,Non sensitive,2590.jpg
0843.webp,/CSAM_non_sens/images/0843.webp,CSAM,Non sensitive,0843.webp
1915.jpg,/CSAM_non_sens/images/1915.jpg,CSAM,Non sensitive,1915.jpg
2003.jpg,/CSAM_non_sens/images/2003.jpg,CSAM,Non sensitive,2003.jpg
0852.webp,/CSAM_non_sens/images/0852.webp,CSAM,Non sensitive,0852.webp
3128.jpg,/CSAM_non_sens/images/3128.jpg,CSAM,Non sensitive,3128.jpg
3126.jpg,/CSAM_non_sens/images/3126.jpg,CSAM,Non sensitive,3126.jpg
1820.jpg,/CSAM_non_sens/images/1820.jpg,CSAM,Non sensitive,1820.jpg
1944.jpg,/CSAM_non_sens/images/1944.jpg,CSAM,Non sensitive,1944.jpg
0815.jpg,/CSAM_non_sens/videos/video023/0815.jpg,CSAM,Non sensitive,video023
0816.webp,/CSAM_non_sens/videos/video023/0816.webp,CSAM,Non sensitive,video023
0820.webp,/CSAM_non_sens/videos/video023/0820.webp,CSAM,Non sensitive,video023
0821.webp,/CSAM_non_sens/videos/video023/0821.webp,CSAM,Non sensitive,video023
0835.webp,/CSAM_non_sens/videos/video023/0835.webp,CSAM,Non sensitive,video023
3184.jpg,/CSAM_non_sens/images/3184.jpg,CSAM,Non sensitive,3184.jpg
1909.jpg,/CSAM_non_sens/images/1909.jpg,CSAM,Non sensitive,1909.jpg
2055.jpg,/CSAM_non_sens/images/2055.jpg,CSAM,Non sensitive,2055.jpg
0796.webp,/CSAM_non_sens/images/0796.webp,CSAM,Non sensitive,0796.webp
1950.jpg,/CSAM_non_sens/images/1950.jpg,CSAM,Non sensitive,1950.jpg
1878.jpg,/CSAM_non_sens/images/1878.jpg,CSAM,Non sensitive,1878.jpg
0882.jpg,/CSAM_non_sens/images/0882.jpg,CSAM,Non sensitive,0882.jpg
3163.jpg,/CSAM_non_sens/images/3163.jpg,CSAM,Non sensitive,3163.jpg
1852.jpg,/CSAM_non_sens/images/1852.jpg,CSAM,Non sensitive,1852.jpg
2033.jpg,/CSAM_non_sens/images/2033.jpg,CSAM,Non sensitive,2033.jpg
1998.jpg,/CSAM_non_sens/images/1998.jpg,CSAM,Non sensitive,1998.jpg
2064.jpg,/CSAM_non_sens/images/2064.jpg,CSAM,Non sensitive,2064.jpg
0808.webp,/CSAM_non_sens/images/0808.webp,CSAM,Non sensitive,0808.webp
2009.jpg,/CSAM_non_sens/images/2009.jpg,CSAM,Non sensitive,2009.jpg
2046.jpg,/CSAM_non_sens/images/2046.jpg,CSAM,Non sensitive,2046.jpg
1990.jpg,/CSAM_non_sens/images/1990.jpg,CSAM,Non sensitive,1990.jpg
3212.jpg,/CSAM_non_sens/images/3212.jpg,CSAM,Non sensitive,3212.jpg
0841.webp,/CSAM_non_sens/images/0841.webp,CSAM,Non sensitive,0841.webp
1967.jpg,/CSAM_non_sens/images/1967.jpg,CSAM,Non sensitive,1967.jpg
2059.jpg,/CSAM_non_sens/images/2059.jpg,CSAM,Non sensitive,2059.jpg
2068.jpg,/CSAM_non_sens/images/2068.jpg,CSAM,Non sensitive,2068.jpg
3339.jpg,/CSAM_non_sens/videos/video014/3339.jpg,CSAM,Non sensitive,video014
3342.jpg,/CSAM_non_sens/videos/video014/3342.jpg,CSAM,Non sensitive,video014
3344.jpg,/CSAM_non_sens/videos/video014/3344.jpg,CSAM,Non sensitive,video014
3345.jpg,/CSAM_non_sens/videos/video014/3345.jpg,CSAM,Non sensitive,video014
3346.jpg,/CSAM_non_sens/videos/video014/3346.jpg,CSAM,Non sensitive,video014
3350.jpg,/CSAM_non_sens/videos/video014/3350.jpg,CSAM,Non sensitive,video014
3353.jpg,/CSAM_non_sens/videos/video014/3353.jpg,CSAM,Non sensitive,video014
3361.jpg,/CSAM_non_sens/videos/video014/3361.jpg,CSAM,Non sensitive,video014
3362.jpg,/CSAM_non_sens/videos/video014/3362.jpg,CSAM,Non sensitive,video014
3363.jpg,/CSAM_non_sens/videos/video014/3363.jpg,CSAM,Non sensitive,video014
3364.jpg,/CSAM_non_sens/videos/video014/3364.jpg,CSAM,Non sensitive,video014
3366.jpg,/CSAM_non_sens/videos/video014/3366.jpg,CSAM,Non sensitive,video014
3367.jpg,/CSAM_non_sens/videos/video014/3367.jpg,CSAM,Non sensitive,video014
3368.jpg,/CSAM_non_sens/videos/video014/3368.jpg,CSAM,Non sensitive,video014
3369.jpg,/CSAM_non_sens/videos/video014/3369.jpg,CSAM,Non sensitive,video014
3370.jpg,/CSAM_non_sens/videos/video014/3370.jpg,CSAM,Non sensitive,video014
3372.jpg,/CSAM_non_sens/videos/video014/3372.jpg,CSAM,Non sensitive,video014
3373.jpg,/CSAM_non_sens/videos/video014/3373.jpg,CSAM,Non sensitive,video014
3374.jpg,/CSAM_non_sens/videos/video014/3374.jpg,CSAM,Non sensitive,video014
3375.jpg,/CSAM_non_sens/videos/video014/3375.jpg,CSAM,Non sensitive,video014
3376.jpg,/CSAM_non_sens/videos/video014/3376.jpg,CSAM,Non sensitive,video014
3189.jpg,/CSAM_non_sens/videos/video035/3189.jpg,CSAM,Non sensitive,video035
3190.jpg,/CSAM_non_sens/videos/video035/3190.jpg,CSAM,Non sensitive,video035
0830.webp,/CSAM_non_sens/images/0830.webp,CSAM,Non sensitive,0830.webp
0871.jpg,/CSAM_non_sens/images/0871.jpg,CSAM,Non sensitive,0871.jpg
1883.jpg,/CSAM_non_sens/images/1883.jpg,CSAM,Non sensitive,1883.jpg
1850.jpg,/CSAM_non_sens/images/1850.jpg,CSAM,Non sensitive,1850.jpg
1876.jpg,/CSAM_non_sens/images/1876.jpg,CSAM,Non sensitive,1876.jpg
3210.jpg,/CSAM_non_sens/images/3210.jpg,CSAM,Non sensitive,3210.jpg
0865.webp,/CSAM_non_sens/images/0865.webp,CSAM,Non sensitive,0865.webp
1947.jpg,/CSAM_non_sens/images/1947.jpg,CSAM,Non sensitive,1947.jpg
3341.jpg,/CSAM_non_sens/videos/video015/3341.jpg,CSAM,Non sensitive,video015
3351.jpg,/CSAM_non_sens/videos/video015/3351.jpg,CSAM,Non sensitive,video015
3352.jpg,/CSAM_non_sens/videos/video015/3352.jpg,CSAM,Non sensitive,video015
3354.jpg,/CSAM_non_sens/videos/video015/3354.jpg,CSAM,Non sensitive,video015
3356.jpg,/CSAM_non_sens/videos/video015/3356.jpg,CSAM,Non sensitive,video015
3357.jpg,/CSAM_non_sens/videos/video015/3357.jpg,CSAM,Non sensitive,video015
3358.jpg,/CSAM_non_sens/videos/video015/3358.jpg,CSAM,Non sensitive,video015
3365.jpg,/CSAM_non_sens/videos/video015/3365.jpg,CSAM,Non sensitive,video015
2052.jpg,/CSAM_non_sens/images/2052.jpg,CSAM,Non sensitive,2052.jpg
3171.jpg,/CSAM_non_sens/images/3171.jpg,CSAM,Non sensitive,3171.jpg
2015.jpg,/CSAM_non_sens/images/2015.jpg,CSAM,Non sensitive,2015.jpg
0886.jpg,/CSAM_non_sens/images/0886.jpg,CSAM,Non sensitive,0886.jpg
1839.jpg,/CSAM_non_sens/images/1839.jpg,CSAM,Non sensitive,1839.jpg
1860.jpg,/CSAM_non_sens/images/1860.jpg,CSAM,Non sensitive,1860.jpg
0809.webp,/CSAM_non_sens/images/0809.webp,CSAM,Non sensitive,0809.webp
0849.webp,/CSAM_non_sens/images/0849.webp,CSAM,Non sensitive,0849.webp
0798.webp,/CSAM_non_sens/images/0798.webp,CSAM,Non sensitive,0798.webp
2056.jpg,/CSAM_non_sens/images/2056.jpg,CSAM,Non sensitive,2056.jpg
3172.jpg,/CSAM_non_sens/videos/video038/3172.jpg,CSAM,Non sensitive,video038
3173.jpg,/CSAM_non_sens/videos/video038/3173.jpg,CSAM,Non sensitive,video038
3174.jpg,/CSAM_non_sens/videos/video038/3174.jpg,CSAM,Non sensitive,video038
3175.jpg,/CSAM_non_sens/videos/video038/3175.jpg,CSAM,Non sensitive,video038
3177.jpg,/CSAM_non_sens/videos/video038/3177.jpg,CSAM,Non sensitive,video038
3178.jpg,/CSAM_non_sens/videos/video038/3178.jpg,CSAM,Non sensitive,video038
3139.jpg,/CSAM_non_sens/videos/video030/3139.jpg,CSAM,Non sensitive,video030
3140.jpg,/CSAM_non_sens/videos/video030/3140.jpg,CSAM,Non sensitive,video030
3141.jpg,/CSAM_non_sens/videos/video030/3141.jpg,CSAM,Non sensitive,video030
3142.jpg,/CSAM_non_sens/videos/video030/3142.jpg,CSAM,Non sensitive,video030
3144.jpg,/CSAM_non_sens/videos/video030/3144.jpg,CSAM,Non sensitive,video030
3157.jpg,/CSAM_non_sens/images/3157.jpg,CSAM,Non sensitive,3157.jpg
3200.jpg,/CSAM_non_sens/images/3200.jpg,CSAM,Non sensitive,3200.jpg
0880.jpg,/CSAM_non_sens/images/0880.jpg,CSAM,Non sensitive,0880.jpg
3149.jpg,/CSAM_non_sens/images/3149.jpg,CSAM,Non sensitive,3149.jpg
1974.jpg,/CSAM_non_sens/images/1974.jpg,CSAM,Non sensitive,1974.jpg
1875.jpg,/CSAM_non_sens/images/1875.jpg,CSAM,Non sensitive,1875.jpg
0825.webp,/CSAM_non_sens/images/0825.webp,CSAM,Non sensitive,0825.webp
3263.jpg,/CSAM_non_sens/videos/video008/3263.jpg,CSAM,Non sensitive,video008
3347.jpg,/CSAM_non_sens/videos/video008/3347.jpg,CSAM,Non sensitive,video008
3378.png,/CSAM_non_sens/videos/video008/3378.png,CSAM,Non sensitive,video008
3406.jpg,/CSAM_non_sens/videos/video008/3406.jpg,CSAM,Non sensitive,video008
3409.jpg,/CSAM_non_sens/videos/video008/3409.jpg,CSAM,Non sensitive,video008
3417.jpg,/CSAM_non_sens/videos/video008/3417.jpg,CSAM,Non sensitive,video008
3418.jpg,/CSAM_non_sens/videos/video008/3418.jpg,CSAM,Non sensitive,video008
3427.jpg,/CSAM_non_sens/videos/video008/3427.jpg,CSAM,Non sensitive,video008
3428.jpg,/CSAM_non_sens/videos/video008/3428.jpg,CSAM,Non sensitive,video008
3429.jpg,/CSAM_non_sens/videos/video008/3429.jpg,CSAM,Non sensitive,video008
3430.jpg,/CSAM_non_sens/videos/video008/3430.jpg,CSAM,Non sensitive,video008
3431.jpg,/CSAM_non_sens/videos/video008/3431.jpg,CSAM,Non sensitive,video008
3433.jpg,/CSAM_non_sens/videos/video008/3433.jpg,CSAM,Non sensitive,video008
3434.jpg,/CSAM_non_sens/videos/video008/3434.jpg,CSAM,Non sensitive,video008
3435.jpg,/CSAM_non_sens/videos/video008/3435.jpg,CSAM,Non sensitive,video008
3436.jpg,/CSAM_non_sens/videos/video008/3436.jpg,CSAM,Non sensitive,video008
3437.jpg,/CSAM_non_sens/videos/video008/3437.jpg,CSAM,Non sensitive,video008
3438.jpg,/CSAM_non_sens/videos/video008/3438.jpg,CSAM,Non sensitive,video008
3487.jpg,/CSAM_non_sens/videos/video008/3487.jpg,CSAM,Non sensitive,video008
3909.png,/CSAM_sens/videos/video010/3909.png,CSAM,Sensitive,video010
3910.png,/CSAM_sens/videos/video010/3910.png,CSAM,Sensitive,video010
3911.png,/CSAM_sens/videos/video010/3911.png,CSAM,Sensitive,video010
3912.png,/CSAM_sens/videos/video010/3912.png,CSAM,Sensitive,video010
3913.png,/CSAM_sens/videos/video010/3913.png,CSAM,Sensitive,video010
3914.png,/CSAM_sens/videos/video010/3914.png,CSAM,Sensitive,video010
3915.png,/CSAM_sens/videos/video010/3915.png,CSAM,Sensitive,video010
3916.png,/CSAM_sens/videos/video010/3916.png,CSAM,Sensitive,video010
3917.png,/CSAM_sens/videos/video010/3917.png,CSAM,Sensitive,video010
3918.png,/CSAM_sens/videos/video010/3918.png,CSAM,Sensitive,video010
3919.png,/CSAM_sens/videos/video010/3919.png,CSAM,Sensitive,video010
3920.png,/CSAM_sens/videos/video010/3920.png,CSAM,Sensitive,video010
1184.png,/CSAM_sens/images/1184.png,CSAM,Sensitive,1184.png
1080.jpeg,/CSAM_sens/images/1080.jpeg,CSAM,Sensitive,1080.jpeg
3710.png,/CSAM_sens/videos/video033/3710.png,CSAM,Sensitive,video033
3711.png,/CSAM_sens/videos/video033/3711.png,CSAM,Sensitive,video033
3712.png,/CSAM_sens/videos/video033/3712.png,CSAM,Sensitive,video033
3713.png,/CSAM_sens/videos/video033/3713.png,CSAM,Sensitive,video033
3714.png,/CSAM_sens/videos/video033/3714.png,CSAM,Sensitive,video033
3715.png,/CSAM_sens/videos/video033/3715.png,CSAM,Sensitive,video033
3716.png,/CSAM_sens/videos/video033/3716.png,CSAM,Sensitive,video033
3717.png,/CSAM_sens/videos/video033/3717.png,CSAM,Sensitive,video033
3718.png,/CSAM_sens/videos/video033/3718.png,CSAM,Sensitive,video033
3719.png,/CSAM_sens/videos/video033/3719.png,CSAM,Sensitive,video033
3720.png,/CSAM_sens/videos/video033/3720.png,CSAM,Sensitive,video033
3721.png,/CSAM_sens/videos/video033/3721.png,CSAM,Sensitive,video033
3722.png,/CSAM_sens/videos/video033/3722.png,CSAM,Sensitive,video033
3723.png,/CSAM_sens/videos/video033/3723.png,CSAM,Sensitive,video033
3724.png,/CSAM_sens/videos/video033/3724.png,CSAM,Sensitive,video033
3725.png,/CSAM_sens/videos/video033/3725.png,CSAM,Sensitive,video033
3726.png,/CSAM_sens/videos/video033/3726.png,CSAM,Sensitive,video033
3727.png,/CSAM_sens/videos/video033/3727.png,CSAM,Sensitive,video033
3728.png,/CSAM_sens/videos/video033/3728.png,CSAM,Sensitive,video033
3729.png,/CSAM_sens/videos/video033/3729.png,CSAM,Sensitive,video033
3730.png,/CSAM_sens/videos/video033/3730.png,CSAM,Sensitive,video033
3731.png,/CSAM_sens/videos/video033/3731.png,CSAM,Sensitive,video033
3732.png,/CSAM_sens/videos/video033/3732.png,CSAM,Sensitive,video033
3733.png,/CSAM_sens/videos/video033/3733.png,CSAM,Sensitive,video033
3734.png,/CSAM_sens/videos/video033/3734.png,CSAM,Sensitive,video033
3735.png,/CSAM_sens/videos/video033/3735.png,CSAM,Sensitive,video033
1140.jpeg,/CSAM_sens/images/1140.jpeg,CSAM,Sensitive,1140.jpeg
0993.jpg,/CSAM_sens/images/0993.jpg,CSAM,Sensitive,0993.jpg
3572.png,/CSAM_sens/videos/video057/3572.png,CSAM,Sensitive,video057
3573.png,/CSAM_sens/videos/video057/3573.png,CSAM,Sensitive,video057
3574.png,/CSAM_sens/videos/video057/3574.png,CSAM,Sensitive,video057
1097.jpeg,/CSAM_sens/images/1097.jpeg,CSAM,Sensitive,1097.jpeg
1174.png,/CSAM_sens/images/1174.png,CSAM,Sensitive,1174.png
1149.jpeg,/CSAM_sens/images/1149.jpeg,CSAM,Sensitive,1149.jpeg
1244.jpg,/CSAM_sens/images/1244.jpg,CSAM,Sensitive,1244.jpg
1071.jpg,/CSAM_sens/images/1071.jpg,CSAM,Sensitive,1071.jpg
1192.jpg,/CSAM_sens/images/1192.jpg,CSAM,Sensitive,1192.jpg
1011.jpg,/CSAM_sens/images/1011.jpg,CSAM,Sensitive,1011.jpg
3581.png,/CSAM_sens/videos/video055/3581.png,CSAM,Sensitive,video055
3582.png,/CSAM_sens/videos/video055/3582.png,CSAM,Sensitive,video055
3583.png,/CSAM_sens/videos/video055/3583.png,CSAM,Sensitive,video055
3584.png,/CSAM_sens/videos/video055/3584.png,CSAM,Sensitive,video055
3560.png,/CSAM_sens/videos/video060/3560.png,CSAM,Sensitive,video060
3561.png,/CSAM_sens/videos/video060/3561.png,CSAM,Sensitive,video060
3562.png,/CSAM_sens/videos/video060/3562.png,CSAM,Sensitive,video060
3563.png,/CSAM_sens/videos/video060/3563.png,CSAM,Sensitive,video060
3564.png,/CSAM_sens/videos/video060/3564.png,CSAM,Sensitive,video060
3565.png,/CSAM_sens/videos/video060/3565.png,CSAM,Sensitive,video060
1266.jpg,/CSAM_sens/images/1266.jpg,CSAM,Sensitive,1266.jpg
0936.jpeg,/CSAM_sens/images/0936.jpeg,CSAM,Sensitive,0936.jpeg
1277.jpg,/CSAM_sens/images/1277.jpg,CSAM,Sensitive,1277.jpg
1281.jpg,/CSAM_sens/images/1281.jpg,CSAM,Sensitive,1281.jpg
1146.jpeg,/CSAM_sens/images/1146.jpeg,CSAM,Sensitive,1146.jpeg
3623.png,/CSAM_sens/videos/video047/3623.png,CSAM,Sensitive,video047
3624.png,/CSAM_sens/videos/video047/3624.png,CSAM,Sensitive,video047
3625.png,/CSAM_sens/videos/video047/3625.png,CSAM,Sensitive,video047
3626.png,/CSAM_sens/videos/video047/3626.png,CSAM,Sensitive,video047
3627.png,/CSAM_sens/videos/video047/3627.png,CSAM,Sensitive,video047
3628.png,/CSAM_sens/videos/video047/3628.png,CSAM,Sensitive,video047
3629.png,/CSAM_sens/videos/video047/3629.png,CSAM,Sensitive,video047
3630.png,/CSAM_sens/videos/video047/3630.png,CSAM,Sensitive,video047
3631.png,/CSAM_sens/videos/video047/3631.png,CSAM,Sensitive,video047
3632.png,/CSAM_sens/videos/video047/3632.png,CSAM,Sensitive,video047
3633.png,/CSAM_sens/videos/video047/3633.png,CSAM,Sensitive,video047
3689.png,/CSAM_sens/videos/video035/3689.png,CSAM,Sensitive,video035
3690.png,/CSAM_sens/videos/video035/3690.png,CSAM,Sensitive,video035
3691.png,/CSAM_sens/videos/video035/3691.png,CSAM,Sensitive,video035
3692.png,/CSAM_sens/videos/video035/3692.png,CSAM,Sensitive,video035
3693.png,/CSAM_sens/videos/video035/3693.png,CSAM,Sensitive,video035
3694.png,/CSAM_sens/videos/video035/3694.png,CSAM,Sensitive,video035
3695.png,/CSAM_sens/videos/video035/3695.png,CSAM,Sensitive,video035
3696.png,/CSAM_sens/videos/video035/3696.png,CSAM,Sensitive,video035
3697.png,/CSAM_sens/videos/video035/3697.png,CSAM,Sensitive,video035
3698.png,/CSAM_sens/videos/video035/3698.png,CSAM,Sensitive,video035
3699.png,/CSAM_sens/videos/video035/3699.png,CSAM,Sensitive,video035
3700.png,/CSAM_sens/videos/video035/3700.png,CSAM,Sensitive,video035
3537.png,/CSAM_sens/videos/video064/3537.png,CSAM,Sensitive,video064
3538.png,/CSAM_sens/videos/video064/3538.png,CSAM,Sensitive,video064
3539.png,/CSAM_sens/videos/video064/3539.png,CSAM,Sensitive,video064
3540.png,/CSAM_sens/videos/video064/3540.png,CSAM,Sensitive,video064
3541.png,/CSAM_sens/videos/video064/3541.png,CSAM,Sensitive,video064
1115.jpg,/CSAM_sens/images/1115.jpg,CSAM,Sensitive,1115.jpg
1009.jpg,/CSAM_sens/images/1009.jpg,CSAM,Sensitive,1009.jpg
1258.jpg,/CSAM_sens/images/1258.jpg,CSAM,Sensitive,1258.jpg
1116.jpg,/CSAM_sens/images/1116.jpg,CSAM,Sensitive,1116.jpg
0982.jpg,/CSAM_sens/images/0982.jpg,CSAM,Sensitive,0982.jpg
1119.jpg,/CSAM_sens/images/1119.jpg,CSAM,Sensitive,1119.jpg
1065.jpg,/CSAM_sens/images/1065.jpg,CSAM,Sensitive,1065.jpg
1130.jpeg,/CSAM_sens/images/1130.jpeg,CSAM,Sensitive,1130.jpeg
0914.jpg,/CSAM_sens/images/0914.jpg,CSAM,Sensitive,0914.jpg
1002.jpg,/CSAM_sens/images/1002.jpg,CSAM,Sensitive,1002.jpg
3824.png,/CSAM_sens/videos/video022/3824.png,CSAM,Sensitive,video022
3825.png,/CSAM_sens/videos/video022/3825.png,CSAM,Sensitive,video022
3826.png,/CSAM_sens/videos/video022/3826.png,CSAM,Sensitive,video022
3827.png,/CSAM_sens/videos/video022/3827.png,CSAM,Sensitive,video022
3828.png,/CSAM_sens/videos/video022/3828.png,CSAM,Sensitive,video022
3829.png,/CSAM_sens/videos/video022/3829.png,CSAM,Sensitive,video022
3830.png,/CSAM_sens/videos/video022/3830.png,CSAM,Sensitive,video022
1263.jpg,/CSAM_sens/images/1263.jpg,CSAM,Sensitive,1263.jpg
1198.jpg,/CSAM_sens/images/1198.jpg,CSAM,Sensitive,1198.jpg
0921.jpg,/CSAM_sens/images/0921.jpg,CSAM,Sensitive,0921.jpg
1029.jpg,/CSAM_sens/images/1029.jpg,CSAM,Sensitive,1029.jpg
1253.jpg,/CSAM_sens/images/1253.jpg,CSAM,Sensitive,1253.jpg
3559.png,/CSAM_sens/images/3559.png,CSAM,Sensitive,3559.png
2078.jpg,/CSAM_sens/videos/video086/2078.jpg,CSAM,Sensitive,video086
2079.jpg,/CSAM_sens/videos/video086/2079.jpg,CSAM,Sensitive,video086
2080.jpg,/CSAM_sens/videos/video086/2080.jpg,CSAM,Sensitive,video086
2081.jpg,/CSAM_sens/videos/video086/2081.jpg,CSAM,Sensitive,video086
2082.jpg,/CSAM_sens/videos/video086/2082.jpg,CSAM,Sensitive,video086
2083.jpg,/CSAM_sens/videos/video086/2083.jpg,CSAM,Sensitive,video086
2084.jpg,/CSAM_sens/videos/video086/2084.jpg,CSAM,Sensitive,video086
2085.jpg,/CSAM_sens/videos/video086/2085.jpg,CSAM,Sensitive,video086
2086.jpg,/CSAM_sens/videos/video086/2086.jpg,CSAM,Sensitive,video086
2087.jpg,/CSAM_sens/videos/video086/2087.jpg,CSAM,Sensitive,video086
2088.jpg,/CSAM_sens/videos/video086/2088.jpg,CSAM,Sensitive,video086
2089.jpg,/CSAM_sens/videos/video086/2089.jpg,CSAM,Sensitive,video086
1099.jpeg,/CSAM_sens/images/1099.jpeg,CSAM,Sensitive,1099.jpeg
1301.jpg,/CSAM_sens/images/1301.jpg,CSAM,Sensitive,1301.jpg
1222.jpg,/CSAM_sens/images/1222.jpg,CSAM,Sensitive,1222.jpg
3982.png,/CSAM_sens/videos/video003/3982.png,CSAM,Sensitive,video003
3983.png,/CSAM_sens/videos/video003/3983.png,CSAM,Sensitive,video003
3984.png,/CSAM_sens/videos/video003/3984.png,CSAM,Sensitive,video003
3985.png,/CSAM_sens/videos/video003/3985.png,CSAM,Sensitive,video003
3986.png,/CSAM_sens/videos/video003/3986.png,CSAM,Sensitive,video003
3987.png,/CSAM_sens/videos/video003/3987.png,CSAM,Sensitive,video003
3988.png,/CSAM_sens/videos/video003/3988.png,CSAM,Sensitive,video003
3989.png,/CSAM_sens/videos/video003/3989.png,CSAM,Sensitive,video003
3990.png,/CSAM_sens/videos/video003/3990.png,CSAM,Sensitive,video003
3991.png,/CSAM_sens/videos/video003/3991.png,CSAM,Sensitive,video003
3992.png,/CSAM_sens/videos/video003/3992.png,CSAM,Sensitive,video003
3874.png,/CSAM_sens/videos/video014/3874.png,CSAM,Sensitive,video014
3875.png,/CSAM_sens/videos/video014/3875.png,CSAM,Sensitive,video014
1173.png,/CSAM_sens/images/1173.png,CSAM,Sensitive,1173.png
0992.jpg,/CSAM_sens/images/0992.jpg,CSAM,Sensitive,0992.jpg
1150.jpeg,/CSAM_sens/images/1150.jpeg,CSAM,Sensitive,1150.jpeg
3838.png,/CSAM_sens/videos/video020/3838.png,CSAM,Sensitive,video020
3839.png,/CSAM_sens/videos/video020/3839.png,CSAM,Sensitive,video020
3840.png,/CSAM_sens/videos/video020/3840.png,CSAM,Sensitive,video020
3841.png,/CSAM_sens/videos/video020/3841.png,CSAM,Sensitive,video020
3842.png,/CSAM_sens/videos/video020/3842.png,CSAM,Sensitive,video020
3843.png,/CSAM_sens/videos/video020/3843.png,CSAM,Sensitive,video020
3844.png,/CSAM_sens/videos/video020/3844.png,CSAM,Sensitive,video020
0931.jpeg,/CSAM_sens/images/0931.jpeg,CSAM,Sensitive,0931.jpeg
1274.jpg,/CSAM_sens/images/1274.jpg,CSAM,Sensitive,1274.jpg
1021.jpg,/CSAM_sens/images/1021.jpg,CSAM,Sensitive,1021.jpg
1200.jpg,/CSAM_sens/images/1200.jpg,CSAM,Sensitive,1200.jpg
1201.jpg,/CSAM_sens/images/1201.jpg,CSAM,Sensitive,1201.jpg
1302.jpg,/CSAM_sens/images/1302.jpg,CSAM,Sensitive,1302.jpg
1305.jpg,/CSAM_sens/images/1305.jpg,CSAM,Sensitive,1305.jpg
1240.jpg,/CSAM_sens/images/1240.jpg,CSAM,Sensitive,1240.jpg
1040.jpg,/CSAM_sens/images/1040.jpg,CSAM,Sensitive,1040.jpg
3575.png,/CSAM_sens/videos/video056/3575.png,CSAM,Sensitive,video056
3576.png,/CSAM_sens/videos/video056/3576.png,CSAM,Sensitive,video056
3577.png,/CSAM_sens/videos/video056/3577.png,CSAM,Sensitive,video056
3578.png,/CSAM_sens/videos/video056/3578.png,CSAM,Sensitive,video056
3579.png,/CSAM_sens/videos/video056/3579.png,CSAM,Sensitive,video056
3580.png,/CSAM_sens/videos/video056/3580.png,CSAM,Sensitive,video056
1210.jpg,/CSAM_sens/images/1210.jpg,CSAM,Sensitive,1210.jpg
0918.jpg,/CSAM_sens/images/0918.jpg,CSAM,Sensitive,0918.jpg
1227.jpg,/CSAM_sens/images/1227.jpg,CSAM,Sensitive,1227.jpg
1257.jpg,/CSAM_sens/images/1257.jpg,CSAM,Sensitive,1257.jpg
3855.png,/CSAM_sens/videos/video016/3855.png,CSAM,Sensitive,video016
3856.png,/CSAM_sens/videos/video016/3856.png,CSAM,Sensitive,video016
3857.png,/CSAM_sens/videos/video016/3857.png,CSAM,Sensitive,video016
3858.png,/CSAM_sens/videos/video016/3858.png,CSAM,Sensitive,video016
3859.png,/CSAM_sens/videos/video016/3859.png,CSAM,Sensitive,video016
3860.png,/CSAM_sens/videos/video016/3860.png,CSAM,Sensitive,video016
3861.png,/CSAM_sens/videos/video016/3861.png,CSAM,Sensitive,video016
3862.png,/CSAM_sens/videos/video016/3862.png,CSAM,Sensitive,video016
1276.jpg,/CSAM_sens/images/1276.jpg,CSAM,Sensitive,1276.jpg
1312.jpg,/CSAM_sens/images/1312.jpg,CSAM,Sensitive,1312.jpg
1062.jpg,/CSAM_sens/images/1062.jpg,CSAM,Sensitive,1062.jpg
1203.jpg,/CSAM_sens/images/1203.jpg,CSAM,Sensitive,1203.jpg
1118.jpg,/CSAM_sens/images/1118.jpg,CSAM,Sensitive,1118.jpg
0961.jpg,/CSAM_sens/images/0961.jpg,CSAM,Sensitive,0961.jpg
1249.jpg,/CSAM_sens/images/1249.jpg,CSAM,Sensitive,1249.jpg
1074.jpg,/CSAM_sens/images/1074.jpg,CSAM,Sensitive,1074.jpg
1093.jpeg,/CSAM_sens/images/1093.jpeg,CSAM,Sensitive,1093.jpeg
0913.jpg,/CSAM_sens/images/0913.jpg,CSAM,Sensitive,0913.jpg
3553.png,/CSAM_sens/images/3553.png,CSAM,Sensitive,3553.png
1148.jpeg,/CSAM_sens/images/1148.jpeg,CSAM,Sensitive,1148.jpeg
3668.png,/CSAM_sens/videos/video039/3668.png,CSAM,Sensitive,video039
3669.png,/CSAM_sens/videos/video039/3669.png,CSAM,Sensitive,video039
3670.png,/CSAM_sens/videos/video039/3670.png,CSAM,Sensitive,video039
1193.jpg,/CSAM_sens/images/1193.jpg,CSAM,Sensitive,1193.jpg
1267.jpg,/CSAM_sens/images/1267.jpg,CSAM,Sensitive,1267.jpg
1155.jpeg,/CSAM_sens/images/1155.jpeg,CSAM,Sensitive,1155.jpeg
1177.png,/CSAM_sens/images/1177.png,CSAM,Sensitive,1177.png
3606.png,/CSAM_sens/images/3606.png,CSAM,Sensitive,3606.png
1164.jpeg,/CSAM_sens/images/1164.jpeg,CSAM,Sensitive,1164.jpeg
1077.jpg,/CSAM_sens/images/1077.jpg,CSAM,Sensitive,1077.jpg
1208.jpg,/CSAM_sens/images/1208.jpg,CSAM,Sensitive,1208.jpg
1058.jpg,/CSAM_sens/images/1058.jpg,CSAM,Sensitive,1058.jpg
2755.jpg,/Non_CSAM/images/2755.jpg,NON_CSAM,Non sensitive,2755.jpg
0155.jpg,/Non_CSAM/images/0155.jpg,NON_CSAM,Non sensitive,0155.jpg
0015.webp,/Non_CSAM/images/0015.webp,NON_CSAM,Non sensitive,0015.webp
3107.jpg,/Non_CSAM/images/3107.jpg,NON_CSAM,Non sensitive,3107.jpg
1754.jpg,/Non_CSAM/images/1754.jpg,NON_CSAM,Non sensitive,1754.jpg
0487.jpg,/Non_CSAM/images/0487.jpg,NON_CSAM,Non sensitive,0487.jpg
1683.jpg,/Non_CSAM/images/1683.jpg,NON_CSAM,Non sensitive,1683.jpg
1753.jpg,/Non_CSAM/images/1753.jpg,NON_CSAM,Non sensitive,1753.jpg
0044.webp,/Non_CSAM/images/0044.webp,NON_CSAM,Non sensitive,0044.webp
0708.jpg,/Non_CSAM/images/0708.jpg,NON_CSAM,Non sensitive,0708.jpg
0139.jpg,/Non_CSAM/images/0139.jpg,NON_CSAM,Non sensitive,0139.jpg
0476.jpg,/Non_CSAM/images/0476.jpg,NON_CSAM,Non sensitive,0476.jpg
0523.jpg,/Non_CSAM/images/0523.jpg,NON_CSAM,Non sensitive,0523.jpg
0261.jpg,/Non_CSAM/images/0261.jpg,NON_CSAM,Non sensitive,0261.jpg
1470.jpg,/Non_CSAM/images/1470.jpg,NON_CSAM,Non sensitive,1470.jpg
1605.jpg,/Non_CSAM/images/1605.jpg,NON_CSAM,Non sensitive,1605.jpg
1441.jpg,/Non_CSAM/images/1441.jpg,NON_CSAM,Non sensitive,1441.jpg
0781.jpg,/Non_CSAM/images/0781.jpg,NON_CSAM,Non sensitive,0781.jpg
3111.jpg,/Non_CSAM/images/3111.jpg,NON_CSAM,Non sensitive,3111.jpg
2673.jpg,/Non_CSAM/images/2673.jpg,NON_CSAM,Non sensitive,2673.jpg
2989.png,/Non_CSAM/images/2989.png,NON_CSAM,Non sensitive,2989.png
0654.jpg,/Non_CSAM/images/0654.jpg,NON_CSAM,Non sensitive,0654.jpg
2766.jpg,/Non_CSAM/images/2766.jpg,NON_CSAM,Non sensitive,2766.jpg
0427.jpg,/Non_CSAM/images/0427.jpg,NON_CSAM,Non sensitive,0427.jpg
2712.jpg,/Non_CSAM/images/2712.jpg,NON_CSAM,Non sensitive,2712.jpg
3078.jpg,/Non_CSAM/images/3078.jpg,NON_CSAM,Non sensitive,3078.jpg
2854.png,/Non_CSAM/images/2854.png,NON_CSAM,Non sensitive,2854.png
2929.png,/Non_CSAM/images/2929.png,NON_CSAM,Non sensitive,2929.png
0449.jpg,/Non_CSAM/images/0449.jpg,NON_CSAM,Non sensitive,0449.jpg
1410.jpg,/Non_CSAM/images/1410.jpg,NON_CSAM,Non sensitive,1410.jpg
1791.jpg,/Non_CSAM/images/1791.jpg,NON_CSAM,Non sensitive,1791.jpg
1626.jpg,/Non_CSAM/images/1626.jpg,NON_CSAM,Non sensitive,1626.jpg
3000.png,/Non_CSAM/images/3000.png,NON_CSAM,Non sensitive,3000.png
0354.jpg,/Non_CSAM/images/0354.jpg,NON_CSAM,Non sensitive,0354.jpg
1674.jpg,/Non_CSAM/images/1674.jpg,NON_CSAM,Non sensitive,1674.jpg
1519.jpg,/Non_CSAM/images/1519.jpg,NON_CSAM,Non sensitive,1519.jpg
2649.jpg,/Non_CSAM/images/2649.jpg,NON_CSAM,Non sensitive,2649.jpg
0276.jpg,/Non_CSAM/images/0276.jpg,NON_CSAM,Non sensitive,0276.jpg
0271.jpg,/Non_CSAM/images/0271.jpg,NON_CSAM,Non sensitive,0271.jpg
2876.png,/Non_CSAM/images/2876.png,NON_CSAM,Non sensitive,2876.png
1636.jpg,/Non_CSAM/images/1636.jpg,NON_CSAM,Non sensitive,1636.jpg
2865.png,/Non_CSAM/images/2865.png,NON_CSAM,Non sensitive,2865.png
0151.jpg,/Non_CSAM/images/0151.jpg,NON_CSAM,Non sensitive,0151.jpg
1541.jpg,/Non_CSAM/images/1541.jpg,NON_CSAM,Non sensitive,1541.jpg
2806.jpg,/Non_CSAM/images/2806.jpg,NON_CSAM,Non sensitive,2806.jpg
0185.jpg,/Non_CSAM/images/0185.jpg,NON_CSAM,Non sensitive,0185.jpg
3073.jpg,/Non_CSAM/images/3073.jpg,NON_CSAM,Non sensitive,3073.jpg
3010.png,/Non_CSAM/images/3010.png,NON_CSAM,Non sensitive,3010.png
0509.jpg,/Non_CSAM/images/0509.jpg,NON_CSAM,Non sensitive,0509.jpg
0122.jpg,/Non_CSAM/images/0122.jpg,NON_CSAM,Non sensitive,0122.jpg
0506.jpg,/Non_CSAM/images/0506.jpg,NON_CSAM,Non sensitive,0506.jpg
0645.jpg,/Non_CSAM/images/0645.jpg,NON_CSAM,Non sensitive,0645.jpg
0759.webp,/Non_CSAM/images/0759.webp,NON_CSAM,Non sensitive,0759.webp
0243.jpg,/Non_CSAM/images/0243.jpg,NON_CSAM,Non sensitive,0243.jpg
0040.webp,/Non_CSAM/images/0040.webp,NON_CSAM,Non sensitive,0040.webp
1546.jpg,/Non_CSAM/images/1546.jpg,NON_CSAM,Non sensitive,1546.jpg
0679.jpg,/Non_CSAM/images/0679.jpg,NON_CSAM,Non sensitive,0679.jpg
1775.jpg,/Non_CSAM/images/1775.jpg,NON_CSAM,Non sensitive,1775.jpg
0002.jpg,/Non_CSAM/images/0002.jpg,NON_CSAM,Non sensitive,0002.jpg
1632.jpg,/Non_CSAM/images/1632.jpg,NON_CSAM,Non sensitive,1632.jpg
2902.png,/Non_CSAM/images/2902.png,NON_CSAM,Non sensitive,2902.png
1650.jpg,/Non_CSAM/images/1650.jpg,NON_CSAM,Non sensitive,1650.jpg
0346.jpg,/Non_CSAM/images/0346.jpg,NON_CSAM,Non sensitive,0346.jpg
2869.png,/Non_CSAM/images/2869.png,NON_CSAM,Non sensitive,2869.png
0782.webp,/Non_CSAM/images/0782.webp,NON_CSAM,Non sensitive,0782.webp
2979.png,/Non_CSAM/images/2979.png,NON_CSAM,Non sensitive,2979.png
3113.jpg,/Non_CSAM/images/3113.jpg,NON_CSAM,Non sensitive,3113.jpg
3038.png,/Non_CSAM/images/3038.png,NON_CSAM,Non sensitive,3038.png
2941.png,/Non_CSAM/images/2941.png,NON_CSAM,Non sensitive,2941.png
2606.jpg,/Non_CSAM/images/2606.jpg,NON_CSAM,Non sensitive,2606.jpg
0627.jpg,/Non_CSAM/images/0627.jpg,NON_CSAM,Non sensitive,0627.jpg
2578.jpg,/Non_CSAM/images/2578.jpg,NON_CSAM,Non sensitive,2578.jpg
0230.jpg,/Non_CSAM/images/0230.jpg,NON_CSAM,Non sensitive,0230.jpg
1585.jpg,/Non_CSAM/images/1585.jpg,NON_CSAM,Non sensitive,1585.jpg
0381.jpg,/Non_CSAM/images/0381.jpg,NON_CSAM,Non sensitive,0381.jpg
2868.png,/Non_CSAM/images/2868.png,NON_CSAM,Non sensitive,2868.png
1571.jpg,/Non_CSAM/images/1571.jpg,NON_CSAM,Non sensitive,1571.jpg
0555.jpg,/Non_CSAM/images/0555.jpg,NON_CSAM,Non sensitive,0555.jpg
2779.jpg,/Non_CSAM/images/2779.jpg,NON_CSAM,Non sensitive,2779.jpg
2786.jpg,/Non_CSAM/images/2786.jpg,NON_CSAM,Non sensitive,2786.jpg
0007.webp,/Non_CSAM/images/0007.webp,NON_CSAM,Non sensitive,0007.webp
1475.jpg,/Non_CSAM/images/1475.jpg,NON_CSAM,Non sensitive,1475.jpg
0339.jpg,/Non_CSAM/images/0339.jpg,NON_CSAM,Non sensitive,0339.jpg
1434.jpg,/Non_CSAM/images/1434.jpg,NON_CSAM,Non sensitive,1434.jpg
0617.jpg,/Non_CSAM/images/0617.jpg,NON_CSAM,Non sensitive,0617.jpg
2743.jpg,/Non_CSAM/videos/video015/2743.jpg,NON_CSAM,Non sensitive,video015
2744.jpg,/Non_CSAM/videos/video015/2744.jpg,NON_CSAM,Non sensitive,video015
3095.jpg,/Non_CSAM/images/3095.jpg,NON_CSAM,Non sensitive,3095.jpg
2610.jpg,/Non_CSAM/images/2610.jpg,NON_CSAM,Non sensitive,2610.jpg
2882.png,/Non_CSAM/images/2882.png,NON_CSAM,Non sensitive,2882.png
3084.jpg,/Non_CSAM/images/3084.jpg,NON_CSAM,Non sensitive,3084.jpg
2845.png,/Non_CSAM/images/2845.png,NON_CSAM,Non sensitive,2845.png
1645.jpg,/Non_CSAM/images/1645.jpg,NON_CSAM,Non sensitive,1645.jpg
2696.jpg,/Non_CSAM/images/2696.jpg,NON_CSAM,Non sensitive,2696.jpg
0248.jpg,/Non_CSAM/images/0248.jpg,NON_CSAM,Non sensitive,0248.jpg
2784.jpg,/Non_CSAM/images/2784.jpg,NON_CSAM,Non sensitive,2784.jpg
2975.png,/Non_CSAM/images/2975.png,NON_CSAM,Non sensitive,2975.png
0024.jpeg,/Non_CSAM/images/0024.jpeg,NON_CSAM,Non sensitive,0024.jpeg
1682.jpg,/Non_CSAM/images/1682.jpg,NON_CSAM,Non sensitive,1682.jpg
0530.jpg,/Non_CSAM/images/0530.jpg,NON_CSAM,Non sensitive,0530.jpg
1629.jpg,/Non_CSAM/images/1629.jpg,NON_CSAM,Non sensitive,1629.jpg
1504.jpg,/Non_CSAM/images/1504.jpg,NON_CSAM,Non sensitive,1504.jpg
1769.jpg,/Non_CSAM/images/1769.jpg,NON_CSAM,Non sensitive,1769.jpg
1320.jpg,/Non_CSAM/images/1320.jpg,NON_CSAM,Non sensitive,1320.jpg
1327.jpg,/Non_CSAM/images/1327.jpg,NON_CSAM,Non sensitive,1327.jpg
0138.jpg,/Non_CSAM/images/0138.jpg,NON_CSAM,Non sensitive,0138.jpg
1770.jpg,/Non_CSAM/images/1770.jpg,NON_CSAM,Non sensitive,1770.jpg
0101.jpg,/Non_CSAM/videos/video001/0101.jpg,NON_CSAM,Non sensitive,video001
0102.jpg,/Non_CSAM/videos/video001/0102.jpg,NON_CSAM,Non sensitive,video001
0103.jpg,/Non_CSAM/videos/video001/0103.jpg,NON_CSAM,Non sensitive,video001
2693.jpg,/Non_CSAM/images/2693.jpg,NON_CSAM,Non sensitive,2693.jpg
2930.png,/Non_CSAM/images/2930.png,NON_CSAM,Non sensitive,2930.png
0343.jpg,/Non_CSAM/images/0343.jpg,NON_CSAM,Non sensitive,0343.jpg
2583.jpg,/Non_CSAM/images/2583.jpg,NON_CSAM,Non sensitive,2583.jpg
0329.jpg,/Non_CSAM/images/0329.jpg,NON_CSAM,Non sensitive,0329.jpg
0238.jpg,/Non_CSAM/images/0238.jpg,NON_CSAM,Non sensitive,0238.jpg
0097.jpg,/Non_CSAM/images/0097.jpg,NON_CSAM,Non sensitive,0097.jpg
2855.png,/Non_CSAM/images/2855.png,NON_CSAM,Non sensitive,2855.png
0196.jpg,/Non_CSAM/images/0196.jpg,NON_CSAM,Non sensitive,0196.jpg
1556.jpg,/Non_CSAM/images/1556.jpg,NON_CSAM,Non sensitive,1556.jpg
1589.jpg,/Non_CSAM/images/1589.jpg,NON_CSAM,Non sensitive,1589.jpg
0299.jpg,/Non_CSAM/images/0299.jpg,NON_CSAM,Non sensitive,0299.jpg
3025.png,/Non_CSAM/images/3025.png,NON_CSAM,Non sensitive,3025.png
0757.webp,/Non_CSAM/images/0757.webp,NON_CSAM,Non sensitive,0757.webp
1356.jpg,/Non_CSAM/images/1356.jpg,NON_CSAM,Non sensitive,1356.jpg
1744.jpg,/Non_CSAM/images/1744.jpg,NON_CSAM,Non sensitive,1744.jpg
1421.jpg,/Non_CSAM/images/1421.jpg,NON_CSAM,Non sensitive,1421.jpg
1746.jpg,/Non_CSAM/images/1746.jpg,NON_CSAM,Non sensitive,1746.jpg
2837.png,/Non_CSAM/images/2837.png,NON_CSAM,Non sensitive,2837.png
0554.jpg,/Non_CSAM/images/0554.jpg,NON_CSAM,Non sensitive,0554.jpg
1649.jpg,/Non_CSAM/images/1649.jpg,NON_CSAM,Non sensitive,1649.jpg
3114.jpg,/Non_CSAM/images/3114.jpg,NON_CSAM,Non sensitive,3114.jpg
2833.png,/Non_CSAM/images/2833.png,NON_CSAM,Non sensitive,2833.png
0521.jpg,/Non_CSAM/images/0521.jpg,NON_CSAM,Non sensitive,0521.jpg
1381.jpg,/Non_CSAM/videos/video009/1381.jpg,NON_CSAM,Non sensitive,video009
1383.jpg,/Non_CSAM/videos/video009/1383.jpg,NON_CSAM,Non sensitive,video009
0558.jpg,/Non_CSAM/images/0558.jpg,NON_CSAM,Non sensitive,0558.jpg
0308.jpg,/Non_CSAM/images/0308.jpg,NON_CSAM,Non sensitive,0308.jpg
1485.jpg,/Non_CSAM/images/1485.jpg,NON_CSAM,Non sensitive,1485.jpg
2614.jpg,/Non_CSAM/images/2614.jpg,NON_CSAM,Non sensitive,2614.jpg
1349.jpg,/Non_CSAM/images/1349.jpg,NON_CSAM,Non sensitive,1349.jpg
1568.jpg,/Non_CSAM/images/1568.jpg,NON_CSAM,Non sensitive,1568.jpg
2640.jpg,/Non_CSAM/images/2640.jpg,NON_CSAM,Non sensitive,2640.jpg
0451.jpg,/Non_CSAM/images/0451.jpg,NON_CSAM,Non sensitive,0451.jpg
0660.jpg,/Non_CSAM/images/0660.jpg,NON_CSAM,Non sensitive,0660.jpg
2776.jpg,/Non_CSAM/images/2776.jpg,NON_CSAM,Non sensitive,2776.jpg
1710.jpg,/Non_CSAM/images/1710.jpg,NON_CSAM,Non sensitive,1710.jpg
0448.jpg,/Non_CSAM/images/0448.jpg,NON_CSAM,Non sensitive,0448.jpg
0145.jpg,/Non_CSAM/images/0145.jpg,NON_CSAM,Non sensitive,0145.jpg
0564.jpg,/Non_CSAM/images/0564.jpg,NON_CSAM,Non sensitive,0564.jpg
1360.jpg,/Non_CSAM/images/1360.jpg,NON_CSAM,Non sensitive,1360.jpg
0662.jpg,/Non_CSAM/images/0662.jpg,NON_CSAM,Non sensitive,0662.jpg
2956.png,/Non_CSAM/images/2956.png,NON_CSAM,Non sensitive,2956.png
3122.jpg,/Non_CSAM/images/3122.jpg,NON_CSAM,Non sensitive,3122.jpg
2991.png,/Non_CSAM/images/2991.png,NON_CSAM,Non sensitive,2991.png
0485.jpg,/Non_CSAM/images/0485.jpg,NON_CSAM,Non sensitive,0485.jpg
0118.jpg,/Non_CSAM/images/0118.jpg,NON_CSAM,Non sensitive,0118.jpg
2897.png,/Non_CSAM/images/2897.png,NON_CSAM,Non sensitive,2897.png
2881.png,/Non_CSAM/images/2881.png,NON_CSAM,Non sensitive,2881.png
0680.jpg,/Non_CSAM/images/0680.jpg,NON_CSAM,Non sensitive,0680.jpg
2702.jpg,/Non_CSAM/images/2702.jpg,NON_CSAM,Non sensitive,2702.jpg
0465.jpg,/Non_CSAM/images/0465.jpg,NON_CSAM,Non sensitive,0465.jpg
1689.jpg,/Non_CSAM/images/1689.jpg,NON_CSAM,Non sensitive,1689.jpg
2709.jpg,/Non_CSAM/images/2709.jpg,NON_CSAM,Non sensitive,2709.jpg
2608.jpg,/Non_CSAM/images/2608.jpg,NON_CSAM,Non sensitive,2608.jpg
0568.jpg,/Non_CSAM/images/0568.jpg,NON_CSAM,Non sensitive,0568.jpg
0794.webp,/Non_CSAM/images/0794.webp,NON_CSAM,Non sensitive,0794.webp
1492.jpg,/Non_CSAM/images/1492.jpg,NON_CSAM,Non sensitive,1492.jpg
0350.jpg,/Non_CSAM/images/0350.jpg,NON_CSAM,Non sensitive,0350.jpg
1442.jpg,/Non_CSAM/videos/video011/1442.jpg,NON_CSAM,Non sensitive,video011
1443.jpg,/Non_CSAM/videos/video011/1443.jpg,NON_CSAM,Non sensitive,video011
2801.jpg,/Non_CSAM/images/2801.jpg,NON_CSAM,Non sensitive,2801.jpg
1639.jpg,/Non_CSAM/images/1639.jpg,NON_CSAM,Non sensitive,1639.jpg
0366.jpg,/Non_CSAM/images/0366.jpg,NON_CSAM,Non sensitive,0366.jpg
2598.jpg,/Non_CSAM/images/2598.jpg,NON_CSAM,Non sensitive,2598.jpg
1796.jpg,/Non_CSAM/images/1796.jpg,NON_CSAM,Non sensitive,1796.jpg
0156.jpg,/Non_CSAM/images/0156.jpg,NON_CSAM,Non sensitive,0156.jpg
2625.jpg,/Non_CSAM/images/2625.jpg,NON_CSAM,Non sensitive,2625.jpg
2699.jpg,/Non_CSAM/images/2699.jpg,NON_CSAM,Non sensitive,2699.jpg
2741.jpg,/Non_CSAM/images/2741.jpg,NON_CSAM,Non sensitive,2741.jpg
0562.jpg,/Non_CSAM/images/0562.jpg,NON_CSAM,Non sensitive,0562.jpg
2670.jpg,/Non_CSAM/images/2670.jpg,NON_CSAM,Non sensitive,2670.jpg
0445.jpg,/Non_CSAM/images/0445.jpg,NON_CSAM,Non sensitive,0445.jpg
0743.webp,/Non_CSAM/images/0743.webp,NON_CSAM,Non sensitive,0743.webp
0775.webp,/Non_CSAM/images/0775.webp,NON_CSAM,Non sensitive,0775.webp
0349.jpg,/Non_CSAM/images/0349.jpg,NON_CSAM,Non sensitive,0349.jpg
0763.webp,/Non_CSAM/images/0763.webp,NON_CSAM,Non sensitive,0763.webp
3016.png,/Non_CSAM/images/3016.png,NON_CSAM,Non sensitive,3016.png
2599.jpg,/Non_CSAM/images/2599.jpg,NON_CSAM,Non sensitive,2599.jpg
1474.jpg,/Non_CSAM/images/1474.jpg,NON_CSAM,Non sensitive,1474.jpg
3094.jpg,/Non_CSAM/images/3094.jpg,NON_CSAM,Non sensitive,3094.jpg
3087.jpg,/Non_CSAM/images/3087.jpg,NON_CSAM,Non sensitive,3087.jpg
0216.jpg,/Non_CSAM/images/0216.jpg,NON_CSAM,Non sensitive,0216.jpg
3118.jpg,/Non_CSAM/images/3118.jpg,NON_CSAM,Non sensitive,3118.jpg
0173.jpg,/Non_CSAM/images/0173.jpg,NON_CSAM,Non sensitive,0173.jpg
0608.jpg,/Non_CSAM/images/0608.jpg,NON_CSAM,Non sensitive,0608.jpg
2891.png,/Non_CSAM/images/2891.png,NON_CSAM,Non sensitive,2891.png
0482.jpg,/Non_CSAM/images/0482.jpg,NON_CSAM,Non sensitive,0482.jpg
2652.jpg,/Non_CSAM/images/2652.jpg,NON_CSAM,Non sensitive,2652.jpg
0094.jpg,/Non_CSAM/images/0094.jpg,NON_CSAM,Non sensitive,0094.jpg
0152.jpg,/Non_CSAM/images/0152.jpg,NON_CSAM,Non sensitive,0152.jpg
2748.jpg,/Non_CSAM/images/2748.jpg,NON_CSAM,Non sensitive,2748.jpg
0409.jpg,/Non_CSAM/images/0409.jpg,NON_CSAM,Non sensitive,0409.jpg
1731.jpg,/Non_CSAM/images/1731.jpg,NON_CSAM,Non sensitive,1731.jpg
0756.webp,/Non_CSAM/images/0756.webp,NON_CSAM,Non sensitive,0756.webp
1815.jpg,/Non_CSAM/images/1815.jpg,NON_CSAM,Non sensitive,1815.jpg
2585.jpg,/Non_CSAM/images/2585.jpg,NON_CSAM,Non sensitive,2585.jpg
3006.png,/Non_CSAM/images/3006.png,NON_CSAM,Non sensitive,3006.png
0616.jpg,/Non_CSAM/images/0616.jpg,NON_CSAM,Non sensitive,0616.jpg
1679.jpg,/Non_CSAM/images/1679.jpg,NON_CSAM,Non sensitive,1679.jpg
0171.jpg,/Non_CSAM/images/0171.jpg,NON_CSAM,Non sensitive,0171.jpg
0792.jpg,/Non_CSAM/images/0792.jpg,NON_CSAM,Non sensitive,0792.jpg
0269.jpg,/Non_CSAM/images/0269.jpg,NON_CSAM,Non sensitive,0269.jpg
1644.jpg,/Non_CSAM/images/1644.jpg,NON_CSAM,Non sensitive,1644.jpg
1486.jpg,/Non_CSAM/images/1486.jpg,NON_CSAM,Non sensitive,1486.jpg
2802.jpg,/Non_CSAM/images/2802.jpg,NON_CSAM,Non sensitive,2802.jpg
0089.jpg,/Non_CSAM/images/0089.jpg,NON_CSAM,Non sensitive,0089.jpg
2960.png,/Non_CSAM/images/2960.png,NON_CSAM,Non sensitive,2960.png
0557.jpg,/Non_CSAM/images/0557.jpg,NON_CSAM,Non sensitive,0557.jpg
1785.jpg,/Non_CSAM/images/1785.jpg,NON_CSAM,Non sensitive,1785.jpg
0720.webp,/Non_CSAM/images/0720.webp,NON_CSAM,Non sensitive,0720.webp
3043.png,/Non_CSAM/images/3043.png,NON_CSAM,Non sensitive,3043.png
0751.jpg,/Non_CSAM/images/0751.jpg,NON_CSAM,Non sensitive,0751.jpg
0208.jpg,/Non_CSAM/images/0208.jpg,NON_CSAM,Non sensitive,0208.jpg
0795.webp,/Non_CSAM/images/0795.webp,NON_CSAM,Non sensitive,0795.webp
0199.jpg,/Non_CSAM/images/0199.jpg,NON_CSAM,Non sensitive,0199.jpg
0287.jpg,/Non_CSAM/videos/video007/0287.jpg,NON_CSAM,Non sensitive,video007
0288.jpg,/Non_CSAM/videos/video007/0288.jpg,NON_CSAM,Non sensitive,video007
0705.jpg,/Non_CSAM/images/0705.jpg,NON_CSAM,Non sensitive,0705.jpg
2871.png,/Non_CSAM/images/2871.png,NON_CSAM,Non sensitive,2871.png
0456.jpg,/Non_CSAM/images/0456.jpg,NON_CSAM,Non sensitive,0456.jpg
0334.jpg,/Non_CSAM/images/0334.jpg,NON_CSAM,Non sensitive,0334.jpg
3104.jpg,/Non_CSAM/images/3104.jpg,NON_CSAM,Non sensitive,3104.jpg
0712.webp,/Non_CSAM/images/0712.webp,NON_CSAM,Non sensitive,0712.webp
1409.jpg,/Non_CSAM/images/1409.jpg,NON_CSAM,Non sensitive,1409.jpg
2731.jpg,/Non_CSAM/images/2731.jpg,NON_CSAM,Non sensitive,2731.jpg
0342.jpg,/Non_CSAM/images/0342.jpg,NON_CSAM,Non sensitive,0342.jpg
2958.png,/Non_CSAM/images/2958.png,NON_CSAM,Non sensitive,2958.png
2862.png,/Non_CSAM/images/2862.png,NON_CSAM,Non sensitive,2862.png
0014.webp,/Non_CSAM/images/0014.webp,NON_CSAM,Non sensitive,0014.webp
3088.jpg,/Non_CSAM/images/3088.jpg,NON_CSAM,Non sensitive,3088.jpg
2965.png,/Non_CSAM/images/2965.png,NON_CSAM,Non sensitive,2965.png
0585.jpg,/Non_CSAM/images/0585.jpg,NON_CSAM,Non sensitive,0585.jpg
1755.jpg,/Non_CSAM/images/1755.jpg,NON_CSAM,Non sensitive,1755.jpg
1465.jpg,/Non_CSAM/images/1465.jpg,NON_CSAM,Non sensitive,1465.jpg
0467.jpg,/Non_CSAM/images/0467.jpg,NON_CSAM,Non sensitive,0467.jpg
1403.jpg,/Non_CSAM/images/1403.jpg,NON_CSAM,Non sensitive,1403.jpg
0143.jpg,/Non_CSAM/videos/video004/0143.jpg,NON_CSAM,Non sensitive,video004
0144.jpg,/Non_CSAM/videos/video004/0144.jpg,NON_CSAM,Non sensitive,video004
2740.jpg,/Non_CSAM/images/2740.jpg,NON_CSAM,Non sensitive,2740.jpg
2628.jpg,/Non_CSAM/images/2628.jpg,NON_CSAM,Non sensitive,2628.jpg
2772.jpg,/Non_CSAM/images/2772.jpg,NON_CSAM,Non sensitive,2772.jpg
0423.jpg,/Non_CSAM/images/0423.jpg,NON_CSAM,Non sensitive,0423.jpg
1698.jpg,/Non_CSAM/images/1698.jpg,NON_CSAM,Non sensitive,1698.jpg
0055.webp,/Non_CSAM/images/0055.webp,NON_CSAM,Non sensitive,0055.webp
1781.jpg,/Non_CSAM/images/1781.jpg,NON_CSAM,Non sensitive,1781.jpg
1580.jpg,/Non_CSAM/images/1580.jpg,NON_CSAM,Non sensitive,1580.jpg
0492.jpg,/Non_CSAM/images/0492.jpg,NON_CSAM,Non sensitive,0492.jpg
0463.jpg,/Non_CSAM/images/0463.jpg,NON_CSAM,Non sensitive,0463.jpg
0201.jpg,/Non_CSAM/images/0201.jpg,NON_CSAM,Non sensitive,0201.jpg
0062.jpg,/Non_CSAM/images/0062.jpg,NON_CSAM,Non sensitive,0062.jpg
0066.jpg,/Non_CSAM/images/0066.jpg,NON_CSAM,Non sensitive,0066.jpg
1408.jpg,/Non_CSAM/images/1408.jpg,NON_CSAM,Non sensitive,1408.jpg
1758.jpg,/Non_CSAM/images/1758.jpg,NON_CSAM,Non sensitive,1758.jpg
0188.jpg,/Non_CSAM/images/0188.jpg,NON_CSAM,Non sensitive,0188.jpg
1665.jpg,/Non_CSAM/images/1665.jpg,NON_CSAM,Non sensitive,1665.jpg
2824.jpg,/Non_CSAM/images/2824.jpg,NON_CSAM,Non sensitive,2824.jpg
2683.jpg,/Non_CSAM/images/2683.jpg,NON_CSAM,Non sensitive,2683.jpg
0219.jpg,/Non_CSAM/images/0219.jpg,NON_CSAM,Non sensitive,0219.jpg
2816.jpg,/Non_CSAM/images/2816.jpg,NON_CSAM,Non sensitive,2816.jpg
0301.jpg,/Non_CSAM/images/0301.jpg,NON_CSAM,Non sensitive,0301.jpg
0473.jpg,/Non_CSAM/images/0473.jpg,NON_CSAM,Non sensitive,0473.jpg
0517.jpg,/Non_CSAM/images/0517.jpg,NON_CSAM,Non sensitive,0517.jpg
0579.jpg,/Non_CSAM/images/0579.jpg,NON_CSAM,Non sensitive,0579.jpg
2826.png,/Non_CSAM/images/2826.png,NON_CSAM,Non sensitive,2826.png
0052.jpg,/Non_CSAM/images/0052.jpg,NON_CSAM,Non sensitive,0052.jpg
0242.jpg,/Non_CSAM/images/0242.jpg,NON_CSAM,Non sensitive,0242.jpg
2607.jpg,/Non_CSAM/images/2607.jpg,NON_CSAM,Non sensitive,2607.jpg
0884.jpg,/CSAM_non_sens/images/0884.jpg,CSAM,Non sensitive,0884.jpg
3218.jpg,/CSAM_non_sens/images/3218.jpg,CSAM,Non sensitive,3218.jpg
1900.jpg,/CSAM_non_sens/images/1900.jpg,CSAM,Non sensitive,1900.jpg
2073.jpg,/CSAM_non_sens/images/2073.jpg,CSAM,Non sensitive,2073.jpg
3161.jpg,/CSAM_non_sens/images/3161.jpg,CSAM,Non sensitive,3161.jpg
0859.webp,/CSAM_non_sens/images/0859.webp,CSAM,Non sensitive,0859.webp
1892.jpg,/CSAM_non_sens/images/1892.jpg,CSAM,Non sensitive,1892.jpg
0814.webp,/CSAM_non_sens/images/0814.webp,CSAM,Non sensitive,0814.webp
1843.jpg,/CSAM_non_sens/images/1843.jpg,CSAM,Non sensitive,1843.jpg
3529.jpg,/CSAM_non_sens/images/3529.jpg,CSAM,Non sensitive,3529.jpg
0850.webp,/CSAM_non_sens/images/0850.webp,CSAM,Non sensitive,0850.webp
1928.jpg,/CSAM_non_sens/images/1928.jpg,CSAM,Non sensitive,1928.jpg
1849.jpg,/CSAM_non_sens/images/1849.jpg,CSAM,Non sensitive,1849.jpg
1922.jpg,/CSAM_non_sens/images/1922.jpg,CSAM,Non sensitive,1922.jpg
3340.jpg,/CSAM_non_sens/videos/video016/3340.jpg,CSAM,Non sensitive,video016
3343.jpg,/CSAM_non_sens/videos/video016/3343.jpg,CSAM,Non sensitive,video016
3349.jpg,/CSAM_non_sens/videos/video016/3349.jpg,CSAM,Non sensitive,video016
3355.jpg,/CSAM_non_sens/videos/video016/3355.jpg,CSAM,Non sensitive,video016
1933.jpg,/CSAM_non_sens/images/1933.jpg,CSAM,Non sensitive,1933.jpg
0836.webp,/CSAM_non_sens/images/0836.webp,CSAM,Non sensitive,0836.webp
1943.jpg,/CSAM_non_sens/images/1943.jpg,CSAM,Non sensitive,1943.jpg
0813.webp,/CSAM_non_sens/images/0813.webp,CSAM,Non sensitive,0813.webp
1907.jpg,/CSAM_non_sens/images/1907.jpg,CSAM,Non sensitive,1907.jpg
3501.png,/CSAM_non_sens/images/3501.png,CSAM,Non sensitive,3501.png
3335.jpg,/CSAM_non_sens/videos/video012/3335.jpg,CSAM,Non sensitive,video012
3359.jpg,/CSAM_non_sens/videos/video012/3359.jpg,CSAM,Non sensitive,video012
3380.jpg,/CSAM_non_sens/videos/video012/3380.jpg,CSAM,Non sensitive,video012
3401.jpg,/CSAM_non_sens/videos/video012/3401.jpg,CSAM,Non sensitive,video012
3419.jpg,/CSAM_non_sens/videos/video012/3419.jpg,CSAM,Non sensitive,video012
3420.jpg,/CSAM_non_sens/videos/video012/3420.jpg,CSAM,Non sensitive,video012
3422.jpg,/CSAM_non_sens/videos/video012/3422.jpg,CSAM,Non sensitive,video012
3423.jpg,/CSAM_non_sens/videos/video012/3423.jpg,CSAM,Non sensitive,video012
3425.jpg,/CSAM_non_sens/videos/video012/3425.jpg,CSAM,Non sensitive,video012
3426.jpg,/CSAM_non_sens/videos/video012/3426.jpg,CSAM,Non sensitive,video012
1842.jpg,/CSAM_non_sens/images/1842.jpg,CSAM,Non sensitive,1842.jpg
0855.webp,/CSAM_non_sens/images/0855.webp,CSAM,Non sensitive,0855.webp
1954.jpg,/CSAM_non_sens/images/1954.jpg,CSAM,Non sensitive,1954.jpg
3253.jpg,/CSAM_non_sens/images/3253.jpg,CSAM,Non sensitive,3253.jpg
0885.jpg,/CSAM_non_sens/images/0885.jpg,CSAM,Non sensitive,0885.jpg
1997.jpg,/CSAM_non_sens/images/1997.jpg,CSAM,Non sensitive,1997.jpg
1961.jpg,/CSAM_non_sens/images/1961.jpg,CSAM,Non sensitive,1961.jpg
1868.jpg,/CSAM_non_sens/images/1868.jpg,CSAM,Non sensitive,1868.jpg
3386.jpg,/CSAM_non_sens/videos/video013/3386.jpg,CSAM,Non sensitive,video013
3387.jpg,/CSAM_non_sens/videos/video013/3387.jpg,CSAM,Non sensitive,video013
3388.jpg,/CSAM_non_sens/videos/video013/3388.jpg,CSAM,Non sensitive,video013
3391.jpg,/CSAM_non_sens/videos/video013/3391.jpg,CSAM,Non sensitive,video013
3392.jpg,/CSAM_non_sens/videos/video013/3392.jpg,CSAM,Non sensitive,video013
3393.jpg,/CSAM_non_sens/videos/video013/3393.jpg,CSAM,Non sensitive,video013
3394.jpg,/CSAM_non_sens/videos/video013/3394.jpg,CSAM,Non sensitive,video013
3395.jpg,/CSAM_non_sens/videos/video013/3395.jpg,CSAM,Non sensitive,video013
3396.jpg,/CSAM_non_sens/videos/video013/3396.jpg,CSAM,Non sensitive,video013
3397.jpg,/CSAM_non_sens/videos/video013/3397.jpg,CSAM,Non sensitive,video013
3398.jpg,/CSAM_non_sens/videos/video013/3398.jpg,CSAM,Non sensitive,video013
3399.jpg,/CSAM_non_sens/videos/video013/3399.jpg,CSAM,Non sensitive,video013
3400.jpg,/CSAM_non_sens/videos/video013/3400.jpg,CSAM,Non sensitive,video013
3402.jpg,/CSAM_non_sens/videos/video013/3402.jpg,CSAM,Non sensitive,video013
3403.jpg,/CSAM_non_sens/videos/video013/3403.jpg,CSAM,Non sensitive,video013
3404.jpg,/CSAM_non_sens/videos/video013/3404.jpg,CSAM,Non sensitive,video013
3202.jpg,/CSAM_non_sens/images/3202.jpg,CSAM,Non sensitive,3202.jpg
0851.webp,/CSAM_non_sens/images/0851.webp,CSAM,Non sensitive,0851.webp
1874.jpg,/CSAM_non_sens/images/1874.jpg,CSAM,Non sensitive,1874.jpg
0872.jpeg,/CSAM_non_sens/images/0872.jpeg,CSAM,Non sensitive,0872.jpeg
3336.jpg,/CSAM_non_sens/images/3336.jpg,CSAM,Non sensitive,3336.jpg
1999.jpg,/CSAM_non_sens/images/1999.jpg,CSAM,Non sensitive,1999.jpg
3312.jpg,/CSAM_non_sens/images/3312.jpg,CSAM,Non sensitive,3312.jpg
3160.jpg,/CSAM_non_sens/images/3160.jpg,CSAM,Non sensitive,3160.jpg
0861.webp,/CSAM_non_sens/images/0861.webp,CSAM,Non sensitive,0861.webp
2018.jpg,/CSAM_non_sens/images/2018.jpg,CSAM,Non sensitive,2018.jpg
1921.jpg,/CSAM_non_sens/images/1921.jpg,CSAM,Non sensitive,1921.jpg
3496.png,/CSAM_non_sens/images/3496.png,CSAM,Non sensitive,3496.png
1979.jpg,/CSAM_non_sens/images/1979.jpg,CSAM,Non sensitive,1979.jpg
2069.jpg,/CSAM_non_sens/images/2069.jpg,CSAM,Non sensitive,2069.jpg
0832.webp,/CSAM_non_sens/images/0832.webp,CSAM,Non sensitive,0832.webp
1857.jpg,/CSAM_non_sens/images/1857.jpg,CSAM,Non sensitive,1857.jpg
3494.png,/CSAM_non_sens/images/3494.png,CSAM,Non sensitive,3494.png
0879.jpg,/CSAM_non_sens/images/0879.jpg,CSAM,Non sensitive,0879.jpg
2050.jpg,/CSAM_non_sens/images/2050.jpg,CSAM,Non sensitive,2050.jpg
3224.jpg,/CSAM_non_sens/images/3224.jpg,CSAM,Non sensitive,3224.jpg
1829.jpg,/CSAM_non_sens/images/1829.jpg,CSAM,Non sensitive,1829.jpg
3234.jpg,/CSAM_non_sens/images/3234.jpg,CSAM,Non sensitive,3234.jpg
0892.jpg,/CSAM_non_sens/images/0892.jpg,CSAM,Non sensitive,0892.jpg
1945.jpg,/CSAM_non_sens/images/1945.jpg,CSAM,Non sensitive,1945.jpg
2005.jpg,/CSAM_non_sens/images/2005.jpg,CSAM,Non sensitive,2005.jpg
1992.jpg,/CSAM_non_sens/images/1992.jpg,CSAM,Non sensitive,1992.jpg
1926.jpg,/CSAM_non_sens/images/1926.jpg,CSAM,Non sensitive,1926.jpg
3211.jpg,/CSAM_non_sens/images/3211.jpg,CSAM,Non sensitive,3211.jpg
1873.jpg,/CSAM_non_sens/images/1873.jpg,CSAM,Non sensitive,1873.jpg
3205.jpg,/CSAM_non_sens/images/3205.jpg,CSAM,Non sensitive,3205.jpg
1969.jpg,/CSAM_non_sens/images/1969.jpg,CSAM,Non sensitive,1969.jpg
1956.jpg,/CSAM_non_sens/images/1956.jpg,CSAM,Non sensitive,1956.jpg
2031.jpg,/CSAM_non_sens/images/2031.jpg,CSAM,Non sensitive,2031.jpg
0799.webp,/CSAM_non_sens/videos/video022/0799.webp,CSAM,Non sensitive,video022
0800.webp,/CSAM_non_sens/videos/video022/0800.webp,CSAM,Non sensitive,video022
0801.webp,/CSAM_non_sens/videos/video022/0801.webp,CSAM,Non sensitive,video022
0802.webp,/CSAM_non_sens/videos/video022/0802.webp,CSAM,Non sensitive,video022
3134.jpg,/CSAM_non_sens/images/3134.jpg,CSAM,Non sensitive,3134.jpg
1919.jpg,/CSAM_non_sens/images/1919.jpg,CSAM,Non sensitive,1919.jpg
1824.jpg,/CSAM_non_sens/images/1824.jpg,CSAM,Non sensitive,1824.jpg
3255.jpg,/CSAM_non_sens/images/3255.jpg,CSAM,Non sensitive,3255.jpg
3534.avif,/CSAM_non_sens/images/3534.avif,CSAM,Non sensitive,3534.avif
1973.jpg,/CSAM_non_sens/images/1973.jpg,CSAM,Non sensitive,1973.jpg
2021.jpg,/CSAM_non_sens/videos/video039/2021.jpg,CSAM,Non sensitive,video039
2022.jpg,/CSAM_non_sens/videos/video039/2022.jpg,CSAM,Non sensitive,video039
3229.jpg,/CSAM_non_sens/images/3229.jpg,CSAM,Non sensitive,3229.jpg
1825.jpg,/CSAM_non_sens/videos/video032/1825.jpg,CSAM,Non sensitive,video032
1826.jpg,/CSAM_non_sens/videos/video032/1826.jpg,CSAM,Non sensitive,video032
1887.jpg,/CSAM_non_sens/images/1887.jpg,CSAM,Non sensitive,1887.jpg
1851.jpg,/CSAM_non_sens/images/1851.jpg,CSAM,Non sensitive,1851.jpg
2008.jpg,/CSAM_non_sens/images/2008.jpg,CSAM,Non sensitive,2008.jpg
1848.jpg,/CSAM_non_sens/images/1848.jpg,CSAM,Non sensitive,1848.jpg
1960.jpg,/CSAM_non_sens/images/1960.jpg,CSAM,Non sensitive,1960.jpg
3214.jpg,/CSAM_non_sens/images/3214.jpg,CSAM,Non sensitive,3214.jpg
3192.jpg,/CSAM_non_sens/images/3192.jpg,CSAM,Non sensitive,3192.jpg
3194.jpg,/CSAM_non_sens/images/3194.jpg,CSAM,Non sensitive,3194.jpg
2542.jpg,/CSAM_sens/videos/video066/2542.jpg,CSAM,Sensitive,video066
2543.jpg,/CSAM_sens/videos/video066/2543.jpg,CSAM,Sensitive,video066
2544.jpg,/CSAM_sens/videos/video066/2544.jpg,CSAM,Sensitive,video066
2545.jpg,/CSAM_sens/videos/video066/2545.jpg,CSAM,Sensitive,video066
2546.jpg,/CSAM_sens/videos/video066/2546.jpg,CSAM,Sensitive,video066
2547.jpg,/CSAM_sens/videos/video066/2547.jpg,CSAM,Sensitive,video066
2548.jpg,/CSAM_sens/videos/video066/2548.jpg,CSAM,Sensitive,video066
2549.jpg,/CSAM_sens/videos/video066/2549.jpg,CSAM,Sensitive,video066
2550.jpg,/CSAM_sens/videos/video066/2550.jpg,CSAM,Sensitive,video066
2551.jpg,/CSAM_sens/videos/video066/2551.jpg,CSAM,Sensitive,video066
2552.jpg,/CSAM_sens/videos/video066/2552.jpg,CSAM,Sensitive,video066
2553.jpg,/CSAM_sens/videos/video066/2553.jpg,CSAM,Sensitive,video066
2554.jpg,/CSAM_sens/videos/video066/2554.jpg,CSAM,Sensitive,video066
2555.jpg,/CSAM_sens/videos/video066/2555.jpg,CSAM,Sensitive,video066
2556.jpg,/CSAM_sens/videos/video066/2556.jpg,CSAM,Sensitive,video066
2557.jpg,/CSAM_sens/videos/video066/2557.jpg,CSAM,Sensitive,video066
2558.jpg,/CSAM_sens/videos/video066/2558.jpg,CSAM,Sensitive,video066
2559.jpg,/CSAM_sens/videos/video066/2559.jpg,CSAM,Sensitive,video066
2560.jpg,/CSAM_sens/videos/video066/2560.jpg,CSAM,Sensitive,video066
2561.jpg,/CSAM_sens/videos/video066/2561.jpg,CSAM,Sensitive,video066
2562.jpg,/CSAM_sens/videos/video066/2562.jpg,CSAM,Sensitive,video066
2563.jpg,/CSAM_sens/videos/video066/2563.jpg,CSAM,Sensitive,video066
2564.jpg,/CSAM_sens/videos/video066/2564.jpg,CSAM,Sensitive,video066
2565.jpg,/CSAM_sens/videos/video066/2565.jpg,CSAM,Sensitive,video066
4007.png,/CSAM_sens/videos/video001/4007.png,CSAM,Sensitive,video001
4008.png,/CSAM_sens/videos/video001/4008.png,CSAM,Sensitive,video001
4009.png,/CSAM_sens/videos/video001/4009.png,CSAM,Sensitive,video001
4010.png,/CSAM_sens/videos/video001/4010.png,CSAM,Sensitive,video001
4011.png,/CSAM_sens/videos/video001/4011.png,CSAM,Sensitive,video001
4012.png,/CSAM_sens/videos/video001/4012.png,CSAM,Sensitive,video001
4013.png,/CSAM_sens/videos/video001/4013.png,CSAM,Sensitive,video001
4014.png,/CSAM_sens/videos/video001/4014.png,CSAM,Sensitive,video001
4015.png,/CSAM_sens/videos/video001/4015.png,CSAM,Sensitive,video001
4016.png,/CSAM_sens/videos/video001/4016.png,CSAM,Sensitive,video001
1283.jpg,/CSAM_sens/images/1283.jpg,CSAM,Sensitive,1283.jpg
1220.jpg,/CSAM_sens/images/1220.jpg,CSAM,Sensitive,1220.jpg
2248.jpg,/CSAM_sens/videos/video077/2248.jpg,CSAM,Sensitive,video077
2249.jpg,/CSAM_sens/videos/video077/2249.jpg,CSAM,Sensitive,video077
2250.jpg,/CSAM_sens/videos/video077/2250.jpg,CSAM,Sensitive,video077
2251.jpg,/CSAM_sens/videos/video077/2251.jpg,CSAM,Sensitive,video077
2252.jpg,/CSAM_sens/videos/video077/2252.jpg,CSAM,Sensitive,video077
2253.jpg,/CSAM_sens/videos/video077/2253.jpg,CSAM,Sensitive,video077
2254.jpg,/CSAM_sens/videos/video077/2254.jpg,CSAM,Sensitive,video077
2255.jpg,/CSAM_sens/videos/video077/2255.jpg,CSAM,Sensitive,video077
2256.jpg,/CSAM_sens/videos/video077/2256.jpg,CSAM,Sensitive,video077
2257.jpg,/CSAM_sens/videos/video077/2257.jpg,CSAM,Sensitive,video077
2258.jpg,/CSAM_sens/videos/video077/2258.jpg,CSAM,Sensitive,video077
2259.jpg,/CSAM_sens/videos/video077/2259.jpg,CSAM,Sensitive,video077
2260.jpg,/CSAM_sens/videos/video077/2260.jpg,CSAM,Sensitive,video077
2261.jpg,/CSAM_sens/videos/video077/2261.jpg,CSAM,Sensitive,video077
2262.jpg,/CSAM_sens/videos/video077/2262.jpg,CSAM,Sensitive,video077
2263.jpg,/CSAM_sens/videos/video077/2263.jpg,CSAM,Sensitive,video077
2264.jpg,/CSAM_sens/videos/video077/2264.jpg,CSAM,Sensitive,video077
2265.jpg,/CSAM_sens/videos/video077/2265.jpg,CSAM,Sensitive,video077
2266.jpg,/CSAM_sens/videos/video077/2266.jpg,CSAM,Sensitive,video077
2267.jpg,/CSAM_sens/videos/video077/2267.jpg,CSAM,Sensitive,video077
2268.jpg,/CSAM_sens/videos/video077/2268.jpg,CSAM,Sensitive,video077
2269.jpg,/CSAM_sens/videos/video077/2269.jpg,CSAM,Sensitive,video077
2270.jpg,/CSAM_sens/videos/video077/2270.jpg,CSAM,Sensitive,video077
2271.jpg,/CSAM_sens/videos/video077/2271.jpg,CSAM,Sensitive,video077
2272.jpg,/CSAM_sens/videos/video077/2272.jpg,CSAM,Sensitive,video077
2273.jpg,/CSAM_sens/videos/video077/2273.jpg,CSAM,Sensitive,video077
2274.jpg,/CSAM_sens/videos/video077/2274.jpg,CSAM,Sensitive,video077
2275.jpg,/CSAM_sens/videos/video077/2275.jpg,CSAM,Sensitive,video077
2276.jpg,/CSAM_sens/videos/video077/2276.jpg,CSAM,Sensitive,video077
2277.jpg,/CSAM_sens/videos/video077/2277.jpg,CSAM,Sensitive,video077
2278.jpg,/CSAM_sens/videos/video077/2278.jpg,CSAM,Sensitive,video077
2279.jpg,/CSAM_sens/videos/video077/2279.jpg,CSAM,Sensitive,video077
2280.jpg,/CSAM_sens/videos/video077/2280.jpg,CSAM,Sensitive,video077
2281.jpg,/CSAM_sens/videos/video077/2281.jpg,CSAM,Sensitive,video077
2282.jpg,/CSAM_sens/videos/video077/2282.jpg,CSAM,Sensitive,video077
2283.jpg,/CSAM_sens/videos/video077/2283.jpg,CSAM,Sensitive,video077
2284.jpg,/CSAM_sens/videos/video077/2284.jpg,CSAM,Sensitive,video077
2285.jpg,/CSAM_sens/videos/video077/2285.jpg,CSAM,Sensitive,video077
2286.jpg,/CSAM_sens/videos/video077/2286.jpg,CSAM,Sensitive,video077
2287.jpg,/CSAM_sens/videos/video077/2287.jpg,CSAM,Sensitive,video077
2288.jpg,/CSAM_sens/videos/video077/2288.jpg,CSAM,Sensitive,video077
2289.jpg,/CSAM_sens/videos/video077/2289.jpg,CSAM,Sensitive,video077
2290.jpg,/CSAM_sens/videos/video077/2290.jpg,CSAM,Sensitive,video077
2291.jpg,/CSAM_sens/videos/video077/2291.jpg,CSAM,Sensitive,video077
2292.jpg,/CSAM_sens/videos/video077/2292.jpg,CSAM,Sensitive,video077
2293.jpg,/CSAM_sens/videos/video077/2293.jpg,CSAM,Sensitive,video077
2294.jpg,/CSAM_sens/videos/video077/2294.jpg,CSAM,Sensitive,video077
2295.jpg,/CSAM_sens/videos/video077/2295.jpg,CSAM,Sensitive,video077
2296.jpg,/CSAM_sens/videos/video077/2296.jpg,CSAM,Sensitive,video077
2297.jpg,/CSAM_sens/videos/video077/2297.jpg,CSAM,Sensitive,video077
2298.jpg,/CSAM_sens/videos/video077/2298.jpg,CSAM,Sensitive,video077
2299.jpg,/CSAM_sens/videos/video077/2299.jpg,CSAM,Sensitive,video077
2300.jpg,/CSAM_sens/videos/video077/2300.jpg,CSAM,Sensitive,video077
2301.jpg,/CSAM_sens/videos/video077/2301.jpg,CSAM,Sensitive,video077
2302.jpg,/CSAM_sens/videos/video077/2302.jpg,CSAM,Sensitive,video077
2303.jpg,/CSAM_sens/videos/video077/2303.jpg,CSAM,Sensitive,video077
2304.jpg,/CSAM_sens/videos/video077/2304.jpg,CSAM,Sensitive,video077
2305.jpg,/CSAM_sens/videos/video077/2305.jpg,CSAM,Sensitive,video077
2306.jpg,/CSAM_sens/videos/video077/2306.jpg,CSAM,Sensitive,video077
2307.jpg,/CSAM_sens/videos/video077/2307.jpg,CSAM,Sensitive,video077
2308.jpg,/CSAM_sens/videos/video077/2308.jpg,CSAM,Sensitive,video077
2309.jpg,/CSAM_sens/videos/video077/2309.jpg,CSAM,Sensitive,video077
2310.jpg,/CSAM_sens/videos/video077/2310.jpg,CSAM,Sensitive,video077
2311.jpg,/CSAM_sens/videos/video077/2311.jpg,CSAM,Sensitive,video077
2312.jpg,/CSAM_sens/videos/video077/2312.jpg,CSAM,Sensitive,video077
2313.jpg,/CSAM_sens/videos/video077/2313.jpg,CSAM,Sensitive,video077
2314.jpg,/CSAM_sens/videos/video077/2314.jpg,CSAM,Sensitive,video077
2315.jpg,/CSAM_sens/videos/video077/2315.jpg,CSAM,Sensitive,video077
2316.jpg,/CSAM_sens/videos/video077/2316.jpg,CSAM,Sensitive,video077
2317.jpg,/CSAM_sens/videos/video077/2317.jpg,CSAM,Sensitive,video077
2318.jpg,/CSAM_sens/videos/video077/2318.jpg,CSAM,Sensitive,video077
2319.jpg,/CSAM_sens/videos/video077/2319.jpg,CSAM,Sensitive,video077
2320.jpg,/CSAM_sens/videos/video077/2320.jpg,CSAM,Sensitive,video077
2321.jpg,/CSAM_sens/videos/video077/2321.jpg,CSAM,Sensitive,video077
2322.jpg,/CSAM_sens/videos/video077/2322.jpg,CSAM,Sensitive,video077
2323.jpg,/CSAM_sens/videos/video077/2323.jpg,CSAM,Sensitive,video077
2324.jpg,/CSAM_sens/videos/video077/2324.jpg,CSAM,Sensitive,video077
2325.jpg,/CSAM_sens/videos/video077/2325.jpg,CSAM,Sensitive,video077
2326.jpg,/CSAM_sens/videos/video077/2326.jpg,CSAM,Sensitive,video077
2327.jpg,/CSAM_sens/videos/video077/2327.jpg,CSAM,Sensitive,video077
2328.jpg,/CSAM_sens/videos/video077/2328.jpg,CSAM,Sensitive,video077
2329.jpg,/CSAM_sens/videos/video077/2329.jpg,CSAM,Sensitive,video077
2330.jpg,/CSAM_sens/videos/video077/2330.jpg,CSAM,Sensitive,video077
2331.jpg,/CSAM_sens/videos/video077/2331.jpg,CSAM,Sensitive,video077
2332.jpg,/CSAM_sens/videos/video077/2332.jpg,CSAM,Sensitive,video077
2333.jpg,/CSAM_sens/videos/video077/2333.jpg,CSAM,Sensitive,video077
2334.jpg,/CSAM_sens/videos/video077/2334.jpg,CSAM,Sensitive,video077
2335.jpg,/CSAM_sens/videos/video077/2335.jpg,CSAM,Sensitive,video077
2336.jpg,/CSAM_sens/videos/video077/2336.jpg,CSAM,Sensitive,video077
2337.jpg,/CSAM_sens/videos/video077/2337.jpg,CSAM,Sensitive,video077
2338.jpg,/CSAM_sens/videos/video077/2338.jpg,CSAM,Sensitive,video077
2339.jpg,/CSAM_sens/videos/video077/2339.jpg,CSAM,Sensitive,video077
2340.jpg,/CSAM_sens/videos/video077/2340.jpg,CSAM,Sensitive,video077
2341.jpg,/CSAM_sens/videos/video077/2341.jpg,CSAM,Sensitive,video077
2342.jpg,/CSAM_sens/videos/video077/2342.jpg,CSAM,Sensitive,video077
2343.jpg,/CSAM_sens/videos/video077/2343.jpg,CSAM,Sensitive,video077
2344.jpg,/CSAM_sens/videos/video077/2344.jpg,CSAM,Sensitive,video077
2345.jpg,/CSAM_sens/videos/video077/2345.jpg,CSAM,Sensitive,video077
2346.jpg,/CSAM_sens/videos/video077/2346.jpg,CSAM,Sensitive,video077
2347.jpg,/CSAM_sens/videos/video077/2347.jpg,CSAM,Sensitive,video077
2348.jpg,/CSAM_sens/videos/video077/2348.jpg,CSAM,Sensitive,video077
2349.jpg,/CSAM_sens/videos/video077/2349.jpg,CSAM,Sensitive,video077
2350.jpg,/CSAM_sens/videos/video077/2350.jpg,CSAM,Sensitive,video077
0988.jpg,/CSAM_sens/images/0988.jpg,CSAM,Sensitive,0988.jpg
1068.jpg,/CSAM_sens/images/1068.jpg,CSAM,Sensitive,1068.jpg
1218.jpg,/CSAM_sens/images/1218.jpg,CSAM,Sensitive,1218.jpg
3634.png,/CSAM_sens/videos/video046/3634.png,CSAM,Sensitive,video046
3635.png,/CSAM_sens/videos/video046/3635.png,CSAM,Sensitive,video046
3636.png,/CSAM_sens/videos/video046/3636.png,CSAM,Sensitive,video046
1072.jpg,/CSAM_sens/images/1072.jpg,CSAM,Sensitive,1072.jpg
0976.jpg,/CSAM_sens/images/0976.jpg,CSAM,Sensitive,0976.jpg
1168.png,/CSAM_sens/images/1168.png,CSAM,Sensitive,1168.png
3780.png,/CSAM_sens/videos/video027/3780.png,CSAM,Sensitive,video027
3781.png,/CSAM_sens/videos/video027/3781.png,CSAM,Sensitive,video027
3782.png,/CSAM_sens/videos/video027/3782.png,CSAM,Sensitive,video027
3783.png,/CSAM_sens/videos/video027/3783.png,CSAM,Sensitive,video027
3784.png,/CSAM_sens/videos/video027/3784.png,CSAM,Sensitive,video027
3785.png,/CSAM_sens/videos/video027/3785.png,CSAM,Sensitive,video027
1215.jpg,/CSAM_sens/images/1215.jpg,CSAM,Sensitive,1215.jpg
0981.jpg,/CSAM_sens/images/0981.jpg,CSAM,Sensitive,0981.jpg
1138.jpeg,/CSAM_sens/images/1138.jpeg,CSAM,Sensitive,1138.jpeg
1170.png,/CSAM_sens/images/1170.png,CSAM,Sensitive,1170.png
1147.jpeg,/CSAM_sens/images/1147.jpeg,CSAM,Sensitive,1147.jpeg
1316.jpg,/CSAM_sens/images/1316.jpg,CSAM,Sensitive,1316.jpg
1075.jpg,/CSAM_sens/images/1075.jpg,CSAM,Sensitive,1075.jpg
1270.jpg,/CSAM_sens/images/1270.jpg,CSAM,Sensitive,1270.jpg
0975.jpg,/CSAM_sens/images/0975.jpg,CSAM,Sensitive,0975.jpg
0924.jpg,/CSAM_sens/images/0924.jpg,CSAM,Sensitive,0924.jpg
0928.webp,/CSAM_sens/images/0928.webp,CSAM,Sensitive,0928.webp
0925.jpg,/CSAM_sens/images/0925.jpg,CSAM,Sensitive,0925.jpg
1161.jpeg,/CSAM_sens/images/1161.jpeg,CSAM,Sensitive,1161.jpeg
1110.jpg,/CSAM_sens/images/1110.jpg,CSAM,Sensitive,1110.jpg
1165.jpeg,/CSAM_sens/images/1165.jpeg,CSAM,Sensitive,1165.jpeg
1213.jpg,/CSAM_sens/images/1213.jpg,CSAM,Sensitive,1213.jpg
1006.jpg,/CSAM_sens/images/1006.jpg,CSAM,Sensitive,1006.jpg
0978.jpg,/CSAM_sens/images/0978.jpg,CSAM,Sensitive,0978.jpg
1291.jpg,/CSAM_sens/images/1291.jpg,CSAM,Sensitive,1291.jpg
1092.jpeg,/CSAM_sens/images/1092.jpeg,CSAM,Sensitive,1092.jpeg
3614.png,/CSAM_sens/videos/video050/3614.png,CSAM,Sensitive,video050
3615.png,/CSAM_sens/videos/video050/3615.png,CSAM,Sensitive,video050
1190.png,/CSAM_sens/images/1190.png,CSAM,Sensitive,1190.png
1078.jpg,/CSAM_sens/images/1078.jpg,CSAM,Sensitive,1078.jpg
1311.jpg,/CSAM_sens/images/1311.jpg,CSAM,Sensitive,1311.jpg
1096.jpeg,/CSAM_sens/images/1096.jpeg,CSAM,Sensitive,1096.jpeg
1106.jpeg,/CSAM_sens/images/1106.jpeg,CSAM,Sensitive,1106.jpeg
0954.jpg,/CSAM_sens/images/0954.jpg,CSAM,Sensitive,0954.jpg
2469.jpg,/CSAM_sens/videos/video069/2469.jpg,CSAM,Sensitive,video069
2470.jpg,/CSAM_sens/videos/video069/2470.jpg,CSAM,Sensitive,video069
2471.jpg,/CSAM_sens/videos/video069/2471.jpg,CSAM,Sensitive,video069
2472.jpg,/CSAM_sens/videos/video069/2472.jpg,CSAM,Sensitive,video069
2473.jpg,/CSAM_sens/videos/video069/2473.jpg,CSAM,Sensitive,video069
2474.jpg,/CSAM_sens/videos/video069/2474.jpg,CSAM,Sensitive,video069
2475.jpg,/CSAM_sens/videos/video069/2475.jpg,CSAM,Sensitive,video069
2476.jpg,/CSAM_sens/videos/video069/2476.jpg,CSAM,Sensitive,video069
2477.jpg,/CSAM_sens/videos/video069/2477.jpg,CSAM,Sensitive,video069
2478.jpg,/CSAM_sens/videos/video069/2478.jpg,CSAM,Sensitive,video069
2479.jpg,/CSAM_sens/videos/video069/2479.jpg,CSAM,Sensitive,video069
2480.jpg,/CSAM_sens/videos/video069/2480.jpg,CSAM,Sensitive,video069
2481.jpg,/CSAM_sens/videos/video069/2481.jpg,CSAM,Sensitive,video069
2482.jpg,/CSAM_sens/videos/video069/2482.jpg,CSAM,Sensitive,video069
2483.jpg,/CSAM_sens/videos/video069/2483.jpg,CSAM,Sensitive,video069
2484.jpg,/CSAM_sens/videos/video069/2484.jpg,CSAM,Sensitive,video069
2485.jpg,/CSAM_sens/videos/video069/2485.jpg,CSAM,Sensitive,video069
2486.jpg,/CSAM_sens/videos/video069/2486.jpg,CSAM,Sensitive,video069
0970.jpg,/CSAM_sens/images/0970.jpg,CSAM,Sensitive,0970.jpg
1026.jpg,/CSAM_sens/images/1026.jpg,CSAM,Sensitive,1026.jpg
1191.jpg,/CSAM_sens/images/1191.jpg,CSAM,Sensitive,1191.jpg
3750.png,/CSAM_sens/videos/video031/3750.png,CSAM,Sensitive,video031
3751.png,/CSAM_sens/videos/video031/3751.png,CSAM,Sensitive,video031
3752.png,/CSAM_sens/videos/video031/3752.png,CSAM,Sensitive,video031
3753.png,/CSAM_sens/videos/video031/3753.png,CSAM,Sensitive,video031
1300.jpg,/CSAM_sens/images/1300.jpg,CSAM,Sensitive,1300.jpg
0980.jpg,/CSAM_sens/images/0980.jpg,CSAM,Sensitive,0980.jpg
